<?xml version="1.0" encoding="UTF-8"?>
<gpx xmlns="http://www.topografix.com/GPX/1/1" xmlns:xsi="http://www.w3.org/2001/XMLSchema-instance" version="1.1" creator="Trace de Trail" xsi:schemaLocation="http://www.topografix.com/GPX/1/1 http://www.topografix.com/GPX/1/1/gpx.xsd">
  <metadata>
    <name>Echappee Belle 2025 - Traversee Nord</name>
    <desc>Parcours créé sur Trace de Trail</desc>
    <link href="https://tracedetrail.fr/en/trace/288286">
      <text>Cartographie du parcours</text>
    </link>
    <time>2025-08-22T14:27:01+00:00</time>
  </metadata>
  <trk>
    <name>Echappee Belle 2025 - Traversee Nord sur TraceDeTrail.fr</name>
    <src>Trace de Trail</src>
    <trkseg>
      <trkpt lat="45.3937" lon="6.07414">
        <ele>466</ele>
        <time>2025-08-22T14:27:01+00:00</time>
      </trkpt>
      <trkpt lat="45.39346" lon="6.07395">
        <ele>467</ele>
        <time>2025-08-22T14:27:04+00:00</time>
      </trkpt>
      <trkpt lat="45.39337" lon="6.07385">
        <ele>468</ele>
        <time>2025-08-22T14:27:07+00:00</time>
      </trkpt>
      <trkpt lat="45.39324" lon="6.07374">
        <ele>470</ele>
        <time>2025-08-22T14:27:10+00:00</time>
      </trkpt>
      <trkpt lat="45.39313" lon="6.07374">
        <ele>470</ele>
        <time>2025-08-22T14:27:13+00:00</time>
      </trkpt>
      <trkpt lat="45.39303" lon="6.07376">
        <ele>470</ele>
        <time>2025-08-22T14:27:16+00:00</time>
      </trkpt>
      <trkpt lat="45.3928" lon="6.07395">
        <ele>470</ele>
        <time>2025-08-22T14:27:19+00:00</time>
      </trkpt>
      <trkpt lat="45.39271" lon="6.07378">
        <ele>471</ele>
        <time>2025-08-22T14:27:22+00:00</time>
      </trkpt>
      <trkpt lat="45.39256" lon="6.07393">
        <ele>470</ele>
        <time>2025-08-22T14:27:25+00:00</time>
      </trkpt>
      <trkpt lat="45.39238" lon="6.0741">
        <ele>470</ele>
        <time>2025-08-22T14:27:28+00:00</time>
      </trkpt>
      <trkpt lat="45.39215" lon="6.07443">
        <ele>470</ele>
        <time>2025-08-22T14:27:31+00:00</time>
      </trkpt>
      <trkpt lat="45.39192" lon="6.07475">
        <ele>472</ele>
        <time>2025-08-22T14:27:34+00:00</time>
      </trkpt>
      <trkpt lat="45.39167" lon="6.07511">
        <ele>475</ele>
        <time>2025-08-22T14:27:37+00:00</time>
      </trkpt>
      <trkpt lat="45.39173" lon="6.07519">
        <ele>475</ele>
        <time>2025-08-22T14:27:40+00:00</time>
      </trkpt>
      <trkpt lat="45.39155" lon="6.07541">
        <ele>480</ele>
        <time>2025-08-22T14:27:43+00:00</time>
      </trkpt>
      <trkpt lat="45.3913" lon="6.07572">
        <ele>487</ele>
        <time>2025-08-22T14:27:46+00:00</time>
      </trkpt>
      <trkpt lat="45.39107" lon="6.07597">
        <ele>504</ele>
        <time>2025-08-22T14:27:49+00:00</time>
      </trkpt>
      <trkpt lat="45.39099" lon="6.07606">
        <ele>508</ele>
        <time>2025-08-22T14:27:52+00:00</time>
      </trkpt>
      <trkpt lat="45.39091" lon="6.07612">
        <ele>508</ele>
        <time>2025-08-22T14:27:55+00:00</time>
      </trkpt>
      <trkpt lat="45.39087" lon="6.07606">
        <ele>518</ele>
        <time>2025-08-22T14:27:58+00:00</time>
      </trkpt>
      <trkpt lat="45.39079" lon="6.07574">
        <ele>510</ele>
        <time>2025-08-22T14:28:01+00:00</time>
      </trkpt>
      <trkpt lat="45.39066" lon="6.07545">
        <ele>513</ele>
        <time>2025-08-22T14:28:04+00:00</time>
      </trkpt>
      <trkpt lat="45.39047" lon="6.07524">
        <ele>517</ele>
        <time>2025-08-22T14:28:07+00:00</time>
      </trkpt>
      <trkpt lat="45.39035" lon="6.07516">
        <ele>525</ele>
        <time>2025-08-22T14:28:10+00:00</time>
      </trkpt>
      <trkpt lat="45.3902" lon="6.07503">
        <ele>519</ele>
        <time>2025-08-22T14:28:13+00:00</time>
      </trkpt>
      <trkpt lat="45.39005" lon="6.07489">
        <ele>528</ele>
        <time>2025-08-22T14:28:16+00:00</time>
      </trkpt>
      <trkpt lat="45.38992" lon="6.07473">
        <ele>522</ele>
        <time>2025-08-22T14:28:19+00:00</time>
      </trkpt>
      <trkpt lat="45.38976" lon="6.07455">
        <ele>521</ele>
        <time>2025-08-22T14:28:22+00:00</time>
      </trkpt>
      <trkpt lat="45.38952" lon="6.07417">
        <ele>526</ele>
        <time>2025-08-22T14:28:25+00:00</time>
      </trkpt>
      <trkpt lat="45.38915" lon="6.07378">
        <ele>531</ele>
        <time>2025-08-22T14:28:28+00:00</time>
      </trkpt>
      <trkpt lat="45.38895" lon="6.07359">
        <ele>535</ele>
        <time>2025-08-22T14:28:31+00:00</time>
      </trkpt>
      <trkpt lat="45.38873" lon="6.07338">
        <ele>538</ele>
        <time>2025-08-22T14:28:34+00:00</time>
      </trkpt>
      <trkpt lat="45.38842" lon="6.07303">
        <ele>544</ele>
        <time>2025-08-22T14:28:37+00:00</time>
      </trkpt>
      <trkpt lat="45.38831" lon="6.073">
        <ele>544</ele>
        <time>2025-08-22T14:28:40+00:00</time>
      </trkpt>
      <trkpt lat="45.38817" lon="6.07292">
        <ele>566</ele>
        <time>2025-08-22T14:28:43+00:00</time>
      </trkpt>
      <trkpt lat="45.38794" lon="6.07271">
        <ele>558</ele>
        <time>2025-08-22T14:28:46+00:00</time>
      </trkpt>
      <trkpt lat="45.38781" lon="6.07251">
        <ele>563</ele>
        <time>2025-08-22T14:28:49+00:00</time>
      </trkpt>
      <trkpt lat="45.38769" lon="6.07245">
        <ele>571</ele>
        <time>2025-08-22T14:28:52+00:00</time>
      </trkpt>
      <trkpt lat="45.38746" lon="6.07226">
        <ele>563</ele>
        <time>2025-08-22T14:28:55+00:00</time>
      </trkpt>
      <trkpt lat="45.38716" lon="6.0722">
        <ele>564</ele>
        <time>2025-08-22T14:28:58+00:00</time>
      </trkpt>
      <trkpt lat="45.38697" lon="6.07218">
        <ele>573</ele>
        <time>2025-08-22T14:29:01+00:00</time>
      </trkpt>
      <trkpt lat="45.38685" lon="6.07213">
        <ele>573</ele>
        <time>2025-08-22T14:29:04+00:00</time>
      </trkpt>
      <trkpt lat="45.38669" lon="6.07202">
        <ele>576</ele>
        <time>2025-08-22T14:29:07+00:00</time>
      </trkpt>
      <trkpt lat="45.38657" lon="6.07192">
        <ele>583</ele>
        <time>2025-08-22T14:29:10+00:00</time>
      </trkpt>
      <trkpt lat="45.38646" lon="6.07181">
        <ele>577</ele>
        <time>2025-08-22T14:29:13+00:00</time>
      </trkpt>
      <trkpt lat="45.38639" lon="6.07169">
        <ele>578</ele>
        <time>2025-08-22T14:29:16+00:00</time>
      </trkpt>
      <trkpt lat="45.38631" lon="6.07161">
        <ele>578</ele>
        <time>2025-08-22T14:29:19+00:00</time>
      </trkpt>
      <trkpt lat="45.38626" lon="6.0716">
        <ele>580</ele>
        <time>2025-08-22T14:29:22+00:00</time>
      </trkpt>
      <trkpt lat="45.38623" lon="6.07162">
        <ele>580</ele>
        <time>2025-08-22T14:29:25+00:00</time>
      </trkpt>
      <trkpt lat="45.38621" lon="6.07167">
        <ele>580</ele>
        <time>2025-08-22T14:29:28+00:00</time>
      </trkpt>
      <trkpt lat="45.38614" lon="6.07168">
        <ele>580</ele>
        <time>2025-08-22T14:29:31+00:00</time>
      </trkpt>
      <trkpt lat="45.38609" lon="6.07173">
        <ele>584</ele>
        <time>2025-08-22T14:29:34+00:00</time>
      </trkpt>
      <trkpt lat="45.38577" lon="6.07209">
        <ele>587</ele>
        <time>2025-08-22T14:29:37+00:00</time>
      </trkpt>
      <trkpt lat="45.3857" lon="6.07213">
        <ele>593</ele>
        <time>2025-08-22T14:29:40+00:00</time>
      </trkpt>
      <trkpt lat="45.38555" lon="6.07217">
        <ele>594</ele>
        <time>2025-08-22T14:29:43+00:00</time>
      </trkpt>
      <trkpt lat="45.38527" lon="6.0722">
        <ele>597</ele>
        <time>2025-08-22T14:29:46+00:00</time>
      </trkpt>
      <trkpt lat="45.3852" lon="6.0722">
        <ele>597</ele>
        <time>2025-08-22T14:29:49+00:00</time>
      </trkpt>
      <trkpt lat="45.38498" lon="6.07214">
        <ele>596</ele>
        <time>2025-08-22T14:29:52+00:00</time>
      </trkpt>
      <trkpt lat="45.38471" lon="6.07207">
        <ele>599</ele>
        <time>2025-08-22T14:29:55+00:00</time>
      </trkpt>
      <trkpt lat="45.38462" lon="6.07206">
        <ele>598</ele>
        <time>2025-08-22T14:29:58+00:00</time>
      </trkpt>
      <trkpt lat="45.38444" lon="6.07206">
        <ele>602</ele>
        <time>2025-08-22T14:30:01+00:00</time>
      </trkpt>
      <trkpt lat="45.38435" lon="6.07204">
        <ele>608</ele>
        <time>2025-08-22T14:30:04+00:00</time>
      </trkpt>
      <trkpt lat="45.3843" lon="6.07201">
        <ele>608</ele>
        <time>2025-08-22T14:30:07+00:00</time>
      </trkpt>
      <trkpt lat="45.38421" lon="6.07192">
        <ele>608</ele>
        <time>2025-08-22T14:30:10+00:00</time>
      </trkpt>
      <trkpt lat="45.38403" lon="6.07168">
        <ele>612</ele>
        <time>2025-08-22T14:30:13+00:00</time>
      </trkpt>
      <trkpt lat="45.38384" lon="6.07141">
        <ele>612</ele>
        <time>2025-08-22T14:30:16+00:00</time>
      </trkpt>
      <trkpt lat="45.38377" lon="6.07135">
        <ele>605</ele>
        <time>2025-08-22T14:30:19+00:00</time>
      </trkpt>
      <trkpt lat="45.38371" lon="6.07133">
        <ele>605</ele>
        <time>2025-08-22T14:30:22+00:00</time>
      </trkpt>
      <trkpt lat="45.38366" lon="6.07136">
        <ele>615</ele>
        <time>2025-08-22T14:30:25+00:00</time>
      </trkpt>
      <trkpt lat="45.38351" lon="6.07125">
        <ele>611</ele>
        <time>2025-08-22T14:30:28+00:00</time>
      </trkpt>
      <trkpt lat="45.38338" lon="6.07113">
        <ele>619</ele>
        <time>2025-08-22T14:30:31+00:00</time>
      </trkpt>
      <trkpt lat="45.38324" lon="6.071">
        <ele>612</ele>
        <time>2025-08-22T14:30:34+00:00</time>
      </trkpt>
      <trkpt lat="45.38308" lon="6.07092">
        <ele>620</ele>
        <time>2025-08-22T14:30:37+00:00</time>
      </trkpt>
      <trkpt lat="45.3829" lon="6.07083">
        <ele>632</ele>
        <time>2025-08-22T14:30:40+00:00</time>
      </trkpt>
      <trkpt lat="45.38266" lon="6.07073">
        <ele>641</ele>
        <time>2025-08-22T14:30:43+00:00</time>
      </trkpt>
      <trkpt lat="45.38232" lon="6.07054">
        <ele>645</ele>
        <time>2025-08-22T14:30:46+00:00</time>
      </trkpt>
      <trkpt lat="45.38211" lon="6.07023">
        <ele>650</ele>
        <time>2025-08-22T14:30:49+00:00</time>
      </trkpt>
      <trkpt lat="45.38187" lon="6.07008">
        <ele>650</ele>
        <time>2025-08-22T14:30:52+00:00</time>
      </trkpt>
      <trkpt lat="45.38162" lon="6.06998">
        <ele>657</ele>
        <time>2025-08-22T14:30:55+00:00</time>
      </trkpt>
      <trkpt lat="45.3814" lon="6.0698">
        <ele>658</ele>
        <time>2025-08-22T14:30:58+00:00</time>
      </trkpt>
      <trkpt lat="45.38115" lon="6.06958">
        <ele>659</ele>
        <time>2025-08-22T14:31:01+00:00</time>
      </trkpt>
      <trkpt lat="45.3809" lon="6.06949">
        <ele>667</ele>
        <time>2025-08-22T14:31:04+00:00</time>
      </trkpt>
      <trkpt lat="45.38049" lon="6.06921">
        <ele>684</ele>
        <time>2025-08-22T14:31:07+00:00</time>
      </trkpt>
      <trkpt lat="45.38008" lon="6.06898">
        <ele>685</ele>
        <time>2025-08-22T14:31:10+00:00</time>
      </trkpt>
      <trkpt lat="45.37983" lon="6.06888">
        <ele>687</ele>
        <time>2025-08-22T14:31:13+00:00</time>
      </trkpt>
      <trkpt lat="45.37963" lon="6.06876">
        <ele>689</ele>
        <time>2025-08-22T14:31:16+00:00</time>
      </trkpt>
      <trkpt lat="45.3794" lon="6.06875">
        <ele>700</ele>
        <time>2025-08-22T14:31:19+00:00</time>
      </trkpt>
      <trkpt lat="45.379" lon="6.06852">
        <ele>708</ele>
        <time>2025-08-22T14:31:22+00:00</time>
      </trkpt>
      <trkpt lat="45.37862" lon="6.06835">
        <ele>712</ele>
        <time>2025-08-22T14:31:25+00:00</time>
      </trkpt>
      <trkpt lat="45.37819" lon="6.06838">
        <ele>723</ele>
        <time>2025-08-22T14:31:28+00:00</time>
      </trkpt>
      <trkpt lat="45.37806" lon="6.06833">
        <ele>723</ele>
        <time>2025-08-22T14:31:31+00:00</time>
      </trkpt>
      <trkpt lat="45.37793" lon="6.06811">
        <ele>726</ele>
        <time>2025-08-22T14:31:34+00:00</time>
      </trkpt>
      <trkpt lat="45.37773" lon="6.06792">
        <ele>732</ele>
        <time>2025-08-22T14:31:37+00:00</time>
      </trkpt>
      <trkpt lat="45.37739" lon="6.06771">
        <ele>741</ele>
        <time>2025-08-22T14:31:40+00:00</time>
      </trkpt>
      <trkpt lat="45.377" lon="6.06758">
        <ele>741</ele>
        <time>2025-08-22T14:31:43+00:00</time>
      </trkpt>
      <trkpt lat="45.37675" lon="6.06754">
        <ele>745</ele>
        <time>2025-08-22T14:31:46+00:00</time>
      </trkpt>
      <trkpt lat="45.37659" lon="6.06755">
        <ele>748</ele>
        <time>2025-08-22T14:31:49+00:00</time>
      </trkpt>
      <trkpt lat="45.37638" lon="6.06754">
        <ele>750</ele>
        <time>2025-08-22T14:31:52+00:00</time>
      </trkpt>
      <trkpt lat="45.37621" lon="6.06748">
        <ele>753</ele>
        <time>2025-08-22T14:31:55+00:00</time>
      </trkpt>
      <trkpt lat="45.37611" lon="6.06739">
        <ele>753</ele>
        <time>2025-08-22T14:31:58+00:00</time>
      </trkpt>
      <trkpt lat="45.37603" lon="6.06725">
        <ele>753</ele>
        <time>2025-08-22T14:32:01+00:00</time>
      </trkpt>
      <trkpt lat="45.37592" lon="6.06711">
        <ele>758</ele>
        <time>2025-08-22T14:32:04+00:00</time>
      </trkpt>
      <trkpt lat="45.37585" lon="6.06704">
        <ele>754</ele>
        <time>2025-08-22T14:32:07+00:00</time>
      </trkpt>
      <trkpt lat="45.37576" lon="6.06699">
        <ele>760</ele>
        <time>2025-08-22T14:32:10+00:00</time>
      </trkpt>
      <trkpt lat="45.3756" lon="6.06686">
        <ele>758</ele>
        <time>2025-08-22T14:32:13+00:00</time>
      </trkpt>
      <trkpt lat="45.37537" lon="6.06674">
        <ele>757</ele>
        <time>2025-08-22T14:32:16+00:00</time>
      </trkpt>
      <trkpt lat="45.37513" lon="6.06668">
        <ele>757</ele>
        <time>2025-08-22T14:32:19+00:00</time>
      </trkpt>
      <trkpt lat="45.37488" lon="6.06662">
        <ele>762</ele>
        <time>2025-08-22T14:32:22+00:00</time>
      </trkpt>
      <trkpt lat="45.37458" lon="6.06666">
        <ele>768</ele>
        <time>2025-08-22T14:32:25+00:00</time>
      </trkpt>
      <trkpt lat="45.37446" lon="6.06663">
        <ele>768</ele>
        <time>2025-08-22T14:32:28+00:00</time>
      </trkpt>
      <trkpt lat="45.3744" lon="6.06658">
        <ele>767</ele>
        <time>2025-08-22T14:32:31+00:00</time>
      </trkpt>
      <trkpt lat="45.37437" lon="6.06653">
        <ele>771</ele>
        <time>2025-08-22T14:32:34+00:00</time>
      </trkpt>
      <trkpt lat="45.37435" lon="6.06642">
        <ele>771</ele>
        <time>2025-08-22T14:32:37+00:00</time>
      </trkpt>
      <trkpt lat="45.37435" lon="6.0662">
        <ele>767</ele>
        <time>2025-08-22T14:32:40+00:00</time>
      </trkpt>
      <trkpt lat="45.37434" lon="6.06614">
        <ele>767</ele>
        <time>2025-08-22T14:32:43+00:00</time>
      </trkpt>
      <trkpt lat="45.37429" lon="6.06604">
        <ele>774</ele>
        <time>2025-08-22T14:32:46+00:00</time>
      </trkpt>
      <trkpt lat="45.37425" lon="6.06598">
        <ele>771</ele>
        <time>2025-08-22T14:32:49+00:00</time>
      </trkpt>
      <trkpt lat="45.37408" lon="6.06581">
        <ele>773</ele>
        <time>2025-08-22T14:32:52+00:00</time>
      </trkpt>
      <trkpt lat="45.37383" lon="6.06557">
        <ele>774</ele>
        <time>2025-08-22T14:32:55+00:00</time>
      </trkpt>
      <trkpt lat="45.37378" lon="6.06554">
        <ele>777</ele>
        <time>2025-08-22T14:32:58+00:00</time>
      </trkpt>
      <trkpt lat="45.37362" lon="6.06547">
        <ele>774</ele>
        <time>2025-08-22T14:33:01+00:00</time>
      </trkpt>
      <trkpt lat="45.37352" lon="6.06541">
        <ele>777</ele>
        <time>2025-08-22T14:33:04+00:00</time>
      </trkpt>
      <trkpt lat="45.37335" lon="6.06529">
        <ele>778</ele>
        <time>2025-08-22T14:33:07+00:00</time>
      </trkpt>
      <trkpt lat="45.37328" lon="6.06526">
        <ele>778</ele>
        <time>2025-08-22T14:33:10+00:00</time>
      </trkpt>
      <trkpt lat="45.3732" lon="6.06524">
        <ele>781</ele>
        <time>2025-08-22T14:33:13+00:00</time>
      </trkpt>
      <trkpt lat="45.37312" lon="6.06523">
        <ele>781</ele>
        <time>2025-08-22T14:33:16+00:00</time>
      </trkpt>
      <trkpt lat="45.37294" lon="6.06518">
        <ele>782</ele>
        <time>2025-08-22T14:33:19+00:00</time>
      </trkpt>
      <trkpt lat="45.37276" lon="6.06508">
        <ele>785</ele>
        <time>2025-08-22T14:33:22+00:00</time>
      </trkpt>
      <trkpt lat="45.37243" lon="6.06496">
        <ele>787</ele>
        <time>2025-08-22T14:33:25+00:00</time>
      </trkpt>
      <trkpt lat="45.37224" lon="6.06486">
        <ele>789</ele>
        <time>2025-08-22T14:33:28+00:00</time>
      </trkpt>
      <trkpt lat="45.37213" lon="6.06485">
        <ele>790</ele>
        <time>2025-08-22T14:33:31+00:00</time>
      </trkpt>
      <trkpt lat="45.37204" lon="6.06488">
        <ele>790</ele>
        <time>2025-08-22T14:33:34+00:00</time>
      </trkpt>
      <trkpt lat="45.37196" lon="6.06493">
        <ele>789</ele>
        <time>2025-08-22T14:33:37+00:00</time>
      </trkpt>
      <trkpt lat="45.37178" lon="6.06516">
        <ele>797</ele>
        <time>2025-08-22T14:33:40+00:00</time>
      </trkpt>
      <trkpt lat="45.37173" lon="6.06519">
        <ele>797</ele>
        <time>2025-08-22T14:33:43+00:00</time>
      </trkpt>
      <trkpt lat="45.37152" lon="6.06521">
        <ele>805</ele>
        <time>2025-08-22T14:33:46+00:00</time>
      </trkpt>
      <trkpt lat="45.3713" lon="6.06523">
        <ele>805</ele>
        <time>2025-08-22T14:33:49+00:00</time>
      </trkpt>
      <trkpt lat="45.37097" lon="6.06534">
        <ele>806</ele>
        <time>2025-08-22T14:33:52+00:00</time>
      </trkpt>
      <trkpt lat="45.37073" lon="6.06545">
        <ele>808</ele>
        <time>2025-08-22T14:33:55+00:00</time>
      </trkpt>
      <trkpt lat="45.3706" lon="6.06552">
        <ele>817</ele>
        <time>2025-08-22T14:33:58+00:00</time>
      </trkpt>
      <trkpt lat="45.37051" lon="6.06558">
        <ele>817</ele>
        <time>2025-08-22T14:34:01+00:00</time>
      </trkpt>
      <trkpt lat="45.37044" lon="6.06564">
        <ele>816</ele>
        <time>2025-08-22T14:34:04+00:00</time>
      </trkpt>
      <trkpt lat="45.37039" lon="6.06565">
        <ele>816</ele>
        <time>2025-08-22T14:34:07+00:00</time>
      </trkpt>
      <trkpt lat="45.37034" lon="6.06564">
        <ele>816</ele>
        <time>2025-08-22T14:34:10+00:00</time>
      </trkpt>
      <trkpt lat="45.37026" lon="6.06561">
        <ele>818</ele>
        <time>2025-08-22T14:34:13+00:00</time>
      </trkpt>
      <trkpt lat="45.37013" lon="6.06553">
        <ele>828</ele>
        <time>2025-08-22T14:34:16+00:00</time>
      </trkpt>
      <trkpt lat="45.37008" lon="6.06542">
        <ele>828</ele>
        <time>2025-08-22T14:34:19+00:00</time>
      </trkpt>
      <trkpt lat="45.3701" lon="6.06528">
        <ele>829</ele>
        <time>2025-08-22T14:34:22+00:00</time>
      </trkpt>
      <trkpt lat="45.37012" lon="6.06522">
        <ele>829</ele>
        <time>2025-08-22T14:34:25+00:00</time>
      </trkpt>
      <trkpt lat="45.37012" lon="6.06515">
        <ele>831</ele>
        <time>2025-08-22T14:34:28+00:00</time>
      </trkpt>
      <trkpt lat="45.37015" lon="6.06509">
        <ele>831</ele>
        <time>2025-08-22T14:34:31+00:00</time>
      </trkpt>
      <trkpt lat="45.37015" lon="6.06505">
        <ele>831</ele>
        <time>2025-08-22T14:34:34+00:00</time>
      </trkpt>
      <trkpt lat="45.37006" lon="6.06481">
        <ele>833</ele>
        <time>2025-08-22T14:34:37+00:00</time>
      </trkpt>
      <trkpt lat="45.37004" lon="6.06467">
        <ele>837</ele>
        <time>2025-08-22T14:34:40+00:00</time>
      </trkpt>
      <trkpt lat="45.37005" lon="6.06455">
        <ele>837</ele>
        <time>2025-08-22T14:34:43+00:00</time>
      </trkpt>
      <trkpt lat="45.37009" lon="6.06439">
        <ele>837</ele>
        <time>2025-08-22T14:34:46+00:00</time>
      </trkpt>
      <trkpt lat="45.37006" lon="6.06427">
        <ele>837</ele>
        <time>2025-08-22T14:34:49+00:00</time>
      </trkpt>
      <trkpt lat="45.36998" lon="6.06417">
        <ele>845</ele>
        <time>2025-08-22T14:34:52+00:00</time>
      </trkpt>
      <trkpt lat="45.36985" lon="6.06409">
        <ele>845</ele>
        <time>2025-08-22T14:34:55+00:00</time>
      </trkpt>
      <trkpt lat="45.36962" lon="6.06401">
        <ele>850</ele>
        <time>2025-08-22T14:34:58+00:00</time>
      </trkpt>
      <trkpt lat="45.36944" lon="6.06401">
        <ele>856</ele>
        <time>2025-08-22T14:35:01+00:00</time>
      </trkpt>
      <trkpt lat="45.36929" lon="6.06403">
        <ele>857</ele>
        <time>2025-08-22T14:35:04+00:00</time>
      </trkpt>
      <trkpt lat="45.36913" lon="6.06406">
        <ele>857</ele>
        <time>2025-08-22T14:35:07+00:00</time>
      </trkpt>
      <trkpt lat="45.36901" lon="6.06413">
        <ele>857</ele>
        <time>2025-08-22T14:35:10+00:00</time>
      </trkpt>
      <trkpt lat="45.36892" lon="6.06426">
        <ele>860</ele>
        <time>2025-08-22T14:35:13+00:00</time>
      </trkpt>
      <trkpt lat="45.36884" lon="6.06441">
        <ele>865</ele>
        <time>2025-08-22T14:35:16+00:00</time>
      </trkpt>
      <trkpt lat="45.36875" lon="6.06455">
        <ele>869</ele>
        <time>2025-08-22T14:35:19+00:00</time>
      </trkpt>
      <trkpt lat="45.36867" lon="6.06466">
        <ele>869</ele>
        <time>2025-08-22T14:35:22+00:00</time>
      </trkpt>
      <trkpt lat="45.36842" lon="6.0648">
        <ele>874</ele>
        <time>2025-08-22T14:35:25+00:00</time>
      </trkpt>
      <trkpt lat="45.3682" lon="6.06494">
        <ele>877</ele>
        <time>2025-08-22T14:35:28+00:00</time>
      </trkpt>
      <trkpt lat="45.36798" lon="6.06507">
        <ele>878</ele>
        <time>2025-08-22T14:35:31+00:00</time>
      </trkpt>
      <trkpt lat="45.36788" lon="6.06511">
        <ele>879</ele>
        <time>2025-08-22T14:35:34+00:00</time>
      </trkpt>
      <trkpt lat="45.36771" lon="6.06514">
        <ele>879</ele>
        <time>2025-08-22T14:35:37+00:00</time>
      </trkpt>
      <trkpt lat="45.36759" lon="6.06514">
        <ele>875</ele>
        <time>2025-08-22T14:35:40+00:00</time>
      </trkpt>
      <trkpt lat="45.36741" lon="6.06523">
        <ele>882</ele>
        <time>2025-08-22T14:35:43+00:00</time>
      </trkpt>
      <trkpt lat="45.36703" lon="6.06557">
        <ele>892</ele>
        <time>2025-08-22T14:35:46+00:00</time>
      </trkpt>
      <trkpt lat="45.36688" lon="6.06568">
        <ele>889</ele>
        <time>2025-08-22T14:35:49+00:00</time>
      </trkpt>
      <trkpt lat="45.36662" lon="6.06574">
        <ele>896</ele>
        <time>2025-08-22T14:35:52+00:00</time>
      </trkpt>
      <trkpt lat="45.36649" lon="6.0658">
        <ele>895</ele>
        <time>2025-08-22T14:35:55+00:00</time>
      </trkpt>
      <trkpt lat="45.3663" lon="6.06597">
        <ele>905</ele>
        <time>2025-08-22T14:35:58+00:00</time>
      </trkpt>
      <trkpt lat="45.36622" lon="6.06603">
        <ele>914</ele>
        <time>2025-08-22T14:36:01+00:00</time>
      </trkpt>
      <trkpt lat="45.36615" lon="6.06605">
        <ele>915</ele>
        <time>2025-08-22T14:36:04+00:00</time>
      </trkpt>
      <trkpt lat="45.36603" lon="6.06602">
        <ele>915</ele>
        <time>2025-08-22T14:36:07+00:00</time>
      </trkpt>
      <trkpt lat="45.36597" lon="6.06597">
        <ele>913</ele>
        <time>2025-08-22T14:36:10+00:00</time>
      </trkpt>
      <trkpt lat="45.36581" lon="6.06567">
        <ele>913</ele>
        <time>2025-08-22T14:36:13+00:00</time>
      </trkpt>
      <trkpt lat="45.36571" lon="6.06537">
        <ele>916</ele>
        <time>2025-08-22T14:36:16+00:00</time>
      </trkpt>
      <trkpt lat="45.36557" lon="6.06475">
        <ele>920</ele>
        <time>2025-08-22T14:36:19+00:00</time>
      </trkpt>
      <trkpt lat="45.36548" lon="6.06459">
        <ele>928</ele>
        <time>2025-08-22T14:36:22+00:00</time>
      </trkpt>
      <trkpt lat="45.36538" lon="6.06447">
        <ele>924</ele>
        <time>2025-08-22T14:36:25+00:00</time>
      </trkpt>
      <trkpt lat="45.36502" lon="6.06416">
        <ele>933</ele>
        <time>2025-08-22T14:36:28+00:00</time>
      </trkpt>
      <trkpt lat="45.36486" lon="6.06409">
        <ele>939</ele>
        <time>2025-08-22T14:36:31+00:00</time>
      </trkpt>
      <trkpt lat="45.3646" lon="6.06402">
        <ele>940</ele>
        <time>2025-08-22T14:36:34+00:00</time>
      </trkpt>
      <trkpt lat="45.36446" lon="6.06401">
        <ele>953</ele>
        <time>2025-08-22T14:36:37+00:00</time>
      </trkpt>
      <trkpt lat="45.36433" lon="6.06396">
        <ele>947</ele>
        <time>2025-08-22T14:36:40+00:00</time>
      </trkpt>
      <trkpt lat="45.36422" lon="6.06397">
        <ele>949</ele>
        <time>2025-08-22T14:36:43+00:00</time>
      </trkpt>
      <trkpt lat="45.36394" lon="6.06411">
        <ele>957</ele>
        <time>2025-08-22T14:36:46+00:00</time>
      </trkpt>
      <trkpt lat="45.36381" lon="6.0642">
        <ele>957</ele>
        <time>2025-08-22T14:36:49+00:00</time>
      </trkpt>
      <trkpt lat="45.36369" lon="6.06431">
        <ele>961</ele>
        <time>2025-08-22T14:36:52+00:00</time>
      </trkpt>
      <trkpt lat="45.36354" lon="6.06443">
        <ele>966</ele>
        <time>2025-08-22T14:36:55+00:00</time>
      </trkpt>
      <trkpt lat="45.36328" lon="6.0646">
        <ele>965</ele>
        <time>2025-08-22T14:36:58+00:00</time>
      </trkpt>
      <trkpt lat="45.36319" lon="6.06471">
        <ele>971</ele>
        <time>2025-08-22T14:37:01+00:00</time>
      </trkpt>
      <trkpt lat="45.36311" lon="6.06486">
        <ele>978</ele>
        <time>2025-08-22T14:37:04+00:00</time>
      </trkpt>
      <trkpt lat="45.36287" lon="6.06523">
        <ele>982</ele>
        <time>2025-08-22T14:37:07+00:00</time>
      </trkpt>
      <trkpt lat="45.36277" lon="6.06541">
        <ele>984</ele>
        <time>2025-08-22T14:37:10+00:00</time>
      </trkpt>
      <trkpt lat="45.36266" lon="6.06558">
        <ele>990</ele>
        <time>2025-08-22T14:37:13+00:00</time>
      </trkpt>
      <trkpt lat="45.36254" lon="6.06577">
        <ele>993</ele>
        <time>2025-08-22T14:37:16+00:00</time>
      </trkpt>
      <trkpt lat="45.36244" lon="6.06588">
        <ele>993</ele>
        <time>2025-08-22T14:37:19+00:00</time>
      </trkpt>
      <trkpt lat="45.3622" lon="6.06603">
        <ele>999</ele>
        <time>2025-08-22T14:37:22+00:00</time>
      </trkpt>
      <trkpt lat="45.36209" lon="6.06613">
        <ele>997</ele>
        <time>2025-08-22T14:37:25+00:00</time>
      </trkpt>
      <trkpt lat="45.36201" lon="6.06624">
        <ele>1002</ele>
        <time>2025-08-22T14:37:28+00:00</time>
      </trkpt>
      <trkpt lat="45.36194" lon="6.06638">
        <ele>1002</ele>
        <time>2025-08-22T14:37:31+00:00</time>
      </trkpt>
      <trkpt lat="45.36188" lon="6.06654">
        <ele>1005</ele>
        <time>2025-08-22T14:37:34+00:00</time>
      </trkpt>
      <trkpt lat="45.36182" lon="6.06667">
        <ele>1010</ele>
        <time>2025-08-22T14:37:37+00:00</time>
      </trkpt>
      <trkpt lat="45.36172" lon="6.06682">
        <ele>1015</ele>
        <time>2025-08-22T14:37:40+00:00</time>
      </trkpt>
      <trkpt lat="45.36145" lon="6.06717">
        <ele>1024</ele>
        <time>2025-08-22T14:37:43+00:00</time>
      </trkpt>
      <trkpt lat="45.36137" lon="6.06724">
        <ele>1031</ele>
        <time>2025-08-22T14:37:46+00:00</time>
      </trkpt>
      <trkpt lat="45.36132" lon="6.06728">
        <ele>1031</ele>
        <time>2025-08-22T14:37:49+00:00</time>
      </trkpt>
      <trkpt lat="45.36125" lon="6.0673">
        <ele>1027</ele>
        <time>2025-08-22T14:37:52+00:00</time>
      </trkpt>
      <trkpt lat="45.361" lon="6.0672">
        <ele>1030</ele>
        <time>2025-08-22T14:37:55+00:00</time>
      </trkpt>
      <trkpt lat="45.36089" lon="6.06719">
        <ele>1033</ele>
        <time>2025-08-22T14:37:58+00:00</time>
      </trkpt>
      <trkpt lat="45.36079" lon="6.06721">
        <ele>1032</ele>
        <time>2025-08-22T14:38:01+00:00</time>
      </trkpt>
      <trkpt lat="45.36055" lon="6.06714">
        <ele>1035</ele>
        <time>2025-08-22T14:38:04+00:00</time>
      </trkpt>
      <trkpt lat="45.36034" lon="6.06723">
        <ele>1044</ele>
        <time>2025-08-22T14:38:07+00:00</time>
      </trkpt>
      <trkpt lat="45.36009" lon="6.06731">
        <ele>1045</ele>
        <time>2025-08-22T14:38:10+00:00</time>
      </trkpt>
      <trkpt lat="45.35983" lon="6.06741">
        <ele>1046</ele>
        <time>2025-08-22T14:38:13+00:00</time>
      </trkpt>
      <trkpt lat="45.35962" lon="6.06755">
        <ele>1048</ele>
        <time>2025-08-22T14:38:16+00:00</time>
      </trkpt>
      <trkpt lat="45.35951" lon="6.06767">
        <ele>1052</ele>
        <time>2025-08-22T14:38:19+00:00</time>
      </trkpt>
      <trkpt lat="45.35943" lon="6.06777">
        <ele>1050</ele>
        <time>2025-08-22T14:38:22+00:00</time>
      </trkpt>
      <trkpt lat="45.35934" lon="6.06793">
        <ele>1057</ele>
        <time>2025-08-22T14:38:25+00:00</time>
      </trkpt>
      <trkpt lat="45.3593" lon="6.06807">
        <ele>1056</ele>
        <time>2025-08-22T14:38:28+00:00</time>
      </trkpt>
      <trkpt lat="45.35929" lon="6.06818">
        <ele>1060</ele>
        <time>2025-08-22T14:38:31+00:00</time>
      </trkpt>
      <trkpt lat="45.3593" lon="6.06832">
        <ele>1064</ele>
        <time>2025-08-22T14:38:34+00:00</time>
      </trkpt>
      <trkpt lat="45.35933" lon="6.06838">
        <ele>1060</ele>
        <time>2025-08-22T14:38:37+00:00</time>
      </trkpt>
      <trkpt lat="45.35921" lon="6.06841">
        <ele>1064</ele>
        <time>2025-08-22T14:38:40+00:00</time>
      </trkpt>
      <trkpt lat="45.35909" lon="6.06843">
        <ele>1061</ele>
        <time>2025-08-22T14:38:43+00:00</time>
      </trkpt>
      <trkpt lat="45.359" lon="6.06842">
        <ele>1065</ele>
        <time>2025-08-22T14:38:46+00:00</time>
      </trkpt>
      <trkpt lat="45.35891" lon="6.06837">
        <ele>1065</ele>
        <time>2025-08-22T14:38:49+00:00</time>
      </trkpt>
      <trkpt lat="45.35872" lon="6.06829">
        <ele>1062</ele>
        <time>2025-08-22T14:38:52+00:00</time>
      </trkpt>
      <trkpt lat="45.35861" lon="6.06827">
        <ele>1066</ele>
        <time>2025-08-22T14:38:55+00:00</time>
      </trkpt>
      <trkpt lat="45.35854" lon="6.06817">
        <ele>1061</ele>
        <time>2025-08-22T14:38:58+00:00</time>
      </trkpt>
      <trkpt lat="45.35851" lon="6.06802">
        <ele>1062</ele>
        <time>2025-08-22T14:39:01+00:00</time>
      </trkpt>
      <trkpt lat="45.35852" lon="6.06783">
        <ele>1060</ele>
        <time>2025-08-22T14:39:04+00:00</time>
      </trkpt>
      <trkpt lat="45.35867" lon="6.06754">
        <ele>1060</ele>
        <time>2025-08-22T14:39:07+00:00</time>
      </trkpt>
      <trkpt lat="45.3589" lon="6.06715">
        <ele>1052</ele>
        <time>2025-08-22T14:39:10+00:00</time>
      </trkpt>
      <trkpt lat="45.35915" lon="6.06675">
        <ele>1052</ele>
        <time>2025-08-22T14:39:13+00:00</time>
      </trkpt>
      <trkpt lat="45.35935" lon="6.06653">
        <ele>1044</ele>
        <time>2025-08-22T14:39:16+00:00</time>
      </trkpt>
      <trkpt lat="45.35957" lon="6.06634">
        <ele>1044</ele>
        <time>2025-08-22T14:39:19+00:00</time>
      </trkpt>
      <trkpt lat="45.35962" lon="6.06625">
        <ele>1040</ele>
        <time>2025-08-22T14:39:22+00:00</time>
      </trkpt>
      <trkpt lat="45.35963" lon="6.06618">
        <ele>1045</ele>
        <time>2025-08-22T14:39:25+00:00</time>
      </trkpt>
      <trkpt lat="45.35967" lon="6.06608">
        <ele>1043</ele>
        <time>2025-08-22T14:39:28+00:00</time>
      </trkpt>
      <trkpt lat="45.35972" lon="6.0659">
        <ele>1046</ele>
        <time>2025-08-22T14:39:31+00:00</time>
      </trkpt>
      <trkpt lat="45.35993" lon="6.0656">
        <ele>1043</ele>
        <time>2025-08-22T14:39:34+00:00</time>
      </trkpt>
      <trkpt lat="45.36013" lon="6.06534">
        <ele>1044</ele>
        <time>2025-08-22T14:39:37+00:00</time>
      </trkpt>
      <trkpt lat="45.36037" lon="6.06494">
        <ele>1044</ele>
        <time>2025-08-22T14:39:40+00:00</time>
      </trkpt>
      <trkpt lat="45.36041" lon="6.06479">
        <ele>1038</ele>
        <time>2025-08-22T14:39:43+00:00</time>
      </trkpt>
      <trkpt lat="45.36039" lon="6.06468">
        <ele>1047</ele>
        <time>2025-08-22T14:39:46+00:00</time>
      </trkpt>
      <trkpt lat="45.36027" lon="6.06444">
        <ele>1047</ele>
        <time>2025-08-22T14:39:49+00:00</time>
      </trkpt>
      <trkpt lat="45.36005" lon="6.06391">
        <ele>1051</ele>
        <time>2025-08-22T14:39:52+00:00</time>
      </trkpt>
      <trkpt lat="45.35998" lon="6.06368">
        <ele>1058</ele>
        <time>2025-08-22T14:39:55+00:00</time>
      </trkpt>
      <trkpt lat="45.35987" lon="6.06389">
        <ele>1068</ele>
        <time>2025-08-22T14:39:58+00:00</time>
      </trkpt>
      <trkpt lat="45.3599" lon="6.06427">
        <ele>1070</ele>
        <time>2025-08-22T14:40:01+00:00</time>
      </trkpt>
      <trkpt lat="45.3599" lon="6.06439">
        <ele>1071</ele>
        <time>2025-08-22T14:40:04+00:00</time>
      </trkpt>
      <trkpt lat="45.35984" lon="6.06472">
        <ele>1070</ele>
        <time>2025-08-22T14:40:07+00:00</time>
      </trkpt>
      <trkpt lat="45.35977" lon="6.06473">
        <ele>1070</ele>
        <time>2025-08-22T14:40:10+00:00</time>
      </trkpt>
      <trkpt lat="45.35965" lon="6.06471">
        <ele>1078</ele>
        <time>2025-08-22T14:40:13+00:00</time>
      </trkpt>
      <trkpt lat="45.35951" lon="6.06449">
        <ele>1079</ele>
        <time>2025-08-22T14:40:16+00:00</time>
      </trkpt>
      <trkpt lat="45.35947" lon="6.06439">
        <ele>1086</ele>
        <time>2025-08-22T14:40:19+00:00</time>
      </trkpt>
      <trkpt lat="45.35944" lon="6.06427">
        <ele>1085</ele>
        <time>2025-08-22T14:40:22+00:00</time>
      </trkpt>
      <trkpt lat="45.35938" lon="6.06415">
        <ele>1084</ele>
        <time>2025-08-22T14:40:25+00:00</time>
      </trkpt>
      <trkpt lat="45.35929" lon="6.06401">
        <ele>1089</ele>
        <time>2025-08-22T14:40:28+00:00</time>
      </trkpt>
      <trkpt lat="45.35921" lon="6.06397">
        <ele>1088</ele>
        <time>2025-08-22T14:40:31+00:00</time>
      </trkpt>
      <trkpt lat="45.35914" lon="6.06403">
        <ele>1095</ele>
        <time>2025-08-22T14:40:34+00:00</time>
      </trkpt>
      <trkpt lat="45.35912" lon="6.06416">
        <ele>1095</ele>
        <time>2025-08-22T14:40:37+00:00</time>
      </trkpt>
      <trkpt lat="45.35903" lon="6.06434">
        <ele>1098</ele>
        <time>2025-08-22T14:40:40+00:00</time>
      </trkpt>
      <trkpt lat="45.35892" lon="6.06443">
        <ele>1103</ele>
        <time>2025-08-22T14:40:43+00:00</time>
      </trkpt>
      <trkpt lat="45.35881" lon="6.06441">
        <ele>1103</ele>
        <time>2025-08-22T14:40:46+00:00</time>
      </trkpt>
      <trkpt lat="45.35868" lon="6.06434">
        <ele>1114</ele>
        <time>2025-08-22T14:40:49+00:00</time>
      </trkpt>
      <trkpt lat="45.35855" lon="6.06425">
        <ele>1112</ele>
        <time>2025-08-22T14:40:52+00:00</time>
      </trkpt>
      <trkpt lat="45.3583" lon="6.06472">
        <ele>1128</ele>
        <time>2025-08-22T14:40:55+00:00</time>
      </trkpt>
      <trkpt lat="45.35808" lon="6.06495">
        <ele>1133</ele>
        <time>2025-08-22T14:40:58+00:00</time>
      </trkpt>
      <trkpt lat="45.35798" lon="6.06514">
        <ele>1137</ele>
        <time>2025-08-22T14:41:01+00:00</time>
      </trkpt>
      <trkpt lat="45.35777" lon="6.06533">
        <ele>1141</ele>
        <time>2025-08-22T14:41:04+00:00</time>
      </trkpt>
      <trkpt lat="45.35768" lon="6.06545">
        <ele>1139</ele>
        <time>2025-08-22T14:41:07+00:00</time>
      </trkpt>
      <trkpt lat="45.35759" lon="6.06548">
        <ele>1143</ele>
        <time>2025-08-22T14:41:10+00:00</time>
      </trkpt>
      <trkpt lat="45.35742" lon="6.06536">
        <ele>1145</ele>
        <time>2025-08-22T14:41:13+00:00</time>
      </trkpt>
      <trkpt lat="45.35737" lon="6.06534">
        <ele>1148</ele>
        <time>2025-08-22T14:41:16+00:00</time>
      </trkpt>
      <trkpt lat="45.35726" lon="6.06536">
        <ele>1151</ele>
        <time>2025-08-22T14:41:19+00:00</time>
      </trkpt>
      <trkpt lat="45.35712" lon="6.06536">
        <ele>1151</ele>
        <time>2025-08-22T14:41:22+00:00</time>
      </trkpt>
      <trkpt lat="45.35703" lon="6.06535">
        <ele>1154</ele>
        <time>2025-08-22T14:41:25+00:00</time>
      </trkpt>
      <trkpt lat="45.35693" lon="6.06537">
        <ele>1154</ele>
        <time>2025-08-22T14:41:28+00:00</time>
      </trkpt>
      <trkpt lat="45.35685" lon="6.0654">
        <ele>1156</ele>
        <time>2025-08-22T14:41:31+00:00</time>
      </trkpt>
      <trkpt lat="45.35672" lon="6.06548">
        <ele>1157</ele>
        <time>2025-08-22T14:41:34+00:00</time>
      </trkpt>
      <trkpt lat="45.35654" lon="6.06554">
        <ele>1157</ele>
        <time>2025-08-22T14:41:37+00:00</time>
      </trkpt>
      <trkpt lat="45.35643" lon="6.06552">
        <ele>1157</ele>
        <time>2025-08-22T14:41:40+00:00</time>
      </trkpt>
      <trkpt lat="45.35633" lon="6.06548">
        <ele>1160</ele>
        <time>2025-08-22T14:41:43+00:00</time>
      </trkpt>
      <trkpt lat="45.35627" lon="6.06548">
        <ele>1160</ele>
        <time>2025-08-22T14:41:46+00:00</time>
      </trkpt>
      <trkpt lat="45.3562" lon="6.06552">
        <ele>1161</ele>
        <time>2025-08-22T14:41:49+00:00</time>
      </trkpt>
      <trkpt lat="45.35592" lon="6.0656">
        <ele>1162</ele>
        <time>2025-08-22T14:41:52+00:00</time>
      </trkpt>
      <trkpt lat="45.35578" lon="6.06569">
        <ele>1163</ele>
        <time>2025-08-22T14:41:55+00:00</time>
      </trkpt>
      <trkpt lat="45.3557" lon="6.06577">
        <ele>1165</ele>
        <time>2025-08-22T14:41:58+00:00</time>
      </trkpt>
      <trkpt lat="45.35556" lon="6.06599">
        <ele>1166</ele>
        <time>2025-08-22T14:42:01+00:00</time>
      </trkpt>
      <trkpt lat="45.35553" lon="6.06605">
        <ele>1169</ele>
        <time>2025-08-22T14:42:04+00:00</time>
      </trkpt>
      <trkpt lat="45.35539" lon="6.06617">
        <ele>1169</ele>
        <time>2025-08-22T14:42:07+00:00</time>
      </trkpt>
      <trkpt lat="45.35526" lon="6.06624">
        <ele>1172</ele>
        <time>2025-08-22T14:42:10+00:00</time>
      </trkpt>
      <trkpt lat="45.35518" lon="6.06626">
        <ele>1170</ele>
        <time>2025-08-22T14:42:13+00:00</time>
      </trkpt>
      <trkpt lat="45.35497" lon="6.06628">
        <ele>1171</ele>
        <time>2025-08-22T14:42:16+00:00</time>
      </trkpt>
      <trkpt lat="45.3549" lon="6.06627">
        <ele>1171</ele>
        <time>2025-08-22T14:42:19+00:00</time>
      </trkpt>
      <trkpt lat="45.35479" lon="6.06628">
        <ele>1171</ele>
        <time>2025-08-22T14:42:22+00:00</time>
      </trkpt>
      <trkpt lat="45.35469" lon="6.06627">
        <ele>1171</ele>
        <time>2025-08-22T14:42:25+00:00</time>
      </trkpt>
      <trkpt lat="45.3546" lon="6.06627">
        <ele>1171</ele>
        <time>2025-08-22T14:42:28+00:00</time>
      </trkpt>
      <trkpt lat="45.35444" lon="6.0663">
        <ele>1172</ele>
        <time>2025-08-22T14:42:31+00:00</time>
      </trkpt>
      <trkpt lat="45.35431" lon="6.06629">
        <ele>1173</ele>
        <time>2025-08-22T14:42:34+00:00</time>
      </trkpt>
      <trkpt lat="45.35415" lon="6.06632">
        <ele>1175</ele>
        <time>2025-08-22T14:42:37+00:00</time>
      </trkpt>
      <trkpt lat="45.35414" lon="6.06636">
        <ele>1175</ele>
        <time>2025-08-22T14:42:40+00:00</time>
      </trkpt>
      <trkpt lat="45.35411" lon="6.06641">
        <ele>1181</ele>
        <time>2025-08-22T14:42:43+00:00</time>
      </trkpt>
      <trkpt lat="45.35406" lon="6.06646">
        <ele>1181</ele>
        <time>2025-08-22T14:42:46+00:00</time>
      </trkpt>
      <trkpt lat="45.35402" lon="6.06648">
        <ele>1181</ele>
        <time>2025-08-22T14:42:49+00:00</time>
      </trkpt>
      <trkpt lat="45.35394" lon="6.0665">
        <ele>1183</ele>
        <time>2025-08-22T14:42:52+00:00</time>
      </trkpt>
      <trkpt lat="45.35359" lon="6.06661">
        <ele>1196</ele>
        <time>2025-08-22T14:42:55+00:00</time>
      </trkpt>
      <trkpt lat="45.35334" lon="6.06672">
        <ele>1206</ele>
        <time>2025-08-22T14:42:58+00:00</time>
      </trkpt>
      <trkpt lat="45.35327" lon="6.06676">
        <ele>1209</ele>
        <time>2025-08-22T14:43:01+00:00</time>
      </trkpt>
      <trkpt lat="45.35303" lon="6.06683">
        <ele>1211</ele>
        <time>2025-08-22T14:43:04+00:00</time>
      </trkpt>
      <trkpt lat="45.35293" lon="6.06684">
        <ele>1213</ele>
        <time>2025-08-22T14:43:07+00:00</time>
      </trkpt>
      <trkpt lat="45.35284" lon="6.06685">
        <ele>1213</ele>
        <time>2025-08-22T14:43:10+00:00</time>
      </trkpt>
      <trkpt lat="45.3525" lon="6.06686">
        <ele>1214</ele>
        <time>2025-08-22T14:43:13+00:00</time>
      </trkpt>
      <trkpt lat="45.35232" lon="6.06687">
        <ele>1215</ele>
        <time>2025-08-22T14:43:16+00:00</time>
      </trkpt>
      <trkpt lat="45.35209" lon="6.06691">
        <ele>1218</ele>
        <time>2025-08-22T14:43:19+00:00</time>
      </trkpt>
      <trkpt lat="45.35203" lon="6.06691">
        <ele>1227</ele>
        <time>2025-08-22T14:43:22+00:00</time>
      </trkpt>
      <trkpt lat="45.35195" lon="6.06688">
        <ele>1223</ele>
        <time>2025-08-22T14:43:25+00:00</time>
      </trkpt>
      <trkpt lat="45.35191" lon="6.06682">
        <ele>1220</ele>
        <time>2025-08-22T14:43:28+00:00</time>
      </trkpt>
      <trkpt lat="45.35187" lon="6.06679">
        <ele>1223</ele>
        <time>2025-08-22T14:43:31+00:00</time>
      </trkpt>
      <trkpt lat="45.35177" lon="6.06661">
        <ele>1216</ele>
        <time>2025-08-22T14:43:34+00:00</time>
      </trkpt>
      <trkpt lat="45.35173" lon="6.06649">
        <ele>1217</ele>
        <time>2025-08-22T14:43:37+00:00</time>
      </trkpt>
      <trkpt lat="45.3516" lon="6.06621">
        <ele>1215</ele>
        <time>2025-08-22T14:43:40+00:00</time>
      </trkpt>
      <trkpt lat="45.35155" lon="6.06616">
        <ele>1215</ele>
        <time>2025-08-22T14:43:43+00:00</time>
      </trkpt>
      <trkpt lat="45.3515" lon="6.06614">
        <ele>1215</ele>
        <time>2025-08-22T14:43:46+00:00</time>
      </trkpt>
      <trkpt lat="45.35143" lon="6.06606">
        <ele>1215</ele>
        <time>2025-08-22T14:43:49+00:00</time>
      </trkpt>
      <trkpt lat="45.35134" lon="6.06591">
        <ele>1216</ele>
        <time>2025-08-22T14:43:52+00:00</time>
      </trkpt>
      <trkpt lat="45.35125" lon="6.06577">
        <ele>1214</ele>
        <time>2025-08-22T14:43:55+00:00</time>
      </trkpt>
      <trkpt lat="45.35118" lon="6.06569">
        <ele>1211</ele>
        <time>2025-08-22T14:43:58+00:00</time>
      </trkpt>
      <trkpt lat="45.35106" lon="6.0656">
        <ele>1214</ele>
        <time>2025-08-22T14:44:01+00:00</time>
      </trkpt>
      <trkpt lat="45.35079" lon="6.06545">
        <ele>1213</ele>
        <time>2025-08-22T14:44:04+00:00</time>
      </trkpt>
      <trkpt lat="45.35057" lon="6.06527">
        <ele>1212</ele>
        <time>2025-08-22T14:44:07+00:00</time>
      </trkpt>
      <trkpt lat="45.35031" lon="6.06508">
        <ele>1214</ele>
        <time>2025-08-22T14:44:10+00:00</time>
      </trkpt>
      <trkpt lat="45.35019" lon="6.06497">
        <ele>1209</ele>
        <time>2025-08-22T14:44:13+00:00</time>
      </trkpt>
      <trkpt lat="45.35009" lon="6.06487">
        <ele>1210</ele>
        <time>2025-08-22T14:44:16+00:00</time>
      </trkpt>
      <trkpt lat="45.35005" lon="6.06471">
        <ele>1213</ele>
        <time>2025-08-22T14:44:19+00:00</time>
      </trkpt>
      <trkpt lat="45.34997" lon="6.06424">
        <ele>1206</ele>
        <time>2025-08-22T14:44:22+00:00</time>
      </trkpt>
      <trkpt lat="45.34997" lon="6.0641">
        <ele>1204</ele>
        <time>2025-08-22T14:44:25+00:00</time>
      </trkpt>
      <trkpt lat="45.34994" lon="6.06391">
        <ele>1202</ele>
        <time>2025-08-22T14:44:28+00:00</time>
      </trkpt>
      <trkpt lat="45.34989" lon="6.0637">
        <ele>1207</ele>
        <time>2025-08-22T14:44:31+00:00</time>
      </trkpt>
      <trkpt lat="45.34981" lon="6.06348">
        <ele>1204</ele>
        <time>2025-08-22T14:44:34+00:00</time>
      </trkpt>
      <trkpt lat="45.34959" lon="6.06311">
        <ele>1203</ele>
        <time>2025-08-22T14:44:37+00:00</time>
      </trkpt>
      <trkpt lat="45.34955" lon="6.06305">
        <ele>1203</ele>
        <time>2025-08-22T14:44:40+00:00</time>
      </trkpt>
      <trkpt lat="45.34946" lon="6.06294">
        <ele>1198</ele>
        <time>2025-08-22T14:44:43+00:00</time>
      </trkpt>
      <trkpt lat="45.34928" lon="6.06281">
        <ele>1203</ele>
        <time>2025-08-22T14:44:46+00:00</time>
      </trkpt>
      <trkpt lat="45.34917" lon="6.06272">
        <ele>1202</ele>
        <time>2025-08-22T14:44:49+00:00</time>
      </trkpt>
      <trkpt lat="45.34901" lon="6.06248">
        <ele>1198</ele>
        <time>2025-08-22T14:44:52+00:00</time>
      </trkpt>
      <trkpt lat="45.34877" lon="6.06211">
        <ele>1198</ele>
        <time>2025-08-22T14:44:55+00:00</time>
      </trkpt>
      <trkpt lat="45.3485" lon="6.0618">
        <ele>1199</ele>
        <time>2025-08-22T14:44:58+00:00</time>
      </trkpt>
      <trkpt lat="45.3485" lon="6.0618">
        <ele>1195</ele>
        <time>2025-08-22T14:45:01+00:00</time>
      </trkpt>
      <trkpt lat="45.34855" lon="6.06214">
        <ele>1202</ele>
        <time>2025-08-22T14:45:04+00:00</time>
      </trkpt>
      <trkpt lat="45.34853" lon="6.0624">
        <ele>1206</ele>
        <time>2025-08-22T14:45:07+00:00</time>
      </trkpt>
      <trkpt lat="45.34846" lon="6.0627">
        <ele>1218</ele>
        <time>2025-08-22T14:45:10+00:00</time>
      </trkpt>
      <trkpt lat="45.3485" lon="6.06306">
        <ele>1228</ele>
        <time>2025-08-22T14:45:13+00:00</time>
      </trkpt>
      <trkpt lat="45.34854" lon="6.06348">
        <ele>1234</ele>
        <time>2025-08-22T14:45:16+00:00</time>
      </trkpt>
      <trkpt lat="45.3486" lon="6.06367">
        <ele>1245</ele>
        <time>2025-08-22T14:45:19+00:00</time>
      </trkpt>
      <trkpt lat="45.34873" lon="6.06386">
        <ele>1246</ele>
        <time>2025-08-22T14:45:22+00:00</time>
      </trkpt>
      <trkpt lat="45.34878" lon="6.06424">
        <ele>1255</ele>
        <time>2025-08-22T14:45:25+00:00</time>
      </trkpt>
      <trkpt lat="45.34881" lon="6.06469">
        <ele>1262</ele>
        <time>2025-08-22T14:45:28+00:00</time>
      </trkpt>
      <trkpt lat="45.34874" lon="6.06492">
        <ele>1269</ele>
        <time>2025-08-22T14:45:31+00:00</time>
      </trkpt>
      <trkpt lat="45.34863" lon="6.06507">
        <ele>1280</ele>
        <time>2025-08-22T14:45:34+00:00</time>
      </trkpt>
      <trkpt lat="45.34854" lon="6.06532">
        <ele>1284</ele>
        <time>2025-08-22T14:45:37+00:00</time>
      </trkpt>
      <trkpt lat="45.34849" lon="6.06566">
        <ele>1299</ele>
        <time>2025-08-22T14:45:40+00:00</time>
      </trkpt>
      <trkpt lat="45.34827" lon="6.06616">
        <ele>1319</ele>
        <time>2025-08-22T14:45:43+00:00</time>
      </trkpt>
      <trkpt lat="45.34813" lon="6.06639">
        <ele>1330</ele>
        <time>2025-08-22T14:45:46+00:00</time>
      </trkpt>
      <trkpt lat="45.34805" lon="6.06661">
        <ele>1339</ele>
        <time>2025-08-22T14:45:49+00:00</time>
      </trkpt>
      <trkpt lat="45.348" lon="6.06665">
        <ele>1335</ele>
        <time>2025-08-22T14:45:52+00:00</time>
      </trkpt>
      <trkpt lat="45.34781" lon="6.06653">
        <ele>1341</ele>
        <time>2025-08-22T14:45:55+00:00</time>
      </trkpt>
      <trkpt lat="45.34769" lon="6.0664">
        <ele>1349</ele>
        <time>2025-08-22T14:45:58+00:00</time>
      </trkpt>
      <trkpt lat="45.34753" lon="6.06634">
        <ele>1349</ele>
        <time>2025-08-22T14:46:01+00:00</time>
      </trkpt>
      <trkpt lat="45.34736" lon="6.06628">
        <ele>1356</ele>
        <time>2025-08-22T14:46:04+00:00</time>
      </trkpt>
      <trkpt lat="45.34707" lon="6.06619">
        <ele>1366</ele>
        <time>2025-08-22T14:46:07+00:00</time>
      </trkpt>
      <trkpt lat="45.34683" lon="6.06611">
        <ele>1373</ele>
        <time>2025-08-22T14:46:10+00:00</time>
      </trkpt>
      <trkpt lat="45.34658" lon="6.06603">
        <ele>1379</ele>
        <time>2025-08-22T14:46:13+00:00</time>
      </trkpt>
      <trkpt lat="45.34635" lon="6.06589">
        <ele>1386</ele>
        <time>2025-08-22T14:46:16+00:00</time>
      </trkpt>
      <trkpt lat="45.34612" lon="6.06569">
        <ele>1388</ele>
        <time>2025-08-22T14:46:19+00:00</time>
      </trkpt>
      <trkpt lat="45.34581" lon="6.06558">
        <ele>1399</ele>
        <time>2025-08-22T14:46:22+00:00</time>
      </trkpt>
      <trkpt lat="45.34557" lon="6.06558">
        <ele>1407</ele>
        <time>2025-08-22T14:46:25+00:00</time>
      </trkpt>
      <trkpt lat="45.34544" lon="6.06561">
        <ele>1407</ele>
        <time>2025-08-22T14:46:28+00:00</time>
      </trkpt>
      <trkpt lat="45.34541" lon="6.06564">
        <ele>1407</ele>
        <time>2025-08-22T14:46:31+00:00</time>
      </trkpt>
      <trkpt lat="45.34544" lon="6.06572">
        <ele>1412</ele>
        <time>2025-08-22T14:46:34+00:00</time>
      </trkpt>
      <trkpt lat="45.34559" lon="6.06607">
        <ele>1423</ele>
        <time>2025-08-22T14:46:37+00:00</time>
      </trkpt>
      <trkpt lat="45.34563" lon="6.06607">
        <ele>1419</ele>
        <time>2025-08-22T14:46:40+00:00</time>
      </trkpt>
      <trkpt lat="45.34559" lon="6.06607">
        <ele>1423</ele>
        <time>2025-08-22T14:46:43+00:00</time>
      </trkpt>
      <trkpt lat="45.34557" lon="6.06617">
        <ele>1423</ele>
        <time>2025-08-22T14:46:46+00:00</time>
      </trkpt>
      <trkpt lat="45.34534" lon="6.06622">
        <ele>1433</ele>
        <time>2025-08-22T14:46:49+00:00</time>
      </trkpt>
      <trkpt lat="45.34512" lon="6.06632">
        <ele>1437</ele>
        <time>2025-08-22T14:46:52+00:00</time>
      </trkpt>
      <trkpt lat="45.3448" lon="6.06642">
        <ele>1450</ele>
        <time>2025-08-22T14:46:55+00:00</time>
      </trkpt>
      <trkpt lat="45.34435" lon="6.06653">
        <ele>1460</ele>
        <time>2025-08-22T14:46:58+00:00</time>
      </trkpt>
      <trkpt lat="45.34423" lon="6.06667">
        <ele>1467</ele>
        <time>2025-08-22T14:47:01+00:00</time>
      </trkpt>
      <trkpt lat="45.34397" lon="6.06676">
        <ele>1480</ele>
        <time>2025-08-22T14:47:04+00:00</time>
      </trkpt>
      <trkpt lat="45.34379" lon="6.06693">
        <ele>1489</ele>
        <time>2025-08-22T14:47:07+00:00</time>
      </trkpt>
      <trkpt lat="45.34362" lon="6.06704">
        <ele>1492</ele>
        <time>2025-08-22T14:47:10+00:00</time>
      </trkpt>
      <trkpt lat="45.34365" lon="6.06723">
        <ele>1504</ele>
        <time>2025-08-22T14:47:13+00:00</time>
      </trkpt>
      <trkpt lat="45.34379" lon="6.06746">
        <ele>1506</ele>
        <time>2025-08-22T14:47:16+00:00</time>
      </trkpt>
      <trkpt lat="45.34393" lon="6.06773">
        <ele>1509</ele>
        <time>2025-08-22T14:47:19+00:00</time>
      </trkpt>
      <trkpt lat="45.34408" lon="6.068">
        <ele>1520</ele>
        <time>2025-08-22T14:47:22+00:00</time>
      </trkpt>
      <trkpt lat="45.34419" lon="6.06811">
        <ele>1524</ele>
        <time>2025-08-22T14:47:25+00:00</time>
      </trkpt>
      <trkpt lat="45.34444" lon="6.06831">
        <ele>1527</ele>
        <time>2025-08-22T14:47:28+00:00</time>
      </trkpt>
      <trkpt lat="45.34457" lon="6.06853">
        <ele>1531</ele>
        <time>2025-08-22T14:47:31+00:00</time>
      </trkpt>
      <trkpt lat="45.34457" lon="6.06876">
        <ele>1535</ele>
        <time>2025-08-22T14:47:34+00:00</time>
      </trkpt>
      <trkpt lat="45.34453" lon="6.06892">
        <ele>1539</ele>
        <time>2025-08-22T14:47:37+00:00</time>
      </trkpt>
      <trkpt lat="45.34429" lon="6.06898">
        <ele>1541</ele>
        <time>2025-08-22T14:47:40+00:00</time>
      </trkpt>
      <trkpt lat="45.34403" lon="6.06893">
        <ele>1546</ele>
        <time>2025-08-22T14:47:43+00:00</time>
      </trkpt>
      <trkpt lat="45.34373" lon="6.06887">
        <ele>1548</ele>
        <time>2025-08-22T14:47:46+00:00</time>
      </trkpt>
      <trkpt lat="45.34357" lon="6.06885">
        <ele>1549</ele>
        <time>2025-08-22T14:47:49+00:00</time>
      </trkpt>
      <trkpt lat="45.34335" lon="6.06889">
        <ele>1551</ele>
        <time>2025-08-22T14:47:52+00:00</time>
      </trkpt>
      <trkpt lat="45.34305" lon="6.06884">
        <ele>1553</ele>
        <time>2025-08-22T14:47:55+00:00</time>
      </trkpt>
      <trkpt lat="45.34286" lon="6.06872">
        <ele>1554</ele>
        <time>2025-08-22T14:47:58+00:00</time>
      </trkpt>
      <trkpt lat="45.34264" lon="6.06861">
        <ele>1554</ele>
        <time>2025-08-22T14:48:01+00:00</time>
      </trkpt>
      <trkpt lat="45.34245" lon="6.0686">
        <ele>1555</ele>
        <time>2025-08-22T14:48:04+00:00</time>
      </trkpt>
      <trkpt lat="45.34229" lon="6.06867">
        <ele>1560</ele>
        <time>2025-08-22T14:48:07+00:00</time>
      </trkpt>
      <trkpt lat="45.34213" lon="6.0688">
        <ele>1562</ele>
        <time>2025-08-22T14:48:10+00:00</time>
      </trkpt>
      <trkpt lat="45.34202" lon="6.06881">
        <ele>1564</ele>
        <time>2025-08-22T14:48:13+00:00</time>
      </trkpt>
      <trkpt lat="45.3419" lon="6.06895">
        <ele>1565</ele>
        <time>2025-08-22T14:48:16+00:00</time>
      </trkpt>
      <trkpt lat="45.34191" lon="6.06921">
        <ele>1567</ele>
        <time>2025-08-22T14:48:19+00:00</time>
      </trkpt>
      <trkpt lat="45.34198" lon="6.06949">
        <ele>1569</ele>
        <time>2025-08-22T14:48:22+00:00</time>
      </trkpt>
      <trkpt lat="45.34187" lon="6.0698">
        <ele>1571</ele>
        <time>2025-08-22T14:48:25+00:00</time>
      </trkpt>
      <trkpt lat="45.34169" lon="6.07">
        <ele>1571</ele>
        <time>2025-08-22T14:48:28+00:00</time>
      </trkpt>
      <trkpt lat="45.3415" lon="6.07041">
        <ele>1573</ele>
        <time>2025-08-22T14:48:31+00:00</time>
      </trkpt>
      <trkpt lat="45.34132" lon="6.07056">
        <ele>1573</ele>
        <time>2025-08-22T14:48:34+00:00</time>
      </trkpt>
      <trkpt lat="45.34112" lon="6.07067">
        <ele>1572</ele>
        <time>2025-08-22T14:48:37+00:00</time>
      </trkpt>
      <trkpt lat="45.34082" lon="6.07079">
        <ele>1570</ele>
        <time>2025-08-22T14:48:40+00:00</time>
      </trkpt>
      <trkpt lat="45.34056" lon="6.07085">
        <ele>1568</ele>
        <time>2025-08-22T14:48:43+00:00</time>
      </trkpt>
      <trkpt lat="45.34019" lon="6.07073">
        <ele>1566</ele>
        <time>2025-08-22T14:48:46+00:00</time>
      </trkpt>
      <trkpt lat="45.33991" lon="6.0706">
        <ele>1565</ele>
        <time>2025-08-22T14:48:49+00:00</time>
      </trkpt>
      <trkpt lat="45.3396" lon="6.07029">
        <ele>1563</ele>
        <time>2025-08-22T14:48:52+00:00</time>
      </trkpt>
      <trkpt lat="45.33938" lon="6.06995">
        <ele>1563</ele>
        <time>2025-08-22T14:48:55+00:00</time>
      </trkpt>
      <trkpt lat="45.339" lon="6.06963">
        <ele>1565</ele>
        <time>2025-08-22T14:48:58+00:00</time>
      </trkpt>
      <trkpt lat="45.33873" lon="6.06928">
        <ele>1567</ele>
        <time>2025-08-22T14:49:01+00:00</time>
      </trkpt>
      <trkpt lat="45.3384" lon="6.06904">
        <ele>1566</ele>
        <time>2025-08-22T14:49:04+00:00</time>
      </trkpt>
      <trkpt lat="45.33802" lon="6.06889">
        <ele>1566</ele>
        <time>2025-08-22T14:49:07+00:00</time>
      </trkpt>
      <trkpt lat="45.33786" lon="6.06865">
        <ele>1565</ele>
        <time>2025-08-22T14:49:10+00:00</time>
      </trkpt>
      <trkpt lat="45.33765" lon="6.06853">
        <ele>1565</ele>
        <time>2025-08-22T14:49:13+00:00</time>
      </trkpt>
      <trkpt lat="45.33736" lon="6.06825">
        <ele>1565</ele>
        <time>2025-08-22T14:49:16+00:00</time>
      </trkpt>
      <trkpt lat="45.33711" lon="6.06811">
        <ele>1565</ele>
        <time>2025-08-22T14:49:19+00:00</time>
      </trkpt>
      <trkpt lat="45.33672" lon="6.0678">
        <ele>1567</ele>
        <time>2025-08-22T14:49:22+00:00</time>
      </trkpt>
      <trkpt lat="45.33643" lon="6.06749">
        <ele>1568</ele>
        <time>2025-08-22T14:49:25+00:00</time>
      </trkpt>
      <trkpt lat="45.33612" lon="6.06748">
        <ele>1569</ele>
        <time>2025-08-22T14:49:28+00:00</time>
      </trkpt>
      <trkpt lat="45.33596" lon="6.06737">
        <ele>1570</ele>
        <time>2025-08-22T14:49:31+00:00</time>
      </trkpt>
      <trkpt lat="45.33587" lon="6.06709">
        <ele>1569</ele>
        <time>2025-08-22T14:49:34+00:00</time>
      </trkpt>
      <trkpt lat="45.33565" lon="6.06691">
        <ele>1571</ele>
        <time>2025-08-22T14:49:37+00:00</time>
      </trkpt>
      <trkpt lat="45.33534" lon="6.06701">
        <ele>1573</ele>
        <time>2025-08-22T14:49:40+00:00</time>
      </trkpt>
      <trkpt lat="45.33496" lon="6.06695">
        <ele>1578</ele>
        <time>2025-08-22T14:49:43+00:00</time>
      </trkpt>
      <trkpt lat="45.3346" lon="6.06701">
        <ele>1583</ele>
        <time>2025-08-22T14:49:46+00:00</time>
      </trkpt>
      <trkpt lat="45.33431" lon="6.06702">
        <ele>1586</ele>
        <time>2025-08-22T14:49:49+00:00</time>
      </trkpt>
      <trkpt lat="45.33418" lon="6.06677">
        <ele>1589</ele>
        <time>2025-08-22T14:49:52+00:00</time>
      </trkpt>
      <trkpt lat="45.33387" lon="6.06636">
        <ele>1593</ele>
        <time>2025-08-22T14:49:55+00:00</time>
      </trkpt>
      <trkpt lat="45.33348" lon="6.06628">
        <ele>1599</ele>
        <time>2025-08-22T14:49:58+00:00</time>
      </trkpt>
      <trkpt lat="45.33322" lon="6.06637">
        <ele>1602</ele>
        <time>2025-08-22T14:50:01+00:00</time>
      </trkpt>
      <trkpt lat="45.33312" lon="6.06633">
        <ele>1604</ele>
        <time>2025-08-22T14:50:04+00:00</time>
      </trkpt>
      <trkpt lat="45.33307" lon="6.06626">
        <ele>1607</ele>
        <time>2025-08-22T14:50:07+00:00</time>
      </trkpt>
      <trkpt lat="45.33294" lon="6.06612">
        <ele>1604</ele>
        <time>2025-08-22T14:50:10+00:00</time>
      </trkpt>
      <trkpt lat="45.33293" lon="6.06589">
        <ele>1605</ele>
        <time>2025-08-22T14:50:13+00:00</time>
      </trkpt>
      <trkpt lat="45.33284" lon="6.06557">
        <ele>1606</ele>
        <time>2025-08-22T14:50:16+00:00</time>
      </trkpt>
      <trkpt lat="45.33269" lon="6.06552">
        <ele>1609</ele>
        <time>2025-08-22T14:50:19+00:00</time>
      </trkpt>
      <trkpt lat="45.3326" lon="6.06553">
        <ele>1612</ele>
        <time>2025-08-22T14:50:22+00:00</time>
      </trkpt>
      <trkpt lat="45.33251" lon="6.06548">
        <ele>1611</ele>
        <time>2025-08-22T14:50:25+00:00</time>
      </trkpt>
      <trkpt lat="45.3324" lon="6.06547">
        <ele>1614</ele>
        <time>2025-08-22T14:50:28+00:00</time>
      </trkpt>
      <trkpt lat="45.33229" lon="6.06543">
        <ele>1614</ele>
        <time>2025-08-22T14:50:31+00:00</time>
      </trkpt>
      <trkpt lat="45.33217" lon="6.06528">
        <ele>1614</ele>
        <time>2025-08-22T14:50:34+00:00</time>
      </trkpt>
      <trkpt lat="45.33212" lon="6.06517">
        <ele>1614</ele>
        <time>2025-08-22T14:50:37+00:00</time>
      </trkpt>
      <trkpt lat="45.33204" lon="6.06508">
        <ele>1614</ele>
        <time>2025-08-22T14:50:40+00:00</time>
      </trkpt>
      <trkpt lat="45.33192" lon="6.06513">
        <ele>1617</ele>
        <time>2025-08-22T14:50:43+00:00</time>
      </trkpt>
      <trkpt lat="45.33187" lon="6.06522">
        <ele>1621</ele>
        <time>2025-08-22T14:50:46+00:00</time>
      </trkpt>
      <trkpt lat="45.33178" lon="6.06527">
        <ele>1621</ele>
        <time>2025-08-22T14:50:49+00:00</time>
      </trkpt>
      <trkpt lat="45.33162" lon="6.06538">
        <ele>1624</ele>
        <time>2025-08-22T14:50:52+00:00</time>
      </trkpt>
      <trkpt lat="45.33142" lon="6.06557">
        <ele>1629</ele>
        <time>2025-08-22T14:50:55+00:00</time>
      </trkpt>
      <trkpt lat="45.3313" lon="6.06563">
        <ele>1630</ele>
        <time>2025-08-22T14:50:58+00:00</time>
      </trkpt>
      <trkpt lat="45.33108" lon="6.06558">
        <ele>1631</ele>
        <time>2025-08-22T14:51:01+00:00</time>
      </trkpt>
      <trkpt lat="45.33094" lon="6.06562">
        <ele>1632</ele>
        <time>2025-08-22T14:51:04+00:00</time>
      </trkpt>
      <trkpt lat="45.33086" lon="6.0655">
        <ele>1632</ele>
        <time>2025-08-22T14:51:07+00:00</time>
      </trkpt>
      <trkpt lat="45.33081" lon="6.06518">
        <ele>1632</ele>
        <time>2025-08-22T14:51:10+00:00</time>
      </trkpt>
      <trkpt lat="45.33081" lon="6.06488">
        <ele>1632</ele>
        <time>2025-08-22T14:51:13+00:00</time>
      </trkpt>
      <trkpt lat="45.33079" lon="6.06462">
        <ele>1636</ele>
        <time>2025-08-22T14:51:16+00:00</time>
      </trkpt>
      <trkpt lat="45.33067" lon="6.0643">
        <ele>1641</ele>
        <time>2025-08-22T14:51:19+00:00</time>
      </trkpt>
      <trkpt lat="45.33064" lon="6.06406">
        <ele>1641</ele>
        <time>2025-08-22T14:51:22+00:00</time>
      </trkpt>
      <trkpt lat="45.33067" lon="6.06381">
        <ele>1642</ele>
        <time>2025-08-22T14:51:25+00:00</time>
      </trkpt>
      <trkpt lat="45.33066" lon="6.06366">
        <ele>1644</ele>
        <time>2025-08-22T14:51:28+00:00</time>
      </trkpt>
      <trkpt lat="45.33062" lon="6.06354">
        <ele>1645</ele>
        <time>2025-08-22T14:51:31+00:00</time>
      </trkpt>
      <trkpt lat="45.33052" lon="6.06339">
        <ele>1646</ele>
        <time>2025-08-22T14:51:34+00:00</time>
      </trkpt>
      <trkpt lat="45.33049" lon="6.06327">
        <ele>1651</ele>
        <time>2025-08-22T14:51:37+00:00</time>
      </trkpt>
      <trkpt lat="45.33041" lon="6.06306">
        <ele>1652</ele>
        <time>2025-08-22T14:51:40+00:00</time>
      </trkpt>
      <trkpt lat="45.3303" lon="6.06284">
        <ele>1656</ele>
        <time>2025-08-22T14:51:43+00:00</time>
      </trkpt>
      <trkpt lat="45.33023" lon="6.06274">
        <ele>1657</ele>
        <time>2025-08-22T14:51:46+00:00</time>
      </trkpt>
      <trkpt lat="45.33002" lon="6.06257">
        <ele>1660</ele>
        <time>2025-08-22T14:51:49+00:00</time>
      </trkpt>
      <trkpt lat="45.32988" lon="6.06233">
        <ele>1664</ele>
        <time>2025-08-22T14:51:52+00:00</time>
      </trkpt>
      <trkpt lat="45.32975" lon="6.06216">
        <ele>1669</ele>
        <time>2025-08-22T14:51:55+00:00</time>
      </trkpt>
      <trkpt lat="45.32958" lon="6.06199">
        <ele>1673</ele>
        <time>2025-08-22T14:51:58+00:00</time>
      </trkpt>
      <trkpt lat="45.32933" lon="6.06175">
        <ele>1679</ele>
        <time>2025-08-22T14:52:01+00:00</time>
      </trkpt>
      <trkpt lat="45.32914" lon="6.0615">
        <ele>1682</ele>
        <time>2025-08-22T14:52:04+00:00</time>
      </trkpt>
      <trkpt lat="45.32891" lon="6.06122">
        <ele>1686</ele>
        <time>2025-08-22T14:52:07+00:00</time>
      </trkpt>
      <trkpt lat="45.32865" lon="6.061">
        <ele>1688</ele>
        <time>2025-08-22T14:52:10+00:00</time>
      </trkpt>
      <trkpt lat="45.32847" lon="6.06074">
        <ele>1690</ele>
        <time>2025-08-22T14:52:13+00:00</time>
      </trkpt>
      <trkpt lat="45.32826" lon="6.06044">
        <ele>1692</ele>
        <time>2025-08-22T14:52:16+00:00</time>
      </trkpt>
      <trkpt lat="45.32856" lon="6.06017">
        <ele>1693</ele>
        <time>2025-08-22T14:52:19+00:00</time>
      </trkpt>
      <trkpt lat="45.32862" lon="6.06004">
        <ele>1694</ele>
        <time>2025-08-22T14:52:22+00:00</time>
      </trkpt>
      <trkpt lat="45.32868" lon="6.05997">
        <ele>1695</ele>
        <time>2025-08-22T14:52:25+00:00</time>
      </trkpt>
      <trkpt lat="45.3287" lon="6.05988">
        <ele>1696</ele>
        <time>2025-08-22T14:52:28+00:00</time>
      </trkpt>
      <trkpt lat="45.32851" lon="6.05954">
        <ele>1696</ele>
        <time>2025-08-22T14:52:31+00:00</time>
      </trkpt>
      <trkpt lat="45.32845" lon="6.05947">
        <ele>1698</ele>
        <time>2025-08-22T14:52:34+00:00</time>
      </trkpt>
      <trkpt lat="45.32851" lon="6.05954">
        <ele>1696</ele>
        <time>2025-08-22T14:52:37+00:00</time>
      </trkpt>
      <trkpt lat="45.3287" lon="6.05988">
        <ele>1696</ele>
        <time>2025-08-22T14:52:40+00:00</time>
      </trkpt>
      <trkpt lat="45.32868" lon="6.05997">
        <ele>1695</ele>
        <time>2025-08-22T14:52:43+00:00</time>
      </trkpt>
      <trkpt lat="45.32862" lon="6.06004">
        <ele>1694</ele>
        <time>2025-08-22T14:52:46+00:00</time>
      </trkpt>
      <trkpt lat="45.32856" lon="6.06017">
        <ele>1693</ele>
        <time>2025-08-22T14:52:49+00:00</time>
      </trkpt>
      <trkpt lat="45.32826" lon="6.06044">
        <ele>1692</ele>
        <time>2025-08-22T14:52:52+00:00</time>
      </trkpt>
      <trkpt lat="45.32796" lon="6.06051">
        <ele>1692</ele>
        <time>2025-08-22T14:52:55+00:00</time>
      </trkpt>
      <trkpt lat="45.32777" lon="6.0606">
        <ele>1693</ele>
        <time>2025-08-22T14:52:58+00:00</time>
      </trkpt>
      <trkpt lat="45.32743" lon="6.06058">
        <ele>1694</ele>
        <time>2025-08-22T14:53:01+00:00</time>
      </trkpt>
      <trkpt lat="45.3273" lon="6.06053">
        <ele>1696</ele>
        <time>2025-08-22T14:53:04+00:00</time>
      </trkpt>
      <trkpt lat="45.32716" lon="6.06045">
        <ele>1698</ele>
        <time>2025-08-22T14:53:07+00:00</time>
      </trkpt>
      <trkpt lat="45.32708" lon="6.06038">
        <ele>1703</ele>
        <time>2025-08-22T14:53:10+00:00</time>
      </trkpt>
      <trkpt lat="45.32691" lon="6.06018">
        <ele>1703</ele>
        <time>2025-08-22T14:53:13+00:00</time>
      </trkpt>
      <trkpt lat="45.32678" lon="6.05999">
        <ele>1707</ele>
        <time>2025-08-22T14:53:16+00:00</time>
      </trkpt>
      <trkpt lat="45.3267" lon="6.0599">
        <ele>1704</ele>
        <time>2025-08-22T14:53:19+00:00</time>
      </trkpt>
      <trkpt lat="45.32655" lon="6.05981">
        <ele>1708</ele>
        <time>2025-08-22T14:53:22+00:00</time>
      </trkpt>
      <trkpt lat="45.32645" lon="6.0597">
        <ele>1704</ele>
        <time>2025-08-22T14:53:25+00:00</time>
      </trkpt>
      <trkpt lat="45.32628" lon="6.05957">
        <ele>1704</ele>
        <time>2025-08-22T14:53:28+00:00</time>
      </trkpt>
      <trkpt lat="45.32618" lon="6.0595">
        <ele>1702</ele>
        <time>2025-08-22T14:53:31+00:00</time>
      </trkpt>
      <trkpt lat="45.326" lon="6.05941">
        <ele>1701</ele>
        <time>2025-08-22T14:53:34+00:00</time>
      </trkpt>
      <trkpt lat="45.32582" lon="6.05933">
        <ele>1700</ele>
        <time>2025-08-22T14:53:37+00:00</time>
      </trkpt>
      <trkpt lat="45.32565" lon="6.05922">
        <ele>1701</ele>
        <time>2025-08-22T14:53:40+00:00</time>
      </trkpt>
      <trkpt lat="45.32544" lon="6.05909">
        <ele>1701</ele>
        <time>2025-08-22T14:53:43+00:00</time>
      </trkpt>
      <trkpt lat="45.32515" lon="6.05889">
        <ele>1703</ele>
        <time>2025-08-22T14:53:46+00:00</time>
      </trkpt>
      <trkpt lat="45.32497" lon="6.05866">
        <ele>1706</ele>
        <time>2025-08-22T14:53:49+00:00</time>
      </trkpt>
      <trkpt lat="45.3249" lon="6.05853">
        <ele>1706</ele>
        <time>2025-08-22T14:53:52+00:00</time>
      </trkpt>
      <trkpt lat="45.32479" lon="6.05843">
        <ele>1710</ele>
        <time>2025-08-22T14:53:55+00:00</time>
      </trkpt>
      <trkpt lat="45.32467" lon="6.0584">
        <ele>1712</ele>
        <time>2025-08-22T14:53:58+00:00</time>
      </trkpt>
      <trkpt lat="45.32455" lon="6.05842">
        <ele>1712</ele>
        <time>2025-08-22T14:54:01+00:00</time>
      </trkpt>
      <trkpt lat="45.32435" lon="6.05854">
        <ele>1712</ele>
        <time>2025-08-22T14:54:04+00:00</time>
      </trkpt>
      <trkpt lat="45.32424" lon="6.05859">
        <ele>1712</ele>
        <time>2025-08-22T14:54:07+00:00</time>
      </trkpt>
      <trkpt lat="45.32406" lon="6.05858">
        <ele>1711</ele>
        <time>2025-08-22T14:54:10+00:00</time>
      </trkpt>
      <trkpt lat="45.32388" lon="6.05854">
        <ele>1710</ele>
        <time>2025-08-22T14:54:13+00:00</time>
      </trkpt>
      <trkpt lat="45.32376" lon="6.05842">
        <ele>1709</ele>
        <time>2025-08-22T14:54:16+00:00</time>
      </trkpt>
      <trkpt lat="45.32365" lon="6.05836">
        <ele>1709</ele>
        <time>2025-08-22T14:54:19+00:00</time>
      </trkpt>
      <trkpt lat="45.32346" lon="6.05831">
        <ele>1706</ele>
        <time>2025-08-22T14:54:22+00:00</time>
      </trkpt>
      <trkpt lat="45.32314" lon="6.05807">
        <ele>1706</ele>
        <time>2025-08-22T14:54:25+00:00</time>
      </trkpt>
      <trkpt lat="45.32291" lon="6.058">
        <ele>1706</ele>
        <time>2025-08-22T14:54:28+00:00</time>
      </trkpt>
      <trkpt lat="45.32264" lon="6.05786">
        <ele>1708</ele>
        <time>2025-08-22T14:54:31+00:00</time>
      </trkpt>
      <trkpt lat="45.32259" lon="6.05788">
        <ele>1710</ele>
        <time>2025-08-22T14:54:34+00:00</time>
      </trkpt>
      <trkpt lat="45.32254" lon="6.05782">
        <ele>1710</ele>
        <time>2025-08-22T14:54:37+00:00</time>
      </trkpt>
      <trkpt lat="45.32248" lon="6.05779">
        <ele>1710</ele>
        <time>2025-08-22T14:54:40+00:00</time>
      </trkpt>
      <trkpt lat="45.32234" lon="6.05768">
        <ele>1712</ele>
        <time>2025-08-22T14:54:43+00:00</time>
      </trkpt>
      <trkpt lat="45.3221" lon="6.0576">
        <ele>1719</ele>
        <time>2025-08-22T14:54:46+00:00</time>
      </trkpt>
      <trkpt lat="45.32192" lon="6.05751">
        <ele>1719</ele>
        <time>2025-08-22T14:54:49+00:00</time>
      </trkpt>
      <trkpt lat="45.32187" lon="6.05744">
        <ele>1722</ele>
        <time>2025-08-22T14:54:52+00:00</time>
      </trkpt>
      <trkpt lat="45.32182" lon="6.05733">
        <ele>1722</ele>
        <time>2025-08-22T14:54:55+00:00</time>
      </trkpt>
      <trkpt lat="45.32177" lon="6.05728">
        <ele>1722</ele>
        <time>2025-08-22T14:54:58+00:00</time>
      </trkpt>
      <trkpt lat="45.32169" lon="6.05724">
        <ele>1724</ele>
        <time>2025-08-22T14:55:01+00:00</time>
      </trkpt>
      <trkpt lat="45.32165" lon="6.05724">
        <ele>1724</ele>
        <time>2025-08-22T14:55:04+00:00</time>
      </trkpt>
      <trkpt lat="45.32158" lon="6.05726">
        <ele>1726</ele>
        <time>2025-08-22T14:55:07+00:00</time>
      </trkpt>
      <trkpt lat="45.32155" lon="6.05726">
        <ele>1726</ele>
        <time>2025-08-22T14:55:10+00:00</time>
      </trkpt>
      <trkpt lat="45.32148" lon="6.05719">
        <ele>1726</ele>
        <time>2025-08-22T14:55:13+00:00</time>
      </trkpt>
      <trkpt lat="45.32143" lon="6.05717">
        <ele>1726</ele>
        <time>2025-08-22T14:55:16+00:00</time>
      </trkpt>
      <trkpt lat="45.32133" lon="6.05715">
        <ele>1726</ele>
        <time>2025-08-22T14:55:19+00:00</time>
      </trkpt>
      <trkpt lat="45.3213" lon="6.05713">
        <ele>1728</ele>
        <time>2025-08-22T14:55:22+00:00</time>
      </trkpt>
      <trkpt lat="45.32121" lon="6.05704">
        <ele>1725</ele>
        <time>2025-08-22T14:55:25+00:00</time>
      </trkpt>
      <trkpt lat="45.32115" lon="6.05705">
        <ele>1726</ele>
        <time>2025-08-22T14:55:28+00:00</time>
      </trkpt>
      <trkpt lat="45.32106" lon="6.05705">
        <ele>1728</ele>
        <time>2025-08-22T14:55:31+00:00</time>
      </trkpt>
      <trkpt lat="45.32102" lon="6.05706">
        <ele>1728</ele>
        <time>2025-08-22T14:55:34+00:00</time>
      </trkpt>
      <trkpt lat="45.32099" lon="6.05704">
        <ele>1728</ele>
        <time>2025-08-22T14:55:37+00:00</time>
      </trkpt>
      <trkpt lat="45.32075" lon="6.05693">
        <ele>1728</ele>
        <time>2025-08-22T14:55:40+00:00</time>
      </trkpt>
      <trkpt lat="45.32062" lon="6.05691">
        <ele>1731</ele>
        <time>2025-08-22T14:55:43+00:00</time>
      </trkpt>
      <trkpt lat="45.32041" lon="6.05679">
        <ele>1733</ele>
        <time>2025-08-22T14:55:46+00:00</time>
      </trkpt>
      <trkpt lat="45.32014" lon="6.05658">
        <ele>1739</ele>
        <time>2025-08-22T14:55:49+00:00</time>
      </trkpt>
      <trkpt lat="45.32003" lon="6.05647">
        <ele>1739</ele>
        <time>2025-08-22T14:55:52+00:00</time>
      </trkpt>
      <trkpt lat="45.31995" lon="6.05641">
        <ele>1739</ele>
        <time>2025-08-22T14:55:55+00:00</time>
      </trkpt>
      <trkpt lat="45.31985" lon="6.05637">
        <ele>1740</ele>
        <time>2025-08-22T14:55:58+00:00</time>
      </trkpt>
      <trkpt lat="45.31965" lon="6.05639">
        <ele>1739</ele>
        <time>2025-08-22T14:56:01+00:00</time>
      </trkpt>
      <trkpt lat="45.31944" lon="6.05642">
        <ele>1740</ele>
        <time>2025-08-22T14:56:04+00:00</time>
      </trkpt>
      <trkpt lat="45.31941" lon="6.05639">
        <ele>1740</ele>
        <time>2025-08-22T14:56:07+00:00</time>
      </trkpt>
      <trkpt lat="45.31918" lon="6.05636">
        <ele>1744</ele>
        <time>2025-08-22T14:56:10+00:00</time>
      </trkpt>
      <trkpt lat="45.31891" lon="6.05633">
        <ele>1748</ele>
        <time>2025-08-22T14:56:13+00:00</time>
      </trkpt>
      <trkpt lat="45.31879" lon="6.05627">
        <ele>1755</ele>
        <time>2025-08-22T14:56:16+00:00</time>
      </trkpt>
      <trkpt lat="45.31858" lon="6.05613">
        <ele>1761</ele>
        <time>2025-08-22T14:56:19+00:00</time>
      </trkpt>
      <trkpt lat="45.31851" lon="6.0561">
        <ele>1765</ele>
        <time>2025-08-22T14:56:22+00:00</time>
      </trkpt>
      <trkpt lat="45.31836" lon="6.05596">
        <ele>1767</ele>
        <time>2025-08-22T14:56:25+00:00</time>
      </trkpt>
      <trkpt lat="45.31827" lon="6.05586">
        <ele>1769</ele>
        <time>2025-08-22T14:56:28+00:00</time>
      </trkpt>
      <trkpt lat="45.31811" lon="6.05562">
        <ele>1769</ele>
        <time>2025-08-22T14:56:31+00:00</time>
      </trkpt>
      <trkpt lat="45.31791" lon="6.05553">
        <ele>1769</ele>
        <time>2025-08-22T14:56:34+00:00</time>
      </trkpt>
      <trkpt lat="45.31778" lon="6.05551">
        <ele>1767</ele>
        <time>2025-08-22T14:56:37+00:00</time>
      </trkpt>
      <trkpt lat="45.31772" lon="6.05549">
        <ele>1767</ele>
        <time>2025-08-22T14:56:40+00:00</time>
      </trkpt>
      <trkpt lat="45.31762" lon="6.05539">
        <ele>1768</ele>
        <time>2025-08-22T14:56:43+00:00</time>
      </trkpt>
      <trkpt lat="45.31752" lon="6.05527">
        <ele>1767</ele>
        <time>2025-08-22T14:56:46+00:00</time>
      </trkpt>
      <trkpt lat="45.31744" lon="6.05517">
        <ele>1764</ele>
        <time>2025-08-22T14:56:49+00:00</time>
      </trkpt>
      <trkpt lat="45.3174" lon="6.05509">
        <ele>1768</ele>
        <time>2025-08-22T14:56:52+00:00</time>
      </trkpt>
      <trkpt lat="45.31733" lon="6.05504">
        <ele>1766</ele>
        <time>2025-08-22T14:56:55+00:00</time>
      </trkpt>
      <trkpt lat="45.31731" lon="6.05504">
        <ele>1768</ele>
        <time>2025-08-22T14:56:58+00:00</time>
      </trkpt>
      <trkpt lat="45.31727" lon="6.055">
        <ele>1765</ele>
        <time>2025-08-22T14:57:01+00:00</time>
      </trkpt>
      <trkpt lat="45.3172" lon="6.05497">
        <ele>1765</ele>
        <time>2025-08-22T14:57:04+00:00</time>
      </trkpt>
      <trkpt lat="45.31713" lon="6.05496">
        <ele>1768</ele>
        <time>2025-08-22T14:57:07+00:00</time>
      </trkpt>
      <trkpt lat="45.31707" lon="6.0549">
        <ele>1766</ele>
        <time>2025-08-22T14:57:10+00:00</time>
      </trkpt>
      <trkpt lat="45.31701" lon="6.05481">
        <ele>1766</ele>
        <time>2025-08-22T14:57:13+00:00</time>
      </trkpt>
      <trkpt lat="45.31695" lon="6.05468">
        <ele>1770</ele>
        <time>2025-08-22T14:57:16+00:00</time>
      </trkpt>
      <trkpt lat="45.31689" lon="6.05458">
        <ele>1768</ele>
        <time>2025-08-22T14:57:19+00:00</time>
      </trkpt>
      <trkpt lat="45.31683" lon="6.0545">
        <ele>1771</ele>
        <time>2025-08-22T14:57:22+00:00</time>
      </trkpt>
      <trkpt lat="45.31666" lon="6.05432">
        <ele>1770</ele>
        <time>2025-08-22T14:57:25+00:00</time>
      </trkpt>
      <trkpt lat="45.31662" lon="6.05427">
        <ele>1771</ele>
        <time>2025-08-22T14:57:28+00:00</time>
      </trkpt>
      <trkpt lat="45.31659" lon="6.05418">
        <ele>1771</ele>
        <time>2025-08-22T14:57:31+00:00</time>
      </trkpt>
      <trkpt lat="45.3164" lon="6.05395">
        <ele>1770</ele>
        <time>2025-08-22T14:57:34+00:00</time>
      </trkpt>
      <trkpt lat="45.3164" lon="6.05394">
        <ele>1770</ele>
        <time>2025-08-22T14:57:37+00:00</time>
      </trkpt>
      <trkpt lat="45.31626" lon="6.05383">
        <ele>1769</ele>
        <time>2025-08-22T14:57:40+00:00</time>
      </trkpt>
      <trkpt lat="45.31614" lon="6.05375">
        <ele>1769</ele>
        <time>2025-08-22T14:57:43+00:00</time>
      </trkpt>
      <trkpt lat="45.3161" lon="6.05374">
        <ele>1772</ele>
        <time>2025-08-22T14:57:46+00:00</time>
      </trkpt>
      <trkpt lat="45.31604" lon="6.05371">
        <ele>1772</ele>
        <time>2025-08-22T14:57:49+00:00</time>
      </trkpt>
      <trkpt lat="45.31601" lon="6.05371">
        <ele>1772</ele>
        <time>2025-08-22T14:57:52+00:00</time>
      </trkpt>
      <trkpt lat="45.31595" lon="6.05367">
        <ele>1769</ele>
        <time>2025-08-22T14:57:55+00:00</time>
      </trkpt>
      <trkpt lat="45.31591" lon="6.05366">
        <ele>1769</ele>
        <time>2025-08-22T14:57:58+00:00</time>
      </trkpt>
      <trkpt lat="45.31583" lon="6.05368">
        <ele>1772</ele>
        <time>2025-08-22T14:58:01+00:00</time>
      </trkpt>
      <trkpt lat="45.31578" lon="6.05365">
        <ele>1772</ele>
        <time>2025-08-22T14:58:04+00:00</time>
      </trkpt>
      <trkpt lat="45.31568" lon="6.05354">
        <ele>1775</ele>
        <time>2025-08-22T14:58:07+00:00</time>
      </trkpt>
      <trkpt lat="45.31554" lon="6.05344">
        <ele>1776</ele>
        <time>2025-08-22T14:58:10+00:00</time>
      </trkpt>
      <trkpt lat="45.31543" lon="6.05339">
        <ele>1776</ele>
        <time>2025-08-22T14:58:13+00:00</time>
      </trkpt>
      <trkpt lat="45.31536" lon="6.05331">
        <ele>1779</ele>
        <time>2025-08-22T14:58:16+00:00</time>
      </trkpt>
      <trkpt lat="45.31517" lon="6.0532">
        <ele>1780</ele>
        <time>2025-08-22T14:58:19+00:00</time>
      </trkpt>
      <trkpt lat="45.31476" lon="6.05294">
        <ele>1787</ele>
        <time>2025-08-22T14:58:22+00:00</time>
      </trkpt>
      <trkpt lat="45.31464" lon="6.05291">
        <ele>1792</ele>
        <time>2025-08-22T14:58:25+00:00</time>
      </trkpt>
      <trkpt lat="45.31444" lon="6.05272">
        <ele>1794</ele>
        <time>2025-08-22T14:58:28+00:00</time>
      </trkpt>
      <trkpt lat="45.31432" lon="6.05264">
        <ele>1795</ele>
        <time>2025-08-22T14:58:31+00:00</time>
      </trkpt>
      <trkpt lat="45.31417" lon="6.0525">
        <ele>1797</ele>
        <time>2025-08-22T14:58:34+00:00</time>
      </trkpt>
      <trkpt lat="45.31402" lon="6.05235">
        <ele>1797</ele>
        <time>2025-08-22T14:58:37+00:00</time>
      </trkpt>
      <trkpt lat="45.31389" lon="6.05219">
        <ele>1800</ele>
        <time>2025-08-22T14:58:40+00:00</time>
      </trkpt>
      <trkpt lat="45.31373" lon="6.052">
        <ele>1801</ele>
        <time>2025-08-22T14:58:43+00:00</time>
      </trkpt>
      <trkpt lat="45.31358" lon="6.05191">
        <ele>1806</ele>
        <time>2025-08-22T14:58:46+00:00</time>
      </trkpt>
      <trkpt lat="45.31334" lon="6.0518">
        <ele>1806</ele>
        <time>2025-08-22T14:58:49+00:00</time>
      </trkpt>
      <trkpt lat="45.31316" lon="6.0517">
        <ele>1807</ele>
        <time>2025-08-22T14:58:52+00:00</time>
      </trkpt>
      <trkpt lat="45.31286" lon="6.05145">
        <ele>1809</ele>
        <time>2025-08-22T14:58:55+00:00</time>
      </trkpt>
      <trkpt lat="45.31267" lon="6.05128">
        <ele>1809</ele>
        <time>2025-08-22T14:58:58+00:00</time>
      </trkpt>
      <trkpt lat="45.31246" lon="6.05119">
        <ele>1813</ele>
        <time>2025-08-22T14:59:01+00:00</time>
      </trkpt>
      <trkpt lat="45.31223" lon="6.05107">
        <ele>1813</ele>
        <time>2025-08-22T14:59:04+00:00</time>
      </trkpt>
      <trkpt lat="45.31197" lon="6.05094">
        <ele>1814</ele>
        <time>2025-08-22T14:59:07+00:00</time>
      </trkpt>
      <trkpt lat="45.31186" lon="6.05103">
        <ele>1814</ele>
        <time>2025-08-22T14:59:10+00:00</time>
      </trkpt>
      <trkpt lat="45.3117" lon="6.05095">
        <ele>1815</ele>
        <time>2025-08-22T14:59:13+00:00</time>
      </trkpt>
      <trkpt lat="45.31153" lon="6.05087">
        <ele>1815</ele>
        <time>2025-08-22T14:59:16+00:00</time>
      </trkpt>
      <trkpt lat="45.31137" lon="6.05078">
        <ele>1815</ele>
        <time>2025-08-22T14:59:19+00:00</time>
      </trkpt>
      <trkpt lat="45.3112" lon="6.05067">
        <ele>1816</ele>
        <time>2025-08-22T14:59:22+00:00</time>
      </trkpt>
      <trkpt lat="45.31084" lon="6.05069">
        <ele>1820</ele>
        <time>2025-08-22T14:59:25+00:00</time>
      </trkpt>
      <trkpt lat="45.3104" lon="6.0505">
        <ele>1820</ele>
        <time>2025-08-22T14:59:28+00:00</time>
      </trkpt>
      <trkpt lat="45.31009" lon="6.05039">
        <ele>1821</ele>
        <time>2025-08-22T14:59:31+00:00</time>
      </trkpt>
      <trkpt lat="45.30996" lon="6.05041">
        <ele>1825</ele>
        <time>2025-08-22T14:59:34+00:00</time>
      </trkpt>
      <trkpt lat="45.30985" lon="6.0505">
        <ele>1824</ele>
        <time>2025-08-22T14:59:37+00:00</time>
      </trkpt>
      <trkpt lat="45.30975" lon="6.05063">
        <ele>1827</ele>
        <time>2025-08-22T14:59:40+00:00</time>
      </trkpt>
      <trkpt lat="45.30963" lon="6.05077">
        <ele>1826</ele>
        <time>2025-08-22T14:59:43+00:00</time>
      </trkpt>
      <trkpt lat="45.3095" lon="6.05084">
        <ele>1828</ele>
        <time>2025-08-22T14:59:46+00:00</time>
      </trkpt>
      <trkpt lat="45.30923" lon="6.05104">
        <ele>1829</ele>
        <time>2025-08-22T14:59:49+00:00</time>
      </trkpt>
      <trkpt lat="45.30907" lon="6.05108">
        <ele>1830</ele>
        <time>2025-08-22T14:59:52+00:00</time>
      </trkpt>
      <trkpt lat="45.30876" lon="6.05105">
        <ele>1834</ele>
        <time>2025-08-22T14:59:55+00:00</time>
      </trkpt>
      <trkpt lat="45.30852" lon="6.05088">
        <ele>1836</ele>
        <time>2025-08-22T14:59:58+00:00</time>
      </trkpt>
      <trkpt lat="45.30819" lon="6.05066">
        <ele>1846</ele>
        <time>2025-08-22T15:00:01+00:00</time>
      </trkpt>
      <trkpt lat="45.30792" lon="6.05067">
        <ele>1850</ele>
        <time>2025-08-22T15:00:04+00:00</time>
      </trkpt>
      <trkpt lat="45.30757" lon="6.0507">
        <ele>1859</ele>
        <time>2025-08-22T15:00:07+00:00</time>
      </trkpt>
      <trkpt lat="45.30726" lon="6.05064">
        <ele>1869</ele>
        <time>2025-08-22T15:00:10+00:00</time>
      </trkpt>
      <trkpt lat="45.30699" lon="6.05059">
        <ele>1873</ele>
        <time>2025-08-22T15:00:13+00:00</time>
      </trkpt>
      <trkpt lat="45.30665" lon="6.05052">
        <ele>1877</ele>
        <time>2025-08-22T15:00:16+00:00</time>
      </trkpt>
      <trkpt lat="45.30657" lon="6.05056">
        <ele>1881</ele>
        <time>2025-08-22T15:00:19+00:00</time>
      </trkpt>
      <trkpt lat="45.30634" lon="6.05054">
        <ele>1886</ele>
        <time>2025-08-22T15:00:22+00:00</time>
      </trkpt>
      <trkpt lat="45.30608" lon="6.05058">
        <ele>1894</ele>
        <time>2025-08-22T15:00:25+00:00</time>
      </trkpt>
      <trkpt lat="45.30584" lon="6.05056">
        <ele>1898</ele>
        <time>2025-08-22T15:00:28+00:00</time>
      </trkpt>
      <trkpt lat="45.30568" lon="6.05051">
        <ele>1901</ele>
        <time>2025-08-22T15:00:31+00:00</time>
      </trkpt>
      <trkpt lat="45.30546" lon="6.0504">
        <ele>1901</ele>
        <time>2025-08-22T15:00:34+00:00</time>
      </trkpt>
      <trkpt lat="45.30511" lon="6.05021">
        <ele>1903</ele>
        <time>2025-08-22T15:00:37+00:00</time>
      </trkpt>
      <trkpt lat="45.30488" lon="6.04998">
        <ele>1908</ele>
        <time>2025-08-22T15:00:40+00:00</time>
      </trkpt>
      <trkpt lat="45.30463" lon="6.04984">
        <ele>1910</ele>
        <time>2025-08-22T15:00:43+00:00</time>
      </trkpt>
      <trkpt lat="45.30454" lon="6.04986">
        <ele>1913</ele>
        <time>2025-08-22T15:00:46+00:00</time>
      </trkpt>
      <trkpt lat="45.3042" lon="6.04973">
        <ele>1910</ele>
        <time>2025-08-22T15:00:49+00:00</time>
      </trkpt>
      <trkpt lat="45.30419" lon="6.04955">
        <ele>1913</ele>
        <time>2025-08-22T15:00:52+00:00</time>
      </trkpt>
      <trkpt lat="45.30403" lon="6.04938">
        <ele>1910</ele>
        <time>2025-08-22T15:00:55+00:00</time>
      </trkpt>
      <trkpt lat="45.30389" lon="6.04914">
        <ele>1910</ele>
        <time>2025-08-22T15:00:58+00:00</time>
      </trkpt>
      <trkpt lat="45.30387" lon="6.04904">
        <ele>1910</ele>
        <time>2025-08-22T15:01:01+00:00</time>
      </trkpt>
      <trkpt lat="45.3038" lon="6.04898">
        <ele>1910</ele>
        <time>2025-08-22T15:01:04+00:00</time>
      </trkpt>
      <trkpt lat="45.30372" lon="6.04898">
        <ele>1910</ele>
        <time>2025-08-22T15:01:07+00:00</time>
      </trkpt>
      <trkpt lat="45.30366" lon="6.04892">
        <ele>1909</ele>
        <time>2025-08-22T15:01:10+00:00</time>
      </trkpt>
      <trkpt lat="45.30348" lon="6.04867">
        <ele>1908</ele>
        <time>2025-08-22T15:01:13+00:00</time>
      </trkpt>
      <trkpt lat="45.30322" lon="6.04832">
        <ele>1907</ele>
        <time>2025-08-22T15:01:16+00:00</time>
      </trkpt>
      <trkpt lat="45.303" lon="6.04819">
        <ele>1907</ele>
        <time>2025-08-22T15:01:19+00:00</time>
      </trkpt>
      <trkpt lat="45.30278" lon="6.04805">
        <ele>1907</ele>
        <time>2025-08-22T15:01:22+00:00</time>
      </trkpt>
      <trkpt lat="45.30256" lon="6.04791">
        <ele>1907</ele>
        <time>2025-08-22T15:01:25+00:00</time>
      </trkpt>
      <trkpt lat="45.30231" lon="6.0478">
        <ele>1904</ele>
        <time>2025-08-22T15:01:28+00:00</time>
      </trkpt>
      <trkpt lat="45.30203" lon="6.04755">
        <ele>1904</ele>
        <time>2025-08-22T15:01:31+00:00</time>
      </trkpt>
      <trkpt lat="45.30176" lon="6.04731">
        <ele>1897</ele>
        <time>2025-08-22T15:01:34+00:00</time>
      </trkpt>
      <trkpt lat="45.30143" lon="6.04702">
        <ele>1896</ele>
        <time>2025-08-22T15:01:37+00:00</time>
      </trkpt>
      <trkpt lat="45.30105" lon="6.04686">
        <ele>1896</ele>
        <time>2025-08-22T15:01:40+00:00</time>
      </trkpt>
      <trkpt lat="45.30065" lon="6.04666">
        <ele>1896</ele>
        <time>2025-08-22T15:01:43+00:00</time>
      </trkpt>
      <trkpt lat="45.3005" lon="6.04654">
        <ele>1895</ele>
        <time>2025-08-22T15:01:46+00:00</time>
      </trkpt>
      <trkpt lat="45.30037" lon="6.04643">
        <ele>1895</ele>
        <time>2025-08-22T15:01:49+00:00</time>
      </trkpt>
      <trkpt lat="45.30024" lon="6.04631">
        <ele>1893</ele>
        <time>2025-08-22T15:01:52+00:00</time>
      </trkpt>
      <trkpt lat="45.30006" lon="6.04611">
        <ele>1892</ele>
        <time>2025-08-22T15:01:55+00:00</time>
      </trkpt>
      <trkpt lat="45.29988" lon="6.04588">
        <ele>1889</ele>
        <time>2025-08-22T15:01:58+00:00</time>
      </trkpt>
      <trkpt lat="45.29964" lon="6.04563">
        <ele>1889</ele>
        <time>2025-08-22T15:02:01+00:00</time>
      </trkpt>
      <trkpt lat="45.29944" lon="6.04543">
        <ele>1888</ele>
        <time>2025-08-22T15:02:04+00:00</time>
      </trkpt>
      <trkpt lat="45.29921" lon="6.0452">
        <ele>1887</ele>
        <time>2025-08-22T15:02:07+00:00</time>
      </trkpt>
      <trkpt lat="45.29906" lon="6.04527">
        <ele>1883</ele>
        <time>2025-08-22T15:02:10+00:00</time>
      </trkpt>
      <trkpt lat="45.29902" lon="6.04527">
        <ele>1883</ele>
        <time>2025-08-22T15:02:13+00:00</time>
      </trkpt>
      <trkpt lat="45.29895" lon="6.04523">
        <ele>1883</ele>
        <time>2025-08-22T15:02:16+00:00</time>
      </trkpt>
      <trkpt lat="45.29893" lon="6.0452">
        <ele>1883</ele>
        <time>2025-08-22T15:02:19+00:00</time>
      </trkpt>
      <trkpt lat="45.2989" lon="6.04518">
        <ele>1877</ele>
        <time>2025-08-22T15:02:22+00:00</time>
      </trkpt>
      <trkpt lat="45.29875" lon="6.04512">
        <ele>1877</ele>
        <time>2025-08-22T15:02:25+00:00</time>
      </trkpt>
      <trkpt lat="45.29865" lon="6.04507">
        <ele>1878</ele>
        <time>2025-08-22T15:02:28+00:00</time>
      </trkpt>
      <trkpt lat="45.29854" lon="6.045">
        <ele>1875</ele>
        <time>2025-08-22T15:02:31+00:00</time>
      </trkpt>
      <trkpt lat="45.29844" lon="6.04491">
        <ele>1871</ele>
        <time>2025-08-22T15:02:34+00:00</time>
      </trkpt>
      <trkpt lat="45.2984" lon="6.04489">
        <ele>1873</ele>
        <time>2025-08-22T15:02:37+00:00</time>
      </trkpt>
      <trkpt lat="45.29833" lon="6.04484">
        <ele>1875</ele>
        <time>2025-08-22T15:02:40+00:00</time>
      </trkpt>
      <trkpt lat="45.29831" lon="6.04481">
        <ele>1873</ele>
        <time>2025-08-22T15:02:43+00:00</time>
      </trkpt>
      <trkpt lat="45.29828" lon="6.04478">
        <ele>1880</ele>
        <time>2025-08-22T15:02:46+00:00</time>
      </trkpt>
      <trkpt lat="45.29815" lon="6.04471">
        <ele>1875</ele>
        <time>2025-08-22T15:02:49+00:00</time>
      </trkpt>
      <trkpt lat="45.29806" lon="6.0446">
        <ele>1877</ele>
        <time>2025-08-22T15:02:52+00:00</time>
      </trkpt>
      <trkpt lat="45.29792" lon="6.0445">
        <ele>1877</ele>
        <time>2025-08-22T15:02:55+00:00</time>
      </trkpt>
      <trkpt lat="45.29788" lon="6.04448">
        <ele>1876</ele>
        <time>2025-08-22T15:02:58+00:00</time>
      </trkpt>
      <trkpt lat="45.29783" lon="6.04448">
        <ele>1876</ele>
        <time>2025-08-22T15:03:01+00:00</time>
      </trkpt>
      <trkpt lat="45.29772" lon="6.0444">
        <ele>1877</ele>
        <time>2025-08-22T15:03:04+00:00</time>
      </trkpt>
      <trkpt lat="45.29758" lon="6.04436">
        <ele>1875</ele>
        <time>2025-08-22T15:03:07+00:00</time>
      </trkpt>
      <trkpt lat="45.29736" lon="6.04437">
        <ele>1875</ele>
        <time>2025-08-22T15:03:10+00:00</time>
      </trkpt>
      <trkpt lat="45.29709" lon="6.04425">
        <ele>1875</ele>
        <time>2025-08-22T15:03:13+00:00</time>
      </trkpt>
      <trkpt lat="45.29697" lon="6.04418">
        <ele>1874</ele>
        <time>2025-08-22T15:03:16+00:00</time>
      </trkpt>
      <trkpt lat="45.29679" lon="6.0441">
        <ele>1871</ele>
        <time>2025-08-22T15:03:19+00:00</time>
      </trkpt>
      <trkpt lat="45.29649" lon="6.04391">
        <ele>1866</ele>
        <time>2025-08-22T15:03:22+00:00</time>
      </trkpt>
      <trkpt lat="45.29625" lon="6.04373">
        <ele>1864</ele>
        <time>2025-08-22T15:03:25+00:00</time>
      </trkpt>
      <trkpt lat="45.29593" lon="6.04349">
        <ele>1860</ele>
        <time>2025-08-22T15:03:28+00:00</time>
      </trkpt>
      <trkpt lat="45.29583" lon="6.04343">
        <ele>1860</ele>
        <time>2025-08-22T15:03:31+00:00</time>
      </trkpt>
      <trkpt lat="45.29572" lon="6.04333">
        <ele>1858</ele>
        <time>2025-08-22T15:03:34+00:00</time>
      </trkpt>
      <trkpt lat="45.29559" lon="6.04318">
        <ele>1857</ele>
        <time>2025-08-22T15:03:37+00:00</time>
      </trkpt>
      <trkpt lat="45.29541" lon="6.04291">
        <ele>1856</ele>
        <time>2025-08-22T15:03:40+00:00</time>
      </trkpt>
      <trkpt lat="45.29528" lon="6.04276">
        <ele>1855</ele>
        <time>2025-08-22T15:03:43+00:00</time>
      </trkpt>
      <trkpt lat="45.29521" lon="6.04271">
        <ele>1855</ele>
        <time>2025-08-22T15:03:46+00:00</time>
      </trkpt>
      <trkpt lat="45.29508" lon="6.0426">
        <ele>1854</ele>
        <time>2025-08-22T15:03:49+00:00</time>
      </trkpt>
      <trkpt lat="45.29493" lon="6.04244">
        <ele>1851</ele>
        <time>2025-08-22T15:03:52+00:00</time>
      </trkpt>
      <trkpt lat="45.2948" lon="6.04236">
        <ele>1850</ele>
        <time>2025-08-22T15:03:55+00:00</time>
      </trkpt>
      <trkpt lat="45.29468" lon="6.04225">
        <ele>1850</ele>
        <time>2025-08-22T15:03:58+00:00</time>
      </trkpt>
      <trkpt lat="45.29462" lon="6.04215">
        <ele>1852</ele>
        <time>2025-08-22T15:04:01+00:00</time>
      </trkpt>
      <trkpt lat="45.29457" lon="6.04203">
        <ele>1848</ele>
        <time>2025-08-22T15:04:04+00:00</time>
      </trkpt>
      <trkpt lat="45.29449" lon="6.04194">
        <ele>1850</ele>
        <time>2025-08-22T15:04:07+00:00</time>
      </trkpt>
      <trkpt lat="45.29438" lon="6.04182">
        <ele>1848</ele>
        <time>2025-08-22T15:04:10+00:00</time>
      </trkpt>
      <trkpt lat="45.29413" lon="6.04166">
        <ele>1848</ele>
        <time>2025-08-22T15:04:13+00:00</time>
      </trkpt>
      <trkpt lat="45.29405" lon="6.04157">
        <ele>1846</ele>
        <time>2025-08-22T15:04:16+00:00</time>
      </trkpt>
      <trkpt lat="45.29403" lon="6.04151">
        <ele>1846</ele>
        <time>2025-08-22T15:04:19+00:00</time>
      </trkpt>
      <trkpt lat="45.29397" lon="6.04146">
        <ele>1848</ele>
        <time>2025-08-22T15:04:22+00:00</time>
      </trkpt>
      <trkpt lat="45.29394" lon="6.04147">
        <ele>1848</ele>
        <time>2025-08-22T15:04:25+00:00</time>
      </trkpt>
      <trkpt lat="45.2939" lon="6.0415">
        <ele>1847</ele>
        <time>2025-08-22T15:04:28+00:00</time>
      </trkpt>
      <trkpt lat="45.29381" lon="6.04146">
        <ele>1847</ele>
        <time>2025-08-22T15:04:31+00:00</time>
      </trkpt>
      <trkpt lat="45.29376" lon="6.04145">
        <ele>1847</ele>
        <time>2025-08-22T15:04:34+00:00</time>
      </trkpt>
      <trkpt lat="45.29367" lon="6.04138">
        <ele>1845</ele>
        <time>2025-08-22T15:04:37+00:00</time>
      </trkpt>
      <trkpt lat="45.29347" lon="6.04128">
        <ele>1847</ele>
        <time>2025-08-22T15:04:40+00:00</time>
      </trkpt>
      <trkpt lat="45.2934" lon="6.04126">
        <ele>1843</ele>
        <time>2025-08-22T15:04:43+00:00</time>
      </trkpt>
      <trkpt lat="45.29334" lon="6.04122">
        <ele>1843</ele>
        <time>2025-08-22T15:04:46+00:00</time>
      </trkpt>
      <trkpt lat="45.29322" lon="6.04118">
        <ele>1847</ele>
        <time>2025-08-22T15:04:49+00:00</time>
      </trkpt>
      <trkpt lat="45.29318" lon="6.04115">
        <ele>1849</ele>
        <time>2025-08-22T15:04:52+00:00</time>
      </trkpt>
      <trkpt lat="45.29305" lon="6.04111">
        <ele>1847</ele>
        <time>2025-08-22T15:04:55+00:00</time>
      </trkpt>
      <trkpt lat="45.29297" lon="6.04104">
        <ele>1847</ele>
        <time>2025-08-22T15:04:58+00:00</time>
      </trkpt>
      <trkpt lat="45.29295" lon="6.04105">
        <ele>1847</ele>
        <time>2025-08-22T15:05:01+00:00</time>
      </trkpt>
      <trkpt lat="45.29291" lon="6.04104">
        <ele>1847</ele>
        <time>2025-08-22T15:05:04+00:00</time>
      </trkpt>
      <trkpt lat="45.29286" lon="6.04096">
        <ele>1848</ele>
        <time>2025-08-22T15:05:07+00:00</time>
      </trkpt>
      <trkpt lat="45.2927" lon="6.0408">
        <ele>1847</ele>
        <time>2025-08-22T15:05:10+00:00</time>
      </trkpt>
      <trkpt lat="45.29261" lon="6.04076">
        <ele>1847</ele>
        <time>2025-08-22T15:05:13+00:00</time>
      </trkpt>
      <trkpt lat="45.29247" lon="6.04074">
        <ele>1849</ele>
        <time>2025-08-22T15:05:16+00:00</time>
      </trkpt>
      <trkpt lat="45.29223" lon="6.04066">
        <ele>1852</ele>
        <time>2025-08-22T15:05:19+00:00</time>
      </trkpt>
      <trkpt lat="45.29191" lon="6.04049">
        <ele>1852</ele>
        <time>2025-08-22T15:05:22+00:00</time>
      </trkpt>
      <trkpt lat="45.29164" lon="6.04028">
        <ele>1847</ele>
        <time>2025-08-22T15:05:25+00:00</time>
      </trkpt>
      <trkpt lat="45.29118" lon="6.04031">
        <ele>1845</ele>
        <time>2025-08-22T15:05:28+00:00</time>
      </trkpt>
      <trkpt lat="45.29111" lon="6.04034">
        <ele>1842</ele>
        <time>2025-08-22T15:05:31+00:00</time>
      </trkpt>
      <trkpt lat="45.29084" lon="6.04055">
        <ele>1843</ele>
        <time>2025-08-22T15:05:34+00:00</time>
      </trkpt>
      <trkpt lat="45.29052" lon="6.04064">
        <ele>1843</ele>
        <time>2025-08-22T15:05:37+00:00</time>
      </trkpt>
      <trkpt lat="45.29041" lon="6.04064">
        <ele>1843</ele>
        <time>2025-08-22T15:05:40+00:00</time>
      </trkpt>
      <trkpt lat="45.29013" lon="6.04054">
        <ele>1843</ele>
        <time>2025-08-22T15:05:43+00:00</time>
      </trkpt>
      <trkpt lat="45.28985" lon="6.04045">
        <ele>1843</ele>
        <time>2025-08-22T15:05:46+00:00</time>
      </trkpt>
      <trkpt lat="45.28953" lon="6.04034">
        <ele>1845</ele>
        <time>2025-08-22T15:05:49+00:00</time>
      </trkpt>
      <trkpt lat="45.28924" lon="6.04022">
        <ele>1846</ele>
        <time>2025-08-22T15:05:52+00:00</time>
      </trkpt>
      <trkpt lat="45.28902" lon="6.04011">
        <ele>1847</ele>
        <time>2025-08-22T15:05:55+00:00</time>
      </trkpt>
      <trkpt lat="45.28877" lon="6.04006">
        <ele>1847</ele>
        <time>2025-08-22T15:05:58+00:00</time>
      </trkpt>
      <trkpt lat="45.28849" lon="6.04002">
        <ele>1846</ele>
        <time>2025-08-22T15:06:01+00:00</time>
      </trkpt>
      <trkpt lat="45.28816" lon="6.03992">
        <ele>1843</ele>
        <time>2025-08-22T15:06:04+00:00</time>
      </trkpt>
      <trkpt lat="45.28782" lon="6.03983">
        <ele>1842</ele>
        <time>2025-08-22T15:06:07+00:00</time>
      </trkpt>
      <trkpt lat="45.28757" lon="6.0398">
        <ele>1841</ele>
        <time>2025-08-22T15:06:10+00:00</time>
      </trkpt>
      <trkpt lat="45.28729" lon="6.03977">
        <ele>1841</ele>
        <time>2025-08-22T15:06:13+00:00</time>
      </trkpt>
      <trkpt lat="45.28708" lon="6.03972">
        <ele>1841</ele>
        <time>2025-08-22T15:06:16+00:00</time>
      </trkpt>
      <trkpt lat="45.28682" lon="6.03962">
        <ele>1841</ele>
        <time>2025-08-22T15:06:19+00:00</time>
      </trkpt>
      <trkpt lat="45.28662" lon="6.03959">
        <ele>1839</ele>
        <time>2025-08-22T15:06:22+00:00</time>
      </trkpt>
      <trkpt lat="45.28629" lon="6.03945">
        <ele>1838</ele>
        <time>2025-08-22T15:06:25+00:00</time>
      </trkpt>
      <trkpt lat="45.28596" lon="6.03941">
        <ele>1837</ele>
        <time>2025-08-22T15:06:28+00:00</time>
      </trkpt>
      <trkpt lat="45.28581" lon="6.0394">
        <ele>1834</ele>
        <time>2025-08-22T15:06:31+00:00</time>
      </trkpt>
      <trkpt lat="45.28567" lon="6.03945">
        <ele>1835</ele>
        <time>2025-08-22T15:06:34+00:00</time>
      </trkpt>
      <trkpt lat="45.28553" lon="6.03948">
        <ele>1835</ele>
        <time>2025-08-22T15:06:37+00:00</time>
      </trkpt>
      <trkpt lat="45.28523" lon="6.03952">
        <ele>1833</ele>
        <time>2025-08-22T15:06:40+00:00</time>
      </trkpt>
      <trkpt lat="45.28493" lon="6.03956">
        <ele>1829</ele>
        <time>2025-08-22T15:06:43+00:00</time>
      </trkpt>
      <trkpt lat="45.28469" lon="6.03959">
        <ele>1825</ele>
        <time>2025-08-22T15:06:46+00:00</time>
      </trkpt>
      <trkpt lat="45.28445" lon="6.03962">
        <ele>1823</ele>
        <time>2025-08-22T15:06:49+00:00</time>
      </trkpt>
      <trkpt lat="45.28416" lon="6.03992">
        <ele>1819</ele>
        <time>2025-08-22T15:06:52+00:00</time>
      </trkpt>
      <trkpt lat="45.28405" lon="6.04015">
        <ele>1814</ele>
        <time>2025-08-22T15:06:55+00:00</time>
      </trkpt>
      <trkpt lat="45.28393" lon="6.04035">
        <ele>1810</ele>
        <time>2025-08-22T15:06:58+00:00</time>
      </trkpt>
      <trkpt lat="45.28373" lon="6.04049">
        <ele>1806</ele>
        <time>2025-08-22T15:07:01+00:00</time>
      </trkpt>
      <trkpt lat="45.28342" lon="6.04071">
        <ele>1802</ele>
        <time>2025-08-22T15:07:04+00:00</time>
      </trkpt>
      <trkpt lat="45.28315" lon="6.04077">
        <ele>1800</ele>
        <time>2025-08-22T15:07:07+00:00</time>
      </trkpt>
      <trkpt lat="45.28277" lon="6.04085">
        <ele>1799</ele>
        <time>2025-08-22T15:07:10+00:00</time>
      </trkpt>
      <trkpt lat="45.28285" lon="6.04116">
        <ele>1797</ele>
        <time>2025-08-22T15:07:13+00:00</time>
      </trkpt>
      <trkpt lat="45.28313" lon="6.04143">
        <ele>1792</ele>
        <time>2025-08-22T15:07:16+00:00</time>
      </trkpt>
      <trkpt lat="45.28343" lon="6.04163">
        <ele>1790</ele>
        <time>2025-08-22T15:07:19+00:00</time>
      </trkpt>
      <trkpt lat="45.28371" lon="6.04171">
        <ele>1785</ele>
        <time>2025-08-22T15:07:22+00:00</time>
      </trkpt>
      <trkpt lat="45.28411" lon="6.04182">
        <ele>1779</ele>
        <time>2025-08-22T15:07:25+00:00</time>
      </trkpt>
      <trkpt lat="45.28435" lon="6.04183">
        <ele>1777</ele>
        <time>2025-08-22T15:07:28+00:00</time>
      </trkpt>
      <trkpt lat="45.28459" lon="6.04185">
        <ele>1777</ele>
        <time>2025-08-22T15:07:31+00:00</time>
      </trkpt>
      <trkpt lat="45.28498" lon="6.042">
        <ele>1777</ele>
        <time>2025-08-22T15:07:34+00:00</time>
      </trkpt>
      <trkpt lat="45.28508" lon="6.04206">
        <ele>1774</ele>
        <time>2025-08-22T15:07:37+00:00</time>
      </trkpt>
      <trkpt lat="45.28524" lon="6.04228">
        <ele>1772</ele>
        <time>2025-08-22T15:07:40+00:00</time>
      </trkpt>
      <trkpt lat="45.28544" lon="6.04256">
        <ele>1765</ele>
        <time>2025-08-22T15:07:43+00:00</time>
      </trkpt>
      <trkpt lat="45.28561" lon="6.04287">
        <ele>1765</ele>
        <time>2025-08-22T15:07:46+00:00</time>
      </trkpt>
      <trkpt lat="45.28583" lon="6.04317">
        <ele>1759</ele>
        <time>2025-08-22T15:07:49+00:00</time>
      </trkpt>
      <trkpt lat="45.28601" lon="6.04343">
        <ele>1756</ele>
        <time>2025-08-22T15:07:52+00:00</time>
      </trkpt>
      <trkpt lat="45.28623" lon="6.04374">
        <ele>1749</ele>
        <time>2025-08-22T15:07:55+00:00</time>
      </trkpt>
      <trkpt lat="45.28637" lon="6.04392">
        <ele>1744</ele>
        <time>2025-08-22T15:07:58+00:00</time>
      </trkpt>
      <trkpt lat="45.28651" lon="6.04402">
        <ele>1747</ele>
        <time>2025-08-22T15:08:01+00:00</time>
      </trkpt>
      <trkpt lat="45.28666" lon="6.04412">
        <ele>1744</ele>
        <time>2025-08-22T15:08:04+00:00</time>
      </trkpt>
      <trkpt lat="45.28682" lon="6.04418">
        <ele>1744</ele>
        <time>2025-08-22T15:08:07+00:00</time>
      </trkpt>
      <trkpt lat="45.28695" lon="6.04433">
        <ele>1742</ele>
        <time>2025-08-22T15:08:10+00:00</time>
      </trkpt>
      <trkpt lat="45.28712" lon="6.04447">
        <ele>1741</ele>
        <time>2025-08-22T15:08:13+00:00</time>
      </trkpt>
      <trkpt lat="45.28733" lon="6.04464">
        <ele>1740</ele>
        <time>2025-08-22T15:08:16+00:00</time>
      </trkpt>
      <trkpt lat="45.28766" lon="6.04473">
        <ele>1738</ele>
        <time>2025-08-22T15:08:19+00:00</time>
      </trkpt>
      <trkpt lat="45.28769" lon="6.04485">
        <ele>1736</ele>
        <time>2025-08-22T15:08:22+00:00</time>
      </trkpt>
      <trkpt lat="45.28779" lon="6.04499">
        <ele>1735</ele>
        <time>2025-08-22T15:08:25+00:00</time>
      </trkpt>
      <trkpt lat="45.28787" lon="6.04524">
        <ele>1730</ele>
        <time>2025-08-22T15:08:28+00:00</time>
      </trkpt>
      <trkpt lat="45.2879" lon="6.04539">
        <ele>1726</ele>
        <time>2025-08-22T15:08:31+00:00</time>
      </trkpt>
      <trkpt lat="45.28795" lon="6.04552">
        <ele>1720</ele>
        <time>2025-08-22T15:08:34+00:00</time>
      </trkpt>
      <trkpt lat="45.28817" lon="6.04586">
        <ele>1710</ele>
        <time>2025-08-22T15:08:37+00:00</time>
      </trkpt>
      <trkpt lat="45.28819" lon="6.04613">
        <ele>1701</ele>
        <time>2025-08-22T15:08:40+00:00</time>
      </trkpt>
      <trkpt lat="45.28835" lon="6.04634">
        <ele>1698</ele>
        <time>2025-08-22T15:08:43+00:00</time>
      </trkpt>
      <trkpt lat="45.28844" lon="6.04654">
        <ele>1696</ele>
        <time>2025-08-22T15:08:46+00:00</time>
      </trkpt>
      <trkpt lat="45.28855" lon="6.04673">
        <ele>1691</ele>
        <time>2025-08-22T15:08:49+00:00</time>
      </trkpt>
      <trkpt lat="45.28867" lon="6.04681">
        <ele>1689</ele>
        <time>2025-08-22T15:08:52+00:00</time>
      </trkpt>
      <trkpt lat="45.28855" lon="6.04712">
        <ele>1682</ele>
        <time>2025-08-22T15:08:55+00:00</time>
      </trkpt>
      <trkpt lat="45.28857" lon="6.04739">
        <ele>1673</ele>
        <time>2025-08-22T15:08:58+00:00</time>
      </trkpt>
      <trkpt lat="45.2884" lon="6.04753">
        <ele>1664</ele>
        <time>2025-08-22T15:09:01+00:00</time>
      </trkpt>
      <trkpt lat="45.28818" lon="6.04806">
        <ele>1647</ele>
        <time>2025-08-22T15:09:04+00:00</time>
      </trkpt>
      <trkpt lat="45.28824" lon="6.04861">
        <ele>1635</ele>
        <time>2025-08-22T15:09:07+00:00</time>
      </trkpt>
      <trkpt lat="45.28814" lon="6.04908">
        <ele>1625</ele>
        <time>2025-08-22T15:09:10+00:00</time>
      </trkpt>
      <trkpt lat="45.2879" lon="6.04953">
        <ele>1608</ele>
        <time>2025-08-22T15:09:13+00:00</time>
      </trkpt>
      <trkpt lat="45.2879" lon="6.04994">
        <ele>1601</ele>
        <time>2025-08-22T15:09:16+00:00</time>
      </trkpt>
      <trkpt lat="45.28787" lon="6.05035">
        <ele>1595</ele>
        <time>2025-08-22T15:09:19+00:00</time>
      </trkpt>
      <trkpt lat="45.28784" lon="6.05098">
        <ele>1582</ele>
        <time>2025-08-22T15:09:22+00:00</time>
      </trkpt>
      <trkpt lat="45.28791" lon="6.05132">
        <ele>1574</ele>
        <time>2025-08-22T15:09:25+00:00</time>
      </trkpt>
      <trkpt lat="45.28799" lon="6.05172">
        <ele>1568</ele>
        <time>2025-08-22T15:09:28+00:00</time>
      </trkpt>
      <trkpt lat="45.28837" lon="6.05211">
        <ele>1555</ele>
        <time>2025-08-22T15:09:31+00:00</time>
      </trkpt>
      <trkpt lat="45.2886" lon="6.05264">
        <ele>1543</ele>
        <time>2025-08-22T15:09:34+00:00</time>
      </trkpt>
      <trkpt lat="45.28888" lon="6.05297">
        <ele>1529</ele>
        <time>2025-08-22T15:09:37+00:00</time>
      </trkpt>
      <trkpt lat="45.28899" lon="6.05327">
        <ele>1519</ele>
        <time>2025-08-22T15:09:40+00:00</time>
      </trkpt>
      <trkpt lat="45.2891" lon="6.05358">
        <ele>1508</ele>
        <time>2025-08-22T15:09:43+00:00</time>
      </trkpt>
      <trkpt lat="45.28924" lon="6.05394">
        <ele>1497</ele>
        <time>2025-08-22T15:09:46+00:00</time>
      </trkpt>
      <trkpt lat="45.28945" lon="6.05452">
        <ele>1490</ele>
        <time>2025-08-22T15:09:49+00:00</time>
      </trkpt>
      <trkpt lat="45.28974" lon="6.05476">
        <ele>1484</ele>
        <time>2025-08-22T15:09:52+00:00</time>
      </trkpt>
      <trkpt lat="45.29003" lon="6.05499">
        <ele>1482</ele>
        <time>2025-08-22T15:09:55+00:00</time>
      </trkpt>
      <trkpt lat="45.29042" lon="6.05532">
        <ele>1475</ele>
        <time>2025-08-22T15:09:58+00:00</time>
      </trkpt>
      <trkpt lat="45.29059" lon="6.05561">
        <ele>1466</ele>
        <time>2025-08-22T15:10:01+00:00</time>
      </trkpt>
      <trkpt lat="45.2908" lon="6.05597">
        <ele>1460</ele>
        <time>2025-08-22T15:10:04+00:00</time>
      </trkpt>
      <trkpt lat="45.29111" lon="6.05632">
        <ele>1460</ele>
        <time>2025-08-22T15:10:07+00:00</time>
      </trkpt>
      <trkpt lat="45.29101" lon="6.05667">
        <ele>1454</ele>
        <time>2025-08-22T15:10:10+00:00</time>
      </trkpt>
      <trkpt lat="45.29087" lon="6.05712">
        <ele>1442</ele>
        <time>2025-08-22T15:10:13+00:00</time>
      </trkpt>
      <trkpt lat="45.29076" lon="6.05728">
        <ele>1438</ele>
        <time>2025-08-22T15:10:16+00:00</time>
      </trkpt>
      <trkpt lat="45.29059" lon="6.05729">
        <ele>1432</ele>
        <time>2025-08-22T15:10:19+00:00</time>
      </trkpt>
      <trkpt lat="45.29043" lon="6.05729">
        <ele>1425</ele>
        <time>2025-08-22T15:10:22+00:00</time>
      </trkpt>
      <trkpt lat="45.29026" lon="6.05726">
        <ele>1418</ele>
        <time>2025-08-22T15:10:25+00:00</time>
      </trkpt>
      <trkpt lat="45.29006" lon="6.05722">
        <ele>1411</ele>
        <time>2025-08-22T15:10:28+00:00</time>
      </trkpt>
      <trkpt lat="45.28986" lon="6.05723">
        <ele>1405</ele>
        <time>2025-08-22T15:10:31+00:00</time>
      </trkpt>
      <trkpt lat="45.28963" lon="6.05754">
        <ele>1393</ele>
        <time>2025-08-22T15:10:34+00:00</time>
      </trkpt>
      <trkpt lat="45.28958" lon="6.05789">
        <ele>1379</ele>
        <time>2025-08-22T15:10:37+00:00</time>
      </trkpt>
      <trkpt lat="45.28952" lon="6.05825">
        <ele>1370</ele>
        <time>2025-08-22T15:10:40+00:00</time>
      </trkpt>
      <trkpt lat="45.28938" lon="6.05854">
        <ele>1357</ele>
        <time>2025-08-22T15:10:43+00:00</time>
      </trkpt>
      <trkpt lat="45.28928" lon="6.05895">
        <ele>1347</ele>
        <time>2025-08-22T15:10:46+00:00</time>
      </trkpt>
      <trkpt lat="45.28929" lon="6.05947">
        <ele>1336</ele>
        <time>2025-08-22T15:10:49+00:00</time>
      </trkpt>
      <trkpt lat="45.2892" lon="6.06011">
        <ele>1319</ele>
        <time>2025-08-22T15:10:52+00:00</time>
      </trkpt>
      <trkpt lat="45.28904" lon="6.06069">
        <ele>1302</ele>
        <time>2025-08-22T15:10:55+00:00</time>
      </trkpt>
      <trkpt lat="45.28905" lon="6.0611">
        <ele>1294</ele>
        <time>2025-08-22T15:10:58+00:00</time>
      </trkpt>
      <trkpt lat="45.28918" lon="6.06145">
        <ele>1284</ele>
        <time>2025-08-22T15:11:01+00:00</time>
      </trkpt>
      <trkpt lat="45.28947" lon="6.06169">
        <ele>1280</ele>
        <time>2025-08-22T15:11:04+00:00</time>
      </trkpt>
      <trkpt lat="45.2896" lon="6.062">
        <ele>1269</ele>
        <time>2025-08-22T15:11:07+00:00</time>
      </trkpt>
      <trkpt lat="45.28954" lon="6.06236">
        <ele>1256</ele>
        <time>2025-08-22T15:11:10+00:00</time>
      </trkpt>
      <trkpt lat="45.28953" lon="6.06302">
        <ele>1245</ele>
        <time>2025-08-22T15:11:13+00:00</time>
      </trkpt>
      <trkpt lat="45.28978" lon="6.06303">
        <ele>1241</ele>
        <time>2025-08-22T15:11:16+00:00</time>
      </trkpt>
      <trkpt lat="45.2901" lon="6.06303">
        <ele>1241</ele>
        <time>2025-08-22T15:11:19+00:00</time>
      </trkpt>
      <trkpt lat="45.29033" lon="6.06307">
        <ele>1241</ele>
        <time>2025-08-22T15:11:22+00:00</time>
      </trkpt>
      <trkpt lat="45.29037" lon="6.06333">
        <ele>1232</ele>
        <time>2025-08-22T15:11:25+00:00</time>
      </trkpt>
      <trkpt lat="45.29038" lon="6.06363">
        <ele>1224</ele>
        <time>2025-08-22T15:11:28+00:00</time>
      </trkpt>
      <trkpt lat="45.29041" lon="6.0641">
        <ele>1216</ele>
        <time>2025-08-22T15:11:31+00:00</time>
      </trkpt>
      <trkpt lat="45.29029" lon="6.06464">
        <ele>1204</ele>
        <time>2025-08-22T15:11:34+00:00</time>
      </trkpt>
      <trkpt lat="45.29035" lon="6.06498">
        <ele>1198</ele>
        <time>2025-08-22T15:11:37+00:00</time>
      </trkpt>
      <trkpt lat="45.29042" lon="6.06536">
        <ele>1191</ele>
        <time>2025-08-22T15:11:40+00:00</time>
      </trkpt>
      <trkpt lat="45.2902" lon="6.06575">
        <ele>1173</ele>
        <time>2025-08-22T15:11:43+00:00</time>
      </trkpt>
      <trkpt lat="45.29008" lon="6.06613">
        <ele>1167</ele>
        <time>2025-08-22T15:11:46+00:00</time>
      </trkpt>
      <trkpt lat="45.28999" lon="6.06645">
        <ele>1154</ele>
        <time>2025-08-22T15:11:49+00:00</time>
      </trkpt>
      <trkpt lat="45.28989" lon="6.06677">
        <ele>1149</ele>
        <time>2025-08-22T15:11:52+00:00</time>
      </trkpt>
      <trkpt lat="45.28985" lon="6.06735">
        <ele>1140</ele>
        <time>2025-08-22T15:11:55+00:00</time>
      </trkpt>
      <trkpt lat="45.28996" lon="6.06785">
        <ele>1131</ele>
        <time>2025-08-22T15:11:58+00:00</time>
      </trkpt>
      <trkpt lat="45.28993" lon="6.06822">
        <ele>1125</ele>
        <time>2025-08-22T15:12:01+00:00</time>
      </trkpt>
      <trkpt lat="45.2899" lon="6.06869">
        <ele>1116</ele>
        <time>2025-08-22T15:12:04+00:00</time>
      </trkpt>
      <trkpt lat="45.28992" lon="6.06916">
        <ele>1107</ele>
        <time>2025-08-22T15:12:07+00:00</time>
      </trkpt>
      <trkpt lat="45.2899" lon="6.06946">
        <ele>1104</ele>
        <time>2025-08-22T15:12:10+00:00</time>
      </trkpt>
      <trkpt lat="45.29004" lon="6.06978">
        <ele>1104</ele>
        <time>2025-08-22T15:12:13+00:00</time>
      </trkpt>
      <trkpt lat="45.29021" lon="6.07018">
        <ele>1104</ele>
        <time>2025-08-22T15:12:16+00:00</time>
      </trkpt>
      <trkpt lat="45.29026" lon="6.07054">
        <ele>1100</ele>
        <time>2025-08-22T15:12:19+00:00</time>
      </trkpt>
      <trkpt lat="45.29033" lon="6.07097">
        <ele>1097</ele>
        <time>2025-08-22T15:12:22+00:00</time>
      </trkpt>
      <trkpt lat="45.29041" lon="6.07116">
        <ele>1095</ele>
        <time>2025-08-22T15:12:25+00:00</time>
      </trkpt>
      <trkpt lat="45.29043" lon="6.07136">
        <ele>1092</ele>
        <time>2025-08-22T15:12:28+00:00</time>
      </trkpt>
      <trkpt lat="45.29043" lon="6.07154">
        <ele>1088</ele>
        <time>2025-08-22T15:12:31+00:00</time>
      </trkpt>
      <trkpt lat="45.29039" lon="6.07173">
        <ele>1085</ele>
        <time>2025-08-22T15:12:34+00:00</time>
      </trkpt>
      <trkpt lat="45.29039" lon="6.07184">
        <ele>1085</ele>
        <time>2025-08-22T15:12:37+00:00</time>
      </trkpt>
      <trkpt lat="45.29041" lon="6.07191">
        <ele>1083</ele>
        <time>2025-08-22T15:12:40+00:00</time>
      </trkpt>
      <trkpt lat="45.29055" lon="6.07224">
        <ele>1079</ele>
        <time>2025-08-22T15:12:43+00:00</time>
      </trkpt>
      <trkpt lat="45.29063" lon="6.07252">
        <ele>1077</ele>
        <time>2025-08-22T15:12:46+00:00</time>
      </trkpt>
      <trkpt lat="45.29038" lon="6.0724">
        <ele>1077</ele>
        <time>2025-08-22T15:12:49+00:00</time>
      </trkpt>
      <trkpt lat="45.29005" lon="6.07225">
        <ele>1077</ele>
        <time>2025-08-22T15:12:52+00:00</time>
      </trkpt>
      <trkpt lat="45.28993" lon="6.07224">
        <ele>1078</ele>
        <time>2025-08-22T15:12:55+00:00</time>
      </trkpt>
      <trkpt lat="45.28979" lon="6.07227">
        <ele>1077</ele>
        <time>2025-08-22T15:12:58+00:00</time>
      </trkpt>
      <trkpt lat="45.28947" lon="6.07228">
        <ele>1077</ele>
        <time>2025-08-22T15:13:01+00:00</time>
      </trkpt>
      <trkpt lat="45.28935" lon="6.07221">
        <ele>1076</ele>
        <time>2025-08-22T15:13:04+00:00</time>
      </trkpt>
      <trkpt lat="45.28925" lon="6.07207">
        <ele>1077</ele>
        <time>2025-08-22T15:13:07+00:00</time>
      </trkpt>
      <trkpt lat="45.28903" lon="6.07173">
        <ele>1077</ele>
        <time>2025-08-22T15:13:10+00:00</time>
      </trkpt>
      <trkpt lat="45.2889" lon="6.07143">
        <ele>1080</ele>
        <time>2025-08-22T15:13:13+00:00</time>
      </trkpt>
      <trkpt lat="45.28887" lon="6.07139">
        <ele>1083</ele>
        <time>2025-08-22T15:13:16+00:00</time>
      </trkpt>
      <trkpt lat="45.2888" lon="6.07135">
        <ele>1081</ele>
        <time>2025-08-22T15:13:19+00:00</time>
      </trkpt>
      <trkpt lat="45.28872" lon="6.07138">
        <ele>1076</ele>
        <time>2025-08-22T15:13:22+00:00</time>
      </trkpt>
      <trkpt lat="45.2886" lon="6.07154">
        <ele>1073</ele>
        <time>2025-08-22T15:13:25+00:00</time>
      </trkpt>
      <trkpt lat="45.28847" lon="6.0717">
        <ele>1072</ele>
        <time>2025-08-22T15:13:28+00:00</time>
      </trkpt>
      <trkpt lat="45.28833" lon="6.07188">
        <ele>1071</ele>
        <time>2025-08-22T15:13:31+00:00</time>
      </trkpt>
      <trkpt lat="45.28817" lon="6.07205">
        <ele>1070</ele>
        <time>2025-08-22T15:13:34+00:00</time>
      </trkpt>
      <trkpt lat="45.28805" lon="6.07212">
        <ele>1066</ele>
        <time>2025-08-22T15:13:37+00:00</time>
      </trkpt>
      <trkpt lat="45.28786" lon="6.0721">
        <ele>1069</ele>
        <time>2025-08-22T15:13:40+00:00</time>
      </trkpt>
      <trkpt lat="45.2877" lon="6.07217">
        <ele>1067</ele>
        <time>2025-08-22T15:13:43+00:00</time>
      </trkpt>
      <trkpt lat="45.28749" lon="6.07241">
        <ele>1062</ele>
        <time>2025-08-22T15:13:46+00:00</time>
      </trkpt>
      <trkpt lat="45.28733" lon="6.07255">
        <ele>1063</ele>
        <time>2025-08-22T15:13:49+00:00</time>
      </trkpt>
      <trkpt lat="45.28708" lon="6.07272">
        <ele>1059</ele>
        <time>2025-08-22T15:13:52+00:00</time>
      </trkpt>
      <trkpt lat="45.28694" lon="6.07284">
        <ele>1059</ele>
        <time>2025-08-22T15:13:55+00:00</time>
      </trkpt>
      <trkpt lat="45.28682" lon="6.07298">
        <ele>1058</ele>
        <time>2025-08-22T15:13:58+00:00</time>
      </trkpt>
      <trkpt lat="45.28656" lon="6.07337">
        <ele>1055</ele>
        <time>2025-08-22T15:14:01+00:00</time>
      </trkpt>
      <trkpt lat="45.28641" lon="6.07353">
        <ele>1052</ele>
        <time>2025-08-22T15:14:04+00:00</time>
      </trkpt>
      <trkpt lat="45.28629" lon="6.07364">
        <ele>1053</ele>
        <time>2025-08-22T15:14:07+00:00</time>
      </trkpt>
      <trkpt lat="45.28628" lon="6.07368">
        <ele>1050</ele>
        <time>2025-08-22T15:14:10+00:00</time>
      </trkpt>
      <trkpt lat="45.28625" lon="6.07373">
        <ele>1050</ele>
        <time>2025-08-22T15:14:13+00:00</time>
      </trkpt>
      <trkpt lat="45.28618" lon="6.07377">
        <ele>1051</ele>
        <time>2025-08-22T15:14:16+00:00</time>
      </trkpt>
      <trkpt lat="45.28607" lon="6.0738">
        <ele>1051</ele>
        <time>2025-08-22T15:14:19+00:00</time>
      </trkpt>
      <trkpt lat="45.286" lon="6.07386">
        <ele>1050</ele>
        <time>2025-08-22T15:14:22+00:00</time>
      </trkpt>
      <trkpt lat="45.28594" lon="6.07393">
        <ele>1048</ele>
        <time>2025-08-22T15:14:25+00:00</time>
      </trkpt>
      <trkpt lat="45.2859" lon="6.07403">
        <ele>1048</ele>
        <time>2025-08-22T15:14:28+00:00</time>
      </trkpt>
      <trkpt lat="45.28587" lon="6.07415">
        <ele>1047</ele>
        <time>2025-08-22T15:14:31+00:00</time>
      </trkpt>
      <trkpt lat="45.28588" lon="6.07431">
        <ele>1047</ele>
        <time>2025-08-22T15:14:34+00:00</time>
      </trkpt>
      <trkpt lat="45.28593" lon="6.07449">
        <ele>1046</ele>
        <time>2025-08-22T15:14:37+00:00</time>
      </trkpt>
      <trkpt lat="45.28585" lon="6.07454">
        <ele>1046</ele>
        <time>2025-08-22T15:14:40+00:00</time>
      </trkpt>
      <trkpt lat="45.28588" lon="6.07478">
        <ele>1046</ele>
        <time>2025-08-22T15:14:43+00:00</time>
      </trkpt>
      <trkpt lat="45.28577" lon="6.07494">
        <ele>1046</ele>
        <time>2025-08-22T15:14:46+00:00</time>
      </trkpt>
      <trkpt lat="45.28574" lon="6.07506">
        <ele>1046</ele>
        <time>2025-08-22T15:14:49+00:00</time>
      </trkpt>
      <trkpt lat="45.28574" lon="6.07555">
        <ele>1046</ele>
        <time>2025-08-22T15:14:52+00:00</time>
      </trkpt>
      <trkpt lat="45.28575" lon="6.07569">
        <ele>1046</ele>
        <time>2025-08-22T15:14:55+00:00</time>
      </trkpt>
      <trkpt lat="45.28573" lon="6.07575">
        <ele>1046</ele>
        <time>2025-08-22T15:14:58+00:00</time>
      </trkpt>
      <trkpt lat="45.28568" lon="6.07578">
        <ele>1045</ele>
        <time>2025-08-22T15:15:01+00:00</time>
      </trkpt>
      <trkpt lat="45.28572" lon="6.07583">
        <ele>1046</ele>
        <time>2025-08-22T15:15:04+00:00</time>
      </trkpt>
      <trkpt lat="45.28573" lon="6.07593">
        <ele>1046</ele>
        <time>2025-08-22T15:15:07+00:00</time>
      </trkpt>
      <trkpt lat="45.28572" lon="6.07607">
        <ele>1045</ele>
        <time>2025-08-22T15:15:10+00:00</time>
      </trkpt>
      <trkpt lat="45.28569" lon="6.07621">
        <ele>1045</ele>
        <time>2025-08-22T15:15:13+00:00</time>
      </trkpt>
      <trkpt lat="45.28565" lon="6.0763">
        <ele>1045</ele>
        <time>2025-08-22T15:15:16+00:00</time>
      </trkpt>
      <trkpt lat="45.28551" lon="6.0765">
        <ele>1045</ele>
        <time>2025-08-22T15:15:19+00:00</time>
      </trkpt>
      <trkpt lat="45.28536" lon="6.07665">
        <ele>1045</ele>
        <time>2025-08-22T15:15:22+00:00</time>
      </trkpt>
      <trkpt lat="45.28525" lon="6.07673">
        <ele>1045</ele>
        <time>2025-08-22T15:15:25+00:00</time>
      </trkpt>
      <trkpt lat="45.28511" lon="6.07681">
        <ele>1045</ele>
        <time>2025-08-22T15:15:28+00:00</time>
      </trkpt>
      <trkpt lat="45.285" lon="6.07692">
        <ele>1046</ele>
        <time>2025-08-22T15:15:31+00:00</time>
      </trkpt>
      <trkpt lat="45.28495" lon="6.07703">
        <ele>1047</ele>
        <time>2025-08-22T15:15:34+00:00</time>
      </trkpt>
      <trkpt lat="45.28491" lon="6.0773">
        <ele>1049</ele>
        <time>2025-08-22T15:15:37+00:00</time>
      </trkpt>
      <trkpt lat="45.28487" lon="6.07757">
        <ele>1048</ele>
        <time>2025-08-22T15:15:40+00:00</time>
      </trkpt>
      <trkpt lat="45.28526" lon="6.07739">
        <ele>1047</ele>
        <time>2025-08-22T15:15:43+00:00</time>
      </trkpt>
      <trkpt lat="45.28563" lon="6.07733">
        <ele>1047</ele>
        <time>2025-08-22T15:15:46+00:00</time>
      </trkpt>
      <trkpt lat="45.28582" lon="6.0774">
        <ele>1047</ele>
        <time>2025-08-22T15:15:49+00:00</time>
      </trkpt>
      <trkpt lat="45.28604" lon="6.07754">
        <ele>1053</ele>
        <time>2025-08-22T15:15:52+00:00</time>
      </trkpt>
      <trkpt lat="45.28643" lon="6.07771">
        <ele>1053</ele>
        <time>2025-08-22T15:15:55+00:00</time>
      </trkpt>
      <trkpt lat="45.28657" lon="6.07774">
        <ele>1056</ele>
        <time>2025-08-22T15:15:58+00:00</time>
      </trkpt>
      <trkpt lat="45.28673" lon="6.07776">
        <ele>1051</ele>
        <time>2025-08-22T15:16:01+00:00</time>
      </trkpt>
      <trkpt lat="45.28694" lon="6.07761">
        <ele>1050</ele>
        <time>2025-08-22T15:16:04+00:00</time>
      </trkpt>
      <trkpt lat="45.28714" lon="6.0774">
        <ele>1044</ele>
        <time>2025-08-22T15:16:07+00:00</time>
      </trkpt>
      <trkpt lat="45.28719" lon="6.07732">
        <ele>1044</ele>
        <time>2025-08-22T15:16:10+00:00</time>
      </trkpt>
      <trkpt lat="45.28739" lon="6.0772">
        <ele>1044</ele>
        <time>2025-08-22T15:16:13+00:00</time>
      </trkpt>
      <trkpt lat="45.28763" lon="6.07705">
        <ele>1044</ele>
        <time>2025-08-22T15:16:16+00:00</time>
      </trkpt>
      <trkpt lat="45.28783" lon="6.07689">
        <ele>1043</ele>
        <time>2025-08-22T15:16:19+00:00</time>
      </trkpt>
      <trkpt lat="45.28798" lon="6.07681">
        <ele>1043</ele>
        <time>2025-08-22T15:16:22+00:00</time>
      </trkpt>
      <trkpt lat="45.28808" lon="6.07679">
        <ele>1043</ele>
        <time>2025-08-22T15:16:25+00:00</time>
      </trkpt>
      <trkpt lat="45.28821" lon="6.07681">
        <ele>1043</ele>
        <time>2025-08-22T15:16:28+00:00</time>
      </trkpt>
      <trkpt lat="45.28831" lon="6.07695">
        <ele>1043</ele>
        <time>2025-08-22T15:16:31+00:00</time>
      </trkpt>
      <trkpt lat="45.28837" lon="6.07699">
        <ele>1043</ele>
        <time>2025-08-22T15:16:34+00:00</time>
      </trkpt>
      <trkpt lat="45.28842" lon="6.07699">
        <ele>1041</ele>
        <time>2025-08-22T15:16:37+00:00</time>
      </trkpt>
      <trkpt lat="45.28851" lon="6.07693">
        <ele>1042</ele>
        <time>2025-08-22T15:16:40+00:00</time>
      </trkpt>
      <trkpt lat="45.2887" lon="6.07723">
        <ele>1042</ele>
        <time>2025-08-22T15:16:43+00:00</time>
      </trkpt>
      <trkpt lat="45.28874" lon="6.07731">
        <ele>1042</ele>
        <time>2025-08-22T15:16:46+00:00</time>
      </trkpt>
      <trkpt lat="45.28874" lon="6.07736">
        <ele>1042</ele>
        <time>2025-08-22T15:16:49+00:00</time>
      </trkpt>
      <trkpt lat="45.28895" lon="6.0776">
        <ele>1042</ele>
        <time>2025-08-22T15:16:52+00:00</time>
      </trkpt>
      <trkpt lat="45.28915" lon="6.07798">
        <ele>1042</ele>
        <time>2025-08-22T15:16:55+00:00</time>
      </trkpt>
      <trkpt lat="45.28933" lon="6.07822">
        <ele>1045</ele>
        <time>2025-08-22T15:16:58+00:00</time>
      </trkpt>
      <trkpt lat="45.28939" lon="6.07839">
        <ele>1045</ele>
        <time>2025-08-22T15:17:01+00:00</time>
      </trkpt>
      <trkpt lat="45.28939" lon="6.07853">
        <ele>1049</ele>
        <time>2025-08-22T15:17:04+00:00</time>
      </trkpt>
      <trkpt lat="45.28944" lon="6.0788">
        <ele>1053</ele>
        <time>2025-08-22T15:17:07+00:00</time>
      </trkpt>
      <trkpt lat="45.28946" lon="6.07906">
        <ele>1059</ele>
        <time>2025-08-22T15:17:10+00:00</time>
      </trkpt>
      <trkpt lat="45.28963" lon="6.0792">
        <ele>1055</ele>
        <time>2025-08-22T15:17:13+00:00</time>
      </trkpt>
      <trkpt lat="45.28971" lon="6.07933">
        <ele>1058</ele>
        <time>2025-08-22T15:17:16+00:00</time>
      </trkpt>
      <trkpt lat="45.28978" lon="6.07951">
        <ele>1061</ele>
        <time>2025-08-22T15:17:19+00:00</time>
      </trkpt>
      <trkpt lat="45.28984" lon="6.07981">
        <ele>1062</ele>
        <time>2025-08-22T15:17:22+00:00</time>
      </trkpt>
      <trkpt lat="45.29004" lon="6.08006">
        <ele>1063</ele>
        <time>2025-08-22T15:17:25+00:00</time>
      </trkpt>
      <trkpt lat="45.29023" lon="6.08024">
        <ele>1063</ele>
        <time>2025-08-22T15:17:28+00:00</time>
      </trkpt>
      <trkpt lat="45.29038" lon="6.08026">
        <ele>1060</ele>
        <time>2025-08-22T15:17:31+00:00</time>
      </trkpt>
      <trkpt lat="45.29059" lon="6.08037">
        <ele>1060</ele>
        <time>2025-08-22T15:17:34+00:00</time>
      </trkpt>
      <trkpt lat="45.29092" lon="6.08054">
        <ele>1058</ele>
        <time>2025-08-22T15:17:37+00:00</time>
      </trkpt>
      <trkpt lat="45.29121" lon="6.08047">
        <ele>1051</ele>
        <time>2025-08-22T15:17:40+00:00</time>
      </trkpt>
      <trkpt lat="45.29134" lon="6.08053">
        <ele>1055</ele>
        <time>2025-08-22T15:17:43+00:00</time>
      </trkpt>
      <trkpt lat="45.2915" lon="6.08047">
        <ele>1047</ele>
        <time>2025-08-22T15:17:46+00:00</time>
      </trkpt>
      <trkpt lat="45.29167" lon="6.08041">
        <ele>1047</ele>
        <time>2025-08-22T15:17:49+00:00</time>
      </trkpt>
      <trkpt lat="45.29182" lon="6.08013">
        <ele>1041</ele>
        <time>2025-08-22T15:17:52+00:00</time>
      </trkpt>
      <trkpt lat="45.29198" lon="6.07982">
        <ele>1031</ele>
        <time>2025-08-22T15:17:55+00:00</time>
      </trkpt>
      <trkpt lat="45.29233" lon="6.07989">
        <ele>1025</ele>
        <time>2025-08-22T15:17:58+00:00</time>
      </trkpt>
      <trkpt lat="45.29271" lon="6.07988">
        <ele>1018</ele>
        <time>2025-08-22T15:18:01+00:00</time>
      </trkpt>
      <trkpt lat="45.29294" lon="6.07982">
        <ele>1016</ele>
        <time>2025-08-22T15:18:04+00:00</time>
      </trkpt>
      <trkpt lat="45.29318" lon="6.07985">
        <ele>1014</ele>
        <time>2025-08-22T15:18:07+00:00</time>
      </trkpt>
      <trkpt lat="45.29338" lon="6.07984">
        <ele>1012</ele>
        <time>2025-08-22T15:18:10+00:00</time>
      </trkpt>
      <trkpt lat="45.2937" lon="6.07994">
        <ele>1009</ele>
        <time>2025-08-22T15:18:13+00:00</time>
      </trkpt>
      <trkpt lat="45.29376" lon="6.07998">
        <ele>1009</ele>
        <time>2025-08-22T15:18:16+00:00</time>
      </trkpt>
      <trkpt lat="45.29391" lon="6.08015">
        <ele>1009</ele>
        <time>2025-08-22T15:18:19+00:00</time>
      </trkpt>
      <trkpt lat="45.29404" lon="6.08025">
        <ele>1009</ele>
        <time>2025-08-22T15:18:22+00:00</time>
      </trkpt>
      <trkpt lat="45.29423" lon="6.08026">
        <ele>1008</ele>
        <time>2025-08-22T15:18:25+00:00</time>
      </trkpt>
      <trkpt lat="45.29438" lon="6.08029">
        <ele>1006</ele>
        <time>2025-08-22T15:18:28+00:00</time>
      </trkpt>
      <trkpt lat="45.29466" lon="6.08025">
        <ele>1003</ele>
        <time>2025-08-22T15:18:31+00:00</time>
      </trkpt>
      <trkpt lat="45.29472" lon="6.08023">
        <ele>1003</ele>
        <time>2025-08-22T15:18:34+00:00</time>
      </trkpt>
      <trkpt lat="45.29475" lon="6.0802">
        <ele>1003</ele>
        <time>2025-08-22T15:18:37+00:00</time>
      </trkpt>
      <trkpt lat="45.29486" lon="6.08018">
        <ele>1002</ele>
        <time>2025-08-22T15:18:40+00:00</time>
      </trkpt>
      <trkpt lat="45.29493" lon="6.0802">
        <ele>1002</ele>
        <time>2025-08-22T15:18:43+00:00</time>
      </trkpt>
      <trkpt lat="45.29515" lon="6.0802">
        <ele>1000</ele>
        <time>2025-08-22T15:18:46+00:00</time>
      </trkpt>
      <trkpt lat="45.29532" lon="6.08017">
        <ele>1000</ele>
        <time>2025-08-22T15:18:49+00:00</time>
      </trkpt>
      <trkpt lat="45.29557" lon="6.08004">
        <ele>999</ele>
        <time>2025-08-22T15:18:52+00:00</time>
      </trkpt>
      <trkpt lat="45.29584" lon="6.07988">
        <ele>998</ele>
        <time>2025-08-22T15:18:55+00:00</time>
      </trkpt>
      <trkpt lat="45.29626" lon="6.07963">
        <ele>997</ele>
        <time>2025-08-22T15:18:58+00:00</time>
      </trkpt>
      <trkpt lat="45.2967" lon="6.07939">
        <ele>996</ele>
        <time>2025-08-22T15:19:01+00:00</time>
      </trkpt>
      <trkpt lat="45.2967" lon="6.07956">
        <ele>995</ele>
        <time>2025-08-22T15:19:04+00:00</time>
      </trkpt>
      <trkpt lat="45.29665" lon="6.07966">
        <ele>996</ele>
        <time>2025-08-22T15:19:07+00:00</time>
      </trkpt>
      <trkpt lat="45.29661" lon="6.07981">
        <ele>998</ele>
        <time>2025-08-22T15:19:10+00:00</time>
      </trkpt>
      <trkpt lat="45.29659" lon="6.08">
        <ele>998</ele>
        <time>2025-08-22T15:19:13+00:00</time>
      </trkpt>
      <trkpt lat="45.29661" lon="6.08036">
        <ele>1004</ele>
        <time>2025-08-22T15:19:16+00:00</time>
      </trkpt>
      <trkpt lat="45.29657" lon="6.08073">
        <ele>1008</ele>
        <time>2025-08-22T15:19:19+00:00</time>
      </trkpt>
      <trkpt lat="45.29653" lon="6.0812">
        <ele>1012</ele>
        <time>2025-08-22T15:19:22+00:00</time>
      </trkpt>
      <trkpt lat="45.29655" lon="6.08148">
        <ele>1015</ele>
        <time>2025-08-22T15:19:25+00:00</time>
      </trkpt>
      <trkpt lat="45.29661" lon="6.08185">
        <ele>1021</ele>
        <time>2025-08-22T15:19:28+00:00</time>
      </trkpt>
      <trkpt lat="45.29661" lon="6.08247">
        <ele>1026</ele>
        <time>2025-08-22T15:19:31+00:00</time>
      </trkpt>
      <trkpt lat="45.29655" lon="6.08283">
        <ele>1029</ele>
        <time>2025-08-22T15:19:34+00:00</time>
      </trkpt>
      <trkpt lat="45.29649" lon="6.08327">
        <ele>1037</ele>
        <time>2025-08-22T15:19:37+00:00</time>
      </trkpt>
      <trkpt lat="45.29639" lon="6.08389">
        <ele>1044</ele>
        <time>2025-08-22T15:19:40+00:00</time>
      </trkpt>
      <trkpt lat="45.29619" lon="6.08438">
        <ele>1056</ele>
        <time>2025-08-22T15:19:43+00:00</time>
      </trkpt>
      <trkpt lat="45.29603" lon="6.08456">
        <ele>1058</ele>
        <time>2025-08-22T15:19:46+00:00</time>
      </trkpt>
      <trkpt lat="45.29585" lon="6.0848">
        <ele>1064</ele>
        <time>2025-08-22T15:19:49+00:00</time>
      </trkpt>
      <trkpt lat="45.29577" lon="6.08488">
        <ele>1071</ele>
        <time>2025-08-22T15:19:52+00:00</time>
      </trkpt>
      <trkpt lat="45.29574" lon="6.08499">
        <ele>1074</ele>
        <time>2025-08-22T15:19:55+00:00</time>
      </trkpt>
      <trkpt lat="45.29562" lon="6.08518">
        <ele>1085</ele>
        <time>2025-08-22T15:19:58+00:00</time>
      </trkpt>
      <trkpt lat="45.2956" lon="6.08555">
        <ele>1088</ele>
        <time>2025-08-22T15:20:01+00:00</time>
      </trkpt>
      <trkpt lat="45.29558" lon="6.086">
        <ele>1090</ele>
        <time>2025-08-22T15:20:04+00:00</time>
      </trkpt>
      <trkpt lat="45.29542" lon="6.08627">
        <ele>1103</ele>
        <time>2025-08-22T15:20:07+00:00</time>
      </trkpt>
      <trkpt lat="45.29524" lon="6.08657">
        <ele>1114</ele>
        <time>2025-08-22T15:20:10+00:00</time>
      </trkpt>
      <trkpt lat="45.29515" lon="6.08677">
        <ele>1116</ele>
        <time>2025-08-22T15:20:13+00:00</time>
      </trkpt>
      <trkpt lat="45.29508" lon="6.08689">
        <ele>1124</ele>
        <time>2025-08-22T15:20:16+00:00</time>
      </trkpt>
      <trkpt lat="45.2949" lon="6.0874">
        <ele>1131</ele>
        <time>2025-08-22T15:20:19+00:00</time>
      </trkpt>
      <trkpt lat="45.29478" lon="6.08787">
        <ele>1139</ele>
        <time>2025-08-22T15:20:22+00:00</time>
      </trkpt>
      <trkpt lat="45.29463" lon="6.08822">
        <ele>1142</ele>
        <time>2025-08-22T15:20:25+00:00</time>
      </trkpt>
      <trkpt lat="45.29467" lon="6.08848">
        <ele>1144</ele>
        <time>2025-08-22T15:20:28+00:00</time>
      </trkpt>
      <trkpt lat="45.29458" lon="6.08864">
        <ele>1152</ele>
        <time>2025-08-22T15:20:31+00:00</time>
      </trkpt>
      <trkpt lat="45.2945" lon="6.08881">
        <ele>1154</ele>
        <time>2025-08-22T15:20:34+00:00</time>
      </trkpt>
      <trkpt lat="45.29447" lon="6.089">
        <ele>1156</ele>
        <time>2025-08-22T15:20:37+00:00</time>
      </trkpt>
      <trkpt lat="45.29436" lon="6.08896">
        <ele>1163</ele>
        <time>2025-08-22T15:20:40+00:00</time>
      </trkpt>
      <trkpt lat="45.29432" lon="6.0894">
        <ele>1165</ele>
        <time>2025-08-22T15:20:43+00:00</time>
      </trkpt>
      <trkpt lat="45.29431" lon="6.08979">
        <ele>1165</ele>
        <time>2025-08-22T15:20:46+00:00</time>
      </trkpt>
      <trkpt lat="45.29409" lon="6.0903">
        <ele>1183</ele>
        <time>2025-08-22T15:20:49+00:00</time>
      </trkpt>
      <trkpt lat="45.29395" lon="6.09061">
        <ele>1190</ele>
        <time>2025-08-22T15:20:52+00:00</time>
      </trkpt>
      <trkpt lat="45.29378" lon="6.09099">
        <ele>1212</ele>
        <time>2025-08-22T15:20:55+00:00</time>
      </trkpt>
      <trkpt lat="45.29366" lon="6.09117">
        <ele>1214</ele>
        <time>2025-08-22T15:20:58+00:00</time>
      </trkpt>
      <trkpt lat="45.29352" lon="6.09089">
        <ele>1222</ele>
        <time>2025-08-22T15:21:01+00:00</time>
      </trkpt>
      <trkpt lat="45.29329" lon="6.09042">
        <ele>1233</ele>
        <time>2025-08-22T15:21:04+00:00</time>
      </trkpt>
      <trkpt lat="45.29303" lon="6.09044">
        <ele>1258</ele>
        <time>2025-08-22T15:21:07+00:00</time>
      </trkpt>
      <trkpt lat="45.29272" lon="6.09015">
        <ele>1268</ele>
        <time>2025-08-22T15:21:10+00:00</time>
      </trkpt>
      <trkpt lat="45.29248" lon="6.09019">
        <ele>1291</ele>
        <time>2025-08-22T15:21:13+00:00</time>
      </trkpt>
      <trkpt lat="45.29231" lon="6.09">
        <ele>1300</ele>
        <time>2025-08-22T15:21:16+00:00</time>
      </trkpt>
      <trkpt lat="45.29215" lon="6.08987">
        <ele>1310</ele>
        <time>2025-08-22T15:21:19+00:00</time>
      </trkpt>
      <trkpt lat="45.292" lon="6.08973">
        <ele>1322</ele>
        <time>2025-08-22T15:21:22+00:00</time>
      </trkpt>
      <trkpt lat="45.29198" lon="6.09015">
        <ele>1327</ele>
        <time>2025-08-22T15:21:25+00:00</time>
      </trkpt>
      <trkpt lat="45.29192" lon="6.09053">
        <ele>1331</ele>
        <time>2025-08-22T15:21:28+00:00</time>
      </trkpt>
      <trkpt lat="45.29192" lon="6.09094">
        <ele>1336</ele>
        <time>2025-08-22T15:21:31+00:00</time>
      </trkpt>
      <trkpt lat="45.29193" lon="6.09156">
        <ele>1342</ele>
        <time>2025-08-22T15:21:34+00:00</time>
      </trkpt>
      <trkpt lat="45.29177" lon="6.09205">
        <ele>1361</ele>
        <time>2025-08-22T15:21:37+00:00</time>
      </trkpt>
      <trkpt lat="45.29177" lon="6.09257">
        <ele>1367</ele>
        <time>2025-08-22T15:21:40+00:00</time>
      </trkpt>
      <trkpt lat="45.29179" lon="6.09277">
        <ele>1370</ele>
        <time>2025-08-22T15:21:43+00:00</time>
      </trkpt>
      <trkpt lat="45.29179" lon="6.09303">
        <ele>1380</ele>
        <time>2025-08-22T15:21:46+00:00</time>
      </trkpt>
      <trkpt lat="45.29166" lon="6.0929">
        <ele>1390</ele>
        <time>2025-08-22T15:21:49+00:00</time>
      </trkpt>
      <trkpt lat="45.29158" lon="6.09301">
        <ele>1395</ele>
        <time>2025-08-22T15:21:52+00:00</time>
      </trkpt>
      <trkpt lat="45.2916" lon="6.09328">
        <ele>1400</ele>
        <time>2025-08-22T15:21:55+00:00</time>
      </trkpt>
      <trkpt lat="45.29157" lon="6.09361">
        <ele>1408</ele>
        <time>2025-08-22T15:21:58+00:00</time>
      </trkpt>
      <trkpt lat="45.29161" lon="6.09382">
        <ele>1411</ele>
        <time>2025-08-22T15:22:01+00:00</time>
      </trkpt>
      <trkpt lat="45.29157" lon="6.09389">
        <ele>1411</ele>
        <time>2025-08-22T15:22:04+00:00</time>
      </trkpt>
      <trkpt lat="45.29156" lon="6.0943">
        <ele>1411</ele>
        <time>2025-08-22T15:22:07+00:00</time>
      </trkpt>
      <trkpt lat="45.29144" lon="6.0945">
        <ele>1425</ele>
        <time>2025-08-22T15:22:10+00:00</time>
      </trkpt>
      <trkpt lat="45.29127" lon="6.09472">
        <ele>1434</ele>
        <time>2025-08-22T15:22:13+00:00</time>
      </trkpt>
      <trkpt lat="45.29106" lon="6.09495">
        <ele>1439</ele>
        <time>2025-08-22T15:22:16+00:00</time>
      </trkpt>
      <trkpt lat="45.29106" lon="6.09535">
        <ele>1445</ele>
        <time>2025-08-22T15:22:19+00:00</time>
      </trkpt>
      <trkpt lat="45.29087" lon="6.09583">
        <ele>1465</ele>
        <time>2025-08-22T15:22:22+00:00</time>
      </trkpt>
      <trkpt lat="45.29089" lon="6.09599">
        <ele>1471</ele>
        <time>2025-08-22T15:22:25+00:00</time>
      </trkpt>
      <trkpt lat="45.29103" lon="6.09617">
        <ele>1469</ele>
        <time>2025-08-22T15:22:28+00:00</time>
      </trkpt>
      <trkpt lat="45.29117" lon="6.09636">
        <ele>1474</ele>
        <time>2025-08-22T15:22:31+00:00</time>
      </trkpt>
      <trkpt lat="45.29124" lon="6.09656">
        <ele>1474</ele>
        <time>2025-08-22T15:22:34+00:00</time>
      </trkpt>
      <trkpt lat="45.29132" lon="6.09659">
        <ele>1474</ele>
        <time>2025-08-22T15:22:37+00:00</time>
      </trkpt>
      <trkpt lat="45.29152" lon="6.09647">
        <ele>1482</ele>
        <time>2025-08-22T15:22:40+00:00</time>
      </trkpt>
      <trkpt lat="45.29176" lon="6.09645">
        <ele>1484</ele>
        <time>2025-08-22T15:22:43+00:00</time>
      </trkpt>
      <trkpt lat="45.29196" lon="6.09664">
        <ele>1488</ele>
        <time>2025-08-22T15:22:46+00:00</time>
      </trkpt>
      <trkpt lat="45.29188" lon="6.09689">
        <ele>1500</ele>
        <time>2025-08-22T15:22:49+00:00</time>
      </trkpt>
      <trkpt lat="45.29202" lon="6.09718">
        <ele>1507</ele>
        <time>2025-08-22T15:22:52+00:00</time>
      </trkpt>
      <trkpt lat="45.29217" lon="6.09749">
        <ele>1516</ele>
        <time>2025-08-22T15:22:55+00:00</time>
      </trkpt>
      <trkpt lat="45.29239" lon="6.09776">
        <ele>1529</ele>
        <time>2025-08-22T15:22:58+00:00</time>
      </trkpt>
      <trkpt lat="45.29251" lon="6.09797">
        <ele>1536</ele>
        <time>2025-08-22T15:23:01+00:00</time>
      </trkpt>
      <trkpt lat="45.29262" lon="6.09809">
        <ele>1544</ele>
        <time>2025-08-22T15:23:04+00:00</time>
      </trkpt>
      <trkpt lat="45.29283" lon="6.09827">
        <ele>1551</ele>
        <time>2025-08-22T15:23:07+00:00</time>
      </trkpt>
      <trkpt lat="45.29288" lon="6.09837">
        <ele>1561</ele>
        <time>2025-08-22T15:23:10+00:00</time>
      </trkpt>
      <trkpt lat="45.29291" lon="6.09879">
        <ele>1570</ele>
        <time>2025-08-22T15:23:13+00:00</time>
      </trkpt>
      <trkpt lat="45.29293" lon="6.09894">
        <ele>1576</ele>
        <time>2025-08-22T15:23:16+00:00</time>
      </trkpt>
      <trkpt lat="45.29296" lon="6.09908">
        <ele>1581</ele>
        <time>2025-08-22T15:23:19+00:00</time>
      </trkpt>
      <trkpt lat="45.29296" lon="6.09922">
        <ele>1587</ele>
        <time>2025-08-22T15:23:22+00:00</time>
      </trkpt>
      <trkpt lat="45.29298" lon="6.09932">
        <ele>1587</ele>
        <time>2025-08-22T15:23:25+00:00</time>
      </trkpt>
      <trkpt lat="45.29295" lon="6.09938">
        <ele>1587</ele>
        <time>2025-08-22T15:23:28+00:00</time>
      </trkpt>
      <trkpt lat="45.29299" lon="6.09942">
        <ele>1593</ele>
        <time>2025-08-22T15:23:31+00:00</time>
      </trkpt>
      <trkpt lat="45.29297" lon="6.0995">
        <ele>1593</ele>
        <time>2025-08-22T15:23:34+00:00</time>
      </trkpt>
      <trkpt lat="45.29296" lon="6.09958">
        <ele>1599</ele>
        <time>2025-08-22T15:23:37+00:00</time>
      </trkpt>
      <trkpt lat="45.29291" lon="6.09963">
        <ele>1599</ele>
        <time>2025-08-22T15:23:40+00:00</time>
      </trkpt>
      <trkpt lat="45.2929" lon="6.09969">
        <ele>1606</ele>
        <time>2025-08-22T15:23:43+00:00</time>
      </trkpt>
      <trkpt lat="45.29286" lon="6.09967">
        <ele>1606</ele>
        <time>2025-08-22T15:23:46+00:00</time>
      </trkpt>
      <trkpt lat="45.29281" lon="6.09972">
        <ele>1613</ele>
        <time>2025-08-22T15:23:49+00:00</time>
      </trkpt>
      <trkpt lat="45.29261" lon="6.09968">
        <ele>1613</ele>
        <time>2025-08-22T15:23:52+00:00</time>
      </trkpt>
      <trkpt lat="45.29257" lon="6.09957">
        <ele>1620</ele>
        <time>2025-08-22T15:23:55+00:00</time>
      </trkpt>
      <trkpt lat="45.29244" lon="6.09951">
        <ele>1620</ele>
        <time>2025-08-22T15:23:58+00:00</time>
      </trkpt>
      <trkpt lat="45.29239" lon="6.09951">
        <ele>1626</ele>
        <time>2025-08-22T15:24:01+00:00</time>
      </trkpt>
      <trkpt lat="45.29231" lon="6.09947">
        <ele>1619</ele>
        <time>2025-08-22T15:24:04+00:00</time>
      </trkpt>
      <trkpt lat="45.2922" lon="6.09951">
        <ele>1632</ele>
        <time>2025-08-22T15:24:07+00:00</time>
      </trkpt>
      <trkpt lat="45.29219" lon="6.0996">
        <ele>1632</ele>
        <time>2025-08-22T15:24:10+00:00</time>
      </trkpt>
      <trkpt lat="45.2921" lon="6.09958">
        <ele>1632</ele>
        <time>2025-08-22T15:24:13+00:00</time>
      </trkpt>
      <trkpt lat="45.29205" lon="6.0997">
        <ele>1632</ele>
        <time>2025-08-22T15:24:16+00:00</time>
      </trkpt>
      <trkpt lat="45.29206" lon="6.09986">
        <ele>1640</ele>
        <time>2025-08-22T15:24:19+00:00</time>
      </trkpt>
      <trkpt lat="45.29206" lon="6.09998">
        <ele>1648</ele>
        <time>2025-08-22T15:24:22+00:00</time>
      </trkpt>
      <trkpt lat="45.29215" lon="6.10013">
        <ele>1656</ele>
        <time>2025-08-22T15:24:25+00:00</time>
      </trkpt>
      <trkpt lat="45.29214" lon="6.1002">
        <ele>1656</ele>
        <time>2025-08-22T15:24:28+00:00</time>
      </trkpt>
      <trkpt lat="45.29201" lon="6.10019">
        <ele>1656</ele>
        <time>2025-08-22T15:24:31+00:00</time>
      </trkpt>
      <trkpt lat="45.29193" lon="6.1002">
        <ele>1661</ele>
        <time>2025-08-22T15:24:34+00:00</time>
      </trkpt>
      <trkpt lat="45.29192" lon="6.10025">
        <ele>1669</ele>
        <time>2025-08-22T15:24:37+00:00</time>
      </trkpt>
      <trkpt lat="45.29186" lon="6.10024">
        <ele>1672</ele>
        <time>2025-08-22T15:24:40+00:00</time>
      </trkpt>
      <trkpt lat="45.29178" lon="6.10031">
        <ele>1672</ele>
        <time>2025-08-22T15:24:43+00:00</time>
      </trkpt>
      <trkpt lat="45.29167" lon="6.1003">
        <ele>1673</ele>
        <time>2025-08-22T15:24:46+00:00</time>
      </trkpt>
      <trkpt lat="45.2915" lon="6.10041">
        <ele>1676</ele>
        <time>2025-08-22T15:24:49+00:00</time>
      </trkpt>
      <trkpt lat="45.2914" lon="6.1004">
        <ele>1670</ele>
        <time>2025-08-22T15:24:52+00:00</time>
      </trkpt>
      <trkpt lat="45.29137" lon="6.10044">
        <ele>1681</ele>
        <time>2025-08-22T15:24:55+00:00</time>
      </trkpt>
      <trkpt lat="45.29132" lon="6.10045">
        <ele>1681</ele>
        <time>2025-08-22T15:24:58+00:00</time>
      </trkpt>
      <trkpt lat="45.2913" lon="6.10048">
        <ele>1681</ele>
        <time>2025-08-22T15:25:01+00:00</time>
      </trkpt>
      <trkpt lat="45.29121" lon="6.10069">
        <ele>1691</ele>
        <time>2025-08-22T15:25:04+00:00</time>
      </trkpt>
      <trkpt lat="45.29114" lon="6.10072">
        <ele>1697</ele>
        <time>2025-08-22T15:25:07+00:00</time>
      </trkpt>
      <trkpt lat="45.29107" lon="6.10078">
        <ele>1697</ele>
        <time>2025-08-22T15:25:10+00:00</time>
      </trkpt>
      <trkpt lat="45.29102" lon="6.1009">
        <ele>1697</ele>
        <time>2025-08-22T15:25:13+00:00</time>
      </trkpt>
      <trkpt lat="45.29102" lon="6.10102">
        <ele>1703</ele>
        <time>2025-08-22T15:25:16+00:00</time>
      </trkpt>
      <trkpt lat="45.29103" lon="6.10109">
        <ele>1703</ele>
        <time>2025-08-22T15:25:19+00:00</time>
      </trkpt>
      <trkpt lat="45.29107" lon="6.10112">
        <ele>1707</ele>
        <time>2025-08-22T15:25:22+00:00</time>
      </trkpt>
      <trkpt lat="45.2911" lon="6.10113">
        <ele>1707</ele>
        <time>2025-08-22T15:25:25+00:00</time>
      </trkpt>
      <trkpt lat="45.29114" lon="6.10155">
        <ele>1713</ele>
        <time>2025-08-22T15:25:28+00:00</time>
      </trkpt>
      <trkpt lat="45.29114" lon="6.10159">
        <ele>1713</ele>
        <time>2025-08-22T15:25:31+00:00</time>
      </trkpt>
      <trkpt lat="45.29115" lon="6.10163">
        <ele>1716</ele>
        <time>2025-08-22T15:25:34+00:00</time>
      </trkpt>
      <trkpt lat="45.29117" lon="6.10165">
        <ele>1716</ele>
        <time>2025-08-22T15:25:37+00:00</time>
      </trkpt>
      <trkpt lat="45.29117" lon="6.10167">
        <ele>1716</ele>
        <time>2025-08-22T15:25:40+00:00</time>
      </trkpt>
      <trkpt lat="45.29119" lon="6.10171">
        <ele>1716</ele>
        <time>2025-08-22T15:25:43+00:00</time>
      </trkpt>
      <trkpt lat="45.29122" lon="6.10172">
        <ele>1715</ele>
        <time>2025-08-22T15:25:46+00:00</time>
      </trkpt>
      <trkpt lat="45.2913" lon="6.1018">
        <ele>1715</ele>
        <time>2025-08-22T15:25:49+00:00</time>
      </trkpt>
      <trkpt lat="45.29127" lon="6.10189">
        <ele>1719</ele>
        <time>2025-08-22T15:25:52+00:00</time>
      </trkpt>
      <trkpt lat="45.29127" lon="6.10193">
        <ele>1725</ele>
        <time>2025-08-22T15:25:55+00:00</time>
      </trkpt>
      <trkpt lat="45.29128" lon="6.10195">
        <ele>1725</ele>
        <time>2025-08-22T15:25:58+00:00</time>
      </trkpt>
      <trkpt lat="45.29131" lon="6.10197">
        <ele>1725</ele>
        <time>2025-08-22T15:26:01+00:00</time>
      </trkpt>
      <trkpt lat="45.29136" lon="6.10199">
        <ele>1725</ele>
        <time>2025-08-22T15:26:04+00:00</time>
      </trkpt>
      <trkpt lat="45.29142" lon="6.1023">
        <ele>1731</ele>
        <time>2025-08-22T15:26:07+00:00</time>
      </trkpt>
      <trkpt lat="45.29145" lon="6.10238">
        <ele>1735</ele>
        <time>2025-08-22T15:26:10+00:00</time>
      </trkpt>
      <trkpt lat="45.29152" lon="6.10241">
        <ele>1740</ele>
        <time>2025-08-22T15:26:13+00:00</time>
      </trkpt>
      <trkpt lat="45.29155" lon="6.10245">
        <ele>1740</ele>
        <time>2025-08-22T15:26:16+00:00</time>
      </trkpt>
      <trkpt lat="45.29164" lon="6.10249">
        <ele>1740</ele>
        <time>2025-08-22T15:26:19+00:00</time>
      </trkpt>
      <trkpt lat="45.29171" lon="6.10254">
        <ele>1744</ele>
        <time>2025-08-22T15:26:22+00:00</time>
      </trkpt>
      <trkpt lat="45.29176" lon="6.10253">
        <ele>1744</ele>
        <time>2025-08-22T15:26:25+00:00</time>
      </trkpt>
      <trkpt lat="45.29182" lon="6.10254">
        <ele>1744</ele>
        <time>2025-08-22T15:26:28+00:00</time>
      </trkpt>
      <trkpt lat="45.29186" lon="6.10258">
        <ele>1744</ele>
        <time>2025-08-22T15:26:31+00:00</time>
      </trkpt>
      <trkpt lat="45.29193" lon="6.10258">
        <ele>1748</ele>
        <time>2025-08-22T15:26:34+00:00</time>
      </trkpt>
      <trkpt lat="45.29196" lon="6.10267">
        <ele>1752</ele>
        <time>2025-08-22T15:26:37+00:00</time>
      </trkpt>
      <trkpt lat="45.29195" lon="6.10275">
        <ele>1752</ele>
        <time>2025-08-22T15:26:40+00:00</time>
      </trkpt>
      <trkpt lat="45.29195" lon="6.10279">
        <ele>1752</ele>
        <time>2025-08-22T15:26:43+00:00</time>
      </trkpt>
      <trkpt lat="45.29196" lon="6.10284">
        <ele>1754</ele>
        <time>2025-08-22T15:26:46+00:00</time>
      </trkpt>
      <trkpt lat="45.29198" lon="6.10287">
        <ele>1754</ele>
        <time>2025-08-22T15:26:49+00:00</time>
      </trkpt>
      <trkpt lat="45.29205" lon="6.10293">
        <ele>1758</ele>
        <time>2025-08-22T15:26:52+00:00</time>
      </trkpt>
      <trkpt lat="45.29207" lon="6.10294">
        <ele>1758</ele>
        <time>2025-08-22T15:26:55+00:00</time>
      </trkpt>
      <trkpt lat="45.29209" lon="6.10299">
        <ele>1758</ele>
        <time>2025-08-22T15:26:58+00:00</time>
      </trkpt>
      <trkpt lat="45.29211" lon="6.10302">
        <ele>1760</ele>
        <time>2025-08-22T15:27:01+00:00</time>
      </trkpt>
      <trkpt lat="45.29216" lon="6.103">
        <ele>1758</ele>
        <time>2025-08-22T15:27:04+00:00</time>
      </trkpt>
      <trkpt lat="45.29219" lon="6.10312">
        <ele>1762</ele>
        <time>2025-08-22T15:27:07+00:00</time>
      </trkpt>
      <trkpt lat="45.29224" lon="6.10316">
        <ele>1766</ele>
        <time>2025-08-22T15:27:10+00:00</time>
      </trkpt>
      <trkpt lat="45.29228" lon="6.10317">
        <ele>1766</ele>
        <time>2025-08-22T15:27:13+00:00</time>
      </trkpt>
      <trkpt lat="45.29231" lon="6.10324">
        <ele>1766</ele>
        <time>2025-08-22T15:27:16+00:00</time>
      </trkpt>
      <trkpt lat="45.2924" lon="6.10356">
        <ele>1770</ele>
        <time>2025-08-22T15:27:19+00:00</time>
      </trkpt>
      <trkpt lat="45.2924" lon="6.10368">
        <ele>1772</ele>
        <time>2025-08-22T15:27:22+00:00</time>
      </trkpt>
      <trkpt lat="45.29239" lon="6.10372">
        <ele>1772</ele>
        <time>2025-08-22T15:27:25+00:00</time>
      </trkpt>
      <trkpt lat="45.2924" lon="6.10377">
        <ele>1772</ele>
        <time>2025-08-22T15:27:28+00:00</time>
      </trkpt>
      <trkpt lat="45.29242" lon="6.10382">
        <ele>1780</ele>
        <time>2025-08-22T15:27:31+00:00</time>
      </trkpt>
      <trkpt lat="45.29242" lon="6.1039">
        <ele>1780</ele>
        <time>2025-08-22T15:27:34+00:00</time>
      </trkpt>
      <trkpt lat="45.29243" lon="6.10394">
        <ele>1780</ele>
        <time>2025-08-22T15:27:37+00:00</time>
      </trkpt>
      <trkpt lat="45.29245" lon="6.10397">
        <ele>1780</ele>
        <time>2025-08-22T15:27:40+00:00</time>
      </trkpt>
      <trkpt lat="45.29246" lon="6.104">
        <ele>1780</ele>
        <time>2025-08-22T15:27:43+00:00</time>
      </trkpt>
      <trkpt lat="45.29247" lon="6.10406">
        <ele>1784</ele>
        <time>2025-08-22T15:27:46+00:00</time>
      </trkpt>
      <trkpt lat="45.29249" lon="6.10409">
        <ele>1784</ele>
        <time>2025-08-22T15:27:49+00:00</time>
      </trkpt>
      <trkpt lat="45.2925" lon="6.10412">
        <ele>1784</ele>
        <time>2025-08-22T15:27:52+00:00</time>
      </trkpt>
      <trkpt lat="45.29259" lon="6.10417">
        <ele>1784</ele>
        <time>2025-08-22T15:27:55+00:00</time>
      </trkpt>
      <trkpt lat="45.29264" lon="6.10419">
        <ele>1788</ele>
        <time>2025-08-22T15:27:58+00:00</time>
      </trkpt>
      <trkpt lat="45.29269" lon="6.10418">
        <ele>1788</ele>
        <time>2025-08-22T15:28:01+00:00</time>
      </trkpt>
      <trkpt lat="45.29274" lon="6.10423">
        <ele>1796</ele>
        <time>2025-08-22T15:28:04+00:00</time>
      </trkpt>
      <trkpt lat="45.29277" lon="6.10427">
        <ele>1796</ele>
        <time>2025-08-22T15:28:07+00:00</time>
      </trkpt>
      <trkpt lat="45.29286" lon="6.10428">
        <ele>1796</ele>
        <time>2025-08-22T15:28:10+00:00</time>
      </trkpt>
      <trkpt lat="45.29291" lon="6.10432">
        <ele>1799</ele>
        <time>2025-08-22T15:28:13+00:00</time>
      </trkpt>
      <trkpt lat="45.29291" lon="6.10437">
        <ele>1799</ele>
        <time>2025-08-22T15:28:16+00:00</time>
      </trkpt>
      <trkpt lat="45.2929" lon="6.10442">
        <ele>1801</ele>
        <time>2025-08-22T15:28:19+00:00</time>
      </trkpt>
      <trkpt lat="45.2929" lon="6.10447">
        <ele>1801</ele>
        <time>2025-08-22T15:28:22+00:00</time>
      </trkpt>
      <trkpt lat="45.29292" lon="6.10458">
        <ele>1803</ele>
        <time>2025-08-22T15:28:25+00:00</time>
      </trkpt>
      <trkpt lat="45.29293" lon="6.10462">
        <ele>1803</ele>
        <time>2025-08-22T15:28:28+00:00</time>
      </trkpt>
      <trkpt lat="45.29295" lon="6.10466">
        <ele>1803</ele>
        <time>2025-08-22T15:28:31+00:00</time>
      </trkpt>
      <trkpt lat="45.29296" lon="6.10472">
        <ele>1805</ele>
        <time>2025-08-22T15:28:34+00:00</time>
      </trkpt>
      <trkpt lat="45.29299" lon="6.10477">
        <ele>1805</ele>
        <time>2025-08-22T15:28:37+00:00</time>
      </trkpt>
      <trkpt lat="45.29303" lon="6.10479">
        <ele>1805</ele>
        <time>2025-08-22T15:28:40+00:00</time>
      </trkpt>
      <trkpt lat="45.29307" lon="6.10479">
        <ele>1805</ele>
        <time>2025-08-22T15:28:43+00:00</time>
      </trkpt>
      <trkpt lat="45.29309" lon="6.10482">
        <ele>1808</ele>
        <time>2025-08-22T15:28:46+00:00</time>
      </trkpt>
      <trkpt lat="45.29311" lon="6.10487">
        <ele>1807</ele>
        <time>2025-08-22T15:28:49+00:00</time>
      </trkpt>
      <trkpt lat="45.29314" lon="6.10491">
        <ele>1807</ele>
        <time>2025-08-22T15:28:52+00:00</time>
      </trkpt>
      <trkpt lat="45.29316" lon="6.10501">
        <ele>1809</ele>
        <time>2025-08-22T15:28:55+00:00</time>
      </trkpt>
      <trkpt lat="45.29319" lon="6.10525">
        <ele>1812</ele>
        <time>2025-08-22T15:28:58+00:00</time>
      </trkpt>
      <trkpt lat="45.29315" lon="6.10528">
        <ele>1812</ele>
        <time>2025-08-22T15:29:01+00:00</time>
      </trkpt>
      <trkpt lat="45.29314" lon="6.1053">
        <ele>1812</ele>
        <time>2025-08-22T15:29:04+00:00</time>
      </trkpt>
      <trkpt lat="45.29315" lon="6.10534">
        <ele>1812</ele>
        <time>2025-08-22T15:29:07+00:00</time>
      </trkpt>
      <trkpt lat="45.29312" lon="6.10548">
        <ele>1815</ele>
        <time>2025-08-22T15:29:10+00:00</time>
      </trkpt>
      <trkpt lat="45.29306" lon="6.10559">
        <ele>1818</ele>
        <time>2025-08-22T15:29:13+00:00</time>
      </trkpt>
      <trkpt lat="45.29305" lon="6.10563">
        <ele>1818</ele>
        <time>2025-08-22T15:29:16+00:00</time>
      </trkpt>
      <trkpt lat="45.29303" lon="6.10565">
        <ele>1818</ele>
        <time>2025-08-22T15:29:19+00:00</time>
      </trkpt>
      <trkpt lat="45.29299" lon="6.10567">
        <ele>1818</ele>
        <time>2025-08-22T15:29:22+00:00</time>
      </trkpt>
      <trkpt lat="45.29296" lon="6.10575">
        <ele>1819</ele>
        <time>2025-08-22T15:29:25+00:00</time>
      </trkpt>
      <trkpt lat="45.29288" lon="6.10593">
        <ele>1823</ele>
        <time>2025-08-22T15:29:28+00:00</time>
      </trkpt>
      <trkpt lat="45.29282" lon="6.1063">
        <ele>1823</ele>
        <time>2025-08-22T15:29:31+00:00</time>
      </trkpt>
      <trkpt lat="45.29281" lon="6.10644">
        <ele>1822</ele>
        <time>2025-08-22T15:29:34+00:00</time>
      </trkpt>
      <trkpt lat="45.29283" lon="6.10649">
        <ele>1822</ele>
        <time>2025-08-22T15:29:37+00:00</time>
      </trkpt>
      <trkpt lat="45.29283" lon="6.1066">
        <ele>1822</ele>
        <time>2025-08-22T15:29:40+00:00</time>
      </trkpt>
      <trkpt lat="45.29284" lon="6.10662">
        <ele>1821</ele>
        <time>2025-08-22T15:29:43+00:00</time>
      </trkpt>
      <trkpt lat="45.29291" lon="6.1067">
        <ele>1819</ele>
        <time>2025-08-22T15:29:46+00:00</time>
      </trkpt>
      <trkpt lat="45.29291" lon="6.10678">
        <ele>1819</ele>
        <time>2025-08-22T15:29:49+00:00</time>
      </trkpt>
      <trkpt lat="45.29292" lon="6.10681">
        <ele>1819</ele>
        <time>2025-08-22T15:29:52+00:00</time>
      </trkpt>
      <trkpt lat="45.29291" lon="6.10683">
        <ele>1821</ele>
        <time>2025-08-22T15:29:55+00:00</time>
      </trkpt>
      <trkpt lat="45.29291" lon="6.10689">
        <ele>1819</ele>
        <time>2025-08-22T15:29:58+00:00</time>
      </trkpt>
      <trkpt lat="45.29294" lon="6.10695">
        <ele>1820</ele>
        <time>2025-08-22T15:30:01+00:00</time>
      </trkpt>
      <trkpt lat="45.29294" lon="6.107">
        <ele>1820</ele>
        <time>2025-08-22T15:30:04+00:00</time>
      </trkpt>
      <trkpt lat="45.29295" lon="6.10701">
        <ele>1820</ele>
        <time>2025-08-22T15:30:07+00:00</time>
      </trkpt>
      <trkpt lat="45.29295" lon="6.107">
        <ele>1820</ele>
        <time>2025-08-22T15:30:10+00:00</time>
      </trkpt>
      <trkpt lat="45.29296" lon="6.10699">
        <ele>1820</ele>
        <time>2025-08-22T15:30:13+00:00</time>
      </trkpt>
      <trkpt lat="45.29299" lon="6.10693">
        <ele>1820</ele>
        <time>2025-08-22T15:30:16+00:00</time>
      </trkpt>
      <trkpt lat="45.29303" lon="6.10688">
        <ele>1819</ele>
        <time>2025-08-22T15:30:19+00:00</time>
      </trkpt>
      <trkpt lat="45.29306" lon="6.10687">
        <ele>1819</ele>
        <time>2025-08-22T15:30:22+00:00</time>
      </trkpt>
      <trkpt lat="45.29307" lon="6.1069">
        <ele>1819</ele>
        <time>2025-08-22T15:30:25+00:00</time>
      </trkpt>
      <trkpt lat="45.29307" lon="6.10693">
        <ele>1820</ele>
        <time>2025-08-22T15:30:28+00:00</time>
      </trkpt>
      <trkpt lat="45.29306" lon="6.10696">
        <ele>1820</ele>
        <time>2025-08-22T15:30:31+00:00</time>
      </trkpt>
      <trkpt lat="45.29306" lon="6.10701">
        <ele>1820</ele>
        <time>2025-08-22T15:30:34+00:00</time>
      </trkpt>
      <trkpt lat="45.29305" lon="6.10706">
        <ele>1820</ele>
        <time>2025-08-22T15:30:37+00:00</time>
      </trkpt>
      <trkpt lat="45.29301" lon="6.10714">
        <ele>1822</ele>
        <time>2025-08-22T15:30:40+00:00</time>
      </trkpt>
      <trkpt lat="45.29301" lon="6.10719">
        <ele>1822</ele>
        <time>2025-08-22T15:30:43+00:00</time>
      </trkpt>
      <trkpt lat="45.29303" lon="6.10722">
        <ele>1825</ele>
        <time>2025-08-22T15:30:46+00:00</time>
      </trkpt>
      <trkpt lat="45.293" lon="6.1073">
        <ele>1825</ele>
        <time>2025-08-22T15:30:49+00:00</time>
      </trkpt>
      <trkpt lat="45.29299" lon="6.10735">
        <ele>1825</ele>
        <time>2025-08-22T15:30:52+00:00</time>
      </trkpt>
      <trkpt lat="45.29298" lon="6.10746">
        <ele>1829</ele>
        <time>2025-08-22T15:30:55+00:00</time>
      </trkpt>
      <trkpt lat="45.29296" lon="6.10755">
        <ele>1829</ele>
        <time>2025-08-22T15:30:58+00:00</time>
      </trkpt>
      <trkpt lat="45.29295" lon="6.10768">
        <ele>1832</ele>
        <time>2025-08-22T15:31:01+00:00</time>
      </trkpt>
      <trkpt lat="45.29292" lon="6.1078">
        <ele>1832</ele>
        <time>2025-08-22T15:31:04+00:00</time>
      </trkpt>
      <trkpt lat="45.29283" lon="6.10794">
        <ele>1834</ele>
        <time>2025-08-22T15:31:07+00:00</time>
      </trkpt>
      <trkpt lat="45.2928" lon="6.10797">
        <ele>1834</ele>
        <time>2025-08-22T15:31:10+00:00</time>
      </trkpt>
      <trkpt lat="45.29279" lon="6.10802">
        <ele>1834</ele>
        <time>2025-08-22T15:31:13+00:00</time>
      </trkpt>
      <trkpt lat="45.29279" lon="6.10821">
        <ele>1837</ele>
        <time>2025-08-22T15:31:16+00:00</time>
      </trkpt>
      <trkpt lat="45.2927" lon="6.10858">
        <ele>1844</ele>
        <time>2025-08-22T15:31:19+00:00</time>
      </trkpt>
      <trkpt lat="45.2927" lon="6.1087">
        <ele>1849</ele>
        <time>2025-08-22T15:31:22+00:00</time>
      </trkpt>
      <trkpt lat="45.29268" lon="6.10879">
        <ele>1849</ele>
        <time>2025-08-22T15:31:25+00:00</time>
      </trkpt>
      <trkpt lat="45.29267" lon="6.10887">
        <ele>1854</ele>
        <time>2025-08-22T15:31:28+00:00</time>
      </trkpt>
      <trkpt lat="45.29267" lon="6.10889">
        <ele>1854</ele>
        <time>2025-08-22T15:31:31+00:00</time>
      </trkpt>
      <trkpt lat="45.29269" lon="6.10895">
        <ele>1854</ele>
        <time>2025-08-22T15:31:34+00:00</time>
      </trkpt>
      <trkpt lat="45.29269" lon="6.10899">
        <ele>1854</ele>
        <time>2025-08-22T15:31:37+00:00</time>
      </trkpt>
      <trkpt lat="45.29267" lon="6.10913">
        <ele>1860</ele>
        <time>2025-08-22T15:31:40+00:00</time>
      </trkpt>
      <trkpt lat="45.29267" lon="6.1092">
        <ele>1860</ele>
        <time>2025-08-22T15:31:43+00:00</time>
      </trkpt>
      <trkpt lat="45.29266" lon="6.10932">
        <ele>1863</ele>
        <time>2025-08-22T15:31:46+00:00</time>
      </trkpt>
      <trkpt lat="45.29267" lon="6.10939">
        <ele>1863</ele>
        <time>2025-08-22T15:31:49+00:00</time>
      </trkpt>
      <trkpt lat="45.29267" lon="6.10951">
        <ele>1866</ele>
        <time>2025-08-22T15:31:52+00:00</time>
      </trkpt>
      <trkpt lat="45.29263" lon="6.10966">
        <ele>1866</ele>
        <time>2025-08-22T15:31:55+00:00</time>
      </trkpt>
      <trkpt lat="45.29265" lon="6.10973">
        <ele>1869</ele>
        <time>2025-08-22T15:31:58+00:00</time>
      </trkpt>
      <trkpt lat="45.29266" lon="6.1098">
        <ele>1869</ele>
        <time>2025-08-22T15:32:01+00:00</time>
      </trkpt>
      <trkpt lat="45.29263" lon="6.10991">
        <ele>1872</ele>
        <time>2025-08-22T15:32:04+00:00</time>
      </trkpt>
      <trkpt lat="45.29258" lon="6.11034">
        <ele>1885</ele>
        <time>2025-08-22T15:32:07+00:00</time>
      </trkpt>
      <trkpt lat="45.29253" lon="6.11046">
        <ele>1885</ele>
        <time>2025-08-22T15:32:10+00:00</time>
      </trkpt>
      <trkpt lat="45.29253" lon="6.11054">
        <ele>1889</ele>
        <time>2025-08-22T15:32:13+00:00</time>
      </trkpt>
      <trkpt lat="45.29251" lon="6.11056">
        <ele>1889</ele>
        <time>2025-08-22T15:32:16+00:00</time>
      </trkpt>
      <trkpt lat="45.29247" lon="6.11064">
        <ele>1889</ele>
        <time>2025-08-22T15:32:19+00:00</time>
      </trkpt>
      <trkpt lat="45.29248" lon="6.11069">
        <ele>1889</ele>
        <time>2025-08-22T15:32:22+00:00</time>
      </trkpt>
      <trkpt lat="45.2925" lon="6.11071">
        <ele>1893</ele>
        <time>2025-08-22T15:32:25+00:00</time>
      </trkpt>
      <trkpt lat="45.2925" lon="6.11074">
        <ele>1893</ele>
        <time>2025-08-22T15:32:28+00:00</time>
      </trkpt>
      <trkpt lat="45.2924" lon="6.11091">
        <ele>1900</ele>
        <time>2025-08-22T15:32:31+00:00</time>
      </trkpt>
      <trkpt lat="45.29235" lon="6.11103">
        <ele>1907</ele>
        <time>2025-08-22T15:32:34+00:00</time>
      </trkpt>
      <trkpt lat="45.29232" lon="6.11106">
        <ele>1907</ele>
        <time>2025-08-22T15:32:37+00:00</time>
      </trkpt>
      <trkpt lat="45.29222" lon="6.11112">
        <ele>1907</ele>
        <time>2025-08-22T15:32:40+00:00</time>
      </trkpt>
      <trkpt lat="45.2922" lon="6.11115">
        <ele>1911</ele>
        <time>2025-08-22T15:32:43+00:00</time>
      </trkpt>
      <trkpt lat="45.2922" lon="6.11121">
        <ele>1915</ele>
        <time>2025-08-22T15:32:46+00:00</time>
      </trkpt>
      <trkpt lat="45.29222" lon="6.11127">
        <ele>1914</ele>
        <time>2025-08-22T15:32:49+00:00</time>
      </trkpt>
      <trkpt lat="45.29222" lon="6.11132">
        <ele>1914</ele>
        <time>2025-08-22T15:32:52+00:00</time>
      </trkpt>
      <trkpt lat="45.29219" lon="6.11146">
        <ele>1919</ele>
        <time>2025-08-22T15:32:55+00:00</time>
      </trkpt>
      <trkpt lat="45.29219" lon="6.11154">
        <ele>1923</ele>
        <time>2025-08-22T15:32:58+00:00</time>
      </trkpt>
      <trkpt lat="45.29217" lon="6.11163">
        <ele>1923</ele>
        <time>2025-08-22T15:33:01+00:00</time>
      </trkpt>
      <trkpt lat="45.29214" lon="6.11167">
        <ele>1923</ele>
        <time>2025-08-22T15:33:04+00:00</time>
      </trkpt>
      <trkpt lat="45.29207" lon="6.1118">
        <ele>1929</ele>
        <time>2025-08-22T15:33:07+00:00</time>
      </trkpt>
      <trkpt lat="45.29204" lon="6.11183">
        <ele>1929</ele>
        <time>2025-08-22T15:33:10+00:00</time>
      </trkpt>
      <trkpt lat="45.29201" lon="6.11189">
        <ele>1929</ele>
        <time>2025-08-22T15:33:13+00:00</time>
      </trkpt>
      <trkpt lat="45.29195" lon="6.11214">
        <ele>1940</ele>
        <time>2025-08-22T15:33:16+00:00</time>
      </trkpt>
      <trkpt lat="45.29196" lon="6.11218">
        <ele>1940</ele>
        <time>2025-08-22T15:33:19+00:00</time>
      </trkpt>
      <trkpt lat="45.29196" lon="6.11224">
        <ele>1944</ele>
        <time>2025-08-22T15:33:22+00:00</time>
      </trkpt>
      <trkpt lat="45.2919" lon="6.11232">
        <ele>1946</ele>
        <time>2025-08-22T15:33:25+00:00</time>
      </trkpt>
      <trkpt lat="45.29186" lon="6.11236">
        <ele>1946</ele>
        <time>2025-08-22T15:33:28+00:00</time>
      </trkpt>
      <trkpt lat="45.29186" lon="6.11239">
        <ele>1946</ele>
        <time>2025-08-22T15:33:31+00:00</time>
      </trkpt>
      <trkpt lat="45.29184" lon="6.11243">
        <ele>1951</ele>
        <time>2025-08-22T15:33:34+00:00</time>
      </trkpt>
      <trkpt lat="45.29181" lon="6.11246">
        <ele>1951</ele>
        <time>2025-08-22T15:33:37+00:00</time>
      </trkpt>
      <trkpt lat="45.29181" lon="6.11251">
        <ele>1951</ele>
        <time>2025-08-22T15:33:40+00:00</time>
      </trkpt>
      <trkpt lat="45.29179" lon="6.11254">
        <ele>1951</ele>
        <time>2025-08-22T15:33:43+00:00</time>
      </trkpt>
      <trkpt lat="45.2917" lon="6.11259">
        <ele>1954</ele>
        <time>2025-08-22T15:33:46+00:00</time>
      </trkpt>
      <trkpt lat="45.29164" lon="6.11259">
        <ele>1954</ele>
        <time>2025-08-22T15:33:49+00:00</time>
      </trkpt>
      <trkpt lat="45.29153" lon="6.11261">
        <ele>1960</ele>
        <time>2025-08-22T15:33:52+00:00</time>
      </trkpt>
      <trkpt lat="45.29149" lon="6.11263">
        <ele>1961</ele>
        <time>2025-08-22T15:33:55+00:00</time>
      </trkpt>
      <trkpt lat="45.29137" lon="6.11272">
        <ele>1969</ele>
        <time>2025-08-22T15:33:58+00:00</time>
      </trkpt>
      <trkpt lat="45.29133" lon="6.11274">
        <ele>1969</ele>
        <time>2025-08-22T15:34:01+00:00</time>
      </trkpt>
      <trkpt lat="45.29118" lon="6.11279">
        <ele>1972</ele>
        <time>2025-08-22T15:34:04+00:00</time>
      </trkpt>
      <trkpt lat="45.29113" lon="6.11283">
        <ele>1972</ele>
        <time>2025-08-22T15:34:07+00:00</time>
      </trkpt>
      <trkpt lat="45.29105" lon="6.11287">
        <ele>1972</ele>
        <time>2025-08-22T15:34:10+00:00</time>
      </trkpt>
      <trkpt lat="45.29097" lon="6.11296">
        <ele>1979</ele>
        <time>2025-08-22T15:34:13+00:00</time>
      </trkpt>
      <trkpt lat="45.29092" lon="6.11307">
        <ele>1979</ele>
        <time>2025-08-22T15:34:16+00:00</time>
      </trkpt>
      <trkpt lat="45.29089" lon="6.11319">
        <ele>1983</ele>
        <time>2025-08-22T15:34:19+00:00</time>
      </trkpt>
      <trkpt lat="45.29084" lon="6.11321">
        <ele>1983</ele>
        <time>2025-08-22T15:34:22+00:00</time>
      </trkpt>
      <trkpt lat="45.29079" lon="6.11329">
        <ele>1985</ele>
        <time>2025-08-22T15:34:25+00:00</time>
      </trkpt>
      <trkpt lat="45.29077" lon="6.1134">
        <ele>1989</ele>
        <time>2025-08-22T15:34:28+00:00</time>
      </trkpt>
      <trkpt lat="45.29068" lon="6.11356">
        <ele>1994</ele>
        <time>2025-08-22T15:34:31+00:00</time>
      </trkpt>
      <trkpt lat="45.29058" lon="6.11371">
        <ele>1997</ele>
        <time>2025-08-22T15:34:34+00:00</time>
      </trkpt>
      <trkpt lat="45.29056" lon="6.11387">
        <ele>2001</ele>
        <time>2025-08-22T15:34:37+00:00</time>
      </trkpt>
      <trkpt lat="45.29052" lon="6.11395">
        <ele>2005</ele>
        <time>2025-08-22T15:34:40+00:00</time>
      </trkpt>
      <trkpt lat="45.2905" lon="6.11403">
        <ele>2007</ele>
        <time>2025-08-22T15:34:43+00:00</time>
      </trkpt>
      <trkpt lat="45.29049" lon="6.11413">
        <ele>2012</ele>
        <time>2025-08-22T15:34:46+00:00</time>
      </trkpt>
      <trkpt lat="45.29047" lon="6.11419">
        <ele>2012</ele>
        <time>2025-08-22T15:34:49+00:00</time>
      </trkpt>
      <trkpt lat="45.29047" lon="6.11422">
        <ele>2012</ele>
        <time>2025-08-22T15:34:52+00:00</time>
      </trkpt>
      <trkpt lat="45.29048" lon="6.11426">
        <ele>2012</ele>
        <time>2025-08-22T15:34:55+00:00</time>
      </trkpt>
      <trkpt lat="45.29048" lon="6.11431">
        <ele>2017</ele>
        <time>2025-08-22T15:34:58+00:00</time>
      </trkpt>
      <trkpt lat="45.2905" lon="6.11435">
        <ele>2017</ele>
        <time>2025-08-22T15:35:01+00:00</time>
      </trkpt>
      <trkpt lat="45.2905" lon="6.11438">
        <ele>2017</ele>
        <time>2025-08-22T15:35:04+00:00</time>
      </trkpt>
      <trkpt lat="45.29048" lon="6.1144">
        <ele>2017</ele>
        <time>2025-08-22T15:35:07+00:00</time>
      </trkpt>
      <trkpt lat="45.29043" lon="6.1144">
        <ele>2017</ele>
        <time>2025-08-22T15:35:10+00:00</time>
      </trkpt>
      <trkpt lat="45.29038" lon="6.11449">
        <ele>2017</ele>
        <time>2025-08-22T15:35:13+00:00</time>
      </trkpt>
      <trkpt lat="45.29036" lon="6.11454">
        <ele>2022</ele>
        <time>2025-08-22T15:35:16+00:00</time>
      </trkpt>
      <trkpt lat="45.29034" lon="6.11457">
        <ele>2022</ele>
        <time>2025-08-22T15:35:19+00:00</time>
      </trkpt>
      <trkpt lat="45.29031" lon="6.1146">
        <ele>2022</ele>
        <time>2025-08-22T15:35:22+00:00</time>
      </trkpt>
      <trkpt lat="45.29027" lon="6.11473">
        <ele>2027</ele>
        <time>2025-08-22T15:35:25+00:00</time>
      </trkpt>
      <trkpt lat="45.2902" lon="6.11491">
        <ele>2034</ele>
        <time>2025-08-22T15:35:28+00:00</time>
      </trkpt>
      <trkpt lat="45.29015" lon="6.115">
        <ele>2034</ele>
        <time>2025-08-22T15:35:31+00:00</time>
      </trkpt>
      <trkpt lat="45.29012" lon="6.11509">
        <ele>2038</ele>
        <time>2025-08-22T15:35:34+00:00</time>
      </trkpt>
      <trkpt lat="45.29006" lon="6.11529">
        <ele>2045</ele>
        <time>2025-08-22T15:35:37+00:00</time>
      </trkpt>
      <trkpt lat="45.29" lon="6.11559">
        <ele>2062</ele>
        <time>2025-08-22T15:35:40+00:00</time>
      </trkpt>
      <trkpt lat="45.28993" lon="6.11581">
        <ele>2066</ele>
        <time>2025-08-22T15:35:43+00:00</time>
      </trkpt>
      <trkpt lat="45.28989" lon="6.1159">
        <ele>2066</ele>
        <time>2025-08-22T15:35:46+00:00</time>
      </trkpt>
      <trkpt lat="45.28989" lon="6.11601">
        <ele>2069</ele>
        <time>2025-08-22T15:35:49+00:00</time>
      </trkpt>
      <trkpt lat="45.28988" lon="6.11607">
        <ele>2069</ele>
        <time>2025-08-22T15:35:52+00:00</time>
      </trkpt>
      <trkpt lat="45.28988" lon="6.11611">
        <ele>2069</ele>
        <time>2025-08-22T15:35:55+00:00</time>
      </trkpt>
      <trkpt lat="45.28991" lon="6.1161">
        <ele>2069</ele>
        <time>2025-08-22T15:35:58+00:00</time>
      </trkpt>
      <trkpt lat="45.28995" lon="6.11611">
        <ele>2069</ele>
        <time>2025-08-22T15:36:01+00:00</time>
      </trkpt>
      <trkpt lat="45.28997" lon="6.11613">
        <ele>2069</ele>
        <time>2025-08-22T15:36:04+00:00</time>
      </trkpt>
      <trkpt lat="45.28996" lon="6.11619">
        <ele>2069</ele>
        <time>2025-08-22T15:36:07+00:00</time>
      </trkpt>
      <trkpt lat="45.28988" lon="6.11636">
        <ele>2083</ele>
        <time>2025-08-22T15:36:10+00:00</time>
      </trkpt>
      <trkpt lat="45.28982" lon="6.11646">
        <ele>2083</ele>
        <time>2025-08-22T15:36:13+00:00</time>
      </trkpt>
      <trkpt lat="45.2898" lon="6.11651">
        <ele>2087</ele>
        <time>2025-08-22T15:36:16+00:00</time>
      </trkpt>
      <trkpt lat="45.28981" lon="6.11657">
        <ele>2089</ele>
        <time>2025-08-22T15:36:19+00:00</time>
      </trkpt>
      <trkpt lat="45.28976" lon="6.11662">
        <ele>2087</ele>
        <time>2025-08-22T15:36:22+00:00</time>
      </trkpt>
      <trkpt lat="45.28972" lon="6.11671">
        <ele>2093</ele>
        <time>2025-08-22T15:36:25+00:00</time>
      </trkpt>
      <trkpt lat="45.28963" lon="6.11677">
        <ele>2093</ele>
        <time>2025-08-22T15:36:28+00:00</time>
      </trkpt>
      <trkpt lat="45.28944" lon="6.11687">
        <ele>2096</ele>
        <time>2025-08-22T15:36:31+00:00</time>
      </trkpt>
      <trkpt lat="45.28936" lon="6.11697">
        <ele>2097</ele>
        <time>2025-08-22T15:36:34+00:00</time>
      </trkpt>
      <trkpt lat="45.2892" lon="6.11712">
        <ele>2102</ele>
        <time>2025-08-22T15:36:37+00:00</time>
      </trkpt>
      <trkpt lat="45.28902" lon="6.11728">
        <ele>2105</ele>
        <time>2025-08-22T15:36:40+00:00</time>
      </trkpt>
      <trkpt lat="45.28901" lon="6.11734">
        <ele>2105</ele>
        <time>2025-08-22T15:36:43+00:00</time>
      </trkpt>
      <trkpt lat="45.28893" lon="6.11746">
        <ele>2110</ele>
        <time>2025-08-22T15:36:46+00:00</time>
      </trkpt>
      <trkpt lat="45.28877" lon="6.11784">
        <ele>2118</ele>
        <time>2025-08-22T15:36:49+00:00</time>
      </trkpt>
      <trkpt lat="45.28872" lon="6.11798">
        <ele>2121</ele>
        <time>2025-08-22T15:36:52+00:00</time>
      </trkpt>
      <trkpt lat="45.28859" lon="6.1184">
        <ele>2128</ele>
        <time>2025-08-22T15:36:55+00:00</time>
      </trkpt>
      <trkpt lat="45.28844" lon="6.11895">
        <ele>2139</ele>
        <time>2025-08-22T15:36:58+00:00</time>
      </trkpt>
      <trkpt lat="45.28849" lon="6.11912">
        <ele>2141</ele>
        <time>2025-08-22T15:37:01+00:00</time>
      </trkpt>
      <trkpt lat="45.28851" lon="6.11928">
        <ele>2141</ele>
        <time>2025-08-22T15:37:04+00:00</time>
      </trkpt>
      <trkpt lat="45.2885" lon="6.11942">
        <ele>2144</ele>
        <time>2025-08-22T15:37:07+00:00</time>
      </trkpt>
      <trkpt lat="45.28848" lon="6.11955">
        <ele>2144</ele>
        <time>2025-08-22T15:37:10+00:00</time>
      </trkpt>
      <trkpt lat="45.28844" lon="6.11971">
        <ele>2145</ele>
        <time>2025-08-22T15:37:13+00:00</time>
      </trkpt>
      <trkpt lat="45.28845" lon="6.11982">
        <ele>2146</ele>
        <time>2025-08-22T15:37:16+00:00</time>
      </trkpt>
      <trkpt lat="45.28843" lon="6.12004">
        <ele>2148</ele>
        <time>2025-08-22T15:37:19+00:00</time>
      </trkpt>
      <trkpt lat="45.28844" lon="6.12009">
        <ele>2148</ele>
        <time>2025-08-22T15:37:22+00:00</time>
      </trkpt>
      <trkpt lat="45.28848" lon="6.12014">
        <ele>2149</ele>
        <time>2025-08-22T15:37:25+00:00</time>
      </trkpt>
      <trkpt lat="45.28849" lon="6.12018">
        <ele>2149</ele>
        <time>2025-08-22T15:37:28+00:00</time>
      </trkpt>
      <trkpt lat="45.28848" lon="6.12029">
        <ele>2149</ele>
        <time>2025-08-22T15:37:31+00:00</time>
      </trkpt>
      <trkpt lat="45.28848" lon="6.12037">
        <ele>2151</ele>
        <time>2025-08-22T15:37:34+00:00</time>
      </trkpt>
      <trkpt lat="45.28849" lon="6.12041">
        <ele>2151</ele>
        <time>2025-08-22T15:37:37+00:00</time>
      </trkpt>
      <trkpt lat="45.28852" lon="6.12042">
        <ele>2151</ele>
        <time>2025-08-22T15:37:40+00:00</time>
      </trkpt>
      <trkpt lat="45.28855" lon="6.1204">
        <ele>2151</ele>
        <time>2025-08-22T15:37:43+00:00</time>
      </trkpt>
      <trkpt lat="45.28857" lon="6.12035">
        <ele>2151</ele>
        <time>2025-08-22T15:37:46+00:00</time>
      </trkpt>
      <trkpt lat="45.2886" lon="6.12034">
        <ele>2151</ele>
        <time>2025-08-22T15:37:49+00:00</time>
      </trkpt>
      <trkpt lat="45.28863" lon="6.12037">
        <ele>2153</ele>
        <time>2025-08-22T15:37:52+00:00</time>
      </trkpt>
      <trkpt lat="45.28865" lon="6.12042">
        <ele>2153</ele>
        <time>2025-08-22T15:37:55+00:00</time>
      </trkpt>
      <trkpt lat="45.28868" lon="6.12047">
        <ele>2153</ele>
        <time>2025-08-22T15:37:58+00:00</time>
      </trkpt>
      <trkpt lat="45.28874" lon="6.12049">
        <ele>2153</ele>
        <time>2025-08-22T15:38:01+00:00</time>
      </trkpt>
      <trkpt lat="45.28879" lon="6.12048">
        <ele>2153</ele>
        <time>2025-08-22T15:38:04+00:00</time>
      </trkpt>
      <trkpt lat="45.28885" lon="6.12043">
        <ele>2156</ele>
        <time>2025-08-22T15:38:07+00:00</time>
      </trkpt>
      <trkpt lat="45.28892" lon="6.1204">
        <ele>2156</ele>
        <time>2025-08-22T15:38:10+00:00</time>
      </trkpt>
      <trkpt lat="45.28897" lon="6.12039">
        <ele>2156</ele>
        <time>2025-08-22T15:38:13+00:00</time>
      </trkpt>
      <trkpt lat="45.28902" lon="6.12042">
        <ele>2158</ele>
        <time>2025-08-22T15:38:16+00:00</time>
      </trkpt>
      <trkpt lat="45.28904" lon="6.12045">
        <ele>2158</ele>
        <time>2025-08-22T15:38:19+00:00</time>
      </trkpt>
      <trkpt lat="45.28914" lon="6.12053">
        <ele>2161</ele>
        <time>2025-08-22T15:38:22+00:00</time>
      </trkpt>
      <trkpt lat="45.28926" lon="6.1208">
        <ele>2163</ele>
        <time>2025-08-22T15:38:25+00:00</time>
      </trkpt>
      <trkpt lat="45.28941" lon="6.12106">
        <ele>2171</ele>
        <time>2025-08-22T15:38:28+00:00</time>
      </trkpt>
      <trkpt lat="45.28958" lon="6.12126">
        <ele>2178</ele>
        <time>2025-08-22T15:38:31+00:00</time>
      </trkpt>
      <trkpt lat="45.28966" lon="6.12156">
        <ele>2189</ele>
        <time>2025-08-22T15:38:34+00:00</time>
      </trkpt>
      <trkpt lat="45.28985" lon="6.12175">
        <ele>2196</ele>
        <time>2025-08-22T15:38:37+00:00</time>
      </trkpt>
      <trkpt lat="45.29002" lon="6.12197">
        <ele>2202</ele>
        <time>2025-08-22T15:38:40+00:00</time>
      </trkpt>
      <trkpt lat="45.29013" lon="6.12225">
        <ele>2210</ele>
        <time>2025-08-22T15:38:43+00:00</time>
      </trkpt>
      <trkpt lat="45.2902" lon="6.12256">
        <ele>2224</ele>
        <time>2025-08-22T15:38:46+00:00</time>
      </trkpt>
      <trkpt lat="45.29022" lon="6.12288">
        <ele>2231</ele>
        <time>2025-08-22T15:38:49+00:00</time>
      </trkpt>
      <trkpt lat="45.2903" lon="6.12318">
        <ele>2245</ele>
        <time>2025-08-22T15:38:52+00:00</time>
      </trkpt>
      <trkpt lat="45.2904" lon="6.12346">
        <ele>2261</ele>
        <time>2025-08-22T15:38:55+00:00</time>
      </trkpt>
      <trkpt lat="45.29052" lon="6.12374">
        <ele>2272</ele>
        <time>2025-08-22T15:38:58+00:00</time>
      </trkpt>
      <trkpt lat="45.29068" lon="6.12397">
        <ele>2274</ele>
        <time>2025-08-22T15:39:01+00:00</time>
      </trkpt>
      <trkpt lat="45.29073" lon="6.12428">
        <ele>2280</ele>
        <time>2025-08-22T15:39:04+00:00</time>
      </trkpt>
      <trkpt lat="45.29095" lon="6.12486">
        <ele>2281</ele>
        <time>2025-08-22T15:39:07+00:00</time>
      </trkpt>
      <trkpt lat="45.29112" lon="6.12508">
        <ele>2282</ele>
        <time>2025-08-22T15:39:10+00:00</time>
      </trkpt>
      <trkpt lat="45.2913" lon="6.12529">
        <ele>2282</ele>
        <time>2025-08-22T15:39:13+00:00</time>
      </trkpt>
      <trkpt lat="45.2915" lon="6.12543">
        <ele>2283</ele>
        <time>2025-08-22T15:39:16+00:00</time>
      </trkpt>
      <trkpt lat="45.29172" lon="6.12555">
        <ele>2291</ele>
        <time>2025-08-22T15:39:19+00:00</time>
      </trkpt>
      <trkpt lat="45.29188" lon="6.12576">
        <ele>2291</ele>
        <time>2025-08-22T15:39:22+00:00</time>
      </trkpt>
      <trkpt lat="45.2921" lon="6.1259">
        <ele>2306</ele>
        <time>2025-08-22T15:39:25+00:00</time>
      </trkpt>
      <trkpt lat="45.29227" lon="6.12611">
        <ele>2321</ele>
        <time>2025-08-22T15:39:28+00:00</time>
      </trkpt>
      <trkpt lat="45.2922" lon="6.12644">
        <ele>2326</ele>
        <time>2025-08-22T15:39:31+00:00</time>
      </trkpt>
      <trkpt lat="45.29227" lon="6.12667">
        <ele>2331</ele>
        <time>2025-08-22T15:39:34+00:00</time>
      </trkpt>
      <trkpt lat="45.29226" lon="6.12695">
        <ele>2332</ele>
        <time>2025-08-22T15:39:37+00:00</time>
      </trkpt>
      <trkpt lat="45.29233" lon="6.12737">
        <ele>2335</ele>
        <time>2025-08-22T15:39:40+00:00</time>
      </trkpt>
      <trkpt lat="45.29243" lon="6.12765">
        <ele>2341</ele>
        <time>2025-08-22T15:39:43+00:00</time>
      </trkpt>
      <trkpt lat="45.29252" lon="6.12795">
        <ele>2350</ele>
        <time>2025-08-22T15:39:46+00:00</time>
      </trkpt>
      <trkpt lat="45.29264" lon="6.12822">
        <ele>2367</ele>
        <time>2025-08-22T15:39:49+00:00</time>
      </trkpt>
      <trkpt lat="45.29273" lon="6.12854">
        <ele>2384</ele>
        <time>2025-08-22T15:39:52+00:00</time>
      </trkpt>
      <trkpt lat="45.29274" lon="6.12886">
        <ele>2390</ele>
        <time>2025-08-22T15:39:55+00:00</time>
      </trkpt>
      <trkpt lat="45.2928" lon="6.12917">
        <ele>2399</ele>
        <time>2025-08-22T15:39:58+00:00</time>
      </trkpt>
      <trkpt lat="45.29267" lon="6.12945">
        <ele>2408</ele>
        <time>2025-08-22T15:40:01+00:00</time>
      </trkpt>
      <trkpt lat="45.29259" lon="6.12975">
        <ele>2412</ele>
        <time>2025-08-22T15:40:04+00:00</time>
      </trkpt>
      <trkpt lat="45.29253" lon="6.13005">
        <ele>2417</ele>
        <time>2025-08-22T15:40:07+00:00</time>
      </trkpt>
      <trkpt lat="45.29252" lon="6.13038">
        <ele>2431</ele>
        <time>2025-08-22T15:40:10+00:00</time>
      </trkpt>
      <trkpt lat="45.29257" lon="6.13069">
        <ele>2441</ele>
        <time>2025-08-22T15:40:13+00:00</time>
      </trkpt>
      <trkpt lat="45.29258" lon="6.13134">
        <ele>2451</ele>
        <time>2025-08-22T15:40:16+00:00</time>
      </trkpt>
      <trkpt lat="45.29272" lon="6.13159">
        <ele>2453</ele>
        <time>2025-08-22T15:40:19+00:00</time>
      </trkpt>
      <trkpt lat="45.29292" lon="6.13175">
        <ele>2452</ele>
        <time>2025-08-22T15:40:22+00:00</time>
      </trkpt>
      <trkpt lat="45.29301" lon="6.13204">
        <ele>2452</ele>
        <time>2025-08-22T15:40:25+00:00</time>
      </trkpt>
      <trkpt lat="45.29308" lon="6.13235">
        <ele>2452</ele>
        <time>2025-08-22T15:40:28+00:00</time>
      </trkpt>
      <trkpt lat="45.29295" lon="6.13261">
        <ele>2452</ele>
        <time>2025-08-22T15:40:31+00:00</time>
      </trkpt>
      <trkpt lat="45.29314" lon="6.1328">
        <ele>2456</ele>
        <time>2025-08-22T15:40:34+00:00</time>
      </trkpt>
      <trkpt lat="45.29334" lon="6.13294">
        <ele>2457</ele>
        <time>2025-08-22T15:40:37+00:00</time>
      </trkpt>
      <trkpt lat="45.29342" lon="6.13325">
        <ele>2460</ele>
        <time>2025-08-22T15:40:40+00:00</time>
      </trkpt>
      <trkpt lat="45.29348" lon="6.13356">
        <ele>2463</ele>
        <time>2025-08-22T15:40:43+00:00</time>
      </trkpt>
      <trkpt lat="45.29376" lon="6.1341">
        <ele>2466</ele>
        <time>2025-08-22T15:40:46+00:00</time>
      </trkpt>
      <trkpt lat="45.29384" lon="6.13441">
        <ele>2473</ele>
        <time>2025-08-22T15:40:49+00:00</time>
      </trkpt>
      <trkpt lat="45.29394" lon="6.1347">
        <ele>2480</ele>
        <time>2025-08-22T15:40:52+00:00</time>
      </trkpt>
      <trkpt lat="45.29411" lon="6.13502">
        <ele>2488</ele>
        <time>2025-08-22T15:40:55+00:00</time>
      </trkpt>
      <trkpt lat="45.29435" lon="6.13548">
        <ele>2503</ele>
        <time>2025-08-22T15:40:58+00:00</time>
      </trkpt>
      <trkpt lat="45.29447" lon="6.13576">
        <ele>2515</ele>
        <time>2025-08-22T15:41:01+00:00</time>
      </trkpt>
      <trkpt lat="45.29466" lon="6.13596">
        <ele>2525</ele>
        <time>2025-08-22T15:41:04+00:00</time>
      </trkpt>
      <trkpt lat="45.29482" lon="6.13633">
        <ele>2538</ele>
        <time>2025-08-22T15:41:07+00:00</time>
      </trkpt>
      <trkpt lat="45.29489" lon="6.13655">
        <ele>2541</ele>
        <time>2025-08-22T15:41:10+00:00</time>
      </trkpt>
      <trkpt lat="45.29498" lon="6.1368">
        <ele>2544</ele>
        <time>2025-08-22T15:41:13+00:00</time>
      </trkpt>
      <trkpt lat="45.29509" lon="6.13697">
        <ele>2550</ele>
        <time>2025-08-22T15:41:16+00:00</time>
      </trkpt>
      <trkpt lat="45.29512" lon="6.1372">
        <ele>2566</ele>
        <time>2025-08-22T15:41:19+00:00</time>
      </trkpt>
      <trkpt lat="45.29512" lon="6.13752">
        <ele>2574</ele>
        <time>2025-08-22T15:41:22+00:00</time>
      </trkpt>
      <trkpt lat="45.29517" lon="6.13769">
        <ele>2576</ele>
        <time>2025-08-22T15:41:25+00:00</time>
      </trkpt>
      <trkpt lat="45.29529" lon="6.13786">
        <ele>2580</ele>
        <time>2025-08-22T15:41:28+00:00</time>
      </trkpt>
      <trkpt lat="45.2953" lon="6.13815">
        <ele>2594</ele>
        <time>2025-08-22T15:41:31+00:00</time>
      </trkpt>
      <trkpt lat="45.29537" lon="6.1384">
        <ele>2605</ele>
        <time>2025-08-22T15:41:34+00:00</time>
      </trkpt>
      <trkpt lat="45.29539" lon="6.13868">
        <ele>2609</ele>
        <time>2025-08-22T15:41:37+00:00</time>
      </trkpt>
      <trkpt lat="45.29541" lon="6.13906">
        <ele>2615</ele>
        <time>2025-08-22T15:41:40+00:00</time>
      </trkpt>
      <trkpt lat="45.29559" lon="6.13942">
        <ele>2618</ele>
        <time>2025-08-22T15:41:43+00:00</time>
      </trkpt>
      <trkpt lat="45.29569" lon="6.13968">
        <ele>2621</ele>
        <time>2025-08-22T15:41:46+00:00</time>
      </trkpt>
      <trkpt lat="45.29572" lon="6.13999">
        <ele>2627</ele>
        <time>2025-08-22T15:41:49+00:00</time>
      </trkpt>
      <trkpt lat="45.2958" lon="6.14017">
        <ele>2629</ele>
        <time>2025-08-22T15:41:52+00:00</time>
      </trkpt>
      <trkpt lat="45.29587" lon="6.14051">
        <ele>2645</ele>
        <time>2025-08-22T15:41:55+00:00</time>
      </trkpt>
      <trkpt lat="45.2959" lon="6.14046">
        <ele>2640</ele>
        <time>2025-08-22T15:41:58+00:00</time>
      </trkpt>
      <trkpt lat="45.29599" lon="6.1406">
        <ele>2645</ele>
        <time>2025-08-22T15:42:01+00:00</time>
      </trkpt>
      <trkpt lat="45.29613" lon="6.14097">
        <ele>2659</ele>
        <time>2025-08-22T15:42:04+00:00</time>
      </trkpt>
      <trkpt lat="45.29627" lon="6.1413">
        <ele>2676</ele>
        <time>2025-08-22T15:42:07+00:00</time>
      </trkpt>
      <trkpt lat="45.29658" lon="6.14175">
        <ele>2700</ele>
        <time>2025-08-22T15:42:10+00:00</time>
      </trkpt>
      <trkpt lat="45.29686" lon="6.14219">
        <ele>2725</ele>
        <time>2025-08-22T15:42:13+00:00</time>
      </trkpt>
      <trkpt lat="45.29705" lon="6.14235">
        <ele>2740</ele>
        <time>2025-08-22T15:42:16+00:00</time>
      </trkpt>
      <trkpt lat="45.29726" lon="6.14261">
        <ele>2740</ele>
        <time>2025-08-22T15:42:19+00:00</time>
      </trkpt>
      <trkpt lat="45.29748" lon="6.14308">
        <ele>2740</ele>
        <time>2025-08-22T15:42:22+00:00</time>
      </trkpt>
      <trkpt lat="45.29765" lon="6.14321">
        <ele>2726</ele>
        <time>2025-08-22T15:42:25+00:00</time>
      </trkpt>
      <trkpt lat="45.29792" lon="6.14329">
        <ele>2719</ele>
        <time>2025-08-22T15:42:28+00:00</time>
      </trkpt>
      <trkpt lat="45.29811" lon="6.14356">
        <ele>2705</ele>
        <time>2025-08-22T15:42:31+00:00</time>
      </trkpt>
      <trkpt lat="45.29836" lon="6.14392">
        <ele>2695</ele>
        <time>2025-08-22T15:42:34+00:00</time>
      </trkpt>
      <trkpt lat="45.29871" lon="6.14437">
        <ele>2683</ele>
        <time>2025-08-22T15:42:37+00:00</time>
      </trkpt>
      <trkpt lat="45.29897" lon="6.1448">
        <ele>2667</ele>
        <time>2025-08-22T15:42:40+00:00</time>
      </trkpt>
      <trkpt lat="45.29903" lon="6.14498">
        <ele>2667</ele>
        <time>2025-08-22T15:42:43+00:00</time>
      </trkpt>
      <trkpt lat="45.29906" lon="6.14513">
        <ele>2665</ele>
        <time>2025-08-22T15:42:46+00:00</time>
      </trkpt>
      <trkpt lat="45.29928" lon="6.14502">
        <ele>2664</ele>
        <time>2025-08-22T15:42:49+00:00</time>
      </trkpt>
      <trkpt lat="45.29951" lon="6.14509">
        <ele>2651</ele>
        <time>2025-08-22T15:42:52+00:00</time>
      </trkpt>
      <trkpt lat="45.29962" lon="6.14531">
        <ele>2633</ele>
        <time>2025-08-22T15:42:55+00:00</time>
      </trkpt>
      <trkpt lat="45.29967" lon="6.14548">
        <ele>2628</ele>
        <time>2025-08-22T15:42:58+00:00</time>
      </trkpt>
      <trkpt lat="45.29975" lon="6.14549">
        <ele>2628</ele>
        <time>2025-08-22T15:43:01+00:00</time>
      </trkpt>
      <trkpt lat="45.29985" lon="6.14546">
        <ele>2621</ele>
        <time>2025-08-22T15:43:04+00:00</time>
      </trkpt>
      <trkpt lat="45.3" lon="6.14537">
        <ele>2619</ele>
        <time>2025-08-22T15:43:07+00:00</time>
      </trkpt>
      <trkpt lat="45.30018" lon="6.14529">
        <ele>2611</ele>
        <time>2025-08-22T15:43:10+00:00</time>
      </trkpt>
      <trkpt lat="45.3004" lon="6.14521">
        <ele>2605</ele>
        <time>2025-08-22T15:43:13+00:00</time>
      </trkpt>
      <trkpt lat="45.30059" lon="6.14522">
        <ele>2599</ele>
        <time>2025-08-22T15:43:16+00:00</time>
      </trkpt>
      <trkpt lat="45.30075" lon="6.14526">
        <ele>2594</ele>
        <time>2025-08-22T15:43:19+00:00</time>
      </trkpt>
      <trkpt lat="45.30093" lon="6.14523">
        <ele>2591</ele>
        <time>2025-08-22T15:43:22+00:00</time>
      </trkpt>
      <trkpt lat="45.3012" lon="6.14524">
        <ele>2581</ele>
        <time>2025-08-22T15:43:25+00:00</time>
      </trkpt>
      <trkpt lat="45.30138" lon="6.14526">
        <ele>2576</ele>
        <time>2025-08-22T15:43:28+00:00</time>
      </trkpt>
      <trkpt lat="45.30151" lon="6.14522">
        <ele>2570</ele>
        <time>2025-08-22T15:43:31+00:00</time>
      </trkpt>
      <trkpt lat="45.30165" lon="6.14516">
        <ele>2573</ele>
        <time>2025-08-22T15:43:34+00:00</time>
      </trkpt>
      <trkpt lat="45.30182" lon="6.14516">
        <ele>2563</ele>
        <time>2025-08-22T15:43:37+00:00</time>
      </trkpt>
      <trkpt lat="45.30191" lon="6.14521">
        <ele>2560</ele>
        <time>2025-08-22T15:43:40+00:00</time>
      </trkpt>
      <trkpt lat="45.30196" lon="6.14525">
        <ele>2560</ele>
        <time>2025-08-22T15:43:43+00:00</time>
      </trkpt>
      <trkpt lat="45.30199" lon="6.14517">
        <ele>2563</ele>
        <time>2025-08-22T15:43:46+00:00</time>
      </trkpt>
      <trkpt lat="45.30196" lon="6.14525">
        <ele>2560</ele>
        <time>2025-08-22T15:43:49+00:00</time>
      </trkpt>
      <trkpt lat="45.30201" lon="6.14529">
        <ele>2558</ele>
        <time>2025-08-22T15:43:52+00:00</time>
      </trkpt>
      <trkpt lat="45.30217" lon="6.14537">
        <ele>2558</ele>
        <time>2025-08-22T15:43:55+00:00</time>
      </trkpt>
      <trkpt lat="45.30225" lon="6.14545">
        <ele>2554</ele>
        <time>2025-08-22T15:43:58+00:00</time>
      </trkpt>
      <trkpt lat="45.30237" lon="6.14548">
        <ele>2552</ele>
        <time>2025-08-22T15:44:01+00:00</time>
      </trkpt>
      <trkpt lat="45.30246" lon="6.14552">
        <ele>2547</ele>
        <time>2025-08-22T15:44:04+00:00</time>
      </trkpt>
      <trkpt lat="45.30258" lon="6.14559">
        <ele>2543</ele>
        <time>2025-08-22T15:44:07+00:00</time>
      </trkpt>
      <trkpt lat="45.30271" lon="6.14563">
        <ele>2541</ele>
        <time>2025-08-22T15:44:10+00:00</time>
      </trkpt>
      <trkpt lat="45.30289" lon="6.14572">
        <ele>2535</ele>
        <time>2025-08-22T15:44:13+00:00</time>
      </trkpt>
      <trkpt lat="45.30308" lon="6.14575">
        <ele>2530</ele>
        <time>2025-08-22T15:44:16+00:00</time>
      </trkpt>
      <trkpt lat="45.30327" lon="6.14581">
        <ele>2528</ele>
        <time>2025-08-22T15:44:19+00:00</time>
      </trkpt>
      <trkpt lat="45.3034" lon="6.14589">
        <ele>2525</ele>
        <time>2025-08-22T15:44:22+00:00</time>
      </trkpt>
      <trkpt lat="45.30353" lon="6.14601">
        <ele>2516</ele>
        <time>2025-08-22T15:44:25+00:00</time>
      </trkpt>
      <trkpt lat="45.30366" lon="6.14602">
        <ele>2516</ele>
        <time>2025-08-22T15:44:28+00:00</time>
      </trkpt>
      <trkpt lat="45.30374" lon="6.14605">
        <ele>2512</ele>
        <time>2025-08-22T15:44:31+00:00</time>
      </trkpt>
      <trkpt lat="45.30393" lon="6.14625">
        <ele>2503</ele>
        <time>2025-08-22T15:44:34+00:00</time>
      </trkpt>
      <trkpt lat="45.30398" lon="6.14632">
        <ele>2503</ele>
        <time>2025-08-22T15:44:37+00:00</time>
      </trkpt>
      <trkpt lat="45.304" lon="6.14661">
        <ele>2496</ele>
        <time>2025-08-22T15:44:40+00:00</time>
      </trkpt>
      <trkpt lat="45.30404" lon="6.14677">
        <ele>2493</ele>
        <time>2025-08-22T15:44:43+00:00</time>
      </trkpt>
      <trkpt lat="45.30418" lon="6.14693">
        <ele>2486</ele>
        <time>2025-08-22T15:44:46+00:00</time>
      </trkpt>
      <trkpt lat="45.30432" lon="6.14712">
        <ele>2477</ele>
        <time>2025-08-22T15:44:49+00:00</time>
      </trkpt>
      <trkpt lat="45.30447" lon="6.14737">
        <ele>2471</ele>
        <time>2025-08-22T15:44:52+00:00</time>
      </trkpt>
      <trkpt lat="45.30472" lon="6.14754">
        <ele>2445</ele>
        <time>2025-08-22T15:44:55+00:00</time>
      </trkpt>
      <trkpt lat="45.30488" lon="6.14723">
        <ele>2438</ele>
        <time>2025-08-22T15:44:58+00:00</time>
      </trkpt>
      <trkpt lat="45.3051" lon="6.14684">
        <ele>2417</ele>
        <time>2025-08-22T15:45:01+00:00</time>
      </trkpt>
      <trkpt lat="45.30531" lon="6.14638">
        <ele>2393</ele>
        <time>2025-08-22T15:45:04+00:00</time>
      </trkpt>
      <trkpt lat="45.30546" lon="6.14617">
        <ele>2384</ele>
        <time>2025-08-22T15:45:07+00:00</time>
      </trkpt>
      <trkpt lat="45.30569" lon="6.14587">
        <ele>2374</ele>
        <time>2025-08-22T15:45:10+00:00</time>
      </trkpt>
      <trkpt lat="45.30581" lon="6.14568">
        <ele>2363</ele>
        <time>2025-08-22T15:45:13+00:00</time>
      </trkpt>
      <trkpt lat="45.30582" lon="6.14549">
        <ele>2359</ele>
        <time>2025-08-22T15:45:16+00:00</time>
      </trkpt>
      <trkpt lat="45.30585" lon="6.14527">
        <ele>2354</ele>
        <time>2025-08-22T15:45:19+00:00</time>
      </trkpt>
      <trkpt lat="45.306" lon="6.14514">
        <ele>2341</ele>
        <time>2025-08-22T15:45:22+00:00</time>
      </trkpt>
      <trkpt lat="45.30617" lon="6.145">
        <ele>2330</ele>
        <time>2025-08-22T15:45:25+00:00</time>
      </trkpt>
      <trkpt lat="45.30627" lon="6.14485">
        <ele>2330</ele>
        <time>2025-08-22T15:45:28+00:00</time>
      </trkpt>
      <trkpt lat="45.30635" lon="6.14466">
        <ele>2318</ele>
        <time>2025-08-22T15:45:31+00:00</time>
      </trkpt>
      <trkpt lat="45.30653" lon="6.14446">
        <ele>2306</ele>
        <time>2025-08-22T15:45:34+00:00</time>
      </trkpt>
      <trkpt lat="45.30676" lon="6.14431">
        <ele>2299</ele>
        <time>2025-08-22T15:45:37+00:00</time>
      </trkpt>
      <trkpt lat="45.30696" lon="6.14406">
        <ele>2276</ele>
        <time>2025-08-22T15:45:40+00:00</time>
      </trkpt>
      <trkpt lat="45.30724" lon="6.14371">
        <ele>2252</ele>
        <time>2025-08-22T15:45:43+00:00</time>
      </trkpt>
      <trkpt lat="45.3075" lon="6.14341">
        <ele>2236</ele>
        <time>2025-08-22T15:45:46+00:00</time>
      </trkpt>
      <trkpt lat="45.30759" lon="6.14318">
        <ele>2225</ele>
        <time>2025-08-22T15:45:49+00:00</time>
      </trkpt>
      <trkpt lat="45.30759" lon="6.14293">
        <ele>2216</ele>
        <time>2025-08-22T15:45:52+00:00</time>
      </trkpt>
      <trkpt lat="45.3077" lon="6.14266">
        <ele>2210</ele>
        <time>2025-08-22T15:45:55+00:00</time>
      </trkpt>
      <trkpt lat="45.30786" lon="6.14225">
        <ele>2186</ele>
        <time>2025-08-22T15:45:58+00:00</time>
      </trkpt>
      <trkpt lat="45.30784" lon="6.14197">
        <ele>2182</ele>
        <time>2025-08-22T15:46:01+00:00</time>
      </trkpt>
      <trkpt lat="45.30794" lon="6.14181">
        <ele>2177</ele>
        <time>2025-08-22T15:46:04+00:00</time>
      </trkpt>
      <trkpt lat="45.3081" lon="6.1415">
        <ele>2167</ele>
        <time>2025-08-22T15:46:07+00:00</time>
      </trkpt>
      <trkpt lat="45.30827" lon="6.1412">
        <ele>2161</ele>
        <time>2025-08-22T15:46:10+00:00</time>
      </trkpt>
      <trkpt lat="45.30844" lon="6.14088">
        <ele>2151</ele>
        <time>2025-08-22T15:46:13+00:00</time>
      </trkpt>
      <trkpt lat="45.30861" lon="6.14052">
        <ele>2145</ele>
        <time>2025-08-22T15:46:16+00:00</time>
      </trkpt>
      <trkpt lat="45.30877" lon="6.14032">
        <ele>2138</ele>
        <time>2025-08-22T15:46:19+00:00</time>
      </trkpt>
      <trkpt lat="45.30897" lon="6.13988">
        <ele>2137</ele>
        <time>2025-08-22T15:46:22+00:00</time>
      </trkpt>
      <trkpt lat="45.30912" lon="6.13977">
        <ele>2138</ele>
        <time>2025-08-22T15:46:25+00:00</time>
      </trkpt>
      <trkpt lat="45.30925" lon="6.13963">
        <ele>2137</ele>
        <time>2025-08-22T15:46:28+00:00</time>
      </trkpt>
      <trkpt lat="45.30941" lon="6.13947">
        <ele>2134</ele>
        <time>2025-08-22T15:46:31+00:00</time>
      </trkpt>
      <trkpt lat="45.30954" lon="6.13935">
        <ele>2130</ele>
        <time>2025-08-22T15:46:34+00:00</time>
      </trkpt>
      <trkpt lat="45.30951" lon="6.13964">
        <ele>2133</ele>
        <time>2025-08-22T15:46:37+00:00</time>
      </trkpt>
      <trkpt lat="45.30945" lon="6.13991">
        <ele>2133</ele>
        <time>2025-08-22T15:46:40+00:00</time>
      </trkpt>
      <trkpt lat="45.30945" lon="6.1401">
        <ele>2133</ele>
        <time>2025-08-22T15:46:43+00:00</time>
      </trkpt>
      <trkpt lat="45.30943" lon="6.14035">
        <ele>2133</ele>
        <time>2025-08-22T15:46:46+00:00</time>
      </trkpt>
      <trkpt lat="45.30941" lon="6.14061">
        <ele>2133</ele>
        <time>2025-08-22T15:46:49+00:00</time>
      </trkpt>
      <trkpt lat="45.30945" lon="6.14071">
        <ele>2133</ele>
        <time>2025-08-22T15:46:52+00:00</time>
      </trkpt>
      <trkpt lat="45.30951" lon="6.14082">
        <ele>2133</ele>
        <time>2025-08-22T15:46:55+00:00</time>
      </trkpt>
      <trkpt lat="45.30952" lon="6.14114">
        <ele>2136</ele>
        <time>2025-08-22T15:46:58+00:00</time>
      </trkpt>
      <trkpt lat="45.30959" lon="6.14137">
        <ele>2138</ele>
        <time>2025-08-22T15:47:01+00:00</time>
      </trkpt>
      <trkpt lat="45.30973" lon="6.14155">
        <ele>2136</ele>
        <time>2025-08-22T15:47:04+00:00</time>
      </trkpt>
      <trkpt lat="45.30977" lon="6.1417">
        <ele>2138</ele>
        <time>2025-08-22T15:47:07+00:00</time>
      </trkpt>
      <trkpt lat="45.30979" lon="6.14189">
        <ele>2135</ele>
        <time>2025-08-22T15:47:10+00:00</time>
      </trkpt>
      <trkpt lat="45.30979" lon="6.14209">
        <ele>2140</ele>
        <time>2025-08-22T15:47:13+00:00</time>
      </trkpt>
      <trkpt lat="45.30993" lon="6.14229">
        <ele>2138</ele>
        <time>2025-08-22T15:47:16+00:00</time>
      </trkpt>
      <trkpt lat="45.30992" lon="6.14254">
        <ele>2140</ele>
        <time>2025-08-22T15:47:19+00:00</time>
      </trkpt>
      <trkpt lat="45.30992" lon="6.14268">
        <ele>2141</ele>
        <time>2025-08-22T15:47:22+00:00</time>
      </trkpt>
      <trkpt lat="45.30996" lon="6.14281">
        <ele>2143</ele>
        <time>2025-08-22T15:47:25+00:00</time>
      </trkpt>
      <trkpt lat="45.31006" lon="6.14298">
        <ele>2143</ele>
        <time>2025-08-22T15:47:28+00:00</time>
      </trkpt>
      <trkpt lat="45.31017" lon="6.14321">
        <ele>2149</ele>
        <time>2025-08-22T15:47:31+00:00</time>
      </trkpt>
      <trkpt lat="45.31033" lon="6.14372">
        <ele>2165</ele>
        <time>2025-08-22T15:47:34+00:00</time>
      </trkpt>
      <trkpt lat="45.31041" lon="6.14385">
        <ele>2176</ele>
        <time>2025-08-22T15:47:37+00:00</time>
      </trkpt>
      <trkpt lat="45.31038" lon="6.14389">
        <ele>2169</ele>
        <time>2025-08-22T15:47:40+00:00</time>
      </trkpt>
      <trkpt lat="45.31041" lon="6.14385">
        <ele>2176</ele>
        <time>2025-08-22T15:47:43+00:00</time>
      </trkpt>
      <trkpt lat="45.31053" lon="6.14406">
        <ele>2183</ele>
        <time>2025-08-22T15:47:46+00:00</time>
      </trkpt>
      <trkpt lat="45.31052" lon="6.14421">
        <ele>2187</ele>
        <time>2025-08-22T15:47:49+00:00</time>
      </trkpt>
      <trkpt lat="45.31064" lon="6.14445">
        <ele>2194</ele>
        <time>2025-08-22T15:47:52+00:00</time>
      </trkpt>
      <trkpt lat="45.3108" lon="6.14455">
        <ele>2196</ele>
        <time>2025-08-22T15:47:55+00:00</time>
      </trkpt>
      <trkpt lat="45.31082" lon="6.14476">
        <ele>2201</ele>
        <time>2025-08-22T15:47:58+00:00</time>
      </trkpt>
      <trkpt lat="45.31103" lon="6.14513">
        <ele>2214</ele>
        <time>2025-08-22T15:48:01+00:00</time>
      </trkpt>
      <trkpt lat="45.31128" lon="6.1454">
        <ele>2232</ele>
        <time>2025-08-22T15:48:04+00:00</time>
      </trkpt>
      <trkpt lat="45.31149" lon="6.14563">
        <ele>2233</ele>
        <time>2025-08-22T15:48:07+00:00</time>
      </trkpt>
      <trkpt lat="45.31175" lon="6.14592">
        <ele>2243</ele>
        <time>2025-08-22T15:48:10+00:00</time>
      </trkpt>
      <trkpt lat="45.31197" lon="6.14632">
        <ele>2251</ele>
        <time>2025-08-22T15:48:13+00:00</time>
      </trkpt>
      <trkpt lat="45.31206" lon="6.14654">
        <ele>2260</ele>
        <time>2025-08-22T15:48:16+00:00</time>
      </trkpt>
      <trkpt lat="45.31202" lon="6.14669">
        <ele>2265</ele>
        <time>2025-08-22T15:48:19+00:00</time>
      </trkpt>
      <trkpt lat="45.31206" lon="6.14688">
        <ele>2270</ele>
        <time>2025-08-22T15:48:22+00:00</time>
      </trkpt>
      <trkpt lat="45.3121" lon="6.14699">
        <ele>2273</ele>
        <time>2025-08-22T15:48:25+00:00</time>
      </trkpt>
      <trkpt lat="45.31208" lon="6.14721">
        <ele>2279</ele>
        <time>2025-08-22T15:48:28+00:00</time>
      </trkpt>
      <trkpt lat="45.31215" lon="6.14745">
        <ele>2282</ele>
        <time>2025-08-22T15:48:31+00:00</time>
      </trkpt>
      <trkpt lat="45.31222" lon="6.1477">
        <ele>2288</ele>
        <time>2025-08-22T15:48:34+00:00</time>
      </trkpt>
      <trkpt lat="45.3123" lon="6.1482">
        <ele>2308</ele>
        <time>2025-08-22T15:48:37+00:00</time>
      </trkpt>
      <trkpt lat="45.31227" lon="6.14845">
        <ele>2312</ele>
        <time>2025-08-22T15:48:40+00:00</time>
      </trkpt>
      <trkpt lat="45.31231" lon="6.14859">
        <ele>2313</ele>
        <time>2025-08-22T15:48:43+00:00</time>
      </trkpt>
      <trkpt lat="45.31236" lon="6.14873">
        <ele>2315</ele>
        <time>2025-08-22T15:48:46+00:00</time>
      </trkpt>
      <trkpt lat="45.31249" lon="6.14889">
        <ele>2315</ele>
        <time>2025-08-22T15:48:49+00:00</time>
      </trkpt>
      <trkpt lat="45.31265" lon="6.14944">
        <ele>2338</ele>
        <time>2025-08-22T15:48:52+00:00</time>
      </trkpt>
      <trkpt lat="45.31292" lon="6.1495">
        <ele>2347</ele>
        <time>2025-08-22T15:48:55+00:00</time>
      </trkpt>
      <trkpt lat="45.31312" lon="6.14979">
        <ele>2355</ele>
        <time>2025-08-22T15:48:58+00:00</time>
      </trkpt>
      <trkpt lat="45.31334" lon="6.15018">
        <ele>2379</ele>
        <time>2025-08-22T15:49:01+00:00</time>
      </trkpt>
      <trkpt lat="45.31334" lon="6.15046">
        <ele>2381</ele>
        <time>2025-08-22T15:49:04+00:00</time>
      </trkpt>
      <trkpt lat="45.31334" lon="6.15065">
        <ele>2382</ele>
        <time>2025-08-22T15:49:07+00:00</time>
      </trkpt>
      <trkpt lat="45.31344" lon="6.15092">
        <ele>2388</ele>
        <time>2025-08-22T15:49:10+00:00</time>
      </trkpt>
      <trkpt lat="45.31351" lon="6.15104">
        <ele>2398</ele>
        <time>2025-08-22T15:49:13+00:00</time>
      </trkpt>
      <trkpt lat="45.31357" lon="6.15112">
        <ele>2398</ele>
        <time>2025-08-22T15:49:16+00:00</time>
      </trkpt>
      <trkpt lat="45.31367" lon="6.15121">
        <ele>2402</ele>
        <time>2025-08-22T15:49:19+00:00</time>
      </trkpt>
      <trkpt lat="45.31371" lon="6.15128">
        <ele>2408</ele>
        <time>2025-08-22T15:49:22+00:00</time>
      </trkpt>
      <trkpt lat="45.31379" lon="6.15147">
        <ele>2411</ele>
        <time>2025-08-22T15:49:25+00:00</time>
      </trkpt>
      <trkpt lat="45.31378" lon="6.15157">
        <ele>2415</ele>
        <time>2025-08-22T15:49:28+00:00</time>
      </trkpt>
      <trkpt lat="45.31393" lon="6.15181">
        <ele>2425</ele>
        <time>2025-08-22T15:49:31+00:00</time>
      </trkpt>
      <trkpt lat="45.31393" lon="6.15182">
        <ele>2425</ele>
        <time>2025-08-22T15:49:34+00:00</time>
      </trkpt>
      <trkpt lat="45.31393" lon="6.15202">
        <ele>2429</ele>
        <time>2025-08-22T15:49:37+00:00</time>
      </trkpt>
      <trkpt lat="45.31402" lon="6.1524">
        <ele>2439</ele>
        <time>2025-08-22T15:49:40+00:00</time>
      </trkpt>
      <trkpt lat="45.31403" lon="6.15276">
        <ele>2452</ele>
        <time>2025-08-22T15:49:43+00:00</time>
      </trkpt>
      <trkpt lat="45.31405" lon="6.15317">
        <ele>2462</ele>
        <time>2025-08-22T15:49:46+00:00</time>
      </trkpt>
      <trkpt lat="45.31422" lon="6.15334">
        <ele>2476</ele>
        <time>2025-08-22T15:49:49+00:00</time>
      </trkpt>
      <trkpt lat="45.31442" lon="6.1534">
        <ele>2486</ele>
        <time>2025-08-22T15:49:52+00:00</time>
      </trkpt>
      <trkpt lat="45.31455" lon="6.154">
        <ele>2485</ele>
        <time>2025-08-22T15:49:55+00:00</time>
      </trkpt>
      <trkpt lat="45.31438" lon="6.15404">
        <ele>2494</ele>
        <time>2025-08-22T15:49:58+00:00</time>
      </trkpt>
      <trkpt lat="45.31436" lon="6.15427">
        <ele>2484</ele>
        <time>2025-08-22T15:50:01+00:00</time>
      </trkpt>
      <trkpt lat="45.31432" lon="6.15441">
        <ele>2474</ele>
        <time>2025-08-22T15:50:04+00:00</time>
      </trkpt>
      <trkpt lat="45.3143" lon="6.15463">
        <ele>2462</ele>
        <time>2025-08-22T15:50:07+00:00</time>
      </trkpt>
      <trkpt lat="45.31443" lon="6.1549">
        <ele>2453</ele>
        <time>2025-08-22T15:50:10+00:00</time>
      </trkpt>
      <trkpt lat="45.31459" lon="6.15513">
        <ele>2441</ele>
        <time>2025-08-22T15:50:13+00:00</time>
      </trkpt>
      <trkpt lat="45.31463" lon="6.15555">
        <ele>2431</ele>
        <time>2025-08-22T15:50:16+00:00</time>
      </trkpt>
      <trkpt lat="45.31467" lon="6.1559">
        <ele>2421</ele>
        <time>2025-08-22T15:50:19+00:00</time>
      </trkpt>
      <trkpt lat="45.31471" lon="6.15628">
        <ele>2411</ele>
        <time>2025-08-22T15:50:22+00:00</time>
      </trkpt>
      <trkpt lat="45.31476" lon="6.15663">
        <ele>2404</ele>
        <time>2025-08-22T15:50:25+00:00</time>
      </trkpt>
      <trkpt lat="45.3148" lon="6.15701">
        <ele>2395</ele>
        <time>2025-08-22T15:50:28+00:00</time>
      </trkpt>
      <trkpt lat="45.31493" lon="6.15738">
        <ele>2390</ele>
        <time>2025-08-22T15:50:31+00:00</time>
      </trkpt>
      <trkpt lat="45.31504" lon="6.15768">
        <ele>2381</ele>
        <time>2025-08-22T15:50:34+00:00</time>
      </trkpt>
      <trkpt lat="45.31515" lon="6.15798">
        <ele>2371</ele>
        <time>2025-08-22T15:50:37+00:00</time>
      </trkpt>
      <trkpt lat="45.31532" lon="6.15822">
        <ele>2364</ele>
        <time>2025-08-22T15:50:40+00:00</time>
      </trkpt>
      <trkpt lat="45.31575" lon="6.15836">
        <ele>2329</ele>
        <time>2025-08-22T15:50:43+00:00</time>
      </trkpt>
      <trkpt lat="45.31605" lon="6.15842">
        <ele>2321</ele>
        <time>2025-08-22T15:50:46+00:00</time>
      </trkpt>
      <trkpt lat="45.31643" lon="6.15831">
        <ele>2285</ele>
        <time>2025-08-22T15:50:49+00:00</time>
      </trkpt>
      <trkpt lat="45.31687" lon="6.15838">
        <ele>2259</ele>
        <time>2025-08-22T15:50:52+00:00</time>
      </trkpt>
      <trkpt lat="45.31705" lon="6.15836">
        <ele>2244</ele>
        <time>2025-08-22T15:50:55+00:00</time>
      </trkpt>
      <trkpt lat="45.3172" lon="6.15812">
        <ele>2229</ele>
        <time>2025-08-22T15:50:58+00:00</time>
      </trkpt>
      <trkpt lat="45.31735" lon="6.15811">
        <ele>2216</ele>
        <time>2025-08-22T15:51:01+00:00</time>
      </trkpt>
      <trkpt lat="45.31743" lon="6.15803">
        <ele>2216</ele>
        <time>2025-08-22T15:51:04+00:00</time>
      </trkpt>
      <trkpt lat="45.31754" lon="6.15806">
        <ele>2205</ele>
        <time>2025-08-22T15:51:07+00:00</time>
      </trkpt>
      <trkpt lat="45.31779" lon="6.15802">
        <ele>2195</ele>
        <time>2025-08-22T15:51:10+00:00</time>
      </trkpt>
      <trkpt lat="45.31797" lon="6.15791">
        <ele>2185</ele>
        <time>2025-08-22T15:51:13+00:00</time>
      </trkpt>
      <trkpt lat="45.3181" lon="6.15793">
        <ele>2175</ele>
        <time>2025-08-22T15:51:16+00:00</time>
      </trkpt>
      <trkpt lat="45.31825" lon="6.15794">
        <ele>2167</ele>
        <time>2025-08-22T15:51:19+00:00</time>
      </trkpt>
      <trkpt lat="45.31852" lon="6.15776">
        <ele>2148</ele>
        <time>2025-08-22T15:51:22+00:00</time>
      </trkpt>
      <trkpt lat="45.31868" lon="6.15768">
        <ele>2146</ele>
        <time>2025-08-22T15:51:25+00:00</time>
      </trkpt>
      <trkpt lat="45.31885" lon="6.15778">
        <ele>2133</ele>
        <time>2025-08-22T15:51:28+00:00</time>
      </trkpt>
      <trkpt lat="45.31913" lon="6.15777">
        <ele>2126</ele>
        <time>2025-08-22T15:51:31+00:00</time>
      </trkpt>
      <trkpt lat="45.31931" lon="6.15771">
        <ele>2113</ele>
        <time>2025-08-22T15:51:34+00:00</time>
      </trkpt>
      <trkpt lat="45.31943" lon="6.15754">
        <ele>2112</ele>
        <time>2025-08-22T15:51:37+00:00</time>
      </trkpt>
      <trkpt lat="45.31957" lon="6.15734">
        <ele>2103</ele>
        <time>2025-08-22T15:51:40+00:00</time>
      </trkpt>
      <trkpt lat="45.31977" lon="6.15716">
        <ele>2095</ele>
        <time>2025-08-22T15:51:43+00:00</time>
      </trkpt>
      <trkpt lat="45.3201" lon="6.15714">
        <ele>2088</ele>
        <time>2025-08-22T15:51:46+00:00</time>
      </trkpt>
      <trkpt lat="45.32043" lon="6.157">
        <ele>2086</ele>
        <time>2025-08-22T15:51:49+00:00</time>
      </trkpt>
      <trkpt lat="45.32059" lon="6.15692">
        <ele>2085</ele>
        <time>2025-08-22T15:51:52+00:00</time>
      </trkpt>
      <trkpt lat="45.32071" lon="6.15691">
        <ele>2085</ele>
        <time>2025-08-22T15:51:55+00:00</time>
      </trkpt>
      <trkpt lat="45.32082" lon="6.15694">
        <ele>2085</ele>
        <time>2025-08-22T15:51:58+00:00</time>
      </trkpt>
      <trkpt lat="45.32091" lon="6.15717">
        <ele>2085</ele>
        <time>2025-08-22T15:52:01+00:00</time>
      </trkpt>
      <trkpt lat="45.32105" lon="6.15722">
        <ele>2086</ele>
        <time>2025-08-22T15:52:04+00:00</time>
      </trkpt>
      <trkpt lat="45.32128" lon="6.15727">
        <ele>2083</ele>
        <time>2025-08-22T15:52:07+00:00</time>
      </trkpt>
      <trkpt lat="45.32147" lon="6.15737">
        <ele>2081</ele>
        <time>2025-08-22T15:52:10+00:00</time>
      </trkpt>
      <trkpt lat="45.32146" lon="6.1574">
        <ele>2080</ele>
        <time>2025-08-22T15:52:13+00:00</time>
      </trkpt>
      <trkpt lat="45.32154" lon="6.15749">
        <ele>2080</ele>
        <time>2025-08-22T15:52:16+00:00</time>
      </trkpt>
      <trkpt lat="45.32159" lon="6.15756">
        <ele>2080</ele>
        <time>2025-08-22T15:52:19+00:00</time>
      </trkpt>
      <trkpt lat="45.32163" lon="6.15766">
        <ele>2081</ele>
        <time>2025-08-22T15:52:22+00:00</time>
      </trkpt>
      <trkpt lat="45.32168" lon="6.15798">
        <ele>2078</ele>
        <time>2025-08-22T15:52:25+00:00</time>
      </trkpt>
      <trkpt lat="45.32173" lon="6.15806">
        <ele>2076</ele>
        <time>2025-08-22T15:52:28+00:00</time>
      </trkpt>
      <trkpt lat="45.32186" lon="6.15807">
        <ele>2076</ele>
        <time>2025-08-22T15:52:31+00:00</time>
      </trkpt>
      <trkpt lat="45.32195" lon="6.15826">
        <ele>2067</ele>
        <time>2025-08-22T15:52:34+00:00</time>
      </trkpt>
      <trkpt lat="45.32216" lon="6.15848">
        <ele>2062</ele>
        <time>2025-08-22T15:52:37+00:00</time>
      </trkpt>
      <trkpt lat="45.32238" lon="6.15873">
        <ele>2060</ele>
        <time>2025-08-22T15:52:40+00:00</time>
      </trkpt>
      <trkpt lat="45.32271" lon="6.1591">
        <ele>2058</ele>
        <time>2025-08-22T15:52:43+00:00</time>
      </trkpt>
      <trkpt lat="45.32275" lon="6.15918">
        <ele>2055</ele>
        <time>2025-08-22T15:52:46+00:00</time>
      </trkpt>
      <trkpt lat="45.32289" lon="6.15961">
        <ele>2056</ele>
        <time>2025-08-22T15:52:49+00:00</time>
      </trkpt>
      <trkpt lat="45.32293" lon="6.15969">
        <ele>2052</ele>
        <time>2025-08-22T15:52:52+00:00</time>
      </trkpt>
      <trkpt lat="45.32314" lon="6.15992">
        <ele>2054</ele>
        <time>2025-08-22T15:52:55+00:00</time>
      </trkpt>
      <trkpt lat="45.32323" lon="6.16005">
        <ele>2054</ele>
        <time>2025-08-22T15:52:58+00:00</time>
      </trkpt>
      <trkpt lat="45.32345" lon="6.16018">
        <ele>2055</ele>
        <time>2025-08-22T15:53:01+00:00</time>
      </trkpt>
      <trkpt lat="45.3236" lon="6.16046">
        <ele>2054</ele>
        <time>2025-08-22T15:53:04+00:00</time>
      </trkpt>
      <trkpt lat="45.32378" lon="6.16078">
        <ele>2054</ele>
        <time>2025-08-22T15:53:07+00:00</time>
      </trkpt>
      <trkpt lat="45.32398" lon="6.16088">
        <ele>2057</ele>
        <time>2025-08-22T15:53:10+00:00</time>
      </trkpt>
      <trkpt lat="45.32413" lon="6.16124">
        <ele>2057</ele>
        <time>2025-08-22T15:53:13+00:00</time>
      </trkpt>
      <trkpt lat="45.32423" lon="6.16157">
        <ele>2053</ele>
        <time>2025-08-22T15:53:16+00:00</time>
      </trkpt>
      <trkpt lat="45.32435" lon="6.16183">
        <ele>2047</ele>
        <time>2025-08-22T15:53:19+00:00</time>
      </trkpt>
      <trkpt lat="45.32445" lon="6.16201">
        <ele>2042</ele>
        <time>2025-08-22T15:53:22+00:00</time>
      </trkpt>
      <trkpt lat="45.32465" lon="6.16228">
        <ele>2036</ele>
        <time>2025-08-22T15:53:25+00:00</time>
      </trkpt>
      <trkpt lat="45.32474" lon="6.16271">
        <ele>2029</ele>
        <time>2025-08-22T15:53:28+00:00</time>
      </trkpt>
      <trkpt lat="45.32468" lon="6.16281">
        <ele>2025</ele>
        <time>2025-08-22T15:53:31+00:00</time>
      </trkpt>
      <trkpt lat="45.32474" lon="6.16291">
        <ele>2024</ele>
        <time>2025-08-22T15:53:34+00:00</time>
      </trkpt>
      <trkpt lat="45.32483" lon="6.16315">
        <ele>2019</ele>
        <time>2025-08-22T15:53:37+00:00</time>
      </trkpt>
      <trkpt lat="45.32485" lon="6.16334">
        <ele>2011</ele>
        <time>2025-08-22T15:53:40+00:00</time>
      </trkpt>
      <trkpt lat="45.32492" lon="6.16358">
        <ele>2004</ele>
        <time>2025-08-22T15:53:43+00:00</time>
      </trkpt>
      <trkpt lat="45.32493" lon="6.16362">
        <ele>1999</ele>
        <time>2025-08-22T15:53:46+00:00</time>
      </trkpt>
      <trkpt lat="45.32492" lon="6.16363">
        <ele>1999</ele>
        <time>2025-08-22T15:53:49+00:00</time>
      </trkpt>
      <trkpt lat="45.32498" lon="6.16372">
        <ele>1996</ele>
        <time>2025-08-22T15:53:52+00:00</time>
      </trkpt>
      <trkpt lat="45.32519" lon="6.16372">
        <ele>1991</ele>
        <time>2025-08-22T15:53:55+00:00</time>
      </trkpt>
      <trkpt lat="45.32537" lon="6.16394">
        <ele>1980</ele>
        <time>2025-08-22T15:53:58+00:00</time>
      </trkpt>
      <trkpt lat="45.32555" lon="6.16416">
        <ele>1974</ele>
        <time>2025-08-22T15:54:01+00:00</time>
      </trkpt>
      <trkpt lat="45.32566" lon="6.16432">
        <ele>1972</ele>
        <time>2025-08-22T15:54:04+00:00</time>
      </trkpt>
      <trkpt lat="45.32569" lon="6.16476">
        <ele>1968</ele>
        <time>2025-08-22T15:54:07+00:00</time>
      </trkpt>
      <trkpt lat="45.32577" lon="6.16483">
        <ele>1964</ele>
        <time>2025-08-22T15:54:10+00:00</time>
      </trkpt>
      <trkpt lat="45.32599" lon="6.16514">
        <ele>1958</ele>
        <time>2025-08-22T15:54:13+00:00</time>
      </trkpt>
      <trkpt lat="45.32613" lon="6.16551">
        <ele>1957</ele>
        <time>2025-08-22T15:54:16+00:00</time>
      </trkpt>
      <trkpt lat="45.32616" lon="6.16564">
        <ele>1957</ele>
        <time>2025-08-22T15:54:19+00:00</time>
      </trkpt>
      <trkpt lat="45.32599" lon="6.16585">
        <ele>1957</ele>
        <time>2025-08-22T15:54:22+00:00</time>
      </trkpt>
      <trkpt lat="45.32593" lon="6.16598">
        <ele>1957</ele>
        <time>2025-08-22T15:54:25+00:00</time>
      </trkpt>
      <trkpt lat="45.32591" lon="6.16632">
        <ele>1956</ele>
        <time>2025-08-22T15:54:28+00:00</time>
      </trkpt>
      <trkpt lat="45.32593" lon="6.16655">
        <ele>1955</ele>
        <time>2025-08-22T15:54:31+00:00</time>
      </trkpt>
      <trkpt lat="45.32597" lon="6.16676">
        <ele>1953</ele>
        <time>2025-08-22T15:54:34+00:00</time>
      </trkpt>
      <trkpt lat="45.32606" lon="6.1669">
        <ele>1952</ele>
        <time>2025-08-22T15:54:37+00:00</time>
      </trkpt>
      <trkpt lat="45.32621" lon="6.16698">
        <ele>1952</ele>
        <time>2025-08-22T15:54:40+00:00</time>
      </trkpt>
      <trkpt lat="45.32638" lon="6.16704">
        <ele>1949</ele>
        <time>2025-08-22T15:54:43+00:00</time>
      </trkpt>
      <trkpt lat="45.32659" lon="6.16705">
        <ele>1946</ele>
        <time>2025-08-22T15:54:46+00:00</time>
      </trkpt>
      <trkpt lat="45.32688" lon="6.16707">
        <ele>1944</ele>
        <time>2025-08-22T15:54:49+00:00</time>
      </trkpt>
      <trkpt lat="45.32705" lon="6.16695">
        <ele>1941</ele>
        <time>2025-08-22T15:54:52+00:00</time>
      </trkpt>
      <trkpt lat="45.32729" lon="6.1669">
        <ele>1933</ele>
        <time>2025-08-22T15:54:55+00:00</time>
      </trkpt>
      <trkpt lat="45.32738" lon="6.1668">
        <ele>1931</ele>
        <time>2025-08-22T15:54:58+00:00</time>
      </trkpt>
      <trkpt lat="45.32738" lon="6.16665">
        <ele>1931</ele>
        <time>2025-08-22T15:55:01+00:00</time>
      </trkpt>
      <trkpt lat="45.32751" lon="6.16653">
        <ele>1922</ele>
        <time>2025-08-22T15:55:04+00:00</time>
      </trkpt>
      <trkpt lat="45.32755" lon="6.16641">
        <ele>1919</ele>
        <time>2025-08-22T15:55:07+00:00</time>
      </trkpt>
      <trkpt lat="45.32774" lon="6.16626">
        <ele>1909</ele>
        <time>2025-08-22T15:55:10+00:00</time>
      </trkpt>
      <trkpt lat="45.32787" lon="6.16609">
        <ele>1902</ele>
        <time>2025-08-22T15:55:13+00:00</time>
      </trkpt>
      <trkpt lat="45.32804" lon="6.1659">
        <ele>1897</ele>
        <time>2025-08-22T15:55:16+00:00</time>
      </trkpt>
      <trkpt lat="45.32824" lon="6.16582">
        <ele>1893</ele>
        <time>2025-08-22T15:55:19+00:00</time>
      </trkpt>
      <trkpt lat="45.32838" lon="6.16578">
        <ele>1890</ele>
        <time>2025-08-22T15:55:22+00:00</time>
      </trkpt>
      <trkpt lat="45.32852" lon="6.16565">
        <ele>1886</ele>
        <time>2025-08-22T15:55:25+00:00</time>
      </trkpt>
      <trkpt lat="45.32867" lon="6.16552">
        <ele>1883</ele>
        <time>2025-08-22T15:55:28+00:00</time>
      </trkpt>
      <trkpt lat="45.32886" lon="6.1655">
        <ele>1880</ele>
        <time>2025-08-22T15:55:31+00:00</time>
      </trkpt>
      <trkpt lat="45.32894" lon="6.16533">
        <ele>1880</ele>
        <time>2025-08-22T15:55:34+00:00</time>
      </trkpt>
      <trkpt lat="45.32906" lon="6.16535">
        <ele>1877</ele>
        <time>2025-08-22T15:55:37+00:00</time>
      </trkpt>
      <trkpt lat="45.32921" lon="6.16535">
        <ele>1875</ele>
        <time>2025-08-22T15:55:40+00:00</time>
      </trkpt>
      <trkpt lat="45.32937" lon="6.16524">
        <ele>1872</ele>
        <time>2025-08-22T15:55:43+00:00</time>
      </trkpt>
      <trkpt lat="45.32948" lon="6.16519">
        <ele>1872</ele>
        <time>2025-08-22T15:55:46+00:00</time>
      </trkpt>
      <trkpt lat="45.32959" lon="6.16517">
        <ele>1869</ele>
        <time>2025-08-22T15:55:49+00:00</time>
      </trkpt>
      <trkpt lat="45.32974" lon="6.16508">
        <ele>1867</ele>
        <time>2025-08-22T15:55:52+00:00</time>
      </trkpt>
      <trkpt lat="45.32987" lon="6.16494">
        <ele>1865</ele>
        <time>2025-08-22T15:55:55+00:00</time>
      </trkpt>
      <trkpt lat="45.32994" lon="6.16476">
        <ele>1865</ele>
        <time>2025-08-22T15:55:58+00:00</time>
      </trkpt>
      <trkpt lat="45.33007" lon="6.16472">
        <ele>1863</ele>
        <time>2025-08-22T15:56:01+00:00</time>
      </trkpt>
      <trkpt lat="45.33023" lon="6.16464">
        <ele>1861</ele>
        <time>2025-08-22T15:56:04+00:00</time>
      </trkpt>
      <trkpt lat="45.33042" lon="6.16461">
        <ele>1859</ele>
        <time>2025-08-22T15:56:07+00:00</time>
      </trkpt>
      <trkpt lat="45.33056" lon="6.1646">
        <ele>1857</ele>
        <time>2025-08-22T15:56:10+00:00</time>
      </trkpt>
      <trkpt lat="45.33069" lon="6.16447">
        <ele>1857</ele>
        <time>2025-08-22T15:56:13+00:00</time>
      </trkpt>
      <trkpt lat="45.33082" lon="6.16431">
        <ele>1853</ele>
        <time>2025-08-22T15:56:16+00:00</time>
      </trkpt>
      <trkpt lat="45.33093" lon="6.1641">
        <ele>1851</ele>
        <time>2025-08-22T15:56:19+00:00</time>
      </trkpt>
      <trkpt lat="45.33104" lon="6.16407">
        <ele>1850</ele>
        <time>2025-08-22T15:56:22+00:00</time>
      </trkpt>
      <trkpt lat="45.33122" lon="6.16395">
        <ele>1849</ele>
        <time>2025-08-22T15:56:25+00:00</time>
      </trkpt>
      <trkpt lat="45.33146" lon="6.16386">
        <ele>1847</ele>
        <time>2025-08-22T15:56:28+00:00</time>
      </trkpt>
      <trkpt lat="45.33149" lon="6.16384">
        <ele>1847</ele>
        <time>2025-08-22T15:56:31+00:00</time>
      </trkpt>
      <trkpt lat="45.33172" lon="6.16375">
        <ele>1845</ele>
        <time>2025-08-22T15:56:34+00:00</time>
      </trkpt>
      <trkpt lat="45.33185" lon="6.16354">
        <ele>1844</ele>
        <time>2025-08-22T15:56:37+00:00</time>
      </trkpt>
      <trkpt lat="45.33191" lon="6.16335">
        <ele>1843</ele>
        <time>2025-08-22T15:56:40+00:00</time>
      </trkpt>
      <trkpt lat="45.33198" lon="6.16316">
        <ele>1842</ele>
        <time>2025-08-22T15:56:43+00:00</time>
      </trkpt>
      <trkpt lat="45.3322" lon="6.16289">
        <ele>1840</ele>
        <time>2025-08-22T15:56:46+00:00</time>
      </trkpt>
      <trkpt lat="45.33233" lon="6.1626">
        <ele>1839</ele>
        <time>2025-08-22T15:56:49+00:00</time>
      </trkpt>
      <trkpt lat="45.33247" lon="6.16229">
        <ele>1837</ele>
        <time>2025-08-22T15:56:52+00:00</time>
      </trkpt>
      <trkpt lat="45.33265" lon="6.162">
        <ele>1835</ele>
        <time>2025-08-22T15:56:55+00:00</time>
      </trkpt>
      <trkpt lat="45.33266" lon="6.16184">
        <ele>1835</ele>
        <time>2025-08-22T15:56:58+00:00</time>
      </trkpt>
      <trkpt lat="45.33283" lon="6.16175">
        <ele>1834</ele>
        <time>2025-08-22T15:57:01+00:00</time>
      </trkpt>
      <trkpt lat="45.33296" lon="6.1615">
        <ele>1834</ele>
        <time>2025-08-22T15:57:04+00:00</time>
      </trkpt>
      <trkpt lat="45.33312" lon="6.16142">
        <ele>1830</ele>
        <time>2025-08-22T15:57:07+00:00</time>
      </trkpt>
      <trkpt lat="45.33325" lon="6.16122">
        <ele>1826</ele>
        <time>2025-08-22T15:57:10+00:00</time>
      </trkpt>
      <trkpt lat="45.3335" lon="6.1609">
        <ele>1826</ele>
        <time>2025-08-22T15:57:13+00:00</time>
      </trkpt>
      <trkpt lat="45.33365" lon="6.16082">
        <ele>1822</ele>
        <time>2025-08-22T15:57:16+00:00</time>
      </trkpt>
      <trkpt lat="45.33382" lon="6.16079">
        <ele>1825</ele>
        <time>2025-08-22T15:57:19+00:00</time>
      </trkpt>
      <trkpt lat="45.33401" lon="6.16075">
        <ele>1823</ele>
        <time>2025-08-22T15:57:22+00:00</time>
      </trkpt>
      <trkpt lat="45.33412" lon="6.16071">
        <ele>1819</ele>
        <time>2025-08-22T15:57:25+00:00</time>
      </trkpt>
      <trkpt lat="45.33424" lon="6.1605">
        <ele>1820</ele>
        <time>2025-08-22T15:57:28+00:00</time>
      </trkpt>
      <trkpt lat="45.33436" lon="6.16026">
        <ele>1818</ele>
        <time>2025-08-22T15:57:31+00:00</time>
      </trkpt>
      <trkpt lat="45.33451" lon="6.1601">
        <ele>1817</ele>
        <time>2025-08-22T15:57:34+00:00</time>
      </trkpt>
      <trkpt lat="45.33478" lon="6.16001">
        <ele>1816</ele>
        <time>2025-08-22T15:57:37+00:00</time>
      </trkpt>
      <trkpt lat="45.33495" lon="6.15988">
        <ele>1816</ele>
        <time>2025-08-22T15:57:40+00:00</time>
      </trkpt>
      <trkpt lat="45.33518" lon="6.15979">
        <ele>1813</ele>
        <time>2025-08-22T15:57:43+00:00</time>
      </trkpt>
      <trkpt lat="45.33527" lon="6.15966">
        <ele>1813</ele>
        <time>2025-08-22T15:57:46+00:00</time>
      </trkpt>
      <trkpt lat="45.33546" lon="6.15954">
        <ele>1812</ele>
        <time>2025-08-22T15:57:49+00:00</time>
      </trkpt>
      <trkpt lat="45.33591" lon="6.15933">
        <ele>1809</ele>
        <time>2025-08-22T15:57:52+00:00</time>
      </trkpt>
      <trkpt lat="45.33626" lon="6.15908">
        <ele>1808</ele>
        <time>2025-08-22T15:57:55+00:00</time>
      </trkpt>
      <trkpt lat="45.33634" lon="6.15897">
        <ele>1808</ele>
        <time>2025-08-22T15:57:58+00:00</time>
      </trkpt>
      <trkpt lat="45.33643" lon="6.15892">
        <ele>1808</ele>
        <time>2025-08-22T15:58:01+00:00</time>
      </trkpt>
      <trkpt lat="45.33652" lon="6.15882">
        <ele>1807</ele>
        <time>2025-08-22T15:58:04+00:00</time>
      </trkpt>
      <trkpt lat="45.33662" lon="6.15869">
        <ele>1808</ele>
        <time>2025-08-22T15:58:07+00:00</time>
      </trkpt>
      <trkpt lat="45.3367" lon="6.15862">
        <ele>1808</ele>
        <time>2025-08-22T15:58:10+00:00</time>
      </trkpt>
      <trkpt lat="45.33676" lon="6.15859">
        <ele>1808</ele>
        <time>2025-08-22T15:58:13+00:00</time>
      </trkpt>
      <trkpt lat="45.33685" lon="6.1586">
        <ele>1808</ele>
        <time>2025-08-22T15:58:16+00:00</time>
      </trkpt>
      <trkpt lat="45.33699" lon="6.15868">
        <ele>1808</ele>
        <time>2025-08-22T15:58:19+00:00</time>
      </trkpt>
      <trkpt lat="45.33725" lon="6.15886">
        <ele>1807</ele>
        <time>2025-08-22T15:58:22+00:00</time>
      </trkpt>
      <trkpt lat="45.3374" lon="6.15903">
        <ele>1805</ele>
        <time>2025-08-22T15:58:25+00:00</time>
      </trkpt>
      <trkpt lat="45.33749" lon="6.15909">
        <ele>1807</ele>
        <time>2025-08-22T15:58:28+00:00</time>
      </trkpt>
      <trkpt lat="45.33765" lon="6.15922">
        <ele>1804</ele>
        <time>2025-08-22T15:58:31+00:00</time>
      </trkpt>
      <trkpt lat="45.33782" lon="6.15927">
        <ele>1806</ele>
        <time>2025-08-22T15:58:34+00:00</time>
      </trkpt>
      <trkpt lat="45.33789" lon="6.15933">
        <ele>1800</ele>
        <time>2025-08-22T15:58:37+00:00</time>
      </trkpt>
      <trkpt lat="45.3379" lon="6.15942">
        <ele>1797</ele>
        <time>2025-08-22T15:58:40+00:00</time>
      </trkpt>
      <trkpt lat="45.33795" lon="6.15949">
        <ele>1799</ele>
        <time>2025-08-22T15:58:43+00:00</time>
      </trkpt>
      <trkpt lat="45.33799" lon="6.15965">
        <ele>1797</ele>
        <time>2025-08-22T15:58:46+00:00</time>
      </trkpt>
      <trkpt lat="45.33804" lon="6.15974">
        <ele>1797</ele>
        <time>2025-08-22T15:58:49+00:00</time>
      </trkpt>
      <trkpt lat="45.33808" lon="6.15974">
        <ele>1797</ele>
        <time>2025-08-22T15:58:52+00:00</time>
      </trkpt>
      <trkpt lat="45.3381" lon="6.15981">
        <ele>1793</ele>
        <time>2025-08-22T15:58:55+00:00</time>
      </trkpt>
      <trkpt lat="45.33822" lon="6.15993">
        <ele>1796</ele>
        <time>2025-08-22T15:58:58+00:00</time>
      </trkpt>
      <trkpt lat="45.33825" lon="6.15992">
        <ele>1793</ele>
        <time>2025-08-22T15:59:01+00:00</time>
      </trkpt>
      <trkpt lat="45.33835" lon="6.15981">
        <ele>1796</ele>
        <time>2025-08-22T15:59:04+00:00</time>
      </trkpt>
      <trkpt lat="45.3384" lon="6.15981">
        <ele>1796</ele>
        <time>2025-08-22T15:59:07+00:00</time>
      </trkpt>
      <trkpt lat="45.33849" lon="6.1599">
        <ele>1794</ele>
        <time>2025-08-22T15:59:10+00:00</time>
      </trkpt>
      <trkpt lat="45.33864" lon="6.16001">
        <ele>1790</ele>
        <time>2025-08-22T15:59:13+00:00</time>
      </trkpt>
      <trkpt lat="45.33869" lon="6.15999">
        <ele>1790</ele>
        <time>2025-08-22T15:59:16+00:00</time>
      </trkpt>
      <trkpt lat="45.33872" lon="6.15989">
        <ele>1786</ele>
        <time>2025-08-22T15:59:19+00:00</time>
      </trkpt>
      <trkpt lat="45.33876" lon="6.15984">
        <ele>1786</ele>
        <time>2025-08-22T15:59:22+00:00</time>
      </trkpt>
      <trkpt lat="45.33885" lon="6.1598">
        <ele>1786</ele>
        <time>2025-08-22T15:59:25+00:00</time>
      </trkpt>
      <trkpt lat="45.33909" lon="6.15976">
        <ele>1782</ele>
        <time>2025-08-22T15:59:28+00:00</time>
      </trkpt>
      <trkpt lat="45.33934" lon="6.15973">
        <ele>1774</ele>
        <time>2025-08-22T15:59:31+00:00</time>
      </trkpt>
      <trkpt lat="45.3396" lon="6.15988">
        <ele>1771</ele>
        <time>2025-08-22T15:59:34+00:00</time>
      </trkpt>
      <trkpt lat="45.33998" lon="6.1601">
        <ele>1765</ele>
        <time>2025-08-22T15:59:37+00:00</time>
      </trkpt>
      <trkpt lat="45.3403" lon="6.1602">
        <ele>1761</ele>
        <time>2025-08-22T15:59:40+00:00</time>
      </trkpt>
      <trkpt lat="45.34042" lon="6.16018">
        <ele>1759</ele>
        <time>2025-08-22T15:59:43+00:00</time>
      </trkpt>
      <trkpt lat="45.34045" lon="6.16002">
        <ele>1761</ele>
        <time>2025-08-22T15:59:46+00:00</time>
      </trkpt>
      <trkpt lat="45.3405" lon="6.15992">
        <ele>1761</ele>
        <time>2025-08-22T15:59:49+00:00</time>
      </trkpt>
      <trkpt lat="45.34072" lon="6.15994">
        <ele>1753</ele>
        <time>2025-08-22T15:59:52+00:00</time>
      </trkpt>
      <trkpt lat="45.34099" lon="6.15996">
        <ele>1751</ele>
        <time>2025-08-22T15:59:55+00:00</time>
      </trkpt>
      <trkpt lat="45.34118" lon="6.16008">
        <ele>1749</ele>
        <time>2025-08-22T15:59:58+00:00</time>
      </trkpt>
      <trkpt lat="45.34147" lon="6.16012">
        <ele>1746</ele>
        <time>2025-08-22T16:00:01+00:00</time>
      </trkpt>
      <trkpt lat="45.34157" lon="6.16016">
        <ele>1745</ele>
        <time>2025-08-22T16:00:04+00:00</time>
      </trkpt>
      <trkpt lat="45.34159" lon="6.16029">
        <ele>1745</ele>
        <time>2025-08-22T16:00:07+00:00</time>
      </trkpt>
      <trkpt lat="45.3416" lon="6.1604">
        <ele>1744</ele>
        <time>2025-08-22T16:00:10+00:00</time>
      </trkpt>
      <trkpt lat="45.34168" lon="6.16052">
        <ele>1745</ele>
        <time>2025-08-22T16:00:13+00:00</time>
      </trkpt>
      <trkpt lat="45.34193" lon="6.16052">
        <ele>1744</ele>
        <time>2025-08-22T16:00:16+00:00</time>
      </trkpt>
      <trkpt lat="45.34216" lon="6.16054">
        <ele>1744</ele>
        <time>2025-08-22T16:00:19+00:00</time>
      </trkpt>
      <trkpt lat="45.34235" lon="6.16054">
        <ele>1743</ele>
        <time>2025-08-22T16:00:22+00:00</time>
      </trkpt>
      <trkpt lat="45.34248" lon="6.16048">
        <ele>1742</ele>
        <time>2025-08-22T16:00:25+00:00</time>
      </trkpt>
      <trkpt lat="45.34267" lon="6.16033">
        <ele>1741</ele>
        <time>2025-08-22T16:00:28+00:00</time>
      </trkpt>
      <trkpt lat="45.34286" lon="6.16014">
        <ele>1739</ele>
        <time>2025-08-22T16:00:31+00:00</time>
      </trkpt>
      <trkpt lat="45.34298" lon="6.16003">
        <ele>1736</ele>
        <time>2025-08-22T16:00:34+00:00</time>
      </trkpt>
      <trkpt lat="45.34319" lon="6.15977">
        <ele>1726</ele>
        <time>2025-08-22T16:00:37+00:00</time>
      </trkpt>
      <trkpt lat="45.34342" lon="6.1596">
        <ele>1721</ele>
        <time>2025-08-22T16:00:40+00:00</time>
      </trkpt>
      <trkpt lat="45.34364" lon="6.15936">
        <ele>1718</ele>
        <time>2025-08-22T16:00:43+00:00</time>
      </trkpt>
      <trkpt lat="45.34389" lon="6.15906">
        <ele>1711</ele>
        <time>2025-08-22T16:00:46+00:00</time>
      </trkpt>
      <trkpt lat="45.34391" lon="6.15898">
        <ele>1713</ele>
        <time>2025-08-22T16:00:49+00:00</time>
      </trkpt>
      <trkpt lat="45.34394" lon="6.15891">
        <ele>1713</ele>
        <time>2025-08-22T16:00:52+00:00</time>
      </trkpt>
      <trkpt lat="45.34399" lon="6.15872">
        <ele>1711</ele>
        <time>2025-08-22T16:00:55+00:00</time>
      </trkpt>
      <trkpt lat="45.34399" lon="6.15855">
        <ele>1704</ele>
        <time>2025-08-22T16:00:58+00:00</time>
      </trkpt>
      <trkpt lat="45.34407" lon="6.1585">
        <ele>1704</ele>
        <time>2025-08-22T16:01:01+00:00</time>
      </trkpt>
      <trkpt lat="45.3442" lon="6.15846">
        <ele>1705</ele>
        <time>2025-08-22T16:01:04+00:00</time>
      </trkpt>
      <trkpt lat="45.34429" lon="6.15841">
        <ele>1702</ele>
        <time>2025-08-22T16:01:07+00:00</time>
      </trkpt>
      <trkpt lat="45.34426" lon="6.15822">
        <ele>1699</ele>
        <time>2025-08-22T16:01:10+00:00</time>
      </trkpt>
      <trkpt lat="45.34429" lon="6.15818">
        <ele>1696</ele>
        <time>2025-08-22T16:01:13+00:00</time>
      </trkpt>
      <trkpt lat="45.34433" lon="6.15807">
        <ele>1694</ele>
        <time>2025-08-22T16:01:16+00:00</time>
      </trkpt>
      <trkpt lat="45.34436" lon="6.15802">
        <ele>1694</ele>
        <time>2025-08-22T16:01:19+00:00</time>
      </trkpt>
      <trkpt lat="45.34443" lon="6.15804">
        <ele>1689</ele>
        <time>2025-08-22T16:01:22+00:00</time>
      </trkpt>
      <trkpt lat="45.34447" lon="6.15808">
        <ele>1689</ele>
        <time>2025-08-22T16:01:25+00:00</time>
      </trkpt>
      <trkpt lat="45.34452" lon="6.15802">
        <ele>1689</ele>
        <time>2025-08-22T16:01:28+00:00</time>
      </trkpt>
      <trkpt lat="45.34457" lon="6.15792">
        <ele>1689</ele>
        <time>2025-08-22T16:01:31+00:00</time>
      </trkpt>
      <trkpt lat="45.34465" lon="6.15782">
        <ele>1683</ele>
        <time>2025-08-22T16:01:34+00:00</time>
      </trkpt>
      <trkpt lat="45.34473" lon="6.15776">
        <ele>1678</ele>
        <time>2025-08-22T16:01:37+00:00</time>
      </trkpt>
      <trkpt lat="45.3448" lon="6.15769">
        <ele>1677</ele>
        <time>2025-08-22T16:01:40+00:00</time>
      </trkpt>
      <trkpt lat="45.34485" lon="6.15767">
        <ele>1677</ele>
        <time>2025-08-22T16:01:43+00:00</time>
      </trkpt>
      <trkpt lat="45.3449" lon="6.15769">
        <ele>1677</ele>
        <time>2025-08-22T16:01:46+00:00</time>
      </trkpt>
      <trkpt lat="45.34494" lon="6.15768">
        <ele>1671</ele>
        <time>2025-08-22T16:01:49+00:00</time>
      </trkpt>
      <trkpt lat="45.34502" lon="6.15764">
        <ele>1671</ele>
        <time>2025-08-22T16:01:52+00:00</time>
      </trkpt>
      <trkpt lat="45.3451" lon="6.15761">
        <ele>1671</ele>
        <time>2025-08-22T16:01:55+00:00</time>
      </trkpt>
      <trkpt lat="45.34516" lon="6.15763">
        <ele>1664</ele>
        <time>2025-08-22T16:01:58+00:00</time>
      </trkpt>
      <trkpt lat="45.34521" lon="6.15768">
        <ele>1664</ele>
        <time>2025-08-22T16:02:01+00:00</time>
      </trkpt>
      <trkpt lat="45.34524" lon="6.1577">
        <ele>1664</ele>
        <time>2025-08-22T16:02:04+00:00</time>
      </trkpt>
      <trkpt lat="45.3453" lon="6.15767">
        <ele>1664</ele>
        <time>2025-08-22T16:02:07+00:00</time>
      </trkpt>
      <trkpt lat="45.34532" lon="6.15768">
        <ele>1656</ele>
        <time>2025-08-22T16:02:10+00:00</time>
      </trkpt>
      <trkpt lat="45.34535" lon="6.15772">
        <ele>1655</ele>
        <time>2025-08-22T16:02:13+00:00</time>
      </trkpt>
      <trkpt lat="45.34538" lon="6.15773">
        <ele>1655</ele>
        <time>2025-08-22T16:02:16+00:00</time>
      </trkpt>
      <trkpt lat="45.34541" lon="6.15761">
        <ele>1648</ele>
        <time>2025-08-22T16:02:19+00:00</time>
      </trkpt>
      <trkpt lat="45.34543" lon="6.1576">
        <ele>1648</ele>
        <time>2025-08-22T16:02:22+00:00</time>
      </trkpt>
      <trkpt lat="45.34545" lon="6.15765">
        <ele>1648</ele>
        <time>2025-08-22T16:02:25+00:00</time>
      </trkpt>
      <trkpt lat="45.34547" lon="6.15773">
        <ele>1647</ele>
        <time>2025-08-22T16:02:28+00:00</time>
      </trkpt>
      <trkpt lat="45.34551" lon="6.15778">
        <ele>1647</ele>
        <time>2025-08-22T16:02:31+00:00</time>
      </trkpt>
      <trkpt lat="45.34567" lon="6.15782">
        <ele>1641</ele>
        <time>2025-08-22T16:02:34+00:00</time>
      </trkpt>
      <trkpt lat="45.34575" lon="6.15789">
        <ele>1641</ele>
        <time>2025-08-22T16:02:37+00:00</time>
      </trkpt>
      <trkpt lat="45.34585" lon="6.15791">
        <ele>1638</ele>
        <time>2025-08-22T16:02:40+00:00</time>
      </trkpt>
      <trkpt lat="45.34594" lon="6.1579">
        <ele>1634</ele>
        <time>2025-08-22T16:02:43+00:00</time>
      </trkpt>
      <trkpt lat="45.34603" lon="6.15795">
        <ele>1632</ele>
        <time>2025-08-22T16:02:46+00:00</time>
      </trkpt>
      <trkpt lat="45.34616" lon="6.158">
        <ele>1628</ele>
        <time>2025-08-22T16:02:49+00:00</time>
      </trkpt>
      <trkpt lat="45.34626" lon="6.15801">
        <ele>1628</ele>
        <time>2025-08-22T16:02:52+00:00</time>
      </trkpt>
      <trkpt lat="45.34634" lon="6.15799">
        <ele>1623</ele>
        <time>2025-08-22T16:02:55+00:00</time>
      </trkpt>
      <trkpt lat="45.34643" lon="6.15794">
        <ele>1623</ele>
        <time>2025-08-22T16:02:58+00:00</time>
      </trkpt>
      <trkpt lat="45.34651" lon="6.15787">
        <ele>1618</ele>
        <time>2025-08-22T16:03:01+00:00</time>
      </trkpt>
      <trkpt lat="45.34661" lon="6.15782">
        <ele>1614</ele>
        <time>2025-08-22T16:03:04+00:00</time>
      </trkpt>
      <trkpt lat="45.34669" lon="6.15774">
        <ele>1614</ele>
        <time>2025-08-22T16:03:07+00:00</time>
      </trkpt>
      <trkpt lat="45.3468" lon="6.15773">
        <ele>1614</ele>
        <time>2025-08-22T16:03:10+00:00</time>
      </trkpt>
      <trkpt lat="45.3471" lon="6.1579">
        <ele>1603</ele>
        <time>2025-08-22T16:03:13+00:00</time>
      </trkpt>
      <trkpt lat="45.34717" lon="6.15797">
        <ele>1599</ele>
        <time>2025-08-22T16:03:16+00:00</time>
      </trkpt>
      <trkpt lat="45.34726" lon="6.15802">
        <ele>1599</ele>
        <time>2025-08-22T16:03:19+00:00</time>
      </trkpt>
      <trkpt lat="45.34738" lon="6.15805">
        <ele>1603</ele>
        <time>2025-08-22T16:03:22+00:00</time>
      </trkpt>
      <trkpt lat="45.34747" lon="6.15815">
        <ele>1599</ele>
        <time>2025-08-22T16:03:25+00:00</time>
      </trkpt>
      <trkpt lat="45.34759" lon="6.15822">
        <ele>1603</ele>
        <time>2025-08-22T16:03:28+00:00</time>
      </trkpt>
      <trkpt lat="45.34766" lon="6.15825">
        <ele>1603</ele>
        <time>2025-08-22T16:03:31+00:00</time>
      </trkpt>
      <trkpt lat="45.34772" lon="6.15825">
        <ele>1603</ele>
        <time>2025-08-22T16:03:34+00:00</time>
      </trkpt>
      <trkpt lat="45.34781" lon="6.15822">
        <ele>1603</ele>
        <time>2025-08-22T16:03:37+00:00</time>
      </trkpt>
      <trkpt lat="45.3479" lon="6.15817">
        <ele>1600</ele>
        <time>2025-08-22T16:03:40+00:00</time>
      </trkpt>
      <trkpt lat="45.34796" lon="6.15806">
        <ele>1597</ele>
        <time>2025-08-22T16:03:43+00:00</time>
      </trkpt>
      <trkpt lat="45.34802" lon="6.15799">
        <ele>1597</ele>
        <time>2025-08-22T16:03:46+00:00</time>
      </trkpt>
      <trkpt lat="45.34806" lon="6.15797">
        <ele>1597</ele>
        <time>2025-08-22T16:03:49+00:00</time>
      </trkpt>
      <trkpt lat="45.3481" lon="6.1579">
        <ele>1594</ele>
        <time>2025-08-22T16:03:52+00:00</time>
      </trkpt>
      <trkpt lat="45.34814" lon="6.15787">
        <ele>1594</ele>
        <time>2025-08-22T16:03:55+00:00</time>
      </trkpt>
      <trkpt lat="45.34818" lon="6.15778">
        <ele>1594</ele>
        <time>2025-08-22T16:03:58+00:00</time>
      </trkpt>
      <trkpt lat="45.34827" lon="6.15772">
        <ele>1597</ele>
        <time>2025-08-22T16:04:01+00:00</time>
      </trkpt>
      <trkpt lat="45.34839" lon="6.15749">
        <ele>1590</ele>
        <time>2025-08-22T16:04:04+00:00</time>
      </trkpt>
      <trkpt lat="45.34857" lon="6.15735">
        <ele>1589</ele>
        <time>2025-08-22T16:04:07+00:00</time>
      </trkpt>
      <trkpt lat="45.34878" lon="6.15733">
        <ele>1589</ele>
        <time>2025-08-22T16:04:10+00:00</time>
      </trkpt>
      <trkpt lat="45.34905" lon="6.15732">
        <ele>1590</ele>
        <time>2025-08-22T16:04:13+00:00</time>
      </trkpt>
      <trkpt lat="45.34929" lon="6.15729">
        <ele>1590</ele>
        <time>2025-08-22T16:04:16+00:00</time>
      </trkpt>
      <trkpt lat="45.34945" lon="6.15724">
        <ele>1590</ele>
        <time>2025-08-22T16:04:19+00:00</time>
      </trkpt>
      <trkpt lat="45.34958" lon="6.1571">
        <ele>1584</ele>
        <time>2025-08-22T16:04:22+00:00</time>
      </trkpt>
      <trkpt lat="45.34972" lon="6.15695">
        <ele>1584</ele>
        <time>2025-08-22T16:04:25+00:00</time>
      </trkpt>
      <trkpt lat="45.34987" lon="6.1568">
        <ele>1581</ele>
        <time>2025-08-22T16:04:28+00:00</time>
      </trkpt>
      <trkpt lat="45.34992" lon="6.15665">
        <ele>1581</ele>
        <time>2025-08-22T16:04:31+00:00</time>
      </trkpt>
      <trkpt lat="45.34997" lon="6.15652">
        <ele>1581</ele>
        <time>2025-08-22T16:04:34+00:00</time>
      </trkpt>
      <trkpt lat="45.35003" lon="6.15644">
        <ele>1579</ele>
        <time>2025-08-22T16:04:37+00:00</time>
      </trkpt>
      <trkpt lat="45.35012" lon="6.1564">
        <ele>1584</ele>
        <time>2025-08-22T16:04:40+00:00</time>
      </trkpt>
      <trkpt lat="45.35022" lon="6.15632">
        <ele>1583</ele>
        <time>2025-08-22T16:04:43+00:00</time>
      </trkpt>
      <trkpt lat="45.35034" lon="6.1563">
        <ele>1583</ele>
        <time>2025-08-22T16:04:46+00:00</time>
      </trkpt>
      <trkpt lat="45.35046" lon="6.1563">
        <ele>1586</ele>
        <time>2025-08-22T16:04:49+00:00</time>
      </trkpt>
      <trkpt lat="45.35054" lon="6.15626">
        <ele>1586</ele>
        <time>2025-08-22T16:04:52+00:00</time>
      </trkpt>
      <trkpt lat="45.35061" lon="6.15614">
        <ele>1583</ele>
        <time>2025-08-22T16:04:55+00:00</time>
      </trkpt>
      <trkpt lat="45.35068" lon="6.15597">
        <ele>1585</ele>
        <time>2025-08-22T16:04:58+00:00</time>
      </trkpt>
      <trkpt lat="45.35074" lon="6.15578">
        <ele>1581</ele>
        <time>2025-08-22T16:05:01+00:00</time>
      </trkpt>
      <trkpt lat="45.35077" lon="6.15564">
        <ele>1576</ele>
        <time>2025-08-22T16:05:04+00:00</time>
      </trkpt>
      <trkpt lat="45.35082" lon="6.1556">
        <ele>1578</ele>
        <time>2025-08-22T16:05:07+00:00</time>
      </trkpt>
      <trkpt lat="45.35088" lon="6.15558">
        <ele>1578</ele>
        <time>2025-08-22T16:05:10+00:00</time>
      </trkpt>
      <trkpt lat="45.35093" lon="6.15562">
        <ele>1576</ele>
        <time>2025-08-22T16:05:13+00:00</time>
      </trkpt>
      <trkpt lat="45.35099" lon="6.15571">
        <ele>1582</ele>
        <time>2025-08-22T16:05:16+00:00</time>
      </trkpt>
      <trkpt lat="45.35102" lon="6.15569">
        <ele>1576</ele>
        <time>2025-08-22T16:05:19+00:00</time>
      </trkpt>
      <trkpt lat="45.35107" lon="6.1555">
        <ele>1577</ele>
        <time>2025-08-22T16:05:22+00:00</time>
      </trkpt>
      <trkpt lat="45.35112" lon="6.15542">
        <ele>1580</ele>
        <time>2025-08-22T16:05:25+00:00</time>
      </trkpt>
      <trkpt lat="45.35114" lon="6.15524">
        <ele>1577</ele>
        <time>2025-08-22T16:05:28+00:00</time>
      </trkpt>
      <trkpt lat="45.35123" lon="6.15509">
        <ele>1573</ele>
        <time>2025-08-22T16:05:31+00:00</time>
      </trkpt>
      <trkpt lat="45.35128" lon="6.15503">
        <ele>1576</ele>
        <time>2025-08-22T16:05:34+00:00</time>
      </trkpt>
      <trkpt lat="45.35132" lon="6.15496">
        <ele>1577</ele>
        <time>2025-08-22T16:05:37+00:00</time>
      </trkpt>
      <trkpt lat="45.35136" lon="6.15485">
        <ele>1577</ele>
        <time>2025-08-22T16:05:40+00:00</time>
      </trkpt>
      <trkpt lat="45.35149" lon="6.15467">
        <ele>1576</ele>
        <time>2025-08-22T16:05:43+00:00</time>
      </trkpt>
      <trkpt lat="45.35158" lon="6.15451">
        <ele>1569</ele>
        <time>2025-08-22T16:05:46+00:00</time>
      </trkpt>
      <trkpt lat="45.35175" lon="6.15427">
        <ele>1571</ele>
        <time>2025-08-22T16:05:49+00:00</time>
      </trkpt>
      <trkpt lat="45.35185" lon="6.15415">
        <ele>1572</ele>
        <time>2025-08-22T16:05:52+00:00</time>
      </trkpt>
      <trkpt lat="45.35198" lon="6.15402">
        <ele>1569</ele>
        <time>2025-08-22T16:05:55+00:00</time>
      </trkpt>
      <trkpt lat="45.35212" lon="6.15386">
        <ele>1576</ele>
        <time>2025-08-22T16:05:58+00:00</time>
      </trkpt>
      <trkpt lat="45.35221" lon="6.15371">
        <ele>1568</ele>
        <time>2025-08-22T16:06:01+00:00</time>
      </trkpt>
      <trkpt lat="45.35228" lon="6.15365">
        <ele>1568</ele>
        <time>2025-08-22T16:06:04+00:00</time>
      </trkpt>
      <trkpt lat="45.35238" lon="6.15359">
        <ele>1571</ele>
        <time>2025-08-22T16:06:07+00:00</time>
      </trkpt>
      <trkpt lat="45.35254" lon="6.15345">
        <ele>1574</ele>
        <time>2025-08-22T16:06:10+00:00</time>
      </trkpt>
      <trkpt lat="45.35259" lon="6.15342">
        <ele>1565</ele>
        <time>2025-08-22T16:06:13+00:00</time>
      </trkpt>
      <trkpt lat="45.35263" lon="6.15336">
        <ele>1568</ele>
        <time>2025-08-22T16:06:16+00:00</time>
      </trkpt>
      <trkpt lat="45.35271" lon="6.15329">
        <ele>1554</ele>
        <time>2025-08-22T16:06:19+00:00</time>
      </trkpt>
      <trkpt lat="45.35293" lon="6.15315">
        <ele>1560</ele>
        <time>2025-08-22T16:06:22+00:00</time>
      </trkpt>
      <trkpt lat="45.353" lon="6.15308">
        <ele>1546</ele>
        <time>2025-08-22T16:06:25+00:00</time>
      </trkpt>
      <trkpt lat="45.35312" lon="6.153">
        <ele>1560</ele>
        <time>2025-08-22T16:06:28+00:00</time>
      </trkpt>
      <trkpt lat="45.35331" lon="6.15297">
        <ele>1561</ele>
        <time>2025-08-22T16:06:31+00:00</time>
      </trkpt>
      <trkpt lat="45.35344" lon="6.15298">
        <ele>1561</ele>
        <time>2025-08-22T16:06:34+00:00</time>
      </trkpt>
      <trkpt lat="45.35357" lon="6.15295">
        <ele>1558</ele>
        <time>2025-08-22T16:06:37+00:00</time>
      </trkpt>
      <trkpt lat="45.35354" lon="6.15289">
        <ele>1552</ele>
        <time>2025-08-22T16:06:40+00:00</time>
      </trkpt>
      <trkpt lat="45.35365" lon="6.15281">
        <ele>1552</ele>
        <time>2025-08-22T16:06:43+00:00</time>
      </trkpt>
      <trkpt lat="45.35374" lon="6.15276">
        <ele>1555</ele>
        <time>2025-08-22T16:06:46+00:00</time>
      </trkpt>
      <trkpt lat="45.35366" lon="6.15269">
        <ele>1541</ele>
        <time>2025-08-22T16:06:49+00:00</time>
      </trkpt>
      <trkpt lat="45.35375" lon="6.15262">
        <ele>1545</ele>
        <time>2025-08-22T16:06:52+00:00</time>
      </trkpt>
      <trkpt lat="45.35386" lon="6.1526">
        <ele>1539</ele>
        <time>2025-08-22T16:06:55+00:00</time>
      </trkpt>
      <trkpt lat="45.35395" lon="6.15255">
        <ele>1539</ele>
        <time>2025-08-22T16:06:58+00:00</time>
      </trkpt>
      <trkpt lat="45.35394" lon="6.15239">
        <ele>1531</ele>
        <time>2025-08-22T16:07:01+00:00</time>
      </trkpt>
      <trkpt lat="45.354" lon="6.15228">
        <ele>1531</ele>
        <time>2025-08-22T16:07:04+00:00</time>
      </trkpt>
      <trkpt lat="45.35409" lon="6.15218">
        <ele>1526</ele>
        <time>2025-08-22T16:07:07+00:00</time>
      </trkpt>
      <trkpt lat="45.3542" lon="6.15212">
        <ele>1529</ele>
        <time>2025-08-22T16:07:10+00:00</time>
      </trkpt>
      <trkpt lat="45.35428" lon="6.15214">
        <ele>1527</ele>
        <time>2025-08-22T16:07:13+00:00</time>
      </trkpt>
      <trkpt lat="45.3544" lon="6.15211">
        <ele>1527</ele>
        <time>2025-08-22T16:07:16+00:00</time>
      </trkpt>
      <trkpt lat="45.35452" lon="6.15223">
        <ele>1527</ele>
        <time>2025-08-22T16:07:19+00:00</time>
      </trkpt>
      <trkpt lat="45.35464" lon="6.15239">
        <ele>1527</ele>
        <time>2025-08-22T16:07:22+00:00</time>
      </trkpt>
      <trkpt lat="45.35477" lon="6.15256">
        <ele>1526</ele>
        <time>2025-08-22T16:07:25+00:00</time>
      </trkpt>
      <trkpt lat="45.3548" lon="6.15253">
        <ele>1526</ele>
        <time>2025-08-22T16:07:28+00:00</time>
      </trkpt>
      <trkpt lat="45.35488" lon="6.15251">
        <ele>1526</ele>
        <time>2025-08-22T16:07:31+00:00</time>
      </trkpt>
      <trkpt lat="45.35502" lon="6.15257">
        <ele>1512</ele>
        <time>2025-08-22T16:07:34+00:00</time>
      </trkpt>
      <trkpt lat="45.35511" lon="6.15254">
        <ele>1512</ele>
        <time>2025-08-22T16:07:37+00:00</time>
      </trkpt>
      <trkpt lat="45.35516" lon="6.1525">
        <ele>1512</ele>
        <time>2025-08-22T16:07:40+00:00</time>
      </trkpt>
      <trkpt lat="45.35499" lon="6.15238">
        <ele>1511</ele>
        <time>2025-08-22T16:07:43+00:00</time>
      </trkpt>
      <trkpt lat="45.35494" lon="6.15232">
        <ele>1511</ele>
        <time>2025-08-22T16:07:46+00:00</time>
      </trkpt>
      <trkpt lat="45.35492" lon="6.15226">
        <ele>1511</ele>
        <time>2025-08-22T16:07:49+00:00</time>
      </trkpt>
      <trkpt lat="45.35497" lon="6.15231">
        <ele>1511</ele>
        <time>2025-08-22T16:07:52+00:00</time>
      </trkpt>
      <trkpt lat="45.35505" lon="6.15232">
        <ele>1504</ele>
        <time>2025-08-22T16:07:55+00:00</time>
      </trkpt>
      <trkpt lat="45.35511" lon="6.15236">
        <ele>1504</ele>
        <time>2025-08-22T16:07:58+00:00</time>
      </trkpt>
      <trkpt lat="45.35513" lon="6.15231">
        <ele>1504</ele>
        <time>2025-08-22T16:08:01+00:00</time>
      </trkpt>
      <trkpt lat="45.35505" lon="6.15224">
        <ele>1504</ele>
        <time>2025-08-22T16:08:04+00:00</time>
      </trkpt>
      <trkpt lat="45.35513" lon="6.15223">
        <ele>1504</ele>
        <time>2025-08-22T16:08:07+00:00</time>
      </trkpt>
      <trkpt lat="45.3551" lon="6.15214">
        <ele>1497</ele>
        <time>2025-08-22T16:08:10+00:00</time>
      </trkpt>
      <trkpt lat="45.35517" lon="6.15215">
        <ele>1497</ele>
        <time>2025-08-22T16:08:13+00:00</time>
      </trkpt>
      <trkpt lat="45.35514" lon="6.15196">
        <ele>1490</ele>
        <time>2025-08-22T16:08:16+00:00</time>
      </trkpt>
      <trkpt lat="45.35531" lon="6.15186">
        <ele>1481</ele>
        <time>2025-08-22T16:08:19+00:00</time>
      </trkpt>
      <trkpt lat="45.35525" lon="6.1518">
        <ele>1481</ele>
        <time>2025-08-22T16:08:22+00:00</time>
      </trkpt>
      <trkpt lat="45.35531" lon="6.1517">
        <ele>1475</ele>
        <time>2025-08-22T16:08:25+00:00</time>
      </trkpt>
      <trkpt lat="45.35522" lon="6.15149">
        <ele>1475</ele>
        <time>2025-08-22T16:08:28+00:00</time>
      </trkpt>
      <trkpt lat="45.35528" lon="6.15151">
        <ele>1475</ele>
        <time>2025-08-22T16:08:31+00:00</time>
      </trkpt>
      <trkpt lat="45.35537" lon="6.15156">
        <ele>1475</ele>
        <time>2025-08-22T16:08:34+00:00</time>
      </trkpt>
      <trkpt lat="45.35547" lon="6.15156">
        <ele>1469</ele>
        <time>2025-08-22T16:08:37+00:00</time>
      </trkpt>
      <trkpt lat="45.35557" lon="6.15159">
        <ele>1469</ele>
        <time>2025-08-22T16:08:40+00:00</time>
      </trkpt>
      <trkpt lat="45.35571" lon="6.15152">
        <ele>1456</ele>
        <time>2025-08-22T16:08:43+00:00</time>
      </trkpt>
      <trkpt lat="45.35576" lon="6.15157">
        <ele>1456</ele>
        <time>2025-08-22T16:08:46+00:00</time>
      </trkpt>
      <trkpt lat="45.35582" lon="6.15155">
        <ele>1456</ele>
        <time>2025-08-22T16:08:49+00:00</time>
      </trkpt>
      <trkpt lat="45.35581" lon="6.15152">
        <ele>1456</ele>
        <time>2025-08-22T16:08:52+00:00</time>
      </trkpt>
      <trkpt lat="45.35585" lon="6.1515">
        <ele>1448</ele>
        <time>2025-08-22T16:08:55+00:00</time>
      </trkpt>
      <trkpt lat="45.35583" lon="6.15143">
        <ele>1448</ele>
        <time>2025-08-22T16:08:58+00:00</time>
      </trkpt>
      <trkpt lat="45.35593" lon="6.15139">
        <ele>1436</ele>
        <time>2025-08-22T16:09:01+00:00</time>
      </trkpt>
      <trkpt lat="45.35604" lon="6.15142">
        <ele>1444</ele>
        <time>2025-08-22T16:09:04+00:00</time>
      </trkpt>
      <trkpt lat="45.35609" lon="6.15131">
        <ele>1436</ele>
        <time>2025-08-22T16:09:07+00:00</time>
      </trkpt>
      <trkpt lat="45.35613" lon="6.1512">
        <ele>1423</ele>
        <time>2025-08-22T16:09:10+00:00</time>
      </trkpt>
      <trkpt lat="45.35619" lon="6.15112">
        <ele>1423</ele>
        <time>2025-08-22T16:09:13+00:00</time>
      </trkpt>
      <trkpt lat="45.35626" lon="6.15105">
        <ele>1423</ele>
        <time>2025-08-22T16:09:16+00:00</time>
      </trkpt>
      <trkpt lat="45.3563" lon="6.15091">
        <ele>1421</ele>
        <time>2025-08-22T16:09:19+00:00</time>
      </trkpt>
      <trkpt lat="45.35644" lon="6.15083">
        <ele>1419</ele>
        <time>2025-08-22T16:09:22+00:00</time>
      </trkpt>
      <trkpt lat="45.35651" lon="6.15083">
        <ele>1419</ele>
        <time>2025-08-22T16:09:25+00:00</time>
      </trkpt>
      <trkpt lat="45.35666" lon="6.15069">
        <ele>1408</ele>
        <time>2025-08-22T16:09:28+00:00</time>
      </trkpt>
      <trkpt lat="45.35675" lon="6.15062">
        <ele>1408</ele>
        <time>2025-08-22T16:09:31+00:00</time>
      </trkpt>
      <trkpt lat="45.35679" lon="6.15053">
        <ele>1408</ele>
        <time>2025-08-22T16:09:34+00:00</time>
      </trkpt>
      <trkpt lat="45.3569" lon="6.15045">
        <ele>1403</ele>
        <time>2025-08-22T16:09:37+00:00</time>
      </trkpt>
      <trkpt lat="45.35699" lon="6.15036">
        <ele>1404</ele>
        <time>2025-08-22T16:09:40+00:00</time>
      </trkpt>
      <trkpt lat="45.35689" lon="6.1503">
        <ele>1396</ele>
        <time>2025-08-22T16:09:43+00:00</time>
      </trkpt>
      <trkpt lat="45.35679" lon="6.15031">
        <ele>1401</ele>
        <time>2025-08-22T16:09:46+00:00</time>
      </trkpt>
      <trkpt lat="45.35681" lon="6.15025">
        <ele>1396</ele>
        <time>2025-08-22T16:09:49+00:00</time>
      </trkpt>
      <trkpt lat="45.35699" lon="6.15008">
        <ele>1389</ele>
        <time>2025-08-22T16:09:52+00:00</time>
      </trkpt>
      <trkpt lat="45.35697" lon="6.15007">
        <ele>1389</ele>
        <time>2025-08-22T16:09:55+00:00</time>
      </trkpt>
      <trkpt lat="45.35706" lon="6.14996">
        <ele>1381</ele>
        <time>2025-08-22T16:09:58+00:00</time>
      </trkpt>
      <trkpt lat="45.3572" lon="6.14996">
        <ele>1382</ele>
        <time>2025-08-22T16:10:01+00:00</time>
      </trkpt>
      <trkpt lat="45.35732" lon="6.14992">
        <ele>1382</ele>
        <time>2025-08-22T16:10:04+00:00</time>
      </trkpt>
      <trkpt lat="45.35727" lon="6.14979">
        <ele>1374</ele>
        <time>2025-08-22T16:10:07+00:00</time>
      </trkpt>
      <trkpt lat="45.35738" lon="6.14976">
        <ele>1374</ele>
        <time>2025-08-22T16:10:10+00:00</time>
      </trkpt>
      <trkpt lat="45.35739" lon="6.14968">
        <ele>1374</ele>
        <time>2025-08-22T16:10:13+00:00</time>
      </trkpt>
      <trkpt lat="45.35747" lon="6.14965">
        <ele>1373</ele>
        <time>2025-08-22T16:10:16+00:00</time>
      </trkpt>
      <trkpt lat="45.35749" lon="6.14954">
        <ele>1365</ele>
        <time>2025-08-22T16:10:19+00:00</time>
      </trkpt>
      <trkpt lat="45.35746" lon="6.1495">
        <ele>1357</ele>
        <time>2025-08-22T16:10:22+00:00</time>
      </trkpt>
      <trkpt lat="45.3575" lon="6.14946">
        <ele>1357</ele>
        <time>2025-08-22T16:10:25+00:00</time>
      </trkpt>
      <trkpt lat="45.35749" lon="6.14929">
        <ele>1349</ele>
        <time>2025-08-22T16:10:28+00:00</time>
      </trkpt>
      <trkpt lat="45.35757" lon="6.14918">
        <ele>1349</ele>
        <time>2025-08-22T16:10:31+00:00</time>
      </trkpt>
      <trkpt lat="45.35768" lon="6.14911">
        <ele>1348</ele>
        <time>2025-08-22T16:10:34+00:00</time>
      </trkpt>
      <trkpt lat="45.35784" lon="6.14904">
        <ele>1340</ele>
        <time>2025-08-22T16:10:37+00:00</time>
      </trkpt>
      <trkpt lat="45.35796" lon="6.14896">
        <ele>1335</ele>
        <time>2025-08-22T16:10:40+00:00</time>
      </trkpt>
      <trkpt lat="45.35807" lon="6.14892">
        <ele>1334</ele>
        <time>2025-08-22T16:10:43+00:00</time>
      </trkpt>
      <trkpt lat="45.35816" lon="6.1488">
        <ele>1330</ele>
        <time>2025-08-22T16:10:46+00:00</time>
      </trkpt>
      <trkpt lat="45.35826" lon="6.14868">
        <ele>1330</ele>
        <time>2025-08-22T16:10:49+00:00</time>
      </trkpt>
      <trkpt lat="45.35827" lon="6.14854">
        <ele>1326</ele>
        <time>2025-08-22T16:10:52+00:00</time>
      </trkpt>
      <trkpt lat="45.35823" lon="6.14843">
        <ele>1326</ele>
        <time>2025-08-22T16:10:55+00:00</time>
      </trkpt>
      <trkpt lat="45.35818" lon="6.14832">
        <ele>1322</ele>
        <time>2025-08-22T16:10:58+00:00</time>
      </trkpt>
      <trkpt lat="45.35812" lon="6.14823">
        <ele>1318</ele>
        <time>2025-08-22T16:11:01+00:00</time>
      </trkpt>
      <trkpt lat="45.35806" lon="6.14811">
        <ele>1316</ele>
        <time>2025-08-22T16:11:04+00:00</time>
      </trkpt>
      <trkpt lat="45.35799" lon="6.14803">
        <ele>1310</ele>
        <time>2025-08-22T16:11:07+00:00</time>
      </trkpt>
      <trkpt lat="45.35798" lon="6.1479">
        <ele>1306</ele>
        <time>2025-08-22T16:11:10+00:00</time>
      </trkpt>
      <trkpt lat="45.35793" lon="6.1477">
        <ele>1302</ele>
        <time>2025-08-22T16:11:13+00:00</time>
      </trkpt>
      <trkpt lat="45.35793" lon="6.14759">
        <ele>1299</ele>
        <time>2025-08-22T16:11:16+00:00</time>
      </trkpt>
      <trkpt lat="45.3579" lon="6.14741">
        <ele>1299</ele>
        <time>2025-08-22T16:11:19+00:00</time>
      </trkpt>
      <trkpt lat="45.35791" lon="6.14726">
        <ele>1295</ele>
        <time>2025-08-22T16:11:22+00:00</time>
      </trkpt>
      <trkpt lat="45.3579" lon="6.14714">
        <ele>1291</ele>
        <time>2025-08-22T16:11:25+00:00</time>
      </trkpt>
      <trkpt lat="45.35782" lon="6.14697">
        <ele>1288</ele>
        <time>2025-08-22T16:11:28+00:00</time>
      </trkpt>
      <trkpt lat="45.35784" lon="6.14685">
        <ele>1288</ele>
        <time>2025-08-22T16:11:31+00:00</time>
      </trkpt>
      <trkpt lat="45.35805" lon="6.14679">
        <ele>1286</ele>
        <time>2025-08-22T16:11:34+00:00</time>
      </trkpt>
      <trkpt lat="45.35813" lon="6.14675">
        <ele>1288</ele>
        <time>2025-08-22T16:11:37+00:00</time>
      </trkpt>
      <trkpt lat="45.35821" lon="6.14667">
        <ele>1284</ele>
        <time>2025-08-22T16:11:40+00:00</time>
      </trkpt>
      <trkpt lat="45.35827" lon="6.14655">
        <ele>1284</ele>
        <time>2025-08-22T16:11:43+00:00</time>
      </trkpt>
      <trkpt lat="45.35833" lon="6.14637">
        <ele>1282</ele>
        <time>2025-08-22T16:11:46+00:00</time>
      </trkpt>
      <trkpt lat="45.3584" lon="6.14622">
        <ele>1282</ele>
        <time>2025-08-22T16:11:49+00:00</time>
      </trkpt>
      <trkpt lat="45.35865" lon="6.14584">
        <ele>1280</ele>
        <time>2025-08-22T16:11:52+00:00</time>
      </trkpt>
      <trkpt lat="45.3589" lon="6.1456">
        <ele>1279</ele>
        <time>2025-08-22T16:11:55+00:00</time>
      </trkpt>
      <trkpt lat="45.35923" lon="6.14537">
        <ele>1278</ele>
        <time>2025-08-22T16:11:58+00:00</time>
      </trkpt>
      <trkpt lat="45.35927" lon="6.14535">
        <ele>1274</ele>
        <time>2025-08-22T16:12:01+00:00</time>
      </trkpt>
      <trkpt lat="45.35939" lon="6.14527">
        <ele>1275</ele>
        <time>2025-08-22T16:12:04+00:00</time>
      </trkpt>
      <trkpt lat="45.35953" lon="6.14522">
        <ele>1277</ele>
        <time>2025-08-22T16:12:07+00:00</time>
      </trkpt>
      <trkpt lat="45.35965" lon="6.14519">
        <ele>1273</ele>
        <time>2025-08-22T16:12:10+00:00</time>
      </trkpt>
      <trkpt lat="45.35973" lon="6.14515">
        <ele>1274</ele>
        <time>2025-08-22T16:12:13+00:00</time>
      </trkpt>
      <trkpt lat="45.35979" lon="6.14509">
        <ele>1274</ele>
        <time>2025-08-22T16:12:16+00:00</time>
      </trkpt>
      <trkpt lat="45.35989" lon="6.14496">
        <ele>1270</ele>
        <time>2025-08-22T16:12:19+00:00</time>
      </trkpt>
      <trkpt lat="45.35996" lon="6.14491">
        <ele>1270</ele>
        <time>2025-08-22T16:12:22+00:00</time>
      </trkpt>
      <trkpt lat="45.36006" lon="6.14489">
        <ele>1270</ele>
        <time>2025-08-22T16:12:25+00:00</time>
      </trkpt>
      <trkpt lat="45.36018" lon="6.1449">
        <ele>1270</ele>
        <time>2025-08-22T16:12:28+00:00</time>
      </trkpt>
      <trkpt lat="45.36029" lon="6.14493">
        <ele>1270</ele>
        <time>2025-08-22T16:12:31+00:00</time>
      </trkpt>
      <trkpt lat="45.36041" lon="6.14503">
        <ele>1272</ele>
        <time>2025-08-22T16:12:34+00:00</time>
      </trkpt>
      <trkpt lat="45.36054" lon="6.14511">
        <ele>1275</ele>
        <time>2025-08-22T16:12:37+00:00</time>
      </trkpt>
      <trkpt lat="45.36066" lon="6.14515">
        <ele>1267</ele>
        <time>2025-08-22T16:12:40+00:00</time>
      </trkpt>
      <trkpt lat="45.36074" lon="6.14514">
        <ele>1273</ele>
        <time>2025-08-22T16:12:43+00:00</time>
      </trkpt>
      <trkpt lat="45.36107" lon="6.14497">
        <ele>1263</ele>
        <time>2025-08-22T16:12:46+00:00</time>
      </trkpt>
      <trkpt lat="45.36118" lon="6.14493">
        <ele>1260</ele>
        <time>2025-08-22T16:12:49+00:00</time>
      </trkpt>
      <trkpt lat="45.36137" lon="6.1449">
        <ele>1258</ele>
        <time>2025-08-22T16:12:52+00:00</time>
      </trkpt>
      <trkpt lat="45.36158" lon="6.14488">
        <ele>1256</ele>
        <time>2025-08-22T16:12:55+00:00</time>
      </trkpt>
      <trkpt lat="45.36178" lon="6.14488">
        <ele>1256</ele>
        <time>2025-08-22T16:12:58+00:00</time>
      </trkpt>
      <trkpt lat="45.36194" lon="6.14491">
        <ele>1249</ele>
        <time>2025-08-22T16:13:01+00:00</time>
      </trkpt>
      <trkpt lat="45.36221" lon="6.14501">
        <ele>1256</ele>
        <time>2025-08-22T16:13:04+00:00</time>
      </trkpt>
      <trkpt lat="45.36248" lon="6.14514">
        <ele>1253</ele>
        <time>2025-08-22T16:13:07+00:00</time>
      </trkpt>
      <trkpt lat="45.36279" lon="6.14532">
        <ele>1250</ele>
        <time>2025-08-22T16:13:10+00:00</time>
      </trkpt>
      <trkpt lat="45.36302" lon="6.14549">
        <ele>1249</ele>
        <time>2025-08-22T16:13:13+00:00</time>
      </trkpt>
      <trkpt lat="45.36329" lon="6.1457">
        <ele>1249</ele>
        <time>2025-08-22T16:13:16+00:00</time>
      </trkpt>
      <trkpt lat="45.36352" lon="6.14585">
        <ele>1248</ele>
        <time>2025-08-22T16:13:19+00:00</time>
      </trkpt>
      <trkpt lat="45.36363" lon="6.14588">
        <ele>1246</ele>
        <time>2025-08-22T16:13:22+00:00</time>
      </trkpt>
      <trkpt lat="45.3637" lon="6.14588">
        <ele>1246</ele>
        <time>2025-08-22T16:13:25+00:00</time>
      </trkpt>
      <trkpt lat="45.36379" lon="6.14585">
        <ele>1246</ele>
        <time>2025-08-22T16:13:28+00:00</time>
      </trkpt>
      <trkpt lat="45.3641" lon="6.14577">
        <ele>1245</ele>
        <time>2025-08-22T16:13:31+00:00</time>
      </trkpt>
      <trkpt lat="45.36429" lon="6.14569">
        <ele>1244</ele>
        <time>2025-08-22T16:13:34+00:00</time>
      </trkpt>
      <trkpt lat="45.36451" lon="6.14558">
        <ele>1244</ele>
        <time>2025-08-22T16:13:37+00:00</time>
      </trkpt>
      <trkpt lat="45.36465" lon="6.14564">
        <ele>1243</ele>
        <time>2025-08-22T16:13:40+00:00</time>
      </trkpt>
      <trkpt lat="45.36479" lon="6.14562">
        <ele>1245</ele>
        <time>2025-08-22T16:13:43+00:00</time>
      </trkpt>
      <trkpt lat="45.36483" lon="6.14561">
        <ele>1249</ele>
        <time>2025-08-22T16:13:46+00:00</time>
      </trkpt>
      <trkpt lat="45.36491" lon="6.14556">
        <ele>1249</ele>
        <time>2025-08-22T16:13:49+00:00</time>
      </trkpt>
      <trkpt lat="45.36503" lon="6.14551">
        <ele>1252</ele>
        <time>2025-08-22T16:13:52+00:00</time>
      </trkpt>
      <trkpt lat="45.36531" lon="6.14541">
        <ele>1254</ele>
        <time>2025-08-22T16:13:55+00:00</time>
      </trkpt>
      <trkpt lat="45.36553" lon="6.14539">
        <ele>1255</ele>
        <time>2025-08-22T16:13:58+00:00</time>
      </trkpt>
      <trkpt lat="45.36599" lon="6.14525">
        <ele>1266</ele>
        <time>2025-08-22T16:14:01+00:00</time>
      </trkpt>
      <trkpt lat="45.3663" lon="6.14518">
        <ele>1268</ele>
        <time>2025-08-22T16:14:04+00:00</time>
      </trkpt>
      <trkpt lat="45.36656" lon="6.14516">
        <ele>1271</ele>
        <time>2025-08-22T16:14:07+00:00</time>
      </trkpt>
      <trkpt lat="45.36664" lon="6.14516">
        <ele>1271</ele>
        <time>2025-08-22T16:14:10+00:00</time>
      </trkpt>
      <trkpt lat="45.36665" lon="6.14518">
        <ele>1271</ele>
        <time>2025-08-22T16:14:13+00:00</time>
      </trkpt>
      <trkpt lat="45.36665" lon="6.14524">
        <ele>1275</ele>
        <time>2025-08-22T16:14:16+00:00</time>
      </trkpt>
      <trkpt lat="45.36657" lon="6.14547">
        <ele>1280</ele>
        <time>2025-08-22T16:14:19+00:00</time>
      </trkpt>
      <trkpt lat="45.36648" lon="6.14572">
        <ele>1290</ele>
        <time>2025-08-22T16:14:22+00:00</time>
      </trkpt>
      <trkpt lat="45.36644" lon="6.14586">
        <ele>1290</ele>
        <time>2025-08-22T16:14:25+00:00</time>
      </trkpt>
      <trkpt lat="45.36642" lon="6.1459">
        <ele>1290</ele>
        <time>2025-08-22T16:14:28+00:00</time>
      </trkpt>
      <trkpt lat="45.36637" lon="6.14599">
        <ele>1293</ele>
        <time>2025-08-22T16:14:31+00:00</time>
      </trkpt>
      <trkpt lat="45.36628" lon="6.14613">
        <ele>1298</ele>
        <time>2025-08-22T16:14:34+00:00</time>
      </trkpt>
      <trkpt lat="45.36613" lon="6.14631">
        <ele>1301</ele>
        <time>2025-08-22T16:14:37+00:00</time>
      </trkpt>
      <trkpt lat="45.36591" lon="6.1465">
        <ele>1303</ele>
        <time>2025-08-22T16:14:40+00:00</time>
      </trkpt>
      <trkpt lat="45.36585" lon="6.14657">
        <ele>1299</ele>
        <time>2025-08-22T16:14:43+00:00</time>
      </trkpt>
      <trkpt lat="45.36574" lon="6.14674">
        <ele>1312</ele>
        <time>2025-08-22T16:14:46+00:00</time>
      </trkpt>
      <trkpt lat="45.36565" lon="6.14692">
        <ele>1317</ele>
        <time>2025-08-22T16:14:49+00:00</time>
      </trkpt>
      <trkpt lat="45.3656" lon="6.14707">
        <ele>1317</ele>
        <time>2025-08-22T16:14:52+00:00</time>
      </trkpt>
      <trkpt lat="45.36561" lon="6.14712">
        <ele>1326</ele>
        <time>2025-08-22T16:14:55+00:00</time>
      </trkpt>
      <trkpt lat="45.36566" lon="6.14714">
        <ele>1326</ele>
        <time>2025-08-22T16:14:58+00:00</time>
      </trkpt>
      <trkpt lat="45.36581" lon="6.14715">
        <ele>1329</ele>
        <time>2025-08-22T16:15:01+00:00</time>
      </trkpt>
      <trkpt lat="45.36603" lon="6.14715">
        <ele>1336</ele>
        <time>2025-08-22T16:15:04+00:00</time>
      </trkpt>
      <trkpt lat="45.36615" lon="6.14713">
        <ele>1336</ele>
        <time>2025-08-22T16:15:07+00:00</time>
      </trkpt>
      <trkpt lat="45.36622" lon="6.14713">
        <ele>1336</ele>
        <time>2025-08-22T16:15:10+00:00</time>
      </trkpt>
      <trkpt lat="45.36636" lon="6.14708">
        <ele>1332</ele>
        <time>2025-08-22T16:15:13+00:00</time>
      </trkpt>
      <trkpt lat="45.36647" lon="6.14705">
        <ele>1336</ele>
        <time>2025-08-22T16:15:16+00:00</time>
      </trkpt>
      <trkpt lat="45.36656" lon="6.14704">
        <ele>1340</ele>
        <time>2025-08-22T16:15:19+00:00</time>
      </trkpt>
      <trkpt lat="45.36667" lon="6.14704">
        <ele>1340</ele>
        <time>2025-08-22T16:15:22+00:00</time>
      </trkpt>
      <trkpt lat="45.36675" lon="6.14708">
        <ele>1342</ele>
        <time>2025-08-22T16:15:25+00:00</time>
      </trkpt>
      <trkpt lat="45.36695" lon="6.14716">
        <ele>1351</ele>
        <time>2025-08-22T16:15:28+00:00</time>
      </trkpt>
      <trkpt lat="45.36711" lon="6.14727">
        <ele>1360</ele>
        <time>2025-08-22T16:15:31+00:00</time>
      </trkpt>
      <trkpt lat="45.36715" lon="6.14733">
        <ele>1360</ele>
        <time>2025-08-22T16:15:34+00:00</time>
      </trkpt>
      <trkpt lat="45.36716" lon="6.14737">
        <ele>1360</ele>
        <time>2025-08-22T16:15:37+00:00</time>
      </trkpt>
      <trkpt lat="45.36713" lon="6.14742">
        <ele>1369</ele>
        <time>2025-08-22T16:15:40+00:00</time>
      </trkpt>
      <trkpt lat="45.367" lon="6.14756">
        <ele>1368</ele>
        <time>2025-08-22T16:15:43+00:00</time>
      </trkpt>
      <trkpt lat="45.36688" lon="6.1478">
        <ele>1376</ele>
        <time>2025-08-22T16:15:46+00:00</time>
      </trkpt>
      <trkpt lat="45.36679" lon="6.14803">
        <ele>1395</ele>
        <time>2025-08-22T16:15:49+00:00</time>
      </trkpt>
      <trkpt lat="45.36665" lon="6.14826">
        <ele>1403</ele>
        <time>2025-08-22T16:15:52+00:00</time>
      </trkpt>
      <trkpt lat="45.36654" lon="6.14841">
        <ele>1421</ele>
        <time>2025-08-22T16:15:55+00:00</time>
      </trkpt>
      <trkpt lat="45.36646" lon="6.14847">
        <ele>1421</ele>
        <time>2025-08-22T16:15:58+00:00</time>
      </trkpt>
      <trkpt lat="45.36644" lon="6.14851">
        <ele>1421</ele>
        <time>2025-08-22T16:16:01+00:00</time>
      </trkpt>
      <trkpt lat="45.36645" lon="6.14857">
        <ele>1421</ele>
        <time>2025-08-22T16:16:04+00:00</time>
      </trkpt>
      <trkpt lat="45.36646" lon="6.14859">
        <ele>1421</ele>
        <time>2025-08-22T16:16:07+00:00</time>
      </trkpt>
      <trkpt lat="45.36654" lon="6.14864">
        <ele>1431</ele>
        <time>2025-08-22T16:16:10+00:00</time>
      </trkpt>
      <trkpt lat="45.36676" lon="6.14867">
        <ele>1432</ele>
        <time>2025-08-22T16:16:13+00:00</time>
      </trkpt>
      <trkpt lat="45.36682" lon="6.1487">
        <ele>1432</ele>
        <time>2025-08-22T16:16:16+00:00</time>
      </trkpt>
      <trkpt lat="45.36685" lon="6.14875">
        <ele>1432</ele>
        <time>2025-08-22T16:16:19+00:00</time>
      </trkpt>
      <trkpt lat="45.36691" lon="6.1488">
        <ele>1433</ele>
        <time>2025-08-22T16:16:22+00:00</time>
      </trkpt>
      <trkpt lat="45.36716" lon="6.14899">
        <ele>1442</ele>
        <time>2025-08-22T16:16:25+00:00</time>
      </trkpt>
      <trkpt lat="45.36727" lon="6.14906">
        <ele>1451</ele>
        <time>2025-08-22T16:16:28+00:00</time>
      </trkpt>
      <trkpt lat="45.36759" lon="6.14924">
        <ele>1463</ele>
        <time>2025-08-22T16:16:31+00:00</time>
      </trkpt>
      <trkpt lat="45.36774" lon="6.14931">
        <ele>1477</ele>
        <time>2025-08-22T16:16:34+00:00</time>
      </trkpt>
      <trkpt lat="45.36781" lon="6.14937">
        <ele>1477</ele>
        <time>2025-08-22T16:16:37+00:00</time>
      </trkpt>
      <trkpt lat="45.36795" lon="6.14944">
        <ele>1478</ele>
        <time>2025-08-22T16:16:40+00:00</time>
      </trkpt>
      <trkpt lat="45.36806" lon="6.14952">
        <ele>1488</ele>
        <time>2025-08-22T16:16:43+00:00</time>
      </trkpt>
      <trkpt lat="45.36826" lon="6.1496">
        <ele>1490</ele>
        <time>2025-08-22T16:16:46+00:00</time>
      </trkpt>
      <trkpt lat="45.36835" lon="6.14967">
        <ele>1501</ele>
        <time>2025-08-22T16:16:49+00:00</time>
      </trkpt>
      <trkpt lat="45.36861" lon="6.14976">
        <ele>1511</ele>
        <time>2025-08-22T16:16:52+00:00</time>
      </trkpt>
      <trkpt lat="45.36884" lon="6.14985">
        <ele>1525</ele>
        <time>2025-08-22T16:16:55+00:00</time>
      </trkpt>
      <trkpt lat="45.36909" lon="6.14994">
        <ele>1528</ele>
        <time>2025-08-22T16:16:58+00:00</time>
      </trkpt>
      <trkpt lat="45.36918" lon="6.14996">
        <ele>1530</ele>
        <time>2025-08-22T16:17:01+00:00</time>
      </trkpt>
      <trkpt lat="45.36929" lon="6.14995">
        <ele>1530</ele>
        <time>2025-08-22T16:17:04+00:00</time>
      </trkpt>
      <trkpt lat="45.36942" lon="6.14988">
        <ele>1533</ele>
        <time>2025-08-22T16:17:07+00:00</time>
      </trkpt>
      <trkpt lat="45.36952" lon="6.14978">
        <ele>1538</ele>
        <time>2025-08-22T16:17:10+00:00</time>
      </trkpt>
      <trkpt lat="45.36981" lon="6.14944">
        <ele>1547</ele>
        <time>2025-08-22T16:17:13+00:00</time>
      </trkpt>
      <trkpt lat="45.36997" lon="6.14925">
        <ele>1556</ele>
        <time>2025-08-22T16:17:16+00:00</time>
      </trkpt>
      <trkpt lat="45.37014" lon="6.14903">
        <ele>1565</ele>
        <time>2025-08-22T16:17:19+00:00</time>
      </trkpt>
      <trkpt lat="45.37037" lon="6.14876">
        <ele>1576</ele>
        <time>2025-08-22T16:17:22+00:00</time>
      </trkpt>
      <trkpt lat="45.37042" lon="6.14869">
        <ele>1576</ele>
        <time>2025-08-22T16:17:25+00:00</time>
      </trkpt>
      <trkpt lat="45.37048" lon="6.14863">
        <ele>1576</ele>
        <time>2025-08-22T16:17:28+00:00</time>
      </trkpt>
      <trkpt lat="45.37055" lon="6.14854">
        <ele>1579</ele>
        <time>2025-08-22T16:17:31+00:00</time>
      </trkpt>
      <trkpt lat="45.37058" lon="6.14851">
        <ele>1579</ele>
        <time>2025-08-22T16:17:34+00:00</time>
      </trkpt>
      <trkpt lat="45.37066" lon="6.14846">
        <ele>1579</ele>
        <time>2025-08-22T16:17:37+00:00</time>
      </trkpt>
      <trkpt lat="45.37073" lon="6.14847">
        <ele>1586</ele>
        <time>2025-08-22T16:17:40+00:00</time>
      </trkpt>
      <trkpt lat="45.3708" lon="6.14854">
        <ele>1586</ele>
        <time>2025-08-22T16:17:43+00:00</time>
      </trkpt>
      <trkpt lat="45.37082" lon="6.14859">
        <ele>1592</ele>
        <time>2025-08-22T16:17:46+00:00</time>
      </trkpt>
      <trkpt lat="45.37082" lon="6.14868">
        <ele>1598</ele>
        <time>2025-08-22T16:17:49+00:00</time>
      </trkpt>
      <trkpt lat="45.37077" lon="6.14883">
        <ele>1596</ele>
        <time>2025-08-22T16:17:52+00:00</time>
      </trkpt>
      <trkpt lat="45.37075" lon="6.14891">
        <ele>1596</ele>
        <time>2025-08-22T16:17:55+00:00</time>
      </trkpt>
      <trkpt lat="45.37074" lon="6.14911">
        <ele>1606</ele>
        <time>2025-08-22T16:17:58+00:00</time>
      </trkpt>
      <trkpt lat="45.37076" lon="6.14952">
        <ele>1610</ele>
        <time>2025-08-22T16:18:01+00:00</time>
      </trkpt>
      <trkpt lat="45.37062" lon="6.14986">
        <ele>1614</ele>
        <time>2025-08-22T16:18:04+00:00</time>
      </trkpt>
      <trkpt lat="45.37053" lon="6.15004">
        <ele>1619</ele>
        <time>2025-08-22T16:18:07+00:00</time>
      </trkpt>
      <trkpt lat="45.37051" lon="6.15013">
        <ele>1615</ele>
        <time>2025-08-22T16:18:10+00:00</time>
      </trkpt>
      <trkpt lat="45.37049" lon="6.15026">
        <ele>1612</ele>
        <time>2025-08-22T16:18:13+00:00</time>
      </trkpt>
      <trkpt lat="45.37048" lon="6.15039">
        <ele>1616</ele>
        <time>2025-08-22T16:18:16+00:00</time>
      </trkpt>
      <trkpt lat="45.37048" lon="6.15047">
        <ele>1616</ele>
        <time>2025-08-22T16:18:19+00:00</time>
      </trkpt>
      <trkpt lat="45.3705" lon="6.15061">
        <ele>1620</ele>
        <time>2025-08-22T16:18:22+00:00</time>
      </trkpt>
      <trkpt lat="45.37054" lon="6.1508">
        <ele>1635</ele>
        <time>2025-08-22T16:18:25+00:00</time>
      </trkpt>
      <trkpt lat="45.37056" lon="6.15086">
        <ele>1639</ele>
        <time>2025-08-22T16:18:28+00:00</time>
      </trkpt>
      <trkpt lat="45.3706" lon="6.15091">
        <ele>1639</ele>
        <time>2025-08-22T16:18:31+00:00</time>
      </trkpt>
      <trkpt lat="45.37064" lon="6.1509">
        <ele>1639</ele>
        <time>2025-08-22T16:18:34+00:00</time>
      </trkpt>
      <trkpt lat="45.37075" lon="6.15077">
        <ele>1645</ele>
        <time>2025-08-22T16:18:37+00:00</time>
      </trkpt>
      <trkpt lat="45.37082" lon="6.1507">
        <ele>1652</ele>
        <time>2025-08-22T16:18:40+00:00</time>
      </trkpt>
      <trkpt lat="45.37096" lon="6.15062">
        <ele>1652</ele>
        <time>2025-08-22T16:18:43+00:00</time>
      </trkpt>
      <trkpt lat="45.37124" lon="6.15053">
        <ele>1672</ele>
        <time>2025-08-22T16:18:46+00:00</time>
      </trkpt>
      <trkpt lat="45.37128" lon="6.15051">
        <ele>1672</ele>
        <time>2025-08-22T16:18:49+00:00</time>
      </trkpt>
      <trkpt lat="45.37131" lon="6.15047">
        <ele>1668</ele>
        <time>2025-08-22T16:18:52+00:00</time>
      </trkpt>
      <trkpt lat="45.37143" lon="6.15036">
        <ele>1674</ele>
        <time>2025-08-22T16:18:55+00:00</time>
      </trkpt>
      <trkpt lat="45.37153" lon="6.15031">
        <ele>1689</ele>
        <time>2025-08-22T16:18:58+00:00</time>
      </trkpt>
      <trkpt lat="45.37162" lon="6.15019">
        <ele>1677</ele>
        <time>2025-08-22T16:19:01+00:00</time>
      </trkpt>
      <trkpt lat="45.37171" lon="6.15">
        <ele>1681</ele>
        <time>2025-08-22T16:19:04+00:00</time>
      </trkpt>
      <trkpt lat="45.37177" lon="6.1499">
        <ele>1681</ele>
        <time>2025-08-22T16:19:07+00:00</time>
      </trkpt>
      <trkpt lat="45.37185" lon="6.14983">
        <ele>1681</ele>
        <time>2025-08-22T16:19:10+00:00</time>
      </trkpt>
      <trkpt lat="45.37194" lon="6.14977">
        <ele>1684</ele>
        <time>2025-08-22T16:19:13+00:00</time>
      </trkpt>
      <trkpt lat="45.37217" lon="6.14966">
        <ele>1694</ele>
        <time>2025-08-22T16:19:16+00:00</time>
      </trkpt>
      <trkpt lat="45.37227" lon="6.14958">
        <ele>1696</ele>
        <time>2025-08-22T16:19:19+00:00</time>
      </trkpt>
      <trkpt lat="45.3726" lon="6.14939">
        <ele>1698</ele>
        <time>2025-08-22T16:19:22+00:00</time>
      </trkpt>
      <trkpt lat="45.37275" lon="6.14938">
        <ele>1717</ele>
        <time>2025-08-22T16:19:25+00:00</time>
      </trkpt>
      <trkpt lat="45.37288" lon="6.1494">
        <ele>1717</ele>
        <time>2025-08-22T16:19:28+00:00</time>
      </trkpt>
      <trkpt lat="45.37299" lon="6.14945">
        <ele>1725</ele>
        <time>2025-08-22T16:19:31+00:00</time>
      </trkpt>
      <trkpt lat="45.37309" lon="6.14942">
        <ele>1725</ele>
        <time>2025-08-22T16:19:34+00:00</time>
      </trkpt>
      <trkpt lat="45.37319" lon="6.14942">
        <ele>1732</ele>
        <time>2025-08-22T16:19:37+00:00</time>
      </trkpt>
      <trkpt lat="45.37328" lon="6.14948">
        <ele>1739</ele>
        <time>2025-08-22T16:19:40+00:00</time>
      </trkpt>
      <trkpt lat="45.37337" lon="6.14947">
        <ele>1739</ele>
        <time>2025-08-22T16:19:43+00:00</time>
      </trkpt>
      <trkpt lat="45.37344" lon="6.14949">
        <ele>1746</ele>
        <time>2025-08-22T16:19:46+00:00</time>
      </trkpt>
      <trkpt lat="45.37353" lon="6.14941">
        <ele>1741</ele>
        <time>2025-08-22T16:19:49+00:00</time>
      </trkpt>
      <trkpt lat="45.37362" lon="6.14937">
        <ele>1752</ele>
        <time>2025-08-22T16:19:52+00:00</time>
      </trkpt>
      <trkpt lat="45.37372" lon="6.1493">
        <ele>1743</ele>
        <time>2025-08-22T16:19:55+00:00</time>
      </trkpt>
      <trkpt lat="45.37382" lon="6.14928">
        <ele>1746</ele>
        <time>2025-08-22T16:19:58+00:00</time>
      </trkpt>
      <trkpt lat="45.37391" lon="6.14929">
        <ele>1751</ele>
        <time>2025-08-22T16:20:01+00:00</time>
      </trkpt>
      <trkpt lat="45.374" lon="6.14923">
        <ele>1751</ele>
        <time>2025-08-22T16:20:04+00:00</time>
      </trkpt>
      <trkpt lat="45.37408" lon="6.14916">
        <ele>1751</ele>
        <time>2025-08-22T16:20:07+00:00</time>
      </trkpt>
      <trkpt lat="45.37422" lon="6.14894">
        <ele>1746</ele>
        <time>2025-08-22T16:20:10+00:00</time>
      </trkpt>
      <trkpt lat="45.37436" lon="6.14868">
        <ele>1744</ele>
        <time>2025-08-22T16:20:13+00:00</time>
      </trkpt>
      <trkpt lat="45.37444" lon="6.14859">
        <ele>1743</ele>
        <time>2025-08-22T16:20:16+00:00</time>
      </trkpt>
      <trkpt lat="45.3745" lon="6.14847">
        <ele>1743</ele>
        <time>2025-08-22T16:20:19+00:00</time>
      </trkpt>
      <trkpt lat="45.3746" lon="6.14824">
        <ele>1740</ele>
        <time>2025-08-22T16:20:22+00:00</time>
      </trkpt>
      <trkpt lat="45.37461" lon="6.1481">
        <ele>1732</ele>
        <time>2025-08-22T16:20:25+00:00</time>
      </trkpt>
      <trkpt lat="45.37468" lon="6.14808">
        <ele>1732</ele>
        <time>2025-08-22T16:20:28+00:00</time>
      </trkpt>
      <trkpt lat="45.37485" lon="6.14818">
        <ele>1737</ele>
        <time>2025-08-22T16:20:31+00:00</time>
      </trkpt>
      <trkpt lat="45.37494" lon="6.14822">
        <ele>1737</ele>
        <time>2025-08-22T16:20:34+00:00</time>
      </trkpt>
      <trkpt lat="45.37503" lon="6.14828">
        <ele>1741</ele>
        <time>2025-08-22T16:20:37+00:00</time>
      </trkpt>
      <trkpt lat="45.37512" lon="6.14831">
        <ele>1738</ele>
        <time>2025-08-22T16:20:40+00:00</time>
      </trkpt>
      <trkpt lat="45.37519" lon="6.14836">
        <ele>1738</ele>
        <time>2025-08-22T16:20:43+00:00</time>
      </trkpt>
      <trkpt lat="45.37526" lon="6.14844">
        <ele>1742</ele>
        <time>2025-08-22T16:20:46+00:00</time>
      </trkpt>
      <trkpt lat="45.37541" lon="6.14855">
        <ele>1743</ele>
        <time>2025-08-22T16:20:49+00:00</time>
      </trkpt>
      <trkpt lat="45.3755" lon="6.14857">
        <ele>1743</ele>
        <time>2025-08-22T16:20:52+00:00</time>
      </trkpt>
      <trkpt lat="45.37579" lon="6.14858">
        <ele>1744</ele>
        <time>2025-08-22T16:20:55+00:00</time>
      </trkpt>
      <trkpt lat="45.37588" lon="6.14856">
        <ele>1746</ele>
        <time>2025-08-22T16:20:58+00:00</time>
      </trkpt>
      <trkpt lat="45.376" lon="6.14844">
        <ele>1739</ele>
        <time>2025-08-22T16:21:01+00:00</time>
      </trkpt>
      <trkpt lat="45.37612" lon="6.14828">
        <ele>1737</ele>
        <time>2025-08-22T16:21:04+00:00</time>
      </trkpt>
      <trkpt lat="45.37624" lon="6.1481">
        <ele>1740</ele>
        <time>2025-08-22T16:21:07+00:00</time>
      </trkpt>
      <trkpt lat="45.37655" lon="6.14795">
        <ele>1738</ele>
        <time>2025-08-22T16:21:10+00:00</time>
      </trkpt>
      <trkpt lat="45.37685" lon="6.14784">
        <ele>1737</ele>
        <time>2025-08-22T16:21:13+00:00</time>
      </trkpt>
      <trkpt lat="45.37711" lon="6.14787">
        <ele>1737</ele>
        <time>2025-08-22T16:21:16+00:00</time>
      </trkpt>
      <trkpt lat="45.37717" lon="6.14793">
        <ele>1745</ele>
        <time>2025-08-22T16:21:19+00:00</time>
      </trkpt>
      <trkpt lat="45.37723" lon="6.14796">
        <ele>1746</ele>
        <time>2025-08-22T16:21:22+00:00</time>
      </trkpt>
      <trkpt lat="45.37728" lon="6.14795">
        <ele>1746</ele>
        <time>2025-08-22T16:21:25+00:00</time>
      </trkpt>
      <trkpt lat="45.37739" lon="6.14774">
        <ele>1735</ele>
        <time>2025-08-22T16:21:28+00:00</time>
      </trkpt>
      <trkpt lat="45.37749" lon="6.14766">
        <ele>1730</ele>
        <time>2025-08-22T16:21:31+00:00</time>
      </trkpt>
      <trkpt lat="45.37767" lon="6.14761">
        <ele>1741</ele>
        <time>2025-08-22T16:21:34+00:00</time>
      </trkpt>
      <trkpt lat="45.37782" lon="6.14758">
        <ele>1727</ele>
        <time>2025-08-22T16:21:37+00:00</time>
      </trkpt>
      <trkpt lat="45.378" lon="6.14763">
        <ele>1748</ele>
        <time>2025-08-22T16:21:40+00:00</time>
      </trkpt>
      <trkpt lat="45.37821" lon="6.14768">
        <ele>1747</ele>
        <time>2025-08-22T16:21:43+00:00</time>
      </trkpt>
      <trkpt lat="45.37824" lon="6.14763">
        <ele>1759</ele>
        <time>2025-08-22T16:21:46+00:00</time>
      </trkpt>
      <trkpt lat="45.37825" lon="6.14758">
        <ele>1760</ele>
        <time>2025-08-22T16:21:49+00:00</time>
      </trkpt>
      <trkpt lat="45.37819" lon="6.14743">
        <ele>1753</ele>
        <time>2025-08-22T16:21:52+00:00</time>
      </trkpt>
      <trkpt lat="45.37815" lon="6.14731">
        <ele>1748</ele>
        <time>2025-08-22T16:21:55+00:00</time>
      </trkpt>
      <trkpt lat="45.37813" lon="6.14718">
        <ele>1754</ele>
        <time>2025-08-22T16:21:58+00:00</time>
      </trkpt>
      <trkpt lat="45.37813" lon="6.14704">
        <ele>1760</ele>
        <time>2025-08-22T16:22:01+00:00</time>
      </trkpt>
      <trkpt lat="45.37814" lon="6.14691">
        <ele>1760</ele>
        <time>2025-08-22T16:22:04+00:00</time>
      </trkpt>
      <trkpt lat="45.37812" lon="6.14677">
        <ele>1766</ele>
        <time>2025-08-22T16:22:07+00:00</time>
      </trkpt>
      <trkpt lat="45.37812" lon="6.14666">
        <ele>1771</ele>
        <time>2025-08-22T16:22:10+00:00</time>
      </trkpt>
      <trkpt lat="45.37811" lon="6.14655">
        <ele>1774</ele>
        <time>2025-08-22T16:22:13+00:00</time>
      </trkpt>
      <trkpt lat="45.37813" lon="6.14641">
        <ele>1774</ele>
        <time>2025-08-22T16:22:16+00:00</time>
      </trkpt>
      <trkpt lat="45.37817" lon="6.14628">
        <ele>1776</ele>
        <time>2025-08-22T16:22:19+00:00</time>
      </trkpt>
      <trkpt lat="45.3782" lon="6.14613">
        <ele>1773</ele>
        <time>2025-08-22T16:22:22+00:00</time>
      </trkpt>
      <trkpt lat="45.37818" lon="6.14596">
        <ele>1775</ele>
        <time>2025-08-22T16:22:25+00:00</time>
      </trkpt>
      <trkpt lat="45.37817" lon="6.14582">
        <ele>1772</ele>
        <time>2025-08-22T16:22:28+00:00</time>
      </trkpt>
      <trkpt lat="45.3782" lon="6.1457">
        <ele>1767</ele>
        <time>2025-08-22T16:22:31+00:00</time>
      </trkpt>
      <trkpt lat="45.37826" lon="6.1456">
        <ele>1772</ele>
        <time>2025-08-22T16:22:34+00:00</time>
      </trkpt>
      <trkpt lat="45.3783" lon="6.1455">
        <ele>1764</ele>
        <time>2025-08-22T16:22:37+00:00</time>
      </trkpt>
      <trkpt lat="45.37862" lon="6.14523">
        <ele>1764</ele>
        <time>2025-08-22T16:22:40+00:00</time>
      </trkpt>
      <trkpt lat="45.37871" lon="6.14513">
        <ele>1763</ele>
        <time>2025-08-22T16:22:43+00:00</time>
      </trkpt>
      <trkpt lat="45.37881" lon="6.145">
        <ele>1755</ele>
        <time>2025-08-22T16:22:46+00:00</time>
      </trkpt>
      <trkpt lat="45.37885" lon="6.14485">
        <ele>1755</ele>
        <time>2025-08-22T16:22:49+00:00</time>
      </trkpt>
      <trkpt lat="45.37886" lon="6.14476">
        <ele>1751</ele>
        <time>2025-08-22T16:22:52+00:00</time>
      </trkpt>
      <trkpt lat="45.37886" lon="6.14468">
        <ele>1754</ele>
        <time>2025-08-22T16:22:55+00:00</time>
      </trkpt>
      <trkpt lat="45.37885" lon="6.14462">
        <ele>1751</ele>
        <time>2025-08-22T16:22:58+00:00</time>
      </trkpt>
      <trkpt lat="45.37882" lon="6.14453">
        <ele>1751</ele>
        <time>2025-08-22T16:23:01+00:00</time>
      </trkpt>
      <trkpt lat="45.3788" lon="6.14448">
        <ele>1753</ele>
        <time>2025-08-22T16:23:04+00:00</time>
      </trkpt>
      <trkpt lat="45.37877" lon="6.14443">
        <ele>1753</ele>
        <time>2025-08-22T16:23:07+00:00</time>
      </trkpt>
      <trkpt lat="45.37872" lon="6.14438">
        <ele>1753</ele>
        <time>2025-08-22T16:23:10+00:00</time>
      </trkpt>
      <trkpt lat="45.37866" lon="6.14428">
        <ele>1742</ele>
        <time>2025-08-22T16:23:13+00:00</time>
      </trkpt>
      <trkpt lat="45.37861" lon="6.14411">
        <ele>1741</ele>
        <time>2025-08-22T16:23:16+00:00</time>
      </trkpt>
      <trkpt lat="45.37861" lon="6.14388">
        <ele>1740</ele>
        <time>2025-08-22T16:23:19+00:00</time>
      </trkpt>
      <trkpt lat="45.37862" lon="6.14364">
        <ele>1739</ele>
        <time>2025-08-22T16:23:22+00:00</time>
      </trkpt>
      <trkpt lat="45.37859" lon="6.14345">
        <ele>1730</ele>
        <time>2025-08-22T16:23:25+00:00</time>
      </trkpt>
      <trkpt lat="45.37861" lon="6.14329">
        <ele>1736</ele>
        <time>2025-08-22T16:23:28+00:00</time>
      </trkpt>
      <trkpt lat="45.3786" lon="6.1432">
        <ele>1728</ele>
        <time>2025-08-22T16:23:31+00:00</time>
      </trkpt>
      <trkpt lat="45.37863" lon="6.14316">
        <ele>1736</ele>
        <time>2025-08-22T16:23:34+00:00</time>
      </trkpt>
      <trkpt lat="45.37868" lon="6.14293">
        <ele>1738</ele>
        <time>2025-08-22T16:23:37+00:00</time>
      </trkpt>
      <trkpt lat="45.37875" lon="6.14277">
        <ele>1740</ele>
        <time>2025-08-22T16:23:40+00:00</time>
      </trkpt>
      <trkpt lat="45.37878" lon="6.14276">
        <ele>1740</ele>
        <time>2025-08-22T16:23:43+00:00</time>
      </trkpt>
      <trkpt lat="45.37887" lon="6.14276">
        <ele>1740</ele>
        <time>2025-08-22T16:23:46+00:00</time>
      </trkpt>
      <trkpt lat="45.3789" lon="6.1428">
        <ele>1740</ele>
        <time>2025-08-22T16:23:49+00:00</time>
      </trkpt>
      <trkpt lat="45.37896" lon="6.14299">
        <ele>1749</ele>
        <time>2025-08-22T16:23:52+00:00</time>
      </trkpt>
      <trkpt lat="45.37897" lon="6.14311">
        <ele>1755</ele>
        <time>2025-08-22T16:23:55+00:00</time>
      </trkpt>
      <trkpt lat="45.37899" lon="6.14315">
        <ele>1755</ele>
        <time>2025-08-22T16:23:58+00:00</time>
      </trkpt>
      <trkpt lat="45.37901" lon="6.14316">
        <ele>1755</ele>
        <time>2025-08-22T16:24:01+00:00</time>
      </trkpt>
      <trkpt lat="45.37911" lon="6.14309">
        <ele>1759</ele>
        <time>2025-08-22T16:24:04+00:00</time>
      </trkpt>
      <trkpt lat="45.37921" lon="6.14303">
        <ele>1762</ele>
        <time>2025-08-22T16:24:07+00:00</time>
      </trkpt>
      <trkpt lat="45.37932" lon="6.143">
        <ele>1758</ele>
        <time>2025-08-22T16:24:10+00:00</time>
      </trkpt>
      <trkpt lat="45.37938" lon="6.14301">
        <ele>1762</ele>
        <time>2025-08-22T16:24:13+00:00</time>
      </trkpt>
      <trkpt lat="45.37946" lon="6.14306">
        <ele>1763</ele>
        <time>2025-08-22T16:24:16+00:00</time>
      </trkpt>
      <trkpt lat="45.3796" lon="6.14307">
        <ele>1763</ele>
        <time>2025-08-22T16:24:19+00:00</time>
      </trkpt>
      <trkpt lat="45.37972" lon="6.14301">
        <ele>1766</ele>
        <time>2025-08-22T16:24:22+00:00</time>
      </trkpt>
      <trkpt lat="45.37979" lon="6.14301">
        <ele>1766</ele>
        <time>2025-08-22T16:24:25+00:00</time>
      </trkpt>
      <trkpt lat="45.37994" lon="6.14304">
        <ele>1770</ele>
        <time>2025-08-22T16:24:28+00:00</time>
      </trkpt>
      <trkpt lat="45.38017" lon="6.14316">
        <ele>1779</ele>
        <time>2025-08-22T16:24:31+00:00</time>
      </trkpt>
      <trkpt lat="45.38031" lon="6.1432">
        <ele>1780</ele>
        <time>2025-08-22T16:24:34+00:00</time>
      </trkpt>
      <trkpt lat="45.38047" lon="6.14329">
        <ele>1780</ele>
        <time>2025-08-22T16:24:37+00:00</time>
      </trkpt>
      <trkpt lat="45.38058" lon="6.14329">
        <ele>1781</ele>
        <time>2025-08-22T16:24:40+00:00</time>
      </trkpt>
      <trkpt lat="45.38068" lon="6.14332">
        <ele>1792</ele>
        <time>2025-08-22T16:24:43+00:00</time>
      </trkpt>
      <trkpt lat="45.38076" lon="6.14333">
        <ele>1792</ele>
        <time>2025-08-22T16:24:46+00:00</time>
      </trkpt>
      <trkpt lat="45.38087" lon="6.14336">
        <ele>1794</ele>
        <time>2025-08-22T16:24:49+00:00</time>
      </trkpt>
      <trkpt lat="45.38098" lon="6.14343">
        <ele>1794</ele>
        <time>2025-08-22T16:24:52+00:00</time>
      </trkpt>
      <trkpt lat="45.38109" lon="6.14347">
        <ele>1794</ele>
        <time>2025-08-22T16:24:55+00:00</time>
      </trkpt>
      <trkpt lat="45.38124" lon="6.14354">
        <ele>1801</ele>
        <time>2025-08-22T16:24:58+00:00</time>
      </trkpt>
      <trkpt lat="45.38136" lon="6.14362">
        <ele>1797</ele>
        <time>2025-08-22T16:25:01+00:00</time>
      </trkpt>
      <trkpt lat="45.3815" lon="6.1437">
        <ele>1806</ele>
        <time>2025-08-22T16:25:04+00:00</time>
      </trkpt>
      <trkpt lat="45.38159" lon="6.14377">
        <ele>1801</ele>
        <time>2025-08-22T16:25:07+00:00</time>
      </trkpt>
      <trkpt lat="45.38171" lon="6.14374">
        <ele>1803</ele>
        <time>2025-08-22T16:25:10+00:00</time>
      </trkpt>
      <trkpt lat="45.38177" lon="6.14368">
        <ele>1803</ele>
        <time>2025-08-22T16:25:13+00:00</time>
      </trkpt>
      <trkpt lat="45.38182" lon="6.14361">
        <ele>1812</ele>
        <time>2025-08-22T16:25:16+00:00</time>
      </trkpt>
      <trkpt lat="45.38186" lon="6.14358">
        <ele>1804</ele>
        <time>2025-08-22T16:25:19+00:00</time>
      </trkpt>
      <trkpt lat="45.38189" lon="6.14359">
        <ele>1804</ele>
        <time>2025-08-22T16:25:22+00:00</time>
      </trkpt>
      <trkpt lat="45.38203" lon="6.14354">
        <ele>1810</ele>
        <time>2025-08-22T16:25:25+00:00</time>
      </trkpt>
      <trkpt lat="45.38205" lon="6.14356">
        <ele>1810</ele>
        <time>2025-08-22T16:25:28+00:00</time>
      </trkpt>
      <trkpt lat="45.38212" lon="6.14358">
        <ele>1810</ele>
        <time>2025-08-22T16:25:31+00:00</time>
      </trkpt>
      <trkpt lat="45.38228" lon="6.14357">
        <ele>1811</ele>
        <time>2025-08-22T16:25:34+00:00</time>
      </trkpt>
      <trkpt lat="45.38241" lon="6.1436">
        <ele>1812</ele>
        <time>2025-08-22T16:25:37+00:00</time>
      </trkpt>
      <trkpt lat="45.3825" lon="6.14357">
        <ele>1812</ele>
        <time>2025-08-22T16:25:40+00:00</time>
      </trkpt>
      <trkpt lat="45.38257" lon="6.14358">
        <ele>1813</ele>
        <time>2025-08-22T16:25:43+00:00</time>
      </trkpt>
      <trkpt lat="45.38269" lon="6.14361">
        <ele>1820</ele>
        <time>2025-08-22T16:25:46+00:00</time>
      </trkpt>
      <trkpt lat="45.38274" lon="6.14361">
        <ele>1821</ele>
        <time>2025-08-22T16:25:49+00:00</time>
      </trkpt>
      <trkpt lat="45.3828" lon="6.1436">
        <ele>1812</ele>
        <time>2025-08-22T16:25:52+00:00</time>
      </trkpt>
      <trkpt lat="45.38283" lon="6.14361">
        <ele>1821</ele>
        <time>2025-08-22T16:25:55+00:00</time>
      </trkpt>
      <trkpt lat="45.38288" lon="6.14366">
        <ele>1819</ele>
        <time>2025-08-22T16:25:58+00:00</time>
      </trkpt>
      <trkpt lat="45.38301" lon="6.14376">
        <ele>1818</ele>
        <time>2025-08-22T16:26:01+00:00</time>
      </trkpt>
      <trkpt lat="45.38306" lon="6.14379">
        <ele>1821</ele>
        <time>2025-08-22T16:26:04+00:00</time>
      </trkpt>
      <trkpt lat="45.38309" lon="6.14379">
        <ele>1818</ele>
        <time>2025-08-22T16:26:07+00:00</time>
      </trkpt>
      <trkpt lat="45.38315" lon="6.14375">
        <ele>1818</ele>
        <time>2025-08-22T16:26:10+00:00</time>
      </trkpt>
      <trkpt lat="45.38316" lon="6.14375">
        <ele>1818</ele>
        <time>2025-08-22T16:26:13+00:00</time>
      </trkpt>
      <trkpt lat="45.38321" lon="6.1437">
        <ele>1824</ele>
        <time>2025-08-22T16:26:16+00:00</time>
      </trkpt>
      <trkpt lat="45.38325" lon="6.14369">
        <ele>1821</ele>
        <time>2025-08-22T16:26:19+00:00</time>
      </trkpt>
      <trkpt lat="45.38336" lon="6.14372">
        <ele>1824</ele>
        <time>2025-08-22T16:26:22+00:00</time>
      </trkpt>
      <trkpt lat="45.38342" lon="6.14372">
        <ele>1822</ele>
        <time>2025-08-22T16:26:25+00:00</time>
      </trkpt>
      <trkpt lat="45.38345" lon="6.14371">
        <ele>1819</ele>
        <time>2025-08-22T16:26:28+00:00</time>
      </trkpt>
      <trkpt lat="45.38349" lon="6.14371">
        <ele>1822</ele>
        <time>2025-08-22T16:26:31+00:00</time>
      </trkpt>
      <trkpt lat="45.38352" lon="6.14373">
        <ele>1818</ele>
        <time>2025-08-22T16:26:34+00:00</time>
      </trkpt>
      <trkpt lat="45.38354" lon="6.14373">
        <ele>1818</ele>
        <time>2025-08-22T16:26:37+00:00</time>
      </trkpt>
      <trkpt lat="45.3836" lon="6.1437">
        <ele>1818</ele>
        <time>2025-08-22T16:26:40+00:00</time>
      </trkpt>
      <trkpt lat="45.38364" lon="6.14366">
        <ele>1818</ele>
        <time>2025-08-22T16:26:43+00:00</time>
      </trkpt>
      <trkpt lat="45.38366" lon="6.14363">
        <ele>1818</ele>
        <time>2025-08-22T16:26:46+00:00</time>
      </trkpt>
      <trkpt lat="45.38368" lon="6.14355">
        <ele>1809</ele>
        <time>2025-08-22T16:26:49+00:00</time>
      </trkpt>
      <trkpt lat="45.3837" lon="6.14352">
        <ele>1809</ele>
        <time>2025-08-22T16:26:52+00:00</time>
      </trkpt>
      <trkpt lat="45.38384" lon="6.14341">
        <ele>1807</ele>
        <time>2025-08-22T16:26:55+00:00</time>
      </trkpt>
      <trkpt lat="45.38383" lon="6.14335">
        <ele>1807</ele>
        <time>2025-08-22T16:26:58+00:00</time>
      </trkpt>
      <trkpt lat="45.38384" lon="6.14327">
        <ele>1805</ele>
        <time>2025-08-22T16:27:01+00:00</time>
      </trkpt>
      <trkpt lat="45.38382" lon="6.14303">
        <ele>1808</ele>
        <time>2025-08-22T16:27:04+00:00</time>
      </trkpt>
      <trkpt lat="45.38382" lon="6.14297">
        <ele>1809</ele>
        <time>2025-08-22T16:27:07+00:00</time>
      </trkpt>
      <trkpt lat="45.38384" lon="6.14292">
        <ele>1809</ele>
        <time>2025-08-22T16:27:10+00:00</time>
      </trkpt>
      <trkpt lat="45.38385" lon="6.14282">
        <ele>1809</ele>
        <time>2025-08-22T16:27:13+00:00</time>
      </trkpt>
      <trkpt lat="45.38383" lon="6.14275">
        <ele>1809</ele>
        <time>2025-08-22T16:27:16+00:00</time>
      </trkpt>
      <trkpt lat="45.38389" lon="6.1426">
        <ele>1807</ele>
        <time>2025-08-22T16:27:19+00:00</time>
      </trkpt>
      <trkpt lat="45.38392" lon="6.14255">
        <ele>1818</ele>
        <time>2025-08-22T16:27:22+00:00</time>
      </trkpt>
      <trkpt lat="45.38394" lon="6.14244">
        <ele>1811</ele>
        <time>2025-08-22T16:27:25+00:00</time>
      </trkpt>
      <trkpt lat="45.38397" lon="6.14239">
        <ele>1820</ele>
        <time>2025-08-22T16:27:28+00:00</time>
      </trkpt>
      <trkpt lat="45.38396" lon="6.14234">
        <ele>1820</ele>
        <time>2025-08-22T16:27:31+00:00</time>
      </trkpt>
      <trkpt lat="45.38393" lon="6.14227">
        <ele>1824</ele>
        <time>2025-08-22T16:27:34+00:00</time>
      </trkpt>
      <trkpt lat="45.3839" lon="6.14217">
        <ele>1813</ele>
        <time>2025-08-22T16:27:37+00:00</time>
      </trkpt>
      <trkpt lat="45.38389" lon="6.1421">
        <ele>1812</ele>
        <time>2025-08-22T16:27:40+00:00</time>
      </trkpt>
      <trkpt lat="45.38391" lon="6.14205">
        <ele>1824</ele>
        <time>2025-08-22T16:27:43+00:00</time>
      </trkpt>
      <trkpt lat="45.38393" lon="6.14197">
        <ele>1824</ele>
        <time>2025-08-22T16:27:46+00:00</time>
      </trkpt>
      <trkpt lat="45.38395" lon="6.14186">
        <ele>1816</ele>
        <time>2025-08-22T16:27:49+00:00</time>
      </trkpt>
      <trkpt lat="45.38396" lon="6.14173">
        <ele>1821</ele>
        <time>2025-08-22T16:27:52+00:00</time>
      </trkpt>
      <trkpt lat="45.38399" lon="6.1416">
        <ele>1819</ele>
        <time>2025-08-22T16:27:55+00:00</time>
      </trkpt>
      <trkpt lat="45.38404" lon="6.14144">
        <ele>1819</ele>
        <time>2025-08-22T16:27:58+00:00</time>
      </trkpt>
      <trkpt lat="45.38408" lon="6.14135">
        <ele>1817</ele>
        <time>2025-08-22T16:28:01+00:00</time>
      </trkpt>
      <trkpt lat="45.38411" lon="6.14123">
        <ele>1829</ele>
        <time>2025-08-22T16:28:04+00:00</time>
      </trkpt>
      <trkpt lat="45.38413" lon="6.14101">
        <ele>1819</ele>
        <time>2025-08-22T16:28:07+00:00</time>
      </trkpt>
      <trkpt lat="45.38419" lon="6.14092">
        <ele>1819</ele>
        <time>2025-08-22T16:28:10+00:00</time>
      </trkpt>
      <trkpt lat="45.38427" lon="6.14086">
        <ele>1818</ele>
        <time>2025-08-22T16:28:13+00:00</time>
      </trkpt>
      <trkpt lat="45.38432" lon="6.14084">
        <ele>1818</ele>
        <time>2025-08-22T16:28:16+00:00</time>
      </trkpt>
      <trkpt lat="45.38435" lon="6.14079">
        <ele>1818</ele>
        <time>2025-08-22T16:28:19+00:00</time>
      </trkpt>
      <trkpt lat="45.38439" lon="6.14076">
        <ele>1818</ele>
        <time>2025-08-22T16:28:22+00:00</time>
      </trkpt>
      <trkpt lat="45.38453" lon="6.14068">
        <ele>1814</ele>
        <time>2025-08-22T16:28:25+00:00</time>
      </trkpt>
      <trkpt lat="45.38458" lon="6.14062">
        <ele>1814</ele>
        <time>2025-08-22T16:28:28+00:00</time>
      </trkpt>
      <trkpt lat="45.38468" lon="6.14044">
        <ele>1812</ele>
        <time>2025-08-22T16:28:31+00:00</time>
      </trkpt>
      <trkpt lat="45.38484" lon="6.14038">
        <ele>1809</ele>
        <time>2025-08-22T16:28:34+00:00</time>
      </trkpt>
      <trkpt lat="45.38489" lon="6.14034">
        <ele>1811</ele>
        <time>2025-08-22T16:28:37+00:00</time>
      </trkpt>
      <trkpt lat="45.38491" lon="6.14029">
        <ele>1817</ele>
        <time>2025-08-22T16:28:40+00:00</time>
      </trkpt>
      <trkpt lat="45.38493" lon="6.14021">
        <ele>1817</ele>
        <time>2025-08-22T16:28:43+00:00</time>
      </trkpt>
      <trkpt lat="45.38494" lon="6.14013">
        <ele>1810</ele>
        <time>2025-08-22T16:28:46+00:00</time>
      </trkpt>
      <trkpt lat="45.38493" lon="6.14004">
        <ele>1810</ele>
        <time>2025-08-22T16:28:49+00:00</time>
      </trkpt>
      <trkpt lat="45.38498" lon="6.13996">
        <ele>1804</ele>
        <time>2025-08-22T16:28:52+00:00</time>
      </trkpt>
      <trkpt lat="45.38508" lon="6.13984">
        <ele>1804</ele>
        <time>2025-08-22T16:28:55+00:00</time>
      </trkpt>
      <trkpt lat="45.38515" lon="6.13982">
        <ele>1806</ele>
        <time>2025-08-22T16:28:58+00:00</time>
      </trkpt>
      <trkpt lat="45.38519" lon="6.13982">
        <ele>1806</ele>
        <time>2025-08-22T16:29:01+00:00</time>
      </trkpt>
      <trkpt lat="45.38521" lon="6.13976">
        <ele>1806</ele>
        <time>2025-08-22T16:29:04+00:00</time>
      </trkpt>
      <trkpt lat="45.38522" lon="6.13966">
        <ele>1803</ele>
        <time>2025-08-22T16:29:07+00:00</time>
      </trkpt>
      <trkpt lat="45.38528" lon="6.13946">
        <ele>1792</ele>
        <time>2025-08-22T16:29:10+00:00</time>
      </trkpt>
      <trkpt lat="45.38541" lon="6.13911">
        <ele>1803</ele>
        <time>2025-08-22T16:29:13+00:00</time>
      </trkpt>
      <trkpt lat="45.38555" lon="6.13881">
        <ele>1796</ele>
        <time>2025-08-22T16:29:16+00:00</time>
      </trkpt>
      <trkpt lat="45.38568" lon="6.13856">
        <ele>1796</ele>
        <time>2025-08-22T16:29:19+00:00</time>
      </trkpt>
      <trkpt lat="45.38573" lon="6.13845">
        <ele>1790</ele>
        <time>2025-08-22T16:29:22+00:00</time>
      </trkpt>
      <trkpt lat="45.38578" lon="6.13839">
        <ele>1790</ele>
        <time>2025-08-22T16:29:25+00:00</time>
      </trkpt>
      <trkpt lat="45.38585" lon="6.13835">
        <ele>1803</ele>
        <time>2025-08-22T16:29:28+00:00</time>
      </trkpt>
      <trkpt lat="45.38606" lon="6.13811">
        <ele>1810</ele>
        <time>2025-08-22T16:29:31+00:00</time>
      </trkpt>
      <trkpt lat="45.38623" lon="6.13781">
        <ele>1810</ele>
        <time>2025-08-22T16:29:34+00:00</time>
      </trkpt>
      <trkpt lat="45.38647" lon="6.1374">
        <ele>1811</ele>
        <time>2025-08-22T16:29:37+00:00</time>
      </trkpt>
      <trkpt lat="45.38656" lon="6.1372">
        <ele>1819</ele>
        <time>2025-08-22T16:29:40+00:00</time>
      </trkpt>
      <trkpt lat="45.38663" lon="6.13697">
        <ele>1813</ele>
        <time>2025-08-22T16:29:43+00:00</time>
      </trkpt>
      <trkpt lat="45.38672" lon="6.1368">
        <ele>1816</ele>
        <time>2025-08-22T16:29:46+00:00</time>
      </trkpt>
      <trkpt lat="45.38679" lon="6.13669">
        <ele>1816</ele>
        <time>2025-08-22T16:29:49+00:00</time>
      </trkpt>
      <trkpt lat="45.38689" lon="6.13641">
        <ele>1815</ele>
        <time>2025-08-22T16:29:52+00:00</time>
      </trkpt>
      <trkpt lat="45.38694" lon="6.13617">
        <ele>1810</ele>
        <time>2025-08-22T16:29:55+00:00</time>
      </trkpt>
      <trkpt lat="45.38704" lon="6.13591">
        <ele>1814</ele>
        <time>2025-08-22T16:29:58+00:00</time>
      </trkpt>
      <trkpt lat="45.38714" lon="6.13567">
        <ele>1806</ele>
        <time>2025-08-22T16:30:01+00:00</time>
      </trkpt>
      <trkpt lat="45.38726" lon="6.1355">
        <ele>1801</ele>
        <time>2025-08-22T16:30:04+00:00</time>
      </trkpt>
      <trkpt lat="45.38741" lon="6.13537">
        <ele>1805</ele>
        <time>2025-08-22T16:30:07+00:00</time>
      </trkpt>
      <trkpt lat="45.38752" lon="6.13532">
        <ele>1805</ele>
        <time>2025-08-22T16:30:10+00:00</time>
      </trkpt>
      <trkpt lat="45.38762" lon="6.13529">
        <ele>1805</ele>
        <time>2025-08-22T16:30:13+00:00</time>
      </trkpt>
      <trkpt lat="45.38768" lon="6.13536">
        <ele>1805</ele>
        <time>2025-08-22T16:30:16+00:00</time>
      </trkpt>
      <trkpt lat="45.38775" lon="6.13546">
        <ele>1803</ele>
        <time>2025-08-22T16:30:19+00:00</time>
      </trkpt>
      <trkpt lat="45.38782" lon="6.13558">
        <ele>1795</ele>
        <time>2025-08-22T16:30:22+00:00</time>
      </trkpt>
      <trkpt lat="45.3879" lon="6.13569">
        <ele>1797</ele>
        <time>2025-08-22T16:30:25+00:00</time>
      </trkpt>
      <trkpt lat="45.38796" lon="6.13575">
        <ele>1801</ele>
        <time>2025-08-22T16:30:28+00:00</time>
      </trkpt>
      <trkpt lat="45.38802" lon="6.13579">
        <ele>1794</ele>
        <time>2025-08-22T16:30:31+00:00</time>
      </trkpt>
      <trkpt lat="45.38805" lon="6.13586">
        <ele>1791</ele>
        <time>2025-08-22T16:30:34+00:00</time>
      </trkpt>
      <trkpt lat="45.3881" lon="6.13592">
        <ele>1794</ele>
        <time>2025-08-22T16:30:37+00:00</time>
      </trkpt>
      <trkpt lat="45.38819" lon="6.13601">
        <ele>1794</ele>
        <time>2025-08-22T16:30:40+00:00</time>
      </trkpt>
      <trkpt lat="45.38829" lon="6.13605">
        <ele>1783</ele>
        <time>2025-08-22T16:30:43+00:00</time>
      </trkpt>
      <trkpt lat="45.38832" lon="6.13611">
        <ele>1774</ele>
        <time>2025-08-22T16:30:46+00:00</time>
      </trkpt>
      <trkpt lat="45.38834" lon="6.13617">
        <ele>1785</ele>
        <time>2025-08-22T16:30:49+00:00</time>
      </trkpt>
      <trkpt lat="45.38838" lon="6.13623">
        <ele>1774</ele>
        <time>2025-08-22T16:30:52+00:00</time>
      </trkpt>
      <trkpt lat="45.38848" lon="6.13631">
        <ele>1779</ele>
        <time>2025-08-22T16:30:55+00:00</time>
      </trkpt>
      <trkpt lat="45.3886" lon="6.13647">
        <ele>1776</ele>
        <time>2025-08-22T16:30:58+00:00</time>
      </trkpt>
      <trkpt lat="45.3887" lon="6.13654">
        <ele>1776</ele>
        <time>2025-08-22T16:31:01+00:00</time>
      </trkpt>
      <trkpt lat="45.38884" lon="6.13666">
        <ele>1773</ele>
        <time>2025-08-22T16:31:04+00:00</time>
      </trkpt>
      <trkpt lat="45.38889" lon="6.13667">
        <ele>1773</ele>
        <time>2025-08-22T16:31:07+00:00</time>
      </trkpt>
      <trkpt lat="45.38893" lon="6.13655">
        <ele>1757</ele>
        <time>2025-08-22T16:31:10+00:00</time>
      </trkpt>
      <trkpt lat="45.38892" lon="6.13648">
        <ele>1757</ele>
        <time>2025-08-22T16:31:13+00:00</time>
      </trkpt>
      <trkpt lat="45.38879" lon="6.13631">
        <ele>1758</ele>
        <time>2025-08-22T16:31:16+00:00</time>
      </trkpt>
      <trkpt lat="45.38873" lon="6.13619">
        <ele>1751</ele>
        <time>2025-08-22T16:31:19+00:00</time>
      </trkpt>
      <trkpt lat="45.3887" lon="6.1361">
        <ele>1755</ele>
        <time>2025-08-22T16:31:22+00:00</time>
      </trkpt>
      <trkpt lat="45.38858" lon="6.13583">
        <ele>1749</ele>
        <time>2025-08-22T16:31:25+00:00</time>
      </trkpt>
      <trkpt lat="45.38857" lon="6.13571">
        <ele>1749</ele>
        <time>2025-08-22T16:31:28+00:00</time>
      </trkpt>
      <trkpt lat="45.3886" lon="6.13556">
        <ele>1745</ele>
        <time>2025-08-22T16:31:31+00:00</time>
      </trkpt>
      <trkpt lat="45.38867" lon="6.13534">
        <ele>1746</ele>
        <time>2025-08-22T16:31:34+00:00</time>
      </trkpt>
      <trkpt lat="45.38872" lon="6.13523">
        <ele>1742</ele>
        <time>2025-08-22T16:31:37+00:00</time>
      </trkpt>
      <trkpt lat="45.38882" lon="6.13507">
        <ele>1740</ele>
        <time>2025-08-22T16:31:40+00:00</time>
      </trkpt>
      <trkpt lat="45.38889" lon="6.135">
        <ele>1740</ele>
        <time>2025-08-22T16:31:43+00:00</time>
      </trkpt>
      <trkpt lat="45.38905" lon="6.13491">
        <ele>1730</ele>
        <time>2025-08-22T16:31:46+00:00</time>
      </trkpt>
      <trkpt lat="45.38914" lon="6.13479">
        <ele>1732</ele>
        <time>2025-08-22T16:31:49+00:00</time>
      </trkpt>
      <trkpt lat="45.38928" lon="6.13453">
        <ele>1728</ele>
        <time>2025-08-22T16:31:52+00:00</time>
      </trkpt>
      <trkpt lat="45.38943" lon="6.13417">
        <ele>1721</ele>
        <time>2025-08-22T16:31:55+00:00</time>
      </trkpt>
      <trkpt lat="45.38959" lon="6.13394">
        <ele>1716</ele>
        <time>2025-08-22T16:31:58+00:00</time>
      </trkpt>
      <trkpt lat="45.38969" lon="6.13366">
        <ele>1712</ele>
        <time>2025-08-22T16:32:01+00:00</time>
      </trkpt>
      <trkpt lat="45.38978" lon="6.13346">
        <ele>1706</ele>
        <time>2025-08-22T16:32:04+00:00</time>
      </trkpt>
      <trkpt lat="45.38986" lon="6.1333">
        <ele>1705</ele>
        <time>2025-08-22T16:32:07+00:00</time>
      </trkpt>
      <trkpt lat="45.39" lon="6.13309">
        <ele>1701</ele>
        <time>2025-08-22T16:32:10+00:00</time>
      </trkpt>
      <trkpt lat="45.39019" lon="6.13262">
        <ele>1693</ele>
        <time>2025-08-22T16:32:13+00:00</time>
      </trkpt>
      <trkpt lat="45.39032" lon="6.13234">
        <ele>1691</ele>
        <time>2025-08-22T16:32:16+00:00</time>
      </trkpt>
      <trkpt lat="45.39053" lon="6.13194">
        <ele>1687</ele>
        <time>2025-08-22T16:32:19+00:00</time>
      </trkpt>
      <trkpt lat="45.39074" lon="6.13149">
        <ele>1685</ele>
        <time>2025-08-22T16:32:22+00:00</time>
      </trkpt>
      <trkpt lat="45.39063" lon="6.13116">
        <ele>1684</ele>
        <time>2025-08-22T16:32:25+00:00</time>
      </trkpt>
      <trkpt lat="45.3906" lon="6.13092">
        <ele>1683</ele>
        <time>2025-08-22T16:32:28+00:00</time>
      </trkpt>
      <trkpt lat="45.39056" lon="6.13072">
        <ele>1682</ele>
        <time>2025-08-22T16:32:31+00:00</time>
      </trkpt>
      <trkpt lat="45.39046" lon="6.13057">
        <ele>1679</ele>
        <time>2025-08-22T16:32:34+00:00</time>
      </trkpt>
      <trkpt lat="45.39042" lon="6.13055">
        <ele>1679</ele>
        <time>2025-08-22T16:32:37+00:00</time>
      </trkpt>
      <trkpt lat="45.39034" lon="6.13046">
        <ele>1682</ele>
        <time>2025-08-22T16:32:40+00:00</time>
      </trkpt>
      <trkpt lat="45.39031" lon="6.1304">
        <ele>1681</ele>
        <time>2025-08-22T16:32:43+00:00</time>
      </trkpt>
      <trkpt lat="45.39029" lon="6.13033">
        <ele>1681</ele>
        <time>2025-08-22T16:32:46+00:00</time>
      </trkpt>
      <trkpt lat="45.39028" lon="6.13026">
        <ele>1681</ele>
        <time>2025-08-22T16:32:49+00:00</time>
      </trkpt>
      <trkpt lat="45.39028" lon="6.13008">
        <ele>1683</ele>
        <time>2025-08-22T16:32:52+00:00</time>
      </trkpt>
      <trkpt lat="45.3903" lon="6.12992">
        <ele>1683</ele>
        <time>2025-08-22T16:32:55+00:00</time>
      </trkpt>
      <trkpt lat="45.39034" lon="6.12978">
        <ele>1682</ele>
        <time>2025-08-22T16:32:58+00:00</time>
      </trkpt>
      <trkpt lat="45.39042" lon="6.12955">
        <ele>1681</ele>
        <time>2025-08-22T16:33:01+00:00</time>
      </trkpt>
      <trkpt lat="45.39053" lon="6.12931">
        <ele>1682</ele>
        <time>2025-08-22T16:33:04+00:00</time>
      </trkpt>
      <trkpt lat="45.39059" lon="6.1292">
        <ele>1684</ele>
        <time>2025-08-22T16:33:07+00:00</time>
      </trkpt>
      <trkpt lat="45.39081" lon="6.12885">
        <ele>1677</ele>
        <time>2025-08-22T16:33:10+00:00</time>
      </trkpt>
      <trkpt lat="45.39092" lon="6.12866">
        <ele>1674</ele>
        <time>2025-08-22T16:33:13+00:00</time>
      </trkpt>
      <trkpt lat="45.39099" lon="6.12853">
        <ele>1676</ele>
        <time>2025-08-22T16:33:16+00:00</time>
      </trkpt>
      <trkpt lat="45.39107" lon="6.12834">
        <ele>1675</ele>
        <time>2025-08-22T16:33:19+00:00</time>
      </trkpt>
      <trkpt lat="45.3911" lon="6.12821">
        <ele>1675</ele>
        <time>2025-08-22T16:33:22+00:00</time>
      </trkpt>
      <trkpt lat="45.39113" lon="6.12766">
        <ele>1673</ele>
        <time>2025-08-22T16:33:25+00:00</time>
      </trkpt>
      <trkpt lat="45.39115" lon="6.12753">
        <ele>1667</ele>
        <time>2025-08-22T16:33:28+00:00</time>
      </trkpt>
      <trkpt lat="45.39119" lon="6.12741">
        <ele>1669</ele>
        <time>2025-08-22T16:33:31+00:00</time>
      </trkpt>
      <trkpt lat="45.39128" lon="6.12725">
        <ele>1671</ele>
        <time>2025-08-22T16:33:34+00:00</time>
      </trkpt>
      <trkpt lat="45.39134" lon="6.12712">
        <ele>1667</ele>
        <time>2025-08-22T16:33:37+00:00</time>
      </trkpt>
      <trkpt lat="45.39157" lon="6.12681">
        <ele>1664</ele>
        <time>2025-08-22T16:33:40+00:00</time>
      </trkpt>
      <trkpt lat="45.39165" lon="6.12671">
        <ele>1661</ele>
        <time>2025-08-22T16:33:43+00:00</time>
      </trkpt>
      <trkpt lat="45.39172" lon="6.12665">
        <ele>1661</ele>
        <time>2025-08-22T16:33:46+00:00</time>
      </trkpt>
      <trkpt lat="45.39177" lon="6.12668">
        <ele>1661</ele>
        <time>2025-08-22T16:33:49+00:00</time>
      </trkpt>
      <trkpt lat="45.39181" lon="6.12671">
        <ele>1657</ele>
        <time>2025-08-22T16:33:52+00:00</time>
      </trkpt>
      <trkpt lat="45.39202" lon="6.12691">
        <ele>1653</ele>
        <time>2025-08-22T16:33:55+00:00</time>
      </trkpt>
      <trkpt lat="45.39214" lon="6.12701">
        <ele>1649</ele>
        <time>2025-08-22T16:33:58+00:00</time>
      </trkpt>
      <trkpt lat="45.39231" lon="6.12717">
        <ele>1646</ele>
        <time>2025-08-22T16:34:01+00:00</time>
      </trkpt>
      <trkpt lat="45.3924" lon="6.12728">
        <ele>1646</ele>
        <time>2025-08-22T16:34:04+00:00</time>
      </trkpt>
      <trkpt lat="45.39257" lon="6.12752">
        <ele>1645</ele>
        <time>2025-08-22T16:34:07+00:00</time>
      </trkpt>
      <trkpt lat="45.39284" lon="6.1279">
        <ele>1643</ele>
        <time>2025-08-22T16:34:10+00:00</time>
      </trkpt>
      <trkpt lat="45.39293" lon="6.128">
        <ele>1643</ele>
        <time>2025-08-22T16:34:13+00:00</time>
      </trkpt>
      <trkpt lat="45.39296" lon="6.12802">
        <ele>1644</ele>
        <time>2025-08-22T16:34:16+00:00</time>
      </trkpt>
      <trkpt lat="45.39301" lon="6.12804">
        <ele>1642</ele>
        <time>2025-08-22T16:34:19+00:00</time>
      </trkpt>
      <trkpt lat="45.3931" lon="6.1281">
        <ele>1642</ele>
        <time>2025-08-22T16:34:22+00:00</time>
      </trkpt>
      <trkpt lat="45.39315" lon="6.12817">
        <ele>1642</ele>
        <time>2025-08-22T16:34:25+00:00</time>
      </trkpt>
      <trkpt lat="45.39321" lon="6.12829">
        <ele>1643</ele>
        <time>2025-08-22T16:34:28+00:00</time>
      </trkpt>
      <trkpt lat="45.39315" lon="6.12837">
        <ele>1643</ele>
        <time>2025-08-22T16:34:31+00:00</time>
      </trkpt>
      <trkpt lat="45.39312" lon="6.12866">
        <ele>1644</ele>
        <time>2025-08-22T16:34:34+00:00</time>
      </trkpt>
      <trkpt lat="45.39305" lon="6.12888">
        <ele>1645</ele>
        <time>2025-08-22T16:34:37+00:00</time>
      </trkpt>
      <trkpt lat="45.39294" lon="6.12913">
        <ele>1650</ele>
        <time>2025-08-22T16:34:40+00:00</time>
      </trkpt>
      <trkpt lat="45.39278" lon="6.1295">
        <ele>1654</ele>
        <time>2025-08-22T16:34:43+00:00</time>
      </trkpt>
      <trkpt lat="45.39276" lon="6.12956">
        <ele>1654</ele>
        <time>2025-08-22T16:34:46+00:00</time>
      </trkpt>
      <trkpt lat="45.39261" lon="6.12987">
        <ele>1656</ele>
        <time>2025-08-22T16:34:49+00:00</time>
      </trkpt>
      <trkpt lat="45.39251" lon="6.1301">
        <ele>1659</ele>
        <time>2025-08-22T16:34:52+00:00</time>
      </trkpt>
      <trkpt lat="45.39244" lon="6.1303">
        <ele>1663</ele>
        <time>2025-08-22T16:34:55+00:00</time>
      </trkpt>
      <trkpt lat="45.39234" lon="6.13072">
        <ele>1666</ele>
        <time>2025-08-22T16:34:58+00:00</time>
      </trkpt>
      <trkpt lat="45.39226" lon="6.13092">
        <ele>1670</ele>
        <time>2025-08-22T16:35:01+00:00</time>
      </trkpt>
      <trkpt lat="45.39216" lon="6.13113">
        <ele>1671</ele>
        <time>2025-08-22T16:35:04+00:00</time>
      </trkpt>
      <trkpt lat="45.39207" lon="6.1313">
        <ele>1673</ele>
        <time>2025-08-22T16:35:07+00:00</time>
      </trkpt>
      <trkpt lat="45.39196" lon="6.13153">
        <ele>1678</ele>
        <time>2025-08-22T16:35:10+00:00</time>
      </trkpt>
      <trkpt lat="45.39189" lon="6.13169">
        <ele>1679</ele>
        <time>2025-08-22T16:35:13+00:00</time>
      </trkpt>
      <trkpt lat="45.39181" lon="6.13196">
        <ele>1680</ele>
        <time>2025-08-22T16:35:16+00:00</time>
      </trkpt>
      <trkpt lat="45.39169" lon="6.13225">
        <ele>1684</ele>
        <time>2025-08-22T16:35:19+00:00</time>
      </trkpt>
      <trkpt lat="45.3915" lon="6.1326">
        <ele>1688</ele>
        <time>2025-08-22T16:35:22+00:00</time>
      </trkpt>
      <trkpt lat="45.39133" lon="6.13288">
        <ele>1693</ele>
        <time>2025-08-22T16:35:25+00:00</time>
      </trkpt>
      <trkpt lat="45.39129" lon="6.13296">
        <ele>1693</ele>
        <time>2025-08-22T16:35:28+00:00</time>
      </trkpt>
      <trkpt lat="45.39126" lon="6.13305">
        <ele>1695</ele>
        <time>2025-08-22T16:35:31+00:00</time>
      </trkpt>
      <trkpt lat="45.39122" lon="6.13321">
        <ele>1698</ele>
        <time>2025-08-22T16:35:34+00:00</time>
      </trkpt>
      <trkpt lat="45.39125" lon="6.13333">
        <ele>1700</ele>
        <time>2025-08-22T16:35:37+00:00</time>
      </trkpt>
      <trkpt lat="45.39128" lon="6.13351">
        <ele>1702</ele>
        <time>2025-08-22T16:35:40+00:00</time>
      </trkpt>
      <trkpt lat="45.39129" lon="6.13368">
        <ele>1702</ele>
        <time>2025-08-22T16:35:43+00:00</time>
      </trkpt>
      <trkpt lat="45.39128" lon="6.13381">
        <ele>1704</ele>
        <time>2025-08-22T16:35:46+00:00</time>
      </trkpt>
      <trkpt lat="45.39126" lon="6.13392">
        <ele>1706</ele>
        <time>2025-08-22T16:35:49+00:00</time>
      </trkpt>
      <trkpt lat="45.39123" lon="6.13402">
        <ele>1709</ele>
        <time>2025-08-22T16:35:52+00:00</time>
      </trkpt>
      <trkpt lat="45.39114" lon="6.13422">
        <ele>1711</ele>
        <time>2025-08-22T16:35:55+00:00</time>
      </trkpt>
      <trkpt lat="45.39117" lon="6.13478">
        <ele>1719</ele>
        <time>2025-08-22T16:35:58+00:00</time>
      </trkpt>
      <trkpt lat="45.39117" lon="6.13529">
        <ele>1727</ele>
        <time>2025-08-22T16:36:01+00:00</time>
      </trkpt>
      <trkpt lat="45.39118" lon="6.13546">
        <ele>1730</ele>
        <time>2025-08-22T16:36:04+00:00</time>
      </trkpt>
      <trkpt lat="45.39118" lon="6.13554">
        <ele>1730</ele>
        <time>2025-08-22T16:36:07+00:00</time>
      </trkpt>
      <trkpt lat="45.3912" lon="6.13562">
        <ele>1733</ele>
        <time>2025-08-22T16:36:10+00:00</time>
      </trkpt>
      <trkpt lat="45.39127" lon="6.13584">
        <ele>1735</ele>
        <time>2025-08-22T16:36:13+00:00</time>
      </trkpt>
      <trkpt lat="45.39131" lon="6.13605">
        <ele>1738</ele>
        <time>2025-08-22T16:36:16+00:00</time>
      </trkpt>
      <trkpt lat="45.39146" lon="6.13639">
        <ele>1746</ele>
        <time>2025-08-22T16:36:19+00:00</time>
      </trkpt>
      <trkpt lat="45.39157" lon="6.13666">
        <ele>1751</ele>
        <time>2025-08-22T16:36:22+00:00</time>
      </trkpt>
      <trkpt lat="45.39164" lon="6.13685">
        <ele>1758</ele>
        <time>2025-08-22T16:36:25+00:00</time>
      </trkpt>
      <trkpt lat="45.39171" lon="6.13698">
        <ele>1761</ele>
        <time>2025-08-22T16:36:28+00:00</time>
      </trkpt>
      <trkpt lat="45.39178" lon="6.13709">
        <ele>1761</ele>
        <time>2025-08-22T16:36:31+00:00</time>
      </trkpt>
      <trkpt lat="45.39185" lon="6.13714">
        <ele>1768</ele>
        <time>2025-08-22T16:36:34+00:00</time>
      </trkpt>
      <trkpt lat="45.39197" lon="6.1372">
        <ele>1768</ele>
        <time>2025-08-22T16:36:37+00:00</time>
      </trkpt>
      <trkpt lat="45.39208" lon="6.13728">
        <ele>1771</ele>
        <time>2025-08-22T16:36:40+00:00</time>
      </trkpt>
      <trkpt lat="45.39223" lon="6.13735">
        <ele>1776</ele>
        <time>2025-08-22T16:36:43+00:00</time>
      </trkpt>
      <trkpt lat="45.3924" lon="6.13741">
        <ele>1779</ele>
        <time>2025-08-22T16:36:46+00:00</time>
      </trkpt>
      <trkpt lat="45.39256" lon="6.13744">
        <ele>1782</ele>
        <time>2025-08-22T16:36:49+00:00</time>
      </trkpt>
      <trkpt lat="45.39272" lon="6.13743">
        <ele>1785</ele>
        <time>2025-08-22T16:36:52+00:00</time>
      </trkpt>
      <trkpt lat="45.39291" lon="6.13744">
        <ele>1788</ele>
        <time>2025-08-22T16:36:55+00:00</time>
      </trkpt>
      <trkpt lat="45.39308" lon="6.13748">
        <ele>1792</ele>
        <time>2025-08-22T16:36:58+00:00</time>
      </trkpt>
      <trkpt lat="45.39317" lon="6.13751">
        <ele>1794</ele>
        <time>2025-08-22T16:37:01+00:00</time>
      </trkpt>
      <trkpt lat="45.39321" lon="6.13757">
        <ele>1797</ele>
        <time>2025-08-22T16:37:04+00:00</time>
      </trkpt>
      <trkpt lat="45.39324" lon="6.13765">
        <ele>1799</ele>
        <time>2025-08-22T16:37:07+00:00</time>
      </trkpt>
      <trkpt lat="45.39324" lon="6.13774">
        <ele>1799</ele>
        <time>2025-08-22T16:37:10+00:00</time>
      </trkpt>
      <trkpt lat="45.39323" lon="6.13782">
        <ele>1802</ele>
        <time>2025-08-22T16:37:13+00:00</time>
      </trkpt>
      <trkpt lat="45.39319" lon="6.13798">
        <ele>1799</ele>
        <time>2025-08-22T16:37:16+00:00</time>
      </trkpt>
      <trkpt lat="45.39315" lon="6.13824">
        <ele>1805</ele>
        <time>2025-08-22T16:37:19+00:00</time>
      </trkpt>
      <trkpt lat="45.39309" lon="6.1387">
        <ele>1813</ele>
        <time>2025-08-22T16:37:22+00:00</time>
      </trkpt>
      <trkpt lat="45.39305" lon="6.13892">
        <ele>1823</ele>
        <time>2025-08-22T16:37:25+00:00</time>
      </trkpt>
      <trkpt lat="45.39305" lon="6.13902">
        <ele>1827</ele>
        <time>2025-08-22T16:37:28+00:00</time>
      </trkpt>
      <trkpt lat="45.39306" lon="6.13913">
        <ele>1827</ele>
        <time>2025-08-22T16:37:31+00:00</time>
      </trkpt>
      <trkpt lat="45.39323" lon="6.13945">
        <ele>1836</ele>
        <time>2025-08-22T16:37:34+00:00</time>
      </trkpt>
      <trkpt lat="45.3933" lon="6.13952">
        <ele>1839</ele>
        <time>2025-08-22T16:37:37+00:00</time>
      </trkpt>
      <trkpt lat="45.39337" lon="6.13956">
        <ele>1842</ele>
        <time>2025-08-22T16:37:40+00:00</time>
      </trkpt>
      <trkpt lat="45.39344" lon="6.13959">
        <ele>1842</ele>
        <time>2025-08-22T16:37:43+00:00</time>
      </trkpt>
      <trkpt lat="45.39353" lon="6.13961">
        <ele>1846</ele>
        <time>2025-08-22T16:37:46+00:00</time>
      </trkpt>
      <trkpt lat="45.39361" lon="6.1396">
        <ele>1846</ele>
        <time>2025-08-22T16:37:49+00:00</time>
      </trkpt>
      <trkpt lat="45.39371" lon="6.13957">
        <ele>1851</ele>
        <time>2025-08-22T16:37:52+00:00</time>
      </trkpt>
      <trkpt lat="45.39409" lon="6.13939">
        <ele>1861</ele>
        <time>2025-08-22T16:37:55+00:00</time>
      </trkpt>
      <trkpt lat="45.39428" lon="6.13935">
        <ele>1866</ele>
        <time>2025-08-22T16:37:58+00:00</time>
      </trkpt>
      <trkpt lat="45.39433" lon="6.13937">
        <ele>1866</ele>
        <time>2025-08-22T16:38:01+00:00</time>
      </trkpt>
      <trkpt lat="45.39438" lon="6.13941">
        <ele>1866</ele>
        <time>2025-08-22T16:38:04+00:00</time>
      </trkpt>
      <trkpt lat="45.39441" lon="6.1395">
        <ele>1870</ele>
        <time>2025-08-22T16:38:07+00:00</time>
      </trkpt>
      <trkpt lat="45.39441" lon="6.13955">
        <ele>1866</ele>
        <time>2025-08-22T16:38:10+00:00</time>
      </trkpt>
      <trkpt lat="45.39439" lon="6.13963">
        <ele>1867</ele>
        <time>2025-08-22T16:38:13+00:00</time>
      </trkpt>
      <trkpt lat="45.39438" lon="6.13963">
        <ele>1867</ele>
        <time>2025-08-22T16:38:16+00:00</time>
      </trkpt>
      <trkpt lat="45.39436" lon="6.13945">
        <ele>1866</ele>
        <time>2025-08-22T16:38:19+00:00</time>
      </trkpt>
      <trkpt lat="45.39435" lon="6.13959">
        <ele>1867</ele>
        <time>2025-08-22T16:38:22+00:00</time>
      </trkpt>
      <trkpt lat="45.39427" lon="6.13972">
        <ele>1869</ele>
        <time>2025-08-22T16:38:25+00:00</time>
      </trkpt>
      <trkpt lat="45.39414" lon="6.13984">
        <ele>1868</ele>
        <time>2025-08-22T16:38:28+00:00</time>
      </trkpt>
      <trkpt lat="45.39395" lon="6.14002">
        <ele>1871</ele>
        <time>2025-08-22T16:38:31+00:00</time>
      </trkpt>
      <trkpt lat="45.39365" lon="6.1403">
        <ele>1871</ele>
        <time>2025-08-22T16:38:34+00:00</time>
      </trkpt>
      <trkpt lat="45.39341" lon="6.14047">
        <ele>1875</ele>
        <time>2025-08-22T16:38:37+00:00</time>
      </trkpt>
      <trkpt lat="45.39309" lon="6.1407">
        <ele>1890</ele>
        <time>2025-08-22T16:38:40+00:00</time>
      </trkpt>
      <trkpt lat="45.39292" lon="6.14081">
        <ele>1895</ele>
        <time>2025-08-22T16:38:43+00:00</time>
      </trkpt>
      <trkpt lat="45.39275" lon="6.1409">
        <ele>1898</ele>
        <time>2025-08-22T16:38:46+00:00</time>
      </trkpt>
      <trkpt lat="45.39248" lon="6.14101">
        <ele>1909</ele>
        <time>2025-08-22T16:38:49+00:00</time>
      </trkpt>
      <trkpt lat="45.39209" lon="6.14117">
        <ele>1920</ele>
        <time>2025-08-22T16:38:52+00:00</time>
      </trkpt>
      <trkpt lat="45.39185" lon="6.14124">
        <ele>1926</ele>
        <time>2025-08-22T16:38:55+00:00</time>
      </trkpt>
      <trkpt lat="45.39172" lon="6.1413">
        <ele>1928</ele>
        <time>2025-08-22T16:38:58+00:00</time>
      </trkpt>
      <trkpt lat="45.3916" lon="6.14138">
        <ele>1928</ele>
        <time>2025-08-22T16:39:01+00:00</time>
      </trkpt>
      <trkpt lat="45.39151" lon="6.14141">
        <ele>1933</ele>
        <time>2025-08-22T16:39:04+00:00</time>
      </trkpt>
      <trkpt lat="45.39138" lon="6.14142">
        <ele>1935</ele>
        <time>2025-08-22T16:39:07+00:00</time>
      </trkpt>
      <trkpt lat="45.39128" lon="6.14145">
        <ele>1937</ele>
        <time>2025-08-22T16:39:10+00:00</time>
      </trkpt>
      <trkpt lat="45.39117" lon="6.14146">
        <ele>1937</ele>
        <time>2025-08-22T16:39:13+00:00</time>
      </trkpt>
      <trkpt lat="45.39117" lon="6.14159">
        <ele>1937</ele>
        <time>2025-08-22T16:39:16+00:00</time>
      </trkpt>
      <trkpt lat="45.3912" lon="6.14163">
        <ele>1942</ele>
        <time>2025-08-22T16:39:19+00:00</time>
      </trkpt>
      <trkpt lat="45.39119" lon="6.14168">
        <ele>1942</ele>
        <time>2025-08-22T16:39:22+00:00</time>
      </trkpt>
      <trkpt lat="45.39116" lon="6.14176">
        <ele>1942</ele>
        <time>2025-08-22T16:39:25+00:00</time>
      </trkpt>
      <trkpt lat="45.39116" lon="6.14182">
        <ele>1948</ele>
        <time>2025-08-22T16:39:28+00:00</time>
      </trkpt>
      <trkpt lat="45.39117" lon="6.14197">
        <ele>1954</ele>
        <time>2025-08-22T16:39:31+00:00</time>
      </trkpt>
      <trkpt lat="45.39117" lon="6.14201">
        <ele>1954</ele>
        <time>2025-08-22T16:39:34+00:00</time>
      </trkpt>
      <trkpt lat="45.39112" lon="6.14211">
        <ele>1961</ele>
        <time>2025-08-22T16:39:37+00:00</time>
      </trkpt>
      <trkpt lat="45.39106" lon="6.14217">
        <ele>1959</ele>
        <time>2025-08-22T16:39:40+00:00</time>
      </trkpt>
      <trkpt lat="45.39101" lon="6.14224">
        <ele>1959</ele>
        <time>2025-08-22T16:39:43+00:00</time>
      </trkpt>
      <trkpt lat="45.39098" lon="6.14231">
        <ele>1964</ele>
        <time>2025-08-22T16:39:46+00:00</time>
      </trkpt>
      <trkpt lat="45.39098" lon="6.14235">
        <ele>1964</ele>
        <time>2025-08-22T16:39:49+00:00</time>
      </trkpt>
      <trkpt lat="45.39096" lon="6.14238">
        <ele>1964</ele>
        <time>2025-08-22T16:39:52+00:00</time>
      </trkpt>
      <trkpt lat="45.39092" lon="6.1424">
        <ele>1969</ele>
        <time>2025-08-22T16:39:55+00:00</time>
      </trkpt>
      <trkpt lat="45.3909" lon="6.14246">
        <ele>1968</ele>
        <time>2025-08-22T16:39:58+00:00</time>
      </trkpt>
      <trkpt lat="45.39088" lon="6.1425">
        <ele>1968</ele>
        <time>2025-08-22T16:40:01+00:00</time>
      </trkpt>
      <trkpt lat="45.39085" lon="6.14256">
        <ele>1968</ele>
        <time>2025-08-22T16:40:04+00:00</time>
      </trkpt>
      <trkpt lat="45.39083" lon="6.14265">
        <ele>1972</ele>
        <time>2025-08-22T16:40:07+00:00</time>
      </trkpt>
      <trkpt lat="45.3908" lon="6.14271">
        <ele>1973</ele>
        <time>2025-08-22T16:40:10+00:00</time>
      </trkpt>
      <trkpt lat="45.39067" lon="6.14286">
        <ele>1976</ele>
        <time>2025-08-22T16:40:13+00:00</time>
      </trkpt>
      <trkpt lat="45.39064" lon="6.14293">
        <ele>1976</ele>
        <time>2025-08-22T16:40:16+00:00</time>
      </trkpt>
      <trkpt lat="45.39061" lon="6.14298">
        <ele>1976</ele>
        <time>2025-08-22T16:40:19+00:00</time>
      </trkpt>
      <trkpt lat="45.39057" lon="6.14308">
        <ele>1977</ele>
        <time>2025-08-22T16:40:22+00:00</time>
      </trkpt>
      <trkpt lat="45.39054" lon="6.14313">
        <ele>1976</ele>
        <time>2025-08-22T16:40:25+00:00</time>
      </trkpt>
      <trkpt lat="45.39053" lon="6.14319">
        <ele>1978</ele>
        <time>2025-08-22T16:40:28+00:00</time>
      </trkpt>
      <trkpt lat="45.39054" lon="6.14324">
        <ele>1978</ele>
        <time>2025-08-22T16:40:31+00:00</time>
      </trkpt>
      <trkpt lat="45.39051" lon="6.14341">
        <ele>1977</ele>
        <time>2025-08-22T16:40:34+00:00</time>
      </trkpt>
      <trkpt lat="45.39052" lon="6.14347">
        <ele>1977</ele>
        <time>2025-08-22T16:40:37+00:00</time>
      </trkpt>
      <trkpt lat="45.3905" lon="6.14351">
        <ele>1977</ele>
        <time>2025-08-22T16:40:40+00:00</time>
      </trkpt>
      <trkpt lat="45.39036" lon="6.14363">
        <ele>1979</ele>
        <time>2025-08-22T16:40:43+00:00</time>
      </trkpt>
      <trkpt lat="45.39035" lon="6.14368">
        <ele>1979</ele>
        <time>2025-08-22T16:40:46+00:00</time>
      </trkpt>
      <trkpt lat="45.39032" lon="6.14372">
        <ele>1979</ele>
        <time>2025-08-22T16:40:49+00:00</time>
      </trkpt>
      <trkpt lat="45.39026" lon="6.14376">
        <ele>1979</ele>
        <time>2025-08-22T16:40:52+00:00</time>
      </trkpt>
      <trkpt lat="45.39025" lon="6.14381">
        <ele>1982</ele>
        <time>2025-08-22T16:40:55+00:00</time>
      </trkpt>
      <trkpt lat="45.39009" lon="6.14397">
        <ele>1982</ele>
        <time>2025-08-22T16:40:58+00:00</time>
      </trkpt>
      <trkpt lat="45.39008" lon="6.14401">
        <ele>1990</ele>
        <time>2025-08-22T16:41:01+00:00</time>
      </trkpt>
      <trkpt lat="45.39001" lon="6.1441">
        <ele>1990</ele>
        <time>2025-08-22T16:41:04+00:00</time>
      </trkpt>
      <trkpt lat="45.38996" lon="6.14424">
        <ele>1996</ele>
        <time>2025-08-22T16:41:07+00:00</time>
      </trkpt>
      <trkpt lat="45.38995" lon="6.14429">
        <ele>1996</ele>
        <time>2025-08-22T16:41:10+00:00</time>
      </trkpt>
      <trkpt lat="45.3899" lon="6.14436">
        <ele>1996</ele>
        <time>2025-08-22T16:41:13+00:00</time>
      </trkpt>
      <trkpt lat="45.38987" lon="6.14438">
        <ele>1998</ele>
        <time>2025-08-22T16:41:16+00:00</time>
      </trkpt>
      <trkpt lat="45.38985" lon="6.14441">
        <ele>1998</ele>
        <time>2025-08-22T16:41:19+00:00</time>
      </trkpt>
      <trkpt lat="45.3898" lon="6.14442">
        <ele>1998</ele>
        <time>2025-08-22T16:41:22+00:00</time>
      </trkpt>
      <trkpt lat="45.38967" lon="6.1445">
        <ele>1999</ele>
        <time>2025-08-22T16:41:25+00:00</time>
      </trkpt>
      <trkpt lat="45.38963" lon="6.1445">
        <ele>1998</ele>
        <time>2025-08-22T16:41:28+00:00</time>
      </trkpt>
      <trkpt lat="45.3896" lon="6.14453">
        <ele>1999</ele>
        <time>2025-08-22T16:41:31+00:00</time>
      </trkpt>
      <trkpt lat="45.38956" lon="6.14455">
        <ele>1999</ele>
        <time>2025-08-22T16:41:34+00:00</time>
      </trkpt>
      <trkpt lat="45.38952" lon="6.14455">
        <ele>1999</ele>
        <time>2025-08-22T16:41:37+00:00</time>
      </trkpt>
      <trkpt lat="45.38948" lon="6.14457">
        <ele>2001</ele>
        <time>2025-08-22T16:41:40+00:00</time>
      </trkpt>
      <trkpt lat="45.38937" lon="6.14469">
        <ele>2003</ele>
        <time>2025-08-22T16:41:43+00:00</time>
      </trkpt>
      <trkpt lat="45.38934" lon="6.14474">
        <ele>2009</ele>
        <time>2025-08-22T16:41:46+00:00</time>
      </trkpt>
      <trkpt lat="45.38933" lon="6.14478">
        <ele>2009</ele>
        <time>2025-08-22T16:41:49+00:00</time>
      </trkpt>
      <trkpt lat="45.38929" lon="6.14488">
        <ele>2013</ele>
        <time>2025-08-22T16:41:52+00:00</time>
      </trkpt>
      <trkpt lat="45.38925" lon="6.14493">
        <ele>2013</ele>
        <time>2025-08-22T16:41:55+00:00</time>
      </trkpt>
      <trkpt lat="45.38921" lon="6.14493">
        <ele>2013</ele>
        <time>2025-08-22T16:41:58+00:00</time>
      </trkpt>
      <trkpt lat="45.38917" lon="6.14497">
        <ele>2017</ele>
        <time>2025-08-22T16:42:01+00:00</time>
      </trkpt>
      <trkpt lat="45.38907" lon="6.14518">
        <ele>2019</ele>
        <time>2025-08-22T16:42:04+00:00</time>
      </trkpt>
      <trkpt lat="45.38906" lon="6.14523">
        <ele>2022</ele>
        <time>2025-08-22T16:42:07+00:00</time>
      </trkpt>
      <trkpt lat="45.38902" lon="6.14528">
        <ele>2022</ele>
        <time>2025-08-22T16:42:10+00:00</time>
      </trkpt>
      <trkpt lat="45.38903" lon="6.14534">
        <ele>2022</ele>
        <time>2025-08-22T16:42:13+00:00</time>
      </trkpt>
      <trkpt lat="45.389" lon="6.14537">
        <ele>2030</ele>
        <time>2025-08-22T16:42:16+00:00</time>
      </trkpt>
      <trkpt lat="45.38901" lon="6.14541">
        <ele>2027</ele>
        <time>2025-08-22T16:42:19+00:00</time>
      </trkpt>
      <trkpt lat="45.389" lon="6.14546">
        <ele>2037</ele>
        <time>2025-08-22T16:42:22+00:00</time>
      </trkpt>
      <trkpt lat="45.38896" lon="6.14549">
        <ele>2037</ele>
        <time>2025-08-22T16:42:25+00:00</time>
      </trkpt>
      <trkpt lat="45.38896" lon="6.14554">
        <ele>2041</ele>
        <time>2025-08-22T16:42:28+00:00</time>
      </trkpt>
      <trkpt lat="45.38893" lon="6.14556">
        <ele>2041</ele>
        <time>2025-08-22T16:42:31+00:00</time>
      </trkpt>
      <trkpt lat="45.38888" lon="6.14562">
        <ele>2047</ele>
        <time>2025-08-22T16:42:34+00:00</time>
      </trkpt>
      <trkpt lat="45.38887" lon="6.1457">
        <ele>2047</ele>
        <time>2025-08-22T16:42:37+00:00</time>
      </trkpt>
      <trkpt lat="45.38884" lon="6.1457">
        <ele>2052</ele>
        <time>2025-08-22T16:42:40+00:00</time>
      </trkpt>
      <trkpt lat="45.38885" lon="6.14573">
        <ele>2052</ele>
        <time>2025-08-22T16:42:43+00:00</time>
      </trkpt>
      <trkpt lat="45.38883" lon="6.14573">
        <ele>2052</ele>
        <time>2025-08-22T16:42:46+00:00</time>
      </trkpt>
      <trkpt lat="45.38879" lon="6.14578">
        <ele>2052</ele>
        <time>2025-08-22T16:42:49+00:00</time>
      </trkpt>
      <trkpt lat="45.38877" lon="6.1458">
        <ele>2052</ele>
        <time>2025-08-22T16:42:52+00:00</time>
      </trkpt>
      <trkpt lat="45.38877" lon="6.14587">
        <ele>2052</ele>
        <time>2025-08-22T16:42:55+00:00</time>
      </trkpt>
      <trkpt lat="45.38873" lon="6.1459">
        <ele>2053</ele>
        <time>2025-08-22T16:42:58+00:00</time>
      </trkpt>
      <trkpt lat="45.38862" lon="6.1459">
        <ele>2053</ele>
        <time>2025-08-22T16:43:01+00:00</time>
      </trkpt>
      <trkpt lat="45.38854" lon="6.14606">
        <ele>2058</ele>
        <time>2025-08-22T16:43:04+00:00</time>
      </trkpt>
      <trkpt lat="45.38846" lon="6.14618">
        <ele>2054</ele>
        <time>2025-08-22T16:43:07+00:00</time>
      </trkpt>
      <trkpt lat="45.38855" lon="6.14669">
        <ele>2055</ele>
        <time>2025-08-22T16:43:10+00:00</time>
      </trkpt>
      <trkpt lat="45.38839" lon="6.1472">
        <ele>2074</ele>
        <time>2025-08-22T16:43:13+00:00</time>
      </trkpt>
      <trkpt lat="45.3884" lon="6.1472">
        <ele>2075</ele>
        <time>2025-08-22T16:43:16+00:00</time>
      </trkpt>
      <trkpt lat="45.38841" lon="6.14728">
        <ele>2075</ele>
        <time>2025-08-22T16:43:19+00:00</time>
      </trkpt>
      <trkpt lat="45.38839" lon="6.14735">
        <ele>2075</ele>
        <time>2025-08-22T16:43:22+00:00</time>
      </trkpt>
      <trkpt lat="45.38841" lon="6.1475">
        <ele>2077</ele>
        <time>2025-08-22T16:43:25+00:00</time>
      </trkpt>
      <trkpt lat="45.38839" lon="6.14752">
        <ele>2077</ele>
        <time>2025-08-22T16:43:28+00:00</time>
      </trkpt>
      <trkpt lat="45.38839" lon="6.14755">
        <ele>2077</ele>
        <time>2025-08-22T16:43:31+00:00</time>
      </trkpt>
      <trkpt lat="45.38841" lon="6.14755">
        <ele>2077</ele>
        <time>2025-08-22T16:43:34+00:00</time>
      </trkpt>
      <trkpt lat="45.38831" lon="6.14755">
        <ele>2077</ele>
        <time>2025-08-22T16:43:37+00:00</time>
      </trkpt>
      <trkpt lat="45.38816" lon="6.14763">
        <ele>2077</ele>
        <time>2025-08-22T16:43:40+00:00</time>
      </trkpt>
      <trkpt lat="45.3881" lon="6.14761">
        <ele>2077</ele>
        <time>2025-08-22T16:43:43+00:00</time>
      </trkpt>
      <trkpt lat="45.38801" lon="6.14761">
        <ele>2077</ele>
        <time>2025-08-22T16:43:46+00:00</time>
      </trkpt>
      <trkpt lat="45.38793" lon="6.14752">
        <ele>2078</ele>
        <time>2025-08-22T16:43:49+00:00</time>
      </trkpt>
      <trkpt lat="45.38783" lon="6.1475">
        <ele>2078</ele>
        <time>2025-08-22T16:43:52+00:00</time>
      </trkpt>
      <trkpt lat="45.3877" lon="6.14754">
        <ele>2078</ele>
        <time>2025-08-22T16:43:55+00:00</time>
      </trkpt>
      <trkpt lat="45.38758" lon="6.14767">
        <ele>2079</ele>
        <time>2025-08-22T16:43:58+00:00</time>
      </trkpt>
      <trkpt lat="45.38749" lon="6.14774">
        <ele>2080</ele>
        <time>2025-08-22T16:44:01+00:00</time>
      </trkpt>
      <trkpt lat="45.38741" lon="6.14775">
        <ele>2080</ele>
        <time>2025-08-22T16:44:04+00:00</time>
      </trkpt>
      <trkpt lat="45.38728" lon="6.14778">
        <ele>2080</ele>
        <time>2025-08-22T16:44:07+00:00</time>
      </trkpt>
      <trkpt lat="45.38721" lon="6.14783">
        <ele>2082</ele>
        <time>2025-08-22T16:44:10+00:00</time>
      </trkpt>
      <trkpt lat="45.38715" lon="6.14791">
        <ele>2078</ele>
        <time>2025-08-22T16:44:13+00:00</time>
      </trkpt>
      <trkpt lat="45.38694" lon="6.14803">
        <ele>2081</ele>
        <time>2025-08-22T16:44:16+00:00</time>
      </trkpt>
      <trkpt lat="45.38681" lon="6.1481">
        <ele>2086</ele>
        <time>2025-08-22T16:44:19+00:00</time>
      </trkpt>
      <trkpt lat="45.38659" lon="6.14817">
        <ele>2082</ele>
        <time>2025-08-22T16:44:22+00:00</time>
      </trkpt>
      <trkpt lat="45.3865" lon="6.14821">
        <ele>2082</ele>
        <time>2025-08-22T16:44:25+00:00</time>
      </trkpt>
      <trkpt lat="45.38629" lon="6.14851">
        <ele>2085</ele>
        <time>2025-08-22T16:44:28+00:00</time>
      </trkpt>
      <trkpt lat="45.38619" lon="6.14863">
        <ele>2086</ele>
        <time>2025-08-22T16:44:31+00:00</time>
      </trkpt>
      <trkpt lat="45.38594" lon="6.14887">
        <ele>2085</ele>
        <time>2025-08-22T16:44:34+00:00</time>
      </trkpt>
      <trkpt lat="45.38584" lon="6.14893">
        <ele>2085</ele>
        <time>2025-08-22T16:44:37+00:00</time>
      </trkpt>
      <trkpt lat="45.38563" lon="6.14896">
        <ele>2083</ele>
        <time>2025-08-22T16:44:40+00:00</time>
      </trkpt>
      <trkpt lat="45.3854" lon="6.14887">
        <ele>2080</ele>
        <time>2025-08-22T16:44:43+00:00</time>
      </trkpt>
      <trkpt lat="45.3853" lon="6.14884">
        <ele>2078</ele>
        <time>2025-08-22T16:44:46+00:00</time>
      </trkpt>
      <trkpt lat="45.38519" lon="6.14879">
        <ele>2077</ele>
        <time>2025-08-22T16:44:49+00:00</time>
      </trkpt>
      <trkpt lat="45.3851" lon="6.14879">
        <ele>2076</ele>
        <time>2025-08-22T16:44:52+00:00</time>
      </trkpt>
      <trkpt lat="45.38502" lon="6.14874">
        <ele>2076</ele>
        <time>2025-08-22T16:44:55+00:00</time>
      </trkpt>
      <trkpt lat="45.38486" lon="6.14871">
        <ele>2076</ele>
        <time>2025-08-22T16:44:58+00:00</time>
      </trkpt>
      <trkpt lat="45.38475" lon="6.14871">
        <ele>2076</ele>
        <time>2025-08-22T16:45:01+00:00</time>
      </trkpt>
      <trkpt lat="45.38465" lon="6.1487">
        <ele>2076</ele>
        <time>2025-08-22T16:45:04+00:00</time>
      </trkpt>
      <trkpt lat="45.38456" lon="6.14871">
        <ele>2077</ele>
        <time>2025-08-22T16:45:07+00:00</time>
      </trkpt>
      <trkpt lat="45.38449" lon="6.14874">
        <ele>2077</ele>
        <time>2025-08-22T16:45:10+00:00</time>
      </trkpt>
      <trkpt lat="45.38421" lon="6.1489">
        <ele>2081</ele>
        <time>2025-08-22T16:45:13+00:00</time>
      </trkpt>
      <trkpt lat="45.38404" lon="6.14901">
        <ele>2088</ele>
        <time>2025-08-22T16:45:16+00:00</time>
      </trkpt>
      <trkpt lat="45.38393" lon="6.14907">
        <ele>2088</ele>
        <time>2025-08-22T16:45:19+00:00</time>
      </trkpt>
      <trkpt lat="45.38374" lon="6.14907">
        <ele>2088</ele>
        <time>2025-08-22T16:45:22+00:00</time>
      </trkpt>
      <trkpt lat="45.3837" lon="6.14908">
        <ele>2088</ele>
        <time>2025-08-22T16:45:25+00:00</time>
      </trkpt>
      <trkpt lat="45.38362" lon="6.14908">
        <ele>2088</ele>
        <time>2025-08-22T16:45:28+00:00</time>
      </trkpt>
      <trkpt lat="45.38355" lon="6.14907">
        <ele>2088</ele>
        <time>2025-08-22T16:45:31+00:00</time>
      </trkpt>
      <trkpt lat="45.3835" lon="6.14908">
        <ele>2089</ele>
        <time>2025-08-22T16:45:34+00:00</time>
      </trkpt>
      <trkpt lat="45.3834" lon="6.14913">
        <ele>2092</ele>
        <time>2025-08-22T16:45:37+00:00</time>
      </trkpt>
      <trkpt lat="45.38332" lon="6.14915">
        <ele>2092</ele>
        <time>2025-08-22T16:45:40+00:00</time>
      </trkpt>
      <trkpt lat="45.38319" lon="6.14924">
        <ele>2092</ele>
        <time>2025-08-22T16:45:43+00:00</time>
      </trkpt>
      <trkpt lat="45.38302" lon="6.14932">
        <ele>2091</ele>
        <time>2025-08-22T16:45:46+00:00</time>
      </trkpt>
      <trkpt lat="45.38285" lon="6.1494">
        <ele>2091</ele>
        <time>2025-08-22T16:45:49+00:00</time>
      </trkpt>
      <trkpt lat="45.38278" lon="6.14949">
        <ele>2091</ele>
        <time>2025-08-22T16:45:52+00:00</time>
      </trkpt>
      <trkpt lat="45.38266" lon="6.14967">
        <ele>2089</ele>
        <time>2025-08-22T16:45:55+00:00</time>
      </trkpt>
      <trkpt lat="45.3826" lon="6.14978">
        <ele>2089</ele>
        <time>2025-08-22T16:45:58+00:00</time>
      </trkpt>
      <trkpt lat="45.38246" lon="6.15025">
        <ele>2083</ele>
        <time>2025-08-22T16:46:01+00:00</time>
      </trkpt>
      <trkpt lat="45.38235" lon="6.15056">
        <ele>2082</ele>
        <time>2025-08-22T16:46:04+00:00</time>
      </trkpt>
      <trkpt lat="45.38233" lon="6.15067">
        <ele>2082</ele>
        <time>2025-08-22T16:46:07+00:00</time>
      </trkpt>
      <trkpt lat="45.38229" lon="6.15074">
        <ele>2079</ele>
        <time>2025-08-22T16:46:10+00:00</time>
      </trkpt>
      <trkpt lat="45.38222" lon="6.15092">
        <ele>2082</ele>
        <time>2025-08-22T16:46:13+00:00</time>
      </trkpt>
      <trkpt lat="45.38204" lon="6.15129">
        <ele>2082</ele>
        <time>2025-08-22T16:46:16+00:00</time>
      </trkpt>
      <trkpt lat="45.382" lon="6.15132">
        <ele>2076</ele>
        <time>2025-08-22T16:46:19+00:00</time>
      </trkpt>
      <trkpt lat="45.38188" lon="6.15148">
        <ele>2082</ele>
        <time>2025-08-22T16:46:22+00:00</time>
      </trkpt>
      <trkpt lat="45.38185" lon="6.15159">
        <ele>2086</ele>
        <time>2025-08-22T16:46:25+00:00</time>
      </trkpt>
      <trkpt lat="45.38177" lon="6.15175">
        <ele>2084</ele>
        <time>2025-08-22T16:46:28+00:00</time>
      </trkpt>
      <trkpt lat="45.38175" lon="6.15177">
        <ele>2084</ele>
        <time>2025-08-22T16:46:31+00:00</time>
      </trkpt>
      <trkpt lat="45.38164" lon="6.15183">
        <ele>2082</ele>
        <time>2025-08-22T16:46:34+00:00</time>
      </trkpt>
      <trkpt lat="45.38136" lon="6.15202">
        <ele>2084</ele>
        <time>2025-08-22T16:46:37+00:00</time>
      </trkpt>
      <trkpt lat="45.38125" lon="6.15212">
        <ele>2084</ele>
        <time>2025-08-22T16:46:40+00:00</time>
      </trkpt>
      <trkpt lat="45.38116" lon="6.15223">
        <ele>2081</ele>
        <time>2025-08-22T16:46:43+00:00</time>
      </trkpt>
      <trkpt lat="45.38113" lon="6.15228">
        <ele>2087</ele>
        <time>2025-08-22T16:46:46+00:00</time>
      </trkpt>
      <trkpt lat="45.3811" lon="6.15231">
        <ele>2085</ele>
        <time>2025-08-22T16:46:49+00:00</time>
      </trkpt>
      <trkpt lat="45.38107" lon="6.15233">
        <ele>2085</ele>
        <time>2025-08-22T16:46:52+00:00</time>
      </trkpt>
      <trkpt lat="45.381" lon="6.15235">
        <ele>2079</ele>
        <time>2025-08-22T16:46:55+00:00</time>
      </trkpt>
      <trkpt lat="45.38097" lon="6.15235">
        <ele>2081</ele>
        <time>2025-08-22T16:46:58+00:00</time>
      </trkpt>
      <trkpt lat="45.38094" lon="6.15234">
        <ele>2079</ele>
        <time>2025-08-22T16:47:01+00:00</time>
      </trkpt>
      <trkpt lat="45.38091" lon="6.15235">
        <ele>2079</ele>
        <time>2025-08-22T16:47:04+00:00</time>
      </trkpt>
      <trkpt lat="45.38085" lon="6.1525">
        <ele>2081</ele>
        <time>2025-08-22T16:47:07+00:00</time>
      </trkpt>
      <trkpt lat="45.38084" lon="6.1526">
        <ele>2081</ele>
        <time>2025-08-22T16:47:10+00:00</time>
      </trkpt>
      <trkpt lat="45.38085" lon="6.15276">
        <ele>2077</ele>
        <time>2025-08-22T16:47:13+00:00</time>
      </trkpt>
      <trkpt lat="45.38084" lon="6.15279">
        <ele>2077</ele>
        <time>2025-08-22T16:47:16+00:00</time>
      </trkpt>
      <trkpt lat="45.38082" lon="6.15282">
        <ele>2077</ele>
        <time>2025-08-22T16:47:19+00:00</time>
      </trkpt>
      <trkpt lat="45.38075" lon="6.15288">
        <ele>2073</ele>
        <time>2025-08-22T16:47:22+00:00</time>
      </trkpt>
      <trkpt lat="45.3807" lon="6.1529">
        <ele>2073</ele>
        <time>2025-08-22T16:47:25+00:00</time>
      </trkpt>
      <trkpt lat="45.38065" lon="6.1529">
        <ele>2073</ele>
        <time>2025-08-22T16:47:28+00:00</time>
      </trkpt>
      <trkpt lat="45.38062" lon="6.15291">
        <ele>2071</ele>
        <time>2025-08-22T16:47:31+00:00</time>
      </trkpt>
      <trkpt lat="45.3806" lon="6.15295">
        <ele>2065</ele>
        <time>2025-08-22T16:47:34+00:00</time>
      </trkpt>
      <trkpt lat="45.38061" lon="6.15304">
        <ele>2071</ele>
        <time>2025-08-22T16:47:37+00:00</time>
      </trkpt>
      <trkpt lat="45.38059" lon="6.15315">
        <ele>2062</ele>
        <time>2025-08-22T16:47:40+00:00</time>
      </trkpt>
      <trkpt lat="45.3805" lon="6.15325">
        <ele>2056</ele>
        <time>2025-08-22T16:47:43+00:00</time>
      </trkpt>
      <trkpt lat="45.38046" lon="6.15334">
        <ele>2055</ele>
        <time>2025-08-22T16:47:46+00:00</time>
      </trkpt>
      <trkpt lat="45.38045" lon="6.15339">
        <ele>2055</ele>
        <time>2025-08-22T16:47:49+00:00</time>
      </trkpt>
      <trkpt lat="45.38043" lon="6.15343">
        <ele>2053</ele>
        <time>2025-08-22T16:47:52+00:00</time>
      </trkpt>
      <trkpt lat="45.38039" lon="6.15346">
        <ele>2053</ele>
        <time>2025-08-22T16:47:55+00:00</time>
      </trkpt>
      <trkpt lat="45.38034" lon="6.15344">
        <ele>2053</ele>
        <time>2025-08-22T16:47:58+00:00</time>
      </trkpt>
      <trkpt lat="45.3803" lon="6.15341">
        <ele>2049</ele>
        <time>2025-08-22T16:48:01+00:00</time>
      </trkpt>
      <trkpt lat="45.38023" lon="6.15339">
        <ele>2050</ele>
        <time>2025-08-22T16:48:04+00:00</time>
      </trkpt>
      <trkpt lat="45.38019" lon="6.1534">
        <ele>2050</ele>
        <time>2025-08-22T16:48:07+00:00</time>
      </trkpt>
      <trkpt lat="45.38008" lon="6.15346">
        <ele>2044</ele>
        <time>2025-08-22T16:48:10+00:00</time>
      </trkpt>
      <trkpt lat="45.38001" lon="6.15344">
        <ele>2044</ele>
        <time>2025-08-22T16:48:13+00:00</time>
      </trkpt>
      <trkpt lat="45.37995" lon="6.1534">
        <ele>2045</ele>
        <time>2025-08-22T16:48:16+00:00</time>
      </trkpt>
      <trkpt lat="45.3799" lon="6.1534">
        <ele>2041</ele>
        <time>2025-08-22T16:48:19+00:00</time>
      </trkpt>
      <trkpt lat="45.37974" lon="6.15344">
        <ele>2038</ele>
        <time>2025-08-22T16:48:22+00:00</time>
      </trkpt>
      <trkpt lat="45.37966" lon="6.15348">
        <ele>2038</ele>
        <time>2025-08-22T16:48:25+00:00</time>
      </trkpt>
      <trkpt lat="45.37961" lon="6.15352">
        <ele>2038</ele>
        <time>2025-08-22T16:48:28+00:00</time>
      </trkpt>
      <trkpt lat="45.37952" lon="6.15352">
        <ele>2034</ele>
        <time>2025-08-22T16:48:31+00:00</time>
      </trkpt>
      <trkpt lat="45.37928" lon="6.1535">
        <ele>2030</ele>
        <time>2025-08-22T16:48:34+00:00</time>
      </trkpt>
      <trkpt lat="45.3792" lon="6.15345">
        <ele>2025</ele>
        <time>2025-08-22T16:48:37+00:00</time>
      </trkpt>
      <trkpt lat="45.37909" lon="6.15334">
        <ele>2019</ele>
        <time>2025-08-22T16:48:40+00:00</time>
      </trkpt>
      <trkpt lat="45.37891" lon="6.15321">
        <ele>2016</ele>
        <time>2025-08-22T16:48:43+00:00</time>
      </trkpt>
      <trkpt lat="45.37862" lon="6.15343">
        <ele>2008</ele>
        <time>2025-08-22T16:48:46+00:00</time>
      </trkpt>
      <trkpt lat="45.37835" lon="6.15333">
        <ele>1995</ele>
        <time>2025-08-22T16:48:49+00:00</time>
      </trkpt>
      <trkpt lat="45.37814" lon="6.1533">
        <ele>1986</ele>
        <time>2025-08-22T16:48:52+00:00</time>
      </trkpt>
      <trkpt lat="45.37808" lon="6.15325">
        <ele>1986</ele>
        <time>2025-08-22T16:48:55+00:00</time>
      </trkpt>
      <trkpt lat="45.37793" lon="6.15328">
        <ele>1980</ele>
        <time>2025-08-22T16:48:58+00:00</time>
      </trkpt>
      <trkpt lat="45.37781" lon="6.15334">
        <ele>1979</ele>
        <time>2025-08-22T16:49:01+00:00</time>
      </trkpt>
      <trkpt lat="45.37768" lon="6.15345">
        <ele>1977</ele>
        <time>2025-08-22T16:49:04+00:00</time>
      </trkpt>
      <trkpt lat="45.37756" lon="6.15349">
        <ele>1977</ele>
        <time>2025-08-22T16:49:07+00:00</time>
      </trkpt>
      <trkpt lat="45.37747" lon="6.15353">
        <ele>1973</ele>
        <time>2025-08-22T16:49:10+00:00</time>
      </trkpt>
      <trkpt lat="45.3774" lon="6.15352">
        <ele>1969</ele>
        <time>2025-08-22T16:49:13+00:00</time>
      </trkpt>
      <trkpt lat="45.37732" lon="6.15349">
        <ele>1969</ele>
        <time>2025-08-22T16:49:16+00:00</time>
      </trkpt>
      <trkpt lat="45.37723" lon="6.1535">
        <ele>1969</ele>
        <time>2025-08-22T16:49:19+00:00</time>
      </trkpt>
      <trkpt lat="45.37699" lon="6.15349">
        <ele>1961</ele>
        <time>2025-08-22T16:49:22+00:00</time>
      </trkpt>
      <trkpt lat="45.37691" lon="6.1535">
        <ele>1961</ele>
        <time>2025-08-22T16:49:25+00:00</time>
      </trkpt>
      <trkpt lat="45.37679" lon="6.15356">
        <ele>1958</ele>
        <time>2025-08-22T16:49:28+00:00</time>
      </trkpt>
      <trkpt lat="45.37658" lon="6.15359">
        <ele>1955</ele>
        <time>2025-08-22T16:49:31+00:00</time>
      </trkpt>
      <trkpt lat="45.37658" lon="6.15368">
        <ele>1956</ele>
        <time>2025-08-22T16:49:34+00:00</time>
      </trkpt>
      <trkpt lat="45.3766" lon="6.15377">
        <ele>1956</ele>
        <time>2025-08-22T16:49:37+00:00</time>
      </trkpt>
      <trkpt lat="45.37663" lon="6.15387">
        <ele>1954</ele>
        <time>2025-08-22T16:49:40+00:00</time>
      </trkpt>
      <trkpt lat="45.37672" lon="6.15404">
        <ele>1951</ele>
        <time>2025-08-22T16:49:43+00:00</time>
      </trkpt>
      <trkpt lat="45.37677" lon="6.15411">
        <ele>1949</ele>
        <time>2025-08-22T16:49:46+00:00</time>
      </trkpt>
      <trkpt lat="45.37698" lon="6.15425">
        <ele>1944</ele>
        <time>2025-08-22T16:49:49+00:00</time>
      </trkpt>
      <trkpt lat="45.37705" lon="6.15431">
        <ele>1939</ele>
        <time>2025-08-22T16:49:52+00:00</time>
      </trkpt>
      <trkpt lat="45.37712" lon="6.15439">
        <ele>1939</ele>
        <time>2025-08-22T16:49:55+00:00</time>
      </trkpt>
      <trkpt lat="45.37716" lon="6.15455">
        <ele>1931</ele>
        <time>2025-08-22T16:49:58+00:00</time>
      </trkpt>
      <trkpt lat="45.37728" lon="6.15495">
        <ele>1924</ele>
        <time>2025-08-22T16:50:01+00:00</time>
      </trkpt>
      <trkpt lat="45.37736" lon="6.15518">
        <ele>1914</ele>
        <time>2025-08-22T16:50:04+00:00</time>
      </trkpt>
      <trkpt lat="45.37745" lon="6.15536">
        <ele>1917</ele>
        <time>2025-08-22T16:50:07+00:00</time>
      </trkpt>
      <trkpt lat="45.37755" lon="6.15549">
        <ele>1921</ele>
        <time>2025-08-22T16:50:10+00:00</time>
      </trkpt>
      <trkpt lat="45.37779" lon="6.15574">
        <ele>1913</ele>
        <time>2025-08-22T16:50:13+00:00</time>
      </trkpt>
      <trkpt lat="45.37786" lon="6.1559">
        <ele>1909</ele>
        <time>2025-08-22T16:50:16+00:00</time>
      </trkpt>
      <trkpt lat="45.37792" lon="6.15602">
        <ele>1904</ele>
        <time>2025-08-22T16:50:19+00:00</time>
      </trkpt>
      <trkpt lat="45.37798" lon="6.15609">
        <ele>1904</ele>
        <time>2025-08-22T16:50:22+00:00</time>
      </trkpt>
      <trkpt lat="45.37797" lon="6.1564">
        <ele>1894</ele>
        <time>2025-08-22T16:50:25+00:00</time>
      </trkpt>
      <trkpt lat="45.37801" lon="6.1566">
        <ele>1890</ele>
        <time>2025-08-22T16:50:28+00:00</time>
      </trkpt>
      <trkpt lat="45.3781" lon="6.15685">
        <ele>1887</ele>
        <time>2025-08-22T16:50:31+00:00</time>
      </trkpt>
      <trkpt lat="45.37806" lon="6.15709">
        <ele>1879</ele>
        <time>2025-08-22T16:50:34+00:00</time>
      </trkpt>
      <trkpt lat="45.37794" lon="6.15726">
        <ele>1873</ele>
        <time>2025-08-22T16:50:37+00:00</time>
      </trkpt>
      <trkpt lat="45.3779" lon="6.15739">
        <ele>1876</ele>
        <time>2025-08-22T16:50:40+00:00</time>
      </trkpt>
      <trkpt lat="45.37802" lon="6.15753">
        <ele>1869</ele>
        <time>2025-08-22T16:50:43+00:00</time>
      </trkpt>
      <trkpt lat="45.37811" lon="6.15758">
        <ele>1865</ele>
        <time>2025-08-22T16:50:46+00:00</time>
      </trkpt>
      <trkpt lat="45.37822" lon="6.15769">
        <ele>1866</ele>
        <time>2025-08-22T16:50:49+00:00</time>
      </trkpt>
      <trkpt lat="45.37828" lon="6.15772">
        <ele>1862</ele>
        <time>2025-08-22T16:50:52+00:00</time>
      </trkpt>
      <trkpt lat="45.37837" lon="6.15787">
        <ele>1862</ele>
        <time>2025-08-22T16:50:55+00:00</time>
      </trkpt>
      <trkpt lat="45.3785" lon="6.15798">
        <ele>1860</ele>
        <time>2025-08-22T16:50:58+00:00</time>
      </trkpt>
      <trkpt lat="45.37856" lon="6.15806">
        <ele>1860</ele>
        <time>2025-08-22T16:51:01+00:00</time>
      </trkpt>
      <trkpt lat="45.37859" lon="6.15813">
        <ele>1855</ele>
        <time>2025-08-22T16:51:04+00:00</time>
      </trkpt>
      <trkpt lat="45.37881" lon="6.15841">
        <ele>1858</ele>
        <time>2025-08-22T16:51:07+00:00</time>
      </trkpt>
      <trkpt lat="45.37903" lon="6.15856">
        <ele>1857</ele>
        <time>2025-08-22T16:51:10+00:00</time>
      </trkpt>
      <trkpt lat="45.37907" lon="6.1586">
        <ele>1857</ele>
        <time>2025-08-22T16:51:13+00:00</time>
      </trkpt>
      <trkpt lat="45.37909" lon="6.15865">
        <ele>1852</ele>
        <time>2025-08-22T16:51:16+00:00</time>
      </trkpt>
      <trkpt lat="45.37936" lon="6.15895">
        <ele>1852</ele>
        <time>2025-08-22T16:51:19+00:00</time>
      </trkpt>
      <trkpt lat="45.37969" lon="6.15926">
        <ele>1850</ele>
        <time>2025-08-22T16:51:22+00:00</time>
      </trkpt>
      <trkpt lat="45.37989" lon="6.15946">
        <ele>1841</ele>
        <time>2025-08-22T16:51:25+00:00</time>
      </trkpt>
      <trkpt lat="45.38003" lon="6.1597">
        <ele>1833</ele>
        <time>2025-08-22T16:51:28+00:00</time>
      </trkpt>
      <trkpt lat="45.38018" lon="6.16015">
        <ele>1824</ele>
        <time>2025-08-22T16:51:31+00:00</time>
      </trkpt>
      <trkpt lat="45.38019" lon="6.16036">
        <ele>1808</ele>
        <time>2025-08-22T16:51:34+00:00</time>
      </trkpt>
      <trkpt lat="45.38016" lon="6.16038">
        <ele>1808</ele>
        <time>2025-08-22T16:51:37+00:00</time>
      </trkpt>
      <trkpt lat="45.3801" lon="6.16045">
        <ele>1815</ele>
        <time>2025-08-22T16:51:40+00:00</time>
      </trkpt>
      <trkpt lat="45.38012" lon="6.16053">
        <ele>1803</ele>
        <time>2025-08-22T16:51:43+00:00</time>
      </trkpt>
      <trkpt lat="45.38013" lon="6.16074">
        <ele>1801</ele>
        <time>2025-08-22T16:51:46+00:00</time>
      </trkpt>
      <trkpt lat="45.38022" lon="6.16091">
        <ele>1799</ele>
        <time>2025-08-22T16:51:49+00:00</time>
      </trkpt>
      <trkpt lat="45.3802" lon="6.16117">
        <ele>1792</ele>
        <time>2025-08-22T16:51:52+00:00</time>
      </trkpt>
      <trkpt lat="45.38015" lon="6.16137">
        <ele>1789</ele>
        <time>2025-08-22T16:51:55+00:00</time>
      </trkpt>
      <trkpt lat="45.38001" lon="6.16145">
        <ele>1785</ele>
        <time>2025-08-22T16:51:58+00:00</time>
      </trkpt>
      <trkpt lat="45.37993" lon="6.16151">
        <ele>1781</ele>
        <time>2025-08-22T16:52:01+00:00</time>
      </trkpt>
      <trkpt lat="45.3799" lon="6.16169">
        <ele>1778</ele>
        <time>2025-08-22T16:52:04+00:00</time>
      </trkpt>
      <trkpt lat="45.37983" lon="6.16173">
        <ele>1774</ele>
        <time>2025-08-22T16:52:07+00:00</time>
      </trkpt>
      <trkpt lat="45.37978" lon="6.16185">
        <ele>1773</ele>
        <time>2025-08-22T16:52:10+00:00</time>
      </trkpt>
      <trkpt lat="45.37978" lon="6.16197">
        <ele>1773</ele>
        <time>2025-08-22T16:52:13+00:00</time>
      </trkpt>
      <trkpt lat="45.37982" lon="6.16217">
        <ele>1765</ele>
        <time>2025-08-22T16:52:16+00:00</time>
      </trkpt>
      <trkpt lat="45.37999" lon="6.16244">
        <ele>1760</ele>
        <time>2025-08-22T16:52:19+00:00</time>
      </trkpt>
      <trkpt lat="45.38008" lon="6.16265">
        <ele>1756</ele>
        <time>2025-08-22T16:52:22+00:00</time>
      </trkpt>
      <trkpt lat="45.38002" lon="6.16283">
        <ele>1753</ele>
        <time>2025-08-22T16:52:25+00:00</time>
      </trkpt>
      <trkpt lat="45.37999" lon="6.16302">
        <ele>1747</ele>
        <time>2025-08-22T16:52:28+00:00</time>
      </trkpt>
      <trkpt lat="45.38011" lon="6.16324">
        <ele>1744</ele>
        <time>2025-08-22T16:52:31+00:00</time>
      </trkpt>
      <trkpt lat="45.38006" lon="6.16335">
        <ele>1744</ele>
        <time>2025-08-22T16:52:34+00:00</time>
      </trkpt>
      <trkpt lat="45.37992" lon="6.16347">
        <ele>1743</ele>
        <time>2025-08-22T16:52:37+00:00</time>
      </trkpt>
      <trkpt lat="45.37985" lon="6.16377">
        <ele>1743</ele>
        <time>2025-08-22T16:52:40+00:00</time>
      </trkpt>
      <trkpt lat="45.37987" lon="6.16399">
        <ele>1741</ele>
        <time>2025-08-22T16:52:43+00:00</time>
      </trkpt>
      <trkpt lat="45.37992" lon="6.1643">
        <ele>1738</ele>
        <time>2025-08-22T16:52:46+00:00</time>
      </trkpt>
      <trkpt lat="45.37992" lon="6.16451">
        <ele>1730</ele>
        <time>2025-08-22T16:52:49+00:00</time>
      </trkpt>
      <trkpt lat="45.3799" lon="6.16472">
        <ele>1733</ele>
        <time>2025-08-22T16:52:52+00:00</time>
      </trkpt>
      <trkpt lat="45.37987" lon="6.16485">
        <ele>1730</ele>
        <time>2025-08-22T16:52:55+00:00</time>
      </trkpt>
      <trkpt lat="45.37977" lon="6.16505">
        <ele>1729</ele>
        <time>2025-08-22T16:52:58+00:00</time>
      </trkpt>
      <trkpt lat="45.37953" lon="6.16525">
        <ele>1728</ele>
        <time>2025-08-22T16:53:01+00:00</time>
      </trkpt>
      <trkpt lat="45.37947" lon="6.16539">
        <ele>1728</ele>
        <time>2025-08-22T16:53:04+00:00</time>
      </trkpt>
      <trkpt lat="45.37942" lon="6.16548">
        <ele>1728</ele>
        <time>2025-08-22T16:53:07+00:00</time>
      </trkpt>
      <trkpt lat="45.3794" lon="6.1656">
        <ele>1736</ele>
        <time>2025-08-22T16:53:10+00:00</time>
      </trkpt>
      <trkpt lat="45.37939" lon="6.16573">
        <ele>1737</ele>
        <time>2025-08-22T16:53:13+00:00</time>
      </trkpt>
      <trkpt lat="45.37939" lon="6.16588">
        <ele>1738</ele>
        <time>2025-08-22T16:53:16+00:00</time>
      </trkpt>
      <trkpt lat="45.37938" lon="6.16599">
        <ele>1738</ele>
        <time>2025-08-22T16:53:19+00:00</time>
      </trkpt>
      <trkpt lat="45.37934" lon="6.16608">
        <ele>1739</ele>
        <time>2025-08-22T16:53:22+00:00</time>
      </trkpt>
      <trkpt lat="45.3793" lon="6.16614">
        <ele>1740</ele>
        <time>2025-08-22T16:53:25+00:00</time>
      </trkpt>
      <trkpt lat="45.37922" lon="6.16607">
        <ele>1739</ele>
        <time>2025-08-22T16:53:28+00:00</time>
      </trkpt>
      <trkpt lat="45.37918" lon="6.16612">
        <ele>1750</ele>
        <time>2025-08-22T16:53:31+00:00</time>
      </trkpt>
      <trkpt lat="45.37913" lon="6.16613">
        <ele>1750</ele>
        <time>2025-08-22T16:53:34+00:00</time>
      </trkpt>
      <trkpt lat="45.37911" lon="6.16631">
        <ele>1752</ele>
        <time>2025-08-22T16:53:37+00:00</time>
      </trkpt>
      <trkpt lat="45.37907" lon="6.16638">
        <ele>1764</ele>
        <time>2025-08-22T16:53:40+00:00</time>
      </trkpt>
      <trkpt lat="45.37907" lon="6.16658">
        <ele>1768</ele>
        <time>2025-08-22T16:53:43+00:00</time>
      </trkpt>
      <trkpt lat="45.37908" lon="6.16681">
        <ele>1764</ele>
        <time>2025-08-22T16:53:46+00:00</time>
      </trkpt>
      <trkpt lat="45.37915" lon="6.16707">
        <ele>1764</ele>
        <time>2025-08-22T16:53:49+00:00</time>
      </trkpt>
      <trkpt lat="45.37916" lon="6.16731">
        <ele>1769</ele>
        <time>2025-08-22T16:53:52+00:00</time>
      </trkpt>
      <trkpt lat="45.37916" lon="6.16765">
        <ele>1767</ele>
        <time>2025-08-22T16:53:55+00:00</time>
      </trkpt>
      <trkpt lat="45.37921" lon="6.16787">
        <ele>1766</ele>
        <time>2025-08-22T16:53:58+00:00</time>
      </trkpt>
      <trkpt lat="45.37929" lon="6.16814">
        <ele>1771</ele>
        <time>2025-08-22T16:54:01+00:00</time>
      </trkpt>
      <trkpt lat="45.3794" lon="6.16841">
        <ele>1775</ele>
        <time>2025-08-22T16:54:04+00:00</time>
      </trkpt>
      <trkpt lat="45.37951" lon="6.16872">
        <ele>1773</ele>
        <time>2025-08-22T16:54:07+00:00</time>
      </trkpt>
      <trkpt lat="45.37957" lon="6.16881">
        <ele>1779</ele>
        <time>2025-08-22T16:54:10+00:00</time>
      </trkpt>
      <trkpt lat="45.37963" lon="6.16902">
        <ele>1772</ele>
        <time>2025-08-22T16:54:13+00:00</time>
      </trkpt>
      <trkpt lat="45.37975" lon="6.16922">
        <ele>1779</ele>
        <time>2025-08-22T16:54:16+00:00</time>
      </trkpt>
      <trkpt lat="45.3799" lon="6.16953">
        <ele>1768</ele>
        <time>2025-08-22T16:54:19+00:00</time>
      </trkpt>
      <trkpt lat="45.37995" lon="6.16968">
        <ele>1757</ele>
        <time>2025-08-22T16:54:22+00:00</time>
      </trkpt>
      <trkpt lat="45.37994" lon="6.16983">
        <ele>1768</ele>
        <time>2025-08-22T16:54:25+00:00</time>
      </trkpt>
      <trkpt lat="45.38002" lon="6.17008">
        <ele>1768</ele>
        <time>2025-08-22T16:54:28+00:00</time>
      </trkpt>
      <trkpt lat="45.38004" lon="6.17016">
        <ele>1771</ele>
        <time>2025-08-22T16:54:31+00:00</time>
      </trkpt>
      <trkpt lat="45.38004" lon="6.17023">
        <ele>1770</ele>
        <time>2025-08-22T16:54:34+00:00</time>
      </trkpt>
      <trkpt lat="45.38003" lon="6.17025">
        <ele>1770</ele>
        <time>2025-08-22T16:54:37+00:00</time>
      </trkpt>
      <trkpt lat="45.38003" lon="6.17036">
        <ele>1766</ele>
        <time>2025-08-22T16:54:40+00:00</time>
      </trkpt>
      <trkpt lat="45.38002" lon="6.17041">
        <ele>1764</ele>
        <time>2025-08-22T16:54:43+00:00</time>
      </trkpt>
      <trkpt lat="45.38003" lon="6.17044">
        <ele>1764</ele>
        <time>2025-08-22T16:54:46+00:00</time>
      </trkpt>
      <trkpt lat="45.38003" lon="6.17046">
        <ele>1764</ele>
        <time>2025-08-22T16:54:49+00:00</time>
      </trkpt>
      <trkpt lat="45.38" lon="6.1705">
        <ele>1764</ele>
        <time>2025-08-22T16:54:52+00:00</time>
      </trkpt>
      <trkpt lat="45.37993" lon="6.17057">
        <ele>1764</ele>
        <time>2025-08-22T16:54:55+00:00</time>
      </trkpt>
      <trkpt lat="45.3799" lon="6.17057">
        <ele>1766</ele>
        <time>2025-08-22T16:54:58+00:00</time>
      </trkpt>
      <trkpt lat="45.37985" lon="6.1706">
        <ele>1766</ele>
        <time>2025-08-22T16:55:01+00:00</time>
      </trkpt>
      <trkpt lat="45.37979" lon="6.17066">
        <ele>1758</ele>
        <time>2025-08-22T16:55:04+00:00</time>
      </trkpt>
      <trkpt lat="45.37975" lon="6.17067">
        <ele>1758</ele>
        <time>2025-08-22T16:55:07+00:00</time>
      </trkpt>
      <trkpt lat="45.37966" lon="6.17074">
        <ele>1758</ele>
        <time>2025-08-22T16:55:10+00:00</time>
      </trkpt>
      <trkpt lat="45.37963" lon="6.17081">
        <ele>1749</ele>
        <time>2025-08-22T16:55:13+00:00</time>
      </trkpt>
      <trkpt lat="45.37956" lon="6.17085">
        <ele>1750</ele>
        <time>2025-08-22T16:55:16+00:00</time>
      </trkpt>
      <trkpt lat="45.37941" lon="6.17098">
        <ele>1742</ele>
        <time>2025-08-22T16:55:19+00:00</time>
      </trkpt>
      <trkpt lat="45.37939" lon="6.17107">
        <ele>1741</ele>
        <time>2025-08-22T16:55:22+00:00</time>
      </trkpt>
      <trkpt lat="45.37934" lon="6.1711">
        <ele>1741</ele>
        <time>2025-08-22T16:55:25+00:00</time>
      </trkpt>
      <trkpt lat="45.37929" lon="6.17112">
        <ele>1734</ele>
        <time>2025-08-22T16:55:28+00:00</time>
      </trkpt>
      <trkpt lat="45.37917" lon="6.17107">
        <ele>1740</ele>
        <time>2025-08-22T16:55:31+00:00</time>
      </trkpt>
      <trkpt lat="45.37916" lon="6.17103">
        <ele>1735</ele>
        <time>2025-08-22T16:55:34+00:00</time>
      </trkpt>
      <trkpt lat="45.37913" lon="6.17096">
        <ele>1735</ele>
        <time>2025-08-22T16:55:37+00:00</time>
      </trkpt>
      <trkpt lat="45.37907" lon="6.17091">
        <ele>1730</ele>
        <time>2025-08-22T16:55:40+00:00</time>
      </trkpt>
      <trkpt lat="45.37896" lon="6.17088">
        <ele>1739</ele>
        <time>2025-08-22T16:55:43+00:00</time>
      </trkpt>
      <trkpt lat="45.37893" lon="6.17086">
        <ele>1739</ele>
        <time>2025-08-22T16:55:46+00:00</time>
      </trkpt>
      <trkpt lat="45.37887" lon="6.17087">
        <ele>1737</ele>
        <time>2025-08-22T16:55:49+00:00</time>
      </trkpt>
      <trkpt lat="45.37881" lon="6.17085">
        <ele>1737</ele>
        <time>2025-08-22T16:55:52+00:00</time>
      </trkpt>
      <trkpt lat="45.37875" lon="6.17084">
        <ele>1741</ele>
        <time>2025-08-22T16:55:55+00:00</time>
      </trkpt>
      <trkpt lat="45.37872" lon="6.17081">
        <ele>1737</ele>
        <time>2025-08-22T16:55:58+00:00</time>
      </trkpt>
      <trkpt lat="45.37863" lon="6.17079">
        <ele>1747</ele>
        <time>2025-08-22T16:56:01+00:00</time>
      </trkpt>
      <trkpt lat="45.37857" lon="6.17081">
        <ele>1738</ele>
        <time>2025-08-22T16:56:04+00:00</time>
      </trkpt>
      <trkpt lat="45.37852" lon="6.17086">
        <ele>1744</ele>
        <time>2025-08-22T16:56:07+00:00</time>
      </trkpt>
      <trkpt lat="45.3785" lon="6.17096">
        <ele>1735</ele>
        <time>2025-08-22T16:56:10+00:00</time>
      </trkpt>
      <trkpt lat="45.37841" lon="6.1711">
        <ele>1735</ele>
        <time>2025-08-22T16:56:13+00:00</time>
      </trkpt>
      <trkpt lat="45.37835" lon="6.17117">
        <ele>1728</ele>
        <time>2025-08-22T16:56:16+00:00</time>
      </trkpt>
      <trkpt lat="45.37828" lon="6.1712">
        <ele>1728</ele>
        <time>2025-08-22T16:56:19+00:00</time>
      </trkpt>
      <trkpt lat="45.37818" lon="6.1712">
        <ele>1728</ele>
        <time>2025-08-22T16:56:22+00:00</time>
      </trkpt>
      <trkpt lat="45.37813" lon="6.17121">
        <ele>1728</ele>
        <time>2025-08-22T16:56:25+00:00</time>
      </trkpt>
      <trkpt lat="45.378" lon="6.17132">
        <ele>1725</ele>
        <time>2025-08-22T16:56:28+00:00</time>
      </trkpt>
      <trkpt lat="45.37794" lon="6.17134">
        <ele>1718</ele>
        <time>2025-08-22T16:56:31+00:00</time>
      </trkpt>
      <trkpt lat="45.37787" lon="6.17134">
        <ele>1715</ele>
        <time>2025-08-22T16:56:34+00:00</time>
      </trkpt>
      <trkpt lat="45.37774" lon="6.17125">
        <ele>1722</ele>
        <time>2025-08-22T16:56:37+00:00</time>
      </trkpt>
      <trkpt lat="45.37766" lon="6.17123">
        <ele>1716</ele>
        <time>2025-08-22T16:56:40+00:00</time>
      </trkpt>
      <trkpt lat="45.3776" lon="6.17127">
        <ele>1716</ele>
        <time>2025-08-22T16:56:43+00:00</time>
      </trkpt>
      <trkpt lat="45.37756" lon="6.17133">
        <ele>1710</ele>
        <time>2025-08-22T16:56:46+00:00</time>
      </trkpt>
      <trkpt lat="45.37754" lon="6.17143">
        <ele>1707</ele>
        <time>2025-08-22T16:56:49+00:00</time>
      </trkpt>
      <trkpt lat="45.37755" lon="6.17152">
        <ele>1707</ele>
        <time>2025-08-22T16:56:52+00:00</time>
      </trkpt>
      <trkpt lat="45.37751" lon="6.17157">
        <ele>1707</ele>
        <time>2025-08-22T16:56:55+00:00</time>
      </trkpt>
      <trkpt lat="45.37741" lon="6.17165">
        <ele>1704</ele>
        <time>2025-08-22T16:56:58+00:00</time>
      </trkpt>
      <trkpt lat="45.37735" lon="6.17172">
        <ele>1703</ele>
        <time>2025-08-22T16:57:01+00:00</time>
      </trkpt>
      <trkpt lat="45.37735" lon="6.17178">
        <ele>1703</ele>
        <time>2025-08-22T16:57:04+00:00</time>
      </trkpt>
      <trkpt lat="45.37734" lon="6.17183">
        <ele>1699</ele>
        <time>2025-08-22T16:57:07+00:00</time>
      </trkpt>
      <trkpt lat="45.37737" lon="6.17188">
        <ele>1699</ele>
        <time>2025-08-22T16:57:10+00:00</time>
      </trkpt>
      <trkpt lat="45.37739" lon="6.17193">
        <ele>1699</ele>
        <time>2025-08-22T16:57:13+00:00</time>
      </trkpt>
      <trkpt lat="45.37736" lon="6.17196">
        <ele>1699</ele>
        <time>2025-08-22T16:57:16+00:00</time>
      </trkpt>
      <trkpt lat="45.37732" lon="6.17197">
        <ele>1699</ele>
        <time>2025-08-22T16:57:19+00:00</time>
      </trkpt>
      <trkpt lat="45.37728" lon="6.172">
        <ele>1699</ele>
        <time>2025-08-22T16:57:22+00:00</time>
      </trkpt>
      <trkpt lat="45.37722" lon="6.17206">
        <ele>1694</ele>
        <time>2025-08-22T16:57:25+00:00</time>
      </trkpt>
      <trkpt lat="45.37719" lon="6.17211">
        <ele>1689</ele>
        <time>2025-08-22T16:57:28+00:00</time>
      </trkpt>
      <trkpt lat="45.37716" lon="6.17214">
        <ele>1689</ele>
        <time>2025-08-22T16:57:31+00:00</time>
      </trkpt>
      <trkpt lat="45.37711" lon="6.17214">
        <ele>1689</ele>
        <time>2025-08-22T16:57:34+00:00</time>
      </trkpt>
      <trkpt lat="45.37708" lon="6.17212">
        <ele>1689</ele>
        <time>2025-08-22T16:57:37+00:00</time>
      </trkpt>
      <trkpt lat="45.37705" lon="6.17212">
        <ele>1689</ele>
        <time>2025-08-22T16:57:40+00:00</time>
      </trkpt>
      <trkpt lat="45.37702" lon="6.17218">
        <ele>1689</ele>
        <time>2025-08-22T16:57:43+00:00</time>
      </trkpt>
      <trkpt lat="45.37698" lon="6.17223">
        <ele>1688</ele>
        <time>2025-08-22T16:57:46+00:00</time>
      </trkpt>
      <trkpt lat="45.37695" lon="6.1723">
        <ele>1688</ele>
        <time>2025-08-22T16:57:49+00:00</time>
      </trkpt>
      <trkpt lat="45.37689" lon="6.17231">
        <ele>1685</ele>
        <time>2025-08-22T16:57:52+00:00</time>
      </trkpt>
      <trkpt lat="45.37683" lon="6.17236">
        <ele>1685</ele>
        <time>2025-08-22T16:57:55+00:00</time>
      </trkpt>
      <trkpt lat="45.37678" lon="6.17252">
        <ele>1683</ele>
        <time>2025-08-22T16:57:58+00:00</time>
      </trkpt>
      <trkpt lat="45.37677" lon="6.17272">
        <ele>1680</ele>
        <time>2025-08-22T16:58:01+00:00</time>
      </trkpt>
      <trkpt lat="45.37669" lon="6.17292">
        <ele>1681</ele>
        <time>2025-08-22T16:58:04+00:00</time>
      </trkpt>
      <trkpt lat="45.37663" lon="6.17321">
        <ele>1679</ele>
        <time>2025-08-22T16:58:07+00:00</time>
      </trkpt>
      <trkpt lat="45.37674" lon="6.17358">
        <ele>1674</ele>
        <time>2025-08-22T16:58:10+00:00</time>
      </trkpt>
      <trkpt lat="45.37702" lon="6.17376">
        <ele>1664</ele>
        <time>2025-08-22T16:58:13+00:00</time>
      </trkpt>
      <trkpt lat="45.37721" lon="6.17394">
        <ele>1661</ele>
        <time>2025-08-22T16:58:16+00:00</time>
      </trkpt>
      <trkpt lat="45.37742" lon="6.1742">
        <ele>1663</ele>
        <time>2025-08-22T16:58:19+00:00</time>
      </trkpt>
      <trkpt lat="45.37768" lon="6.1745">
        <ele>1666</ele>
        <time>2025-08-22T16:58:22+00:00</time>
      </trkpt>
      <trkpt lat="45.37782" lon="6.17477">
        <ele>1668</ele>
        <time>2025-08-22T16:58:25+00:00</time>
      </trkpt>
      <trkpt lat="45.37797" lon="6.17505">
        <ele>1668</ele>
        <time>2025-08-22T16:58:28+00:00</time>
      </trkpt>
      <trkpt lat="45.37792" lon="6.17515">
        <ele>1670</ele>
        <time>2025-08-22T16:58:31+00:00</time>
      </trkpt>
      <trkpt lat="45.37774" lon="6.17523">
        <ele>1668</ele>
        <time>2025-08-22T16:58:34+00:00</time>
      </trkpt>
      <trkpt lat="45.37771" lon="6.17534">
        <ele>1668</ele>
        <time>2025-08-22T16:58:37+00:00</time>
      </trkpt>
      <trkpt lat="45.37776" lon="6.17546">
        <ele>1669</ele>
        <time>2025-08-22T16:58:40+00:00</time>
      </trkpt>
      <trkpt lat="45.37782" lon="6.17556">
        <ele>1669</ele>
        <time>2025-08-22T16:58:43+00:00</time>
      </trkpt>
      <trkpt lat="45.37782" lon="6.17577">
        <ele>1678</ele>
        <time>2025-08-22T16:58:46+00:00</time>
      </trkpt>
      <trkpt lat="45.37785" lon="6.17596">
        <ele>1681</ele>
        <time>2025-08-22T16:58:49+00:00</time>
      </trkpt>
      <trkpt lat="45.37782" lon="6.17624">
        <ele>1681</ele>
        <time>2025-08-22T16:58:52+00:00</time>
      </trkpt>
      <trkpt lat="45.37784" lon="6.17655">
        <ele>1681</ele>
        <time>2025-08-22T16:58:55+00:00</time>
      </trkpt>
      <trkpt lat="45.37787" lon="6.17685">
        <ele>1676</ele>
        <time>2025-08-22T16:58:58+00:00</time>
      </trkpt>
      <trkpt lat="45.37781" lon="6.17705">
        <ele>1672</ele>
        <time>2025-08-22T16:59:01+00:00</time>
      </trkpt>
      <trkpt lat="45.37784" lon="6.17717">
        <ele>1668</ele>
        <time>2025-08-22T16:59:04+00:00</time>
      </trkpt>
      <trkpt lat="45.37794" lon="6.17719">
        <ele>1660</ele>
        <time>2025-08-22T16:59:07+00:00</time>
      </trkpt>
      <trkpt lat="45.37799" lon="6.17723">
        <ele>1660</ele>
        <time>2025-08-22T16:59:10+00:00</time>
      </trkpt>
      <trkpt lat="45.378" lon="6.17744">
        <ele>1658</ele>
        <time>2025-08-22T16:59:13+00:00</time>
      </trkpt>
      <trkpt lat="45.37806" lon="6.17786">
        <ele>1649</ele>
        <time>2025-08-22T16:59:16+00:00</time>
      </trkpt>
      <trkpt lat="45.37807" lon="6.17802">
        <ele>1649</ele>
        <time>2025-08-22T16:59:19+00:00</time>
      </trkpt>
      <trkpt lat="45.37809" lon="6.17815">
        <ele>1647</ele>
        <time>2025-08-22T16:59:22+00:00</time>
      </trkpt>
      <trkpt lat="45.37812" lon="6.17822">
        <ele>1647</ele>
        <time>2025-08-22T16:59:25+00:00</time>
      </trkpt>
      <trkpt lat="45.37812" lon="6.17836">
        <ele>1641</ele>
        <time>2025-08-22T16:59:28+00:00</time>
      </trkpt>
      <trkpt lat="45.37825" lon="6.17839">
        <ele>1635</ele>
        <time>2025-08-22T16:59:31+00:00</time>
      </trkpt>
      <trkpt lat="45.3783" lon="6.1785">
        <ele>1635</ele>
        <time>2025-08-22T16:59:34+00:00</time>
      </trkpt>
      <trkpt lat="45.37829" lon="6.17869">
        <ele>1632</ele>
        <time>2025-08-22T16:59:37+00:00</time>
      </trkpt>
      <trkpt lat="45.37825" lon="6.1788">
        <ele>1627</ele>
        <time>2025-08-22T16:59:40+00:00</time>
      </trkpt>
      <trkpt lat="45.37815" lon="6.17877">
        <ele>1624</ele>
        <time>2025-08-22T16:59:43+00:00</time>
      </trkpt>
      <trkpt lat="45.37805" lon="6.17888">
        <ele>1616</ele>
        <time>2025-08-22T16:59:46+00:00</time>
      </trkpt>
      <trkpt lat="45.37799" lon="6.17905">
        <ele>1610</ele>
        <time>2025-08-22T16:59:49+00:00</time>
      </trkpt>
      <trkpt lat="45.37791" lon="6.17915">
        <ele>1610</ele>
        <time>2025-08-22T16:59:52+00:00</time>
      </trkpt>
      <trkpt lat="45.37799" lon="6.17927">
        <ele>1602</ele>
        <time>2025-08-22T16:59:55+00:00</time>
      </trkpt>
      <trkpt lat="45.37796" lon="6.17938">
        <ele>1594</ele>
        <time>2025-08-22T16:59:58+00:00</time>
      </trkpt>
      <trkpt lat="45.37797" lon="6.17949">
        <ele>1594</ele>
        <time>2025-08-22T17:00:01+00:00</time>
      </trkpt>
      <trkpt lat="45.37794" lon="6.17962">
        <ele>1586</ele>
        <time>2025-08-22T17:00:04+00:00</time>
      </trkpt>
      <trkpt lat="45.37792" lon="6.17966">
        <ele>1586</ele>
        <time>2025-08-22T17:00:07+00:00</time>
      </trkpt>
      <trkpt lat="45.37781" lon="6.1797">
        <ele>1584</ele>
        <time>2025-08-22T17:00:10+00:00</time>
      </trkpt>
      <trkpt lat="45.37775" lon="6.17973">
        <ele>1576</ele>
        <time>2025-08-22T17:00:13+00:00</time>
      </trkpt>
      <trkpt lat="45.37779" lon="6.17985">
        <ele>1576</ele>
        <time>2025-08-22T17:00:16+00:00</time>
      </trkpt>
      <trkpt lat="45.37774" lon="6.17992">
        <ele>1569</ele>
        <time>2025-08-22T17:00:19+00:00</time>
      </trkpt>
      <trkpt lat="45.37774" lon="6.18002">
        <ele>1562</ele>
        <time>2025-08-22T17:00:22+00:00</time>
      </trkpt>
      <trkpt lat="45.37767" lon="6.18007">
        <ele>1562</ele>
        <time>2025-08-22T17:00:25+00:00</time>
      </trkpt>
      <trkpt lat="45.37761" lon="6.18007">
        <ele>1562</ele>
        <time>2025-08-22T17:00:28+00:00</time>
      </trkpt>
      <trkpt lat="45.37759" lon="6.18013">
        <ele>1562</ele>
        <time>2025-08-22T17:00:31+00:00</time>
      </trkpt>
      <trkpt lat="45.3776" lon="6.18021">
        <ele>1558</ele>
        <time>2025-08-22T17:00:34+00:00</time>
      </trkpt>
      <trkpt lat="45.37757" lon="6.18028">
        <ele>1558</ele>
        <time>2025-08-22T17:00:37+00:00</time>
      </trkpt>
      <trkpt lat="45.37761" lon="6.1804">
        <ele>1558</ele>
        <time>2025-08-22T17:00:40+00:00</time>
      </trkpt>
      <trkpt lat="45.37762" lon="6.18052">
        <ele>1549</ele>
        <time>2025-08-22T17:00:43+00:00</time>
      </trkpt>
      <trkpt lat="45.37752" lon="6.1806">
        <ele>1549</ele>
        <time>2025-08-22T17:00:46+00:00</time>
      </trkpt>
      <trkpt lat="45.37739" lon="6.18068">
        <ele>1554</ele>
        <time>2025-08-22T17:00:49+00:00</time>
      </trkpt>
      <trkpt lat="45.37728" lon="6.18079">
        <ele>1545</ele>
        <time>2025-08-22T17:00:52+00:00</time>
      </trkpt>
      <trkpt lat="45.37723" lon="6.18085">
        <ele>1545</ele>
        <time>2025-08-22T17:00:55+00:00</time>
      </trkpt>
      <trkpt lat="45.37717" lon="6.18096">
        <ele>1543</ele>
        <time>2025-08-22T17:00:58+00:00</time>
      </trkpt>
      <trkpt lat="45.37716" lon="6.18105">
        <ele>1543</ele>
        <time>2025-08-22T17:01:01+00:00</time>
      </trkpt>
      <trkpt lat="45.37713" lon="6.18112">
        <ele>1536</ele>
        <time>2025-08-22T17:01:04+00:00</time>
      </trkpt>
      <trkpt lat="45.37709" lon="6.18116">
        <ele>1536</ele>
        <time>2025-08-22T17:01:07+00:00</time>
      </trkpt>
      <trkpt lat="45.37703" lon="6.18126">
        <ele>1538</ele>
        <time>2025-08-22T17:01:10+00:00</time>
      </trkpt>
      <trkpt lat="45.37703" lon="6.18137">
        <ele>1529</ele>
        <time>2025-08-22T17:01:13+00:00</time>
      </trkpt>
      <trkpt lat="45.37702" lon="6.18147">
        <ele>1527</ele>
        <time>2025-08-22T17:01:16+00:00</time>
      </trkpt>
      <trkpt lat="45.37698" lon="6.18166">
        <ele>1533</ele>
        <time>2025-08-22T17:01:19+00:00</time>
      </trkpt>
      <trkpt lat="45.37698" lon="6.18178">
        <ele>1531</ele>
        <time>2025-08-22T17:01:22+00:00</time>
      </trkpt>
      <trkpt lat="45.37699" lon="6.18186">
        <ele>1531</ele>
        <time>2025-08-22T17:01:25+00:00</time>
      </trkpt>
      <trkpt lat="45.37699" lon="6.18213">
        <ele>1526</ele>
        <time>2025-08-22T17:01:28+00:00</time>
      </trkpt>
      <trkpt lat="45.37698" lon="6.1823">
        <ele>1526</ele>
        <time>2025-08-22T17:01:31+00:00</time>
      </trkpt>
      <trkpt lat="45.37699" lon="6.18244">
        <ele>1523</ele>
        <time>2025-08-22T17:01:34+00:00</time>
      </trkpt>
      <trkpt lat="45.37699" lon="6.18261">
        <ele>1521</ele>
        <time>2025-08-22T17:01:37+00:00</time>
      </trkpt>
      <trkpt lat="45.37698" lon="6.18272">
        <ele>1521</ele>
        <time>2025-08-22T17:01:40+00:00</time>
      </trkpt>
      <trkpt lat="45.37696" lon="6.18279">
        <ele>1521</ele>
        <time>2025-08-22T17:01:43+00:00</time>
      </trkpt>
      <trkpt lat="45.37692" lon="6.18286">
        <ele>1517</ele>
        <time>2025-08-22T17:01:46+00:00</time>
      </trkpt>
      <trkpt lat="45.37684" lon="6.18292">
        <ele>1510</ele>
        <time>2025-08-22T17:01:49+00:00</time>
      </trkpt>
      <trkpt lat="45.37679" lon="6.18299">
        <ele>1513</ele>
        <time>2025-08-22T17:01:52+00:00</time>
      </trkpt>
      <trkpt lat="45.37677" lon="6.18304">
        <ele>1513</ele>
        <time>2025-08-22T17:01:55+00:00</time>
      </trkpt>
      <trkpt lat="45.37677" lon="6.18308">
        <ele>1513</ele>
        <time>2025-08-22T17:01:58+00:00</time>
      </trkpt>
      <trkpt lat="45.3768" lon="6.18312">
        <ele>1508</ele>
        <time>2025-08-22T17:02:01+00:00</time>
      </trkpt>
      <trkpt lat="45.37684" lon="6.18314">
        <ele>1505</ele>
        <time>2025-08-22T17:02:04+00:00</time>
      </trkpt>
      <trkpt lat="45.3769" lon="6.18312">
        <ele>1505</ele>
        <time>2025-08-22T17:02:07+00:00</time>
      </trkpt>
      <trkpt lat="45.37687" lon="6.18333">
        <ele>1501</ele>
        <time>2025-08-22T17:02:10+00:00</time>
      </trkpt>
      <trkpt lat="45.37704" lon="6.18337">
        <ele>1496</ele>
        <time>2025-08-22T17:02:13+00:00</time>
      </trkpt>
      <trkpt lat="45.37715" lon="6.18353">
        <ele>1491</ele>
        <time>2025-08-22T17:02:16+00:00</time>
      </trkpt>
      <trkpt lat="45.37718" lon="6.18379">
        <ele>1487</ele>
        <time>2025-08-22T17:02:19+00:00</time>
      </trkpt>
      <trkpt lat="45.37714" lon="6.18408">
        <ele>1483</ele>
        <time>2025-08-22T17:02:22+00:00</time>
      </trkpt>
      <trkpt lat="45.37716" lon="6.18436">
        <ele>1482</ele>
        <time>2025-08-22T17:02:25+00:00</time>
      </trkpt>
      <trkpt lat="45.37731" lon="6.18437">
        <ele>1474</ele>
        <time>2025-08-22T17:02:28+00:00</time>
      </trkpt>
      <trkpt lat="45.37741" lon="6.1845">
        <ele>1467</ele>
        <time>2025-08-22T17:02:31+00:00</time>
      </trkpt>
      <trkpt lat="45.37757" lon="6.18431">
        <ele>1460</ele>
        <time>2025-08-22T17:02:34+00:00</time>
      </trkpt>
      <trkpt lat="45.37772" lon="6.18423">
        <ele>1454</ele>
        <time>2025-08-22T17:02:37+00:00</time>
      </trkpt>
      <trkpt lat="45.37791" lon="6.18431">
        <ele>1449</ele>
        <time>2025-08-22T17:02:40+00:00</time>
      </trkpt>
      <trkpt lat="45.37809" lon="6.18443">
        <ele>1444</ele>
        <time>2025-08-22T17:02:43+00:00</time>
      </trkpt>
      <trkpt lat="45.37837" lon="6.18441">
        <ele>1440</ele>
        <time>2025-08-22T17:02:46+00:00</time>
      </trkpt>
      <trkpt lat="45.37852" lon="6.18444">
        <ele>1436</ele>
        <time>2025-08-22T17:02:49+00:00</time>
      </trkpt>
      <trkpt lat="45.37868" lon="6.1843">
        <ele>1430</ele>
        <time>2025-08-22T17:02:52+00:00</time>
      </trkpt>
      <trkpt lat="45.37873" lon="6.18431">
        <ele>1429</ele>
        <time>2025-08-22T17:02:55+00:00</time>
      </trkpt>
      <trkpt lat="45.37887" lon="6.18431">
        <ele>1429</ele>
        <time>2025-08-22T17:02:58+00:00</time>
      </trkpt>
      <trkpt lat="45.37893" lon="6.18451">
        <ele>1424</ele>
        <time>2025-08-22T17:03:01+00:00</time>
      </trkpt>
      <trkpt lat="45.37892" lon="6.18471">
        <ele>1423</ele>
        <time>2025-08-22T17:03:04+00:00</time>
      </trkpt>
      <trkpt lat="45.37902" lon="6.18472">
        <ele>1423</ele>
        <time>2025-08-22T17:03:07+00:00</time>
      </trkpt>
      <trkpt lat="45.37911" lon="6.18467">
        <ele>1420</ele>
        <time>2025-08-22T17:03:10+00:00</time>
      </trkpt>
      <trkpt lat="45.37917" lon="6.18481">
        <ele>1420</ele>
        <time>2025-08-22T17:03:13+00:00</time>
      </trkpt>
      <trkpt lat="45.3792" lon="6.18482">
        <ele>1420</ele>
        <time>2025-08-22T17:03:16+00:00</time>
      </trkpt>
      <trkpt lat="45.37931" lon="6.18495">
        <ele>1421</ele>
        <time>2025-08-22T17:03:19+00:00</time>
      </trkpt>
      <trkpt lat="45.37931" lon="6.18498">
        <ele>1418</ele>
        <time>2025-08-22T17:03:22+00:00</time>
      </trkpt>
      <trkpt lat="45.37928" lon="6.185">
        <ele>1418</ele>
        <time>2025-08-22T17:03:25+00:00</time>
      </trkpt>
      <trkpt lat="45.37928" lon="6.18501">
        <ele>1423</ele>
        <time>2025-08-22T17:03:28+00:00</time>
      </trkpt>
      <trkpt lat="45.37929" lon="6.18502">
        <ele>1423</ele>
        <time>2025-08-22T17:03:31+00:00</time>
      </trkpt>
      <trkpt lat="45.37933" lon="6.18499">
        <ele>1418</ele>
        <time>2025-08-22T17:03:34+00:00</time>
      </trkpt>
      <trkpt lat="45.37934" lon="6.185">
        <ele>1418</ele>
        <time>2025-08-22T17:03:37+00:00</time>
      </trkpt>
      <trkpt lat="45.37934" lon="6.18503">
        <ele>1423</ele>
        <time>2025-08-22T17:03:40+00:00</time>
      </trkpt>
      <trkpt lat="45.37932" lon="6.1851">
        <ele>1423</ele>
        <time>2025-08-22T17:03:43+00:00</time>
      </trkpt>
      <trkpt lat="45.3794" lon="6.1851">
        <ele>1423</ele>
        <time>2025-08-22T17:03:46+00:00</time>
      </trkpt>
      <trkpt lat="45.37943" lon="6.18511">
        <ele>1425</ele>
        <time>2025-08-22T17:03:49+00:00</time>
      </trkpt>
      <trkpt lat="45.37951" lon="6.18524">
        <ele>1429</ele>
        <time>2025-08-22T17:03:52+00:00</time>
      </trkpt>
      <trkpt lat="45.37959" lon="6.18525">
        <ele>1429</ele>
        <time>2025-08-22T17:03:55+00:00</time>
      </trkpt>
      <trkpt lat="45.37962" lon="6.18526">
        <ele>1429</ele>
        <time>2025-08-22T17:03:58+00:00</time>
      </trkpt>
      <trkpt lat="45.37961" lon="6.18536">
        <ele>1429</ele>
        <time>2025-08-22T17:04:01+00:00</time>
      </trkpt>
      <trkpt lat="45.3796" lon="6.18541">
        <ele>1434</ele>
        <time>2025-08-22T17:04:04+00:00</time>
      </trkpt>
      <trkpt lat="45.37955" lon="6.1855">
        <ele>1434</ele>
        <time>2025-08-22T17:04:07+00:00</time>
      </trkpt>
      <trkpt lat="45.37947" lon="6.18556">
        <ele>1439</ele>
        <time>2025-08-22T17:04:10+00:00</time>
      </trkpt>
      <trkpt lat="45.37944" lon="6.18562">
        <ele>1439</ele>
        <time>2025-08-22T17:04:13+00:00</time>
      </trkpt>
      <trkpt lat="45.3794" lon="6.18566">
        <ele>1440</ele>
        <time>2025-08-22T17:04:16+00:00</time>
      </trkpt>
      <trkpt lat="45.37935" lon="6.18567">
        <ele>1440</ele>
        <time>2025-08-22T17:04:19+00:00</time>
      </trkpt>
      <trkpt lat="45.37931" lon="6.18569">
        <ele>1440</ele>
        <time>2025-08-22T17:04:22+00:00</time>
      </trkpt>
      <trkpt lat="45.37926" lon="6.18569">
        <ele>1440</ele>
        <time>2025-08-22T17:04:25+00:00</time>
      </trkpt>
      <trkpt lat="45.37921" lon="6.1857">
        <ele>1440</ele>
        <time>2025-08-22T17:04:28+00:00</time>
      </trkpt>
      <trkpt lat="45.37905" lon="6.18577">
        <ele>1447</ele>
        <time>2025-08-22T17:04:31+00:00</time>
      </trkpt>
      <trkpt lat="45.37896" lon="6.18584">
        <ele>1447</ele>
        <time>2025-08-22T17:04:34+00:00</time>
      </trkpt>
      <trkpt lat="45.37892" lon="6.18586">
        <ele>1447</ele>
        <time>2025-08-22T17:04:37+00:00</time>
      </trkpt>
      <trkpt lat="45.37888" lon="6.18587">
        <ele>1450</ele>
        <time>2025-08-22T17:04:40+00:00</time>
      </trkpt>
      <trkpt lat="45.37879" lon="6.18587">
        <ele>1450</ele>
        <time>2025-08-22T17:04:43+00:00</time>
      </trkpt>
      <trkpt lat="45.37874" lon="6.18589">
        <ele>1450</ele>
        <time>2025-08-22T17:04:46+00:00</time>
      </trkpt>
      <trkpt lat="45.37871" lon="6.18593">
        <ele>1454</ele>
        <time>2025-08-22T17:04:49+00:00</time>
      </trkpt>
      <trkpt lat="45.37867" lon="6.18595">
        <ele>1456</ele>
        <time>2025-08-22T17:04:52+00:00</time>
      </trkpt>
      <trkpt lat="45.37864" lon="6.18599">
        <ele>1456</ele>
        <time>2025-08-22T17:04:55+00:00</time>
      </trkpt>
      <trkpt lat="45.37862" lon="6.18603">
        <ele>1460</ele>
        <time>2025-08-22T17:04:58+00:00</time>
      </trkpt>
      <trkpt lat="45.37861" lon="6.18608">
        <ele>1460</ele>
        <time>2025-08-22T17:05:01+00:00</time>
      </trkpt>
      <trkpt lat="45.37861" lon="6.18614">
        <ele>1460</ele>
        <time>2025-08-22T17:05:04+00:00</time>
      </trkpt>
      <trkpt lat="45.37855" lon="6.18629">
        <ele>1466</ele>
        <time>2025-08-22T17:05:07+00:00</time>
      </trkpt>
      <trkpt lat="45.37851" lon="6.18635">
        <ele>1466</ele>
        <time>2025-08-22T17:05:10+00:00</time>
      </trkpt>
      <trkpt lat="45.37849" lon="6.1864">
        <ele>1466</ele>
        <time>2025-08-22T17:05:13+00:00</time>
      </trkpt>
      <trkpt lat="45.37845" lon="6.18645">
        <ele>1470</ele>
        <time>2025-08-22T17:05:16+00:00</time>
      </trkpt>
      <trkpt lat="45.37841" lon="6.18648">
        <ele>1470</ele>
        <time>2025-08-22T17:05:19+00:00</time>
      </trkpt>
      <trkpt lat="45.37836" lon="6.18649">
        <ele>1471</ele>
        <time>2025-08-22T17:05:22+00:00</time>
      </trkpt>
      <trkpt lat="45.37828" lon="6.18655">
        <ele>1471</ele>
        <time>2025-08-22T17:05:25+00:00</time>
      </trkpt>
      <trkpt lat="45.37823" lon="6.18661">
        <ele>1475</ele>
        <time>2025-08-22T17:05:28+00:00</time>
      </trkpt>
      <trkpt lat="45.37819" lon="6.18663">
        <ele>1476</ele>
        <time>2025-08-22T17:05:31+00:00</time>
      </trkpt>
      <trkpt lat="45.37816" lon="6.18666">
        <ele>1476</ele>
        <time>2025-08-22T17:05:34+00:00</time>
      </trkpt>
      <trkpt lat="45.37813" lon="6.18671">
        <ele>1480</ele>
        <time>2025-08-22T17:05:37+00:00</time>
      </trkpt>
      <trkpt lat="45.37812" lon="6.18677">
        <ele>1480</ele>
        <time>2025-08-22T17:05:40+00:00</time>
      </trkpt>
      <trkpt lat="45.3781" lon="6.18681">
        <ele>1480</ele>
        <time>2025-08-22T17:05:43+00:00</time>
      </trkpt>
      <trkpt lat="45.37804" lon="6.18699">
        <ele>1485</ele>
        <time>2025-08-22T17:05:46+00:00</time>
      </trkpt>
      <trkpt lat="45.37803" lon="6.18704">
        <ele>1485</ele>
        <time>2025-08-22T17:05:49+00:00</time>
      </trkpt>
      <trkpt lat="45.37804" lon="6.18711">
        <ele>1490</ele>
        <time>2025-08-22T17:05:52+00:00</time>
      </trkpt>
      <trkpt lat="45.37804" lon="6.18717">
        <ele>1490</ele>
        <time>2025-08-22T17:05:55+00:00</time>
      </trkpt>
      <trkpt lat="45.37798" lon="6.18731">
        <ele>1495</ele>
        <time>2025-08-22T17:05:58+00:00</time>
      </trkpt>
      <trkpt lat="45.37794" lon="6.18736">
        <ele>1495</ele>
        <time>2025-08-22T17:06:01+00:00</time>
      </trkpt>
      <trkpt lat="45.3779" lon="6.18738">
        <ele>1494</ele>
        <time>2025-08-22T17:06:04+00:00</time>
      </trkpt>
      <trkpt lat="45.37786" lon="6.18739">
        <ele>1494</ele>
        <time>2025-08-22T17:06:07+00:00</time>
      </trkpt>
      <trkpt lat="45.37782" lon="6.18743">
        <ele>1500</ele>
        <time>2025-08-22T17:06:10+00:00</time>
      </trkpt>
      <trkpt lat="45.37781" lon="6.18747">
        <ele>1500</ele>
        <time>2025-08-22T17:06:13+00:00</time>
      </trkpt>
      <trkpt lat="45.37781" lon="6.18752">
        <ele>1500</ele>
        <time>2025-08-22T17:06:16+00:00</time>
      </trkpt>
      <trkpt lat="45.37782" lon="6.18758">
        <ele>1500</ele>
        <time>2025-08-22T17:06:19+00:00</time>
      </trkpt>
      <trkpt lat="45.37779" lon="6.18762">
        <ele>1505</ele>
        <time>2025-08-22T17:06:22+00:00</time>
      </trkpt>
      <trkpt lat="45.37776" lon="6.18764">
        <ele>1505</ele>
        <time>2025-08-22T17:06:25+00:00</time>
      </trkpt>
      <trkpt lat="45.37773" lon="6.18768">
        <ele>1505</ele>
        <time>2025-08-22T17:06:28+00:00</time>
      </trkpt>
      <trkpt lat="45.37771" lon="6.18772">
        <ele>1505</ele>
        <time>2025-08-22T17:06:31+00:00</time>
      </trkpt>
      <trkpt lat="45.37767" lon="6.18773">
        <ele>1505</ele>
        <time>2025-08-22T17:06:34+00:00</time>
      </trkpt>
      <trkpt lat="45.37763" lon="6.1878">
        <ele>1505</ele>
        <time>2025-08-22T17:06:37+00:00</time>
      </trkpt>
      <trkpt lat="45.37749" lon="6.18789">
        <ele>1510</ele>
        <time>2025-08-22T17:06:40+00:00</time>
      </trkpt>
      <trkpt lat="45.3774" lon="6.18798">
        <ele>1517</ele>
        <time>2025-08-22T17:06:43+00:00</time>
      </trkpt>
      <trkpt lat="45.37737" lon="6.18804">
        <ele>1517</ele>
        <time>2025-08-22T17:06:46+00:00</time>
      </trkpt>
      <trkpt lat="45.37734" lon="6.18808">
        <ele>1517</ele>
        <time>2025-08-22T17:06:49+00:00</time>
      </trkpt>
      <trkpt lat="45.37728" lon="6.1882">
        <ele>1521</ele>
        <time>2025-08-22T17:06:52+00:00</time>
      </trkpt>
      <trkpt lat="45.37725" lon="6.18824">
        <ele>1521</ele>
        <time>2025-08-22T17:06:55+00:00</time>
      </trkpt>
      <trkpt lat="45.3772" lon="6.18825">
        <ele>1525</ele>
        <time>2025-08-22T17:06:58+00:00</time>
      </trkpt>
      <trkpt lat="45.3771" lon="6.18824">
        <ele>1525</ele>
        <time>2025-08-22T17:07:01+00:00</time>
      </trkpt>
      <trkpt lat="45.37706" lon="6.18825">
        <ele>1525</ele>
        <time>2025-08-22T17:07:04+00:00</time>
      </trkpt>
      <trkpt lat="45.37701" lon="6.18829">
        <ele>1525</ele>
        <time>2025-08-22T17:07:07+00:00</time>
      </trkpt>
      <trkpt lat="45.37695" lon="6.18837">
        <ele>1533</ele>
        <time>2025-08-22T17:07:10+00:00</time>
      </trkpt>
      <trkpt lat="45.37695" lon="6.18842">
        <ele>1537</ele>
        <time>2025-08-22T17:07:13+00:00</time>
      </trkpt>
      <trkpt lat="45.37694" lon="6.18847">
        <ele>1537</ele>
        <time>2025-08-22T17:07:16+00:00</time>
      </trkpt>
      <trkpt lat="45.37692" lon="6.1885">
        <ele>1537</ele>
        <time>2025-08-22T17:07:19+00:00</time>
      </trkpt>
      <trkpt lat="45.37688" lon="6.18852">
        <ele>1537</ele>
        <time>2025-08-22T17:07:22+00:00</time>
      </trkpt>
      <trkpt lat="45.37686" lon="6.18854">
        <ele>1537</ele>
        <time>2025-08-22T17:07:25+00:00</time>
      </trkpt>
      <trkpt lat="45.37683" lon="6.18865">
        <ele>1540</ele>
        <time>2025-08-22T17:07:28+00:00</time>
      </trkpt>
      <trkpt lat="45.37681" lon="6.18877">
        <ele>1540</ele>
        <time>2025-08-22T17:07:31+00:00</time>
      </trkpt>
      <trkpt lat="45.37679" lon="6.18885">
        <ele>1548</ele>
        <time>2025-08-22T17:07:34+00:00</time>
      </trkpt>
      <trkpt lat="45.37676" lon="6.18891">
        <ele>1548</ele>
        <time>2025-08-22T17:07:37+00:00</time>
      </trkpt>
      <trkpt lat="45.37675" lon="6.18898">
        <ele>1548</ele>
        <time>2025-08-22T17:07:40+00:00</time>
      </trkpt>
      <trkpt lat="45.37673" lon="6.18902">
        <ele>1550</ele>
        <time>2025-08-22T17:07:43+00:00</time>
      </trkpt>
      <trkpt lat="45.3767" lon="6.18902">
        <ele>1557</ele>
        <time>2025-08-22T17:07:46+00:00</time>
      </trkpt>
      <trkpt lat="45.37666" lon="6.189">
        <ele>1554</ele>
        <time>2025-08-22T17:07:49+00:00</time>
      </trkpt>
      <trkpt lat="45.37661" lon="6.189">
        <ele>1554</ele>
        <time>2025-08-22T17:07:52+00:00</time>
      </trkpt>
      <trkpt lat="45.37647" lon="6.1891">
        <ele>1562</ele>
        <time>2025-08-22T17:07:55+00:00</time>
      </trkpt>
      <trkpt lat="45.37629" lon="6.1891">
        <ele>1567</ele>
        <time>2025-08-22T17:07:58+00:00</time>
      </trkpt>
      <trkpt lat="45.37621" lon="6.18913">
        <ele>1570</ele>
        <time>2025-08-22T17:08:01+00:00</time>
      </trkpt>
      <trkpt lat="45.37618" lon="6.18915">
        <ele>1575</ele>
        <time>2025-08-22T17:08:04+00:00</time>
      </trkpt>
      <trkpt lat="45.37611" lon="6.18931">
        <ele>1579</ele>
        <time>2025-08-22T17:08:07+00:00</time>
      </trkpt>
      <trkpt lat="45.37607" lon="6.18935">
        <ele>1579</ele>
        <time>2025-08-22T17:08:10+00:00</time>
      </trkpt>
      <trkpt lat="45.37597" lon="6.18942">
        <ele>1584</ele>
        <time>2025-08-22T17:08:13+00:00</time>
      </trkpt>
      <trkpt lat="45.37594" lon="6.18945">
        <ele>1584</ele>
        <time>2025-08-22T17:08:16+00:00</time>
      </trkpt>
      <trkpt lat="45.37593" lon="6.1895">
        <ele>1584</ele>
        <time>2025-08-22T17:08:19+00:00</time>
      </trkpt>
      <trkpt lat="45.37591" lon="6.18954">
        <ele>1587</ele>
        <time>2025-08-22T17:08:22+00:00</time>
      </trkpt>
      <trkpt lat="45.37589" lon="6.18963">
        <ele>1593</ele>
        <time>2025-08-22T17:08:25+00:00</time>
      </trkpt>
      <trkpt lat="45.37584" lon="6.18971">
        <ele>1593</ele>
        <time>2025-08-22T17:08:28+00:00</time>
      </trkpt>
      <trkpt lat="45.37579" lon="6.18974">
        <ele>1596</ele>
        <time>2025-08-22T17:08:31+00:00</time>
      </trkpt>
      <trkpt lat="45.37566" lon="6.18974">
        <ele>1596</ele>
        <time>2025-08-22T17:08:34+00:00</time>
      </trkpt>
      <trkpt lat="45.37562" lon="6.18977">
        <ele>1596</ele>
        <time>2025-08-22T17:08:37+00:00</time>
      </trkpt>
      <trkpt lat="45.37557" lon="6.18976">
        <ele>1602</ele>
        <time>2025-08-22T17:08:40+00:00</time>
      </trkpt>
      <trkpt lat="45.37553" lon="6.18973">
        <ele>1602</ele>
        <time>2025-08-22T17:08:43+00:00</time>
      </trkpt>
      <trkpt lat="45.37543" lon="6.1897">
        <ele>1606</ele>
        <time>2025-08-22T17:08:46+00:00</time>
      </trkpt>
      <trkpt lat="45.37532" lon="6.18957">
        <ele>1603</ele>
        <time>2025-08-22T17:08:49+00:00</time>
      </trkpt>
      <trkpt lat="45.37529" lon="6.18952">
        <ele>1608</ele>
        <time>2025-08-22T17:08:52+00:00</time>
      </trkpt>
      <trkpt lat="45.37525" lon="6.18948">
        <ele>1604</ele>
        <time>2025-08-22T17:08:55+00:00</time>
      </trkpt>
      <trkpt lat="45.37518" lon="6.18953">
        <ele>1608</ele>
        <time>2025-08-22T17:08:58+00:00</time>
      </trkpt>
      <trkpt lat="45.37514" lon="6.18953">
        <ele>1608</ele>
        <time>2025-08-22T17:09:01+00:00</time>
      </trkpt>
      <trkpt lat="45.37511" lon="6.18952">
        <ele>1608</ele>
        <time>2025-08-22T17:09:04+00:00</time>
      </trkpt>
      <trkpt lat="45.37508" lon="6.1895">
        <ele>1609</ele>
        <time>2025-08-22T17:09:07+00:00</time>
      </trkpt>
      <trkpt lat="45.37504" lon="6.18949">
        <ele>1609</ele>
        <time>2025-08-22T17:09:10+00:00</time>
      </trkpt>
      <trkpt lat="45.37499" lon="6.18946">
        <ele>1616</ele>
        <time>2025-08-22T17:09:13+00:00</time>
      </trkpt>
      <trkpt lat="45.37495" lon="6.18945">
        <ele>1611</ele>
        <time>2025-08-22T17:09:16+00:00</time>
      </trkpt>
      <trkpt lat="45.3749" lon="6.18945">
        <ele>1616</ele>
        <time>2025-08-22T17:09:19+00:00</time>
      </trkpt>
      <trkpt lat="45.37485" lon="6.18943">
        <ele>1616</ele>
        <time>2025-08-22T17:09:22+00:00</time>
      </trkpt>
      <trkpt lat="45.37481" lon="6.1893">
        <ele>1615</ele>
        <time>2025-08-22T17:09:25+00:00</time>
      </trkpt>
      <trkpt lat="45.37478" lon="6.18925">
        <ele>1621</ele>
        <time>2025-08-22T17:09:28+00:00</time>
      </trkpt>
      <trkpt lat="45.37475" lon="6.18922">
        <ele>1621</ele>
        <time>2025-08-22T17:09:31+00:00</time>
      </trkpt>
      <trkpt lat="45.37473" lon="6.18921">
        <ele>1621</ele>
        <time>2025-08-22T17:09:34+00:00</time>
      </trkpt>
      <trkpt lat="45.37471" lon="6.18923">
        <ele>1621</ele>
        <time>2025-08-22T17:09:37+00:00</time>
      </trkpt>
      <trkpt lat="45.37468" lon="6.18939">
        <ele>1623</ele>
        <time>2025-08-22T17:09:40+00:00</time>
      </trkpt>
      <trkpt lat="45.37461" lon="6.18955">
        <ele>1625</ele>
        <time>2025-08-22T17:09:43+00:00</time>
      </trkpt>
      <trkpt lat="45.37451" lon="6.18969">
        <ele>1633</ele>
        <time>2025-08-22T17:09:46+00:00</time>
      </trkpt>
      <trkpt lat="45.37448" lon="6.18972">
        <ele>1633</ele>
        <time>2025-08-22T17:09:49+00:00</time>
      </trkpt>
      <trkpt lat="45.37445" lon="6.18973">
        <ele>1633</ele>
        <time>2025-08-22T17:09:52+00:00</time>
      </trkpt>
      <trkpt lat="45.37438" lon="6.18973">
        <ele>1639</ele>
        <time>2025-08-22T17:09:55+00:00</time>
      </trkpt>
      <trkpt lat="45.37435" lon="6.18975">
        <ele>1639</ele>
        <time>2025-08-22T17:09:58+00:00</time>
      </trkpt>
      <trkpt lat="45.37433" lon="6.18978">
        <ele>1639</ele>
        <time>2025-08-22T17:10:01+00:00</time>
      </trkpt>
      <trkpt lat="45.37432" lon="6.18984">
        <ele>1641</ele>
        <time>2025-08-22T17:10:04+00:00</time>
      </trkpt>
      <trkpt lat="45.37427" lon="6.18992">
        <ele>1649</ele>
        <time>2025-08-22T17:10:07+00:00</time>
      </trkpt>
      <trkpt lat="45.37426" lon="6.18995">
        <ele>1649</ele>
        <time>2025-08-22T17:10:10+00:00</time>
      </trkpt>
      <trkpt lat="45.37421" lon="6.19">
        <ele>1649</ele>
        <time>2025-08-22T17:10:13+00:00</time>
      </trkpt>
      <trkpt lat="45.37415" lon="6.1901">
        <ele>1650</ele>
        <time>2025-08-22T17:10:16+00:00</time>
      </trkpt>
      <trkpt lat="45.37413" lon="6.1901">
        <ele>1650</ele>
        <time>2025-08-22T17:10:19+00:00</time>
      </trkpt>
      <trkpt lat="45.37411" lon="6.19007">
        <ele>1650</ele>
        <time>2025-08-22T17:10:22+00:00</time>
      </trkpt>
      <trkpt lat="45.37407" lon="6.18988">
        <ele>1656</ele>
        <time>2025-08-22T17:10:25+00:00</time>
      </trkpt>
      <trkpt lat="45.37404" lon="6.1899">
        <ele>1656</ele>
        <time>2025-08-22T17:10:28+00:00</time>
      </trkpt>
      <trkpt lat="45.37402" lon="6.18993">
        <ele>1656</ele>
        <time>2025-08-22T17:10:31+00:00</time>
      </trkpt>
      <trkpt lat="45.374" lon="6.18994">
        <ele>1656</ele>
        <time>2025-08-22T17:10:34+00:00</time>
      </trkpt>
      <trkpt lat="45.37398" lon="6.18994">
        <ele>1656</ele>
        <time>2025-08-22T17:10:37+00:00</time>
      </trkpt>
      <trkpt lat="45.37387" lon="6.19">
        <ele>1662</ele>
        <time>2025-08-22T17:10:40+00:00</time>
      </trkpt>
      <trkpt lat="45.37384" lon="6.19">
        <ele>1662</ele>
        <time>2025-08-22T17:10:43+00:00</time>
      </trkpt>
      <trkpt lat="45.37379" lon="6.18997">
        <ele>1670</ele>
        <time>2025-08-22T17:10:46+00:00</time>
      </trkpt>
      <trkpt lat="45.37369" lon="6.18993">
        <ele>1670</ele>
        <time>2025-08-22T17:10:49+00:00</time>
      </trkpt>
      <trkpt lat="45.37352" lon="6.18979">
        <ele>1678</ele>
        <time>2025-08-22T17:10:52+00:00</time>
      </trkpt>
      <trkpt lat="45.37348" lon="6.18975">
        <ele>1678</ele>
        <time>2025-08-22T17:10:55+00:00</time>
      </trkpt>
      <trkpt lat="45.37343" lon="6.18961">
        <ele>1678</ele>
        <time>2025-08-22T17:10:58+00:00</time>
      </trkpt>
      <trkpt lat="45.37342" lon="6.18952">
        <ele>1680</ele>
        <time>2025-08-22T17:11:01+00:00</time>
      </trkpt>
      <trkpt lat="45.3734" lon="6.18943">
        <ele>1693</ele>
        <time>2025-08-22T17:11:04+00:00</time>
      </trkpt>
      <trkpt lat="45.37332" lon="6.18919">
        <ele>1690</ele>
        <time>2025-08-22T17:11:07+00:00</time>
      </trkpt>
      <trkpt lat="45.37329" lon="6.18914">
        <ele>1690</ele>
        <time>2025-08-22T17:11:10+00:00</time>
      </trkpt>
      <trkpt lat="45.3732" lon="6.1891">
        <ele>1691</ele>
        <time>2025-08-22T17:11:13+00:00</time>
      </trkpt>
      <trkpt lat="45.37317" lon="6.18911">
        <ele>1698</ele>
        <time>2025-08-22T17:11:16+00:00</time>
      </trkpt>
      <trkpt lat="45.3731" lon="6.18911">
        <ele>1700</ele>
        <time>2025-08-22T17:11:19+00:00</time>
      </trkpt>
      <trkpt lat="45.37305" lon="6.18913">
        <ele>1700</ele>
        <time>2025-08-22T17:11:22+00:00</time>
      </trkpt>
      <trkpt lat="45.37302" lon="6.18915">
        <ele>1700</ele>
        <time>2025-08-22T17:11:25+00:00</time>
      </trkpt>
      <trkpt lat="45.37296" lon="6.18922">
        <ele>1700</ele>
        <time>2025-08-22T17:11:28+00:00</time>
      </trkpt>
      <trkpt lat="45.37294" lon="6.18923">
        <ele>1700</ele>
        <time>2025-08-22T17:11:31+00:00</time>
      </trkpt>
      <trkpt lat="45.37294" lon="6.18926">
        <ele>1700</ele>
        <time>2025-08-22T17:11:34+00:00</time>
      </trkpt>
      <trkpt lat="45.37293" lon="6.1893">
        <ele>1700</ele>
        <time>2025-08-22T17:11:37+00:00</time>
      </trkpt>
      <trkpt lat="45.3729" lon="6.18932">
        <ele>1712</ele>
        <time>2025-08-22T17:11:40+00:00</time>
      </trkpt>
      <trkpt lat="45.37287" lon="6.18932">
        <ele>1712</ele>
        <time>2025-08-22T17:11:43+00:00</time>
      </trkpt>
      <trkpt lat="45.37281" lon="6.18934">
        <ele>1712</ele>
        <time>2025-08-22T17:11:46+00:00</time>
      </trkpt>
      <trkpt lat="45.37277" lon="6.18933">
        <ele>1712</ele>
        <time>2025-08-22T17:11:49+00:00</time>
      </trkpt>
      <trkpt lat="45.37268" lon="6.18928">
        <ele>1713</ele>
        <time>2025-08-22T17:11:52+00:00</time>
      </trkpt>
      <trkpt lat="45.37265" lon="6.18927">
        <ele>1713</ele>
        <time>2025-08-22T17:11:55+00:00</time>
      </trkpt>
      <trkpt lat="45.37267" lon="6.18931">
        <ele>1720</ele>
        <time>2025-08-22T17:11:58+00:00</time>
      </trkpt>
      <trkpt lat="45.37267" lon="6.18935">
        <ele>1720</ele>
        <time>2025-08-22T17:12:01+00:00</time>
      </trkpt>
      <trkpt lat="45.37268" lon="6.18941">
        <ele>1720</ele>
        <time>2025-08-22T17:12:04+00:00</time>
      </trkpt>
      <trkpt lat="45.37268" lon="6.18946">
        <ele>1720</ele>
        <time>2025-08-22T17:12:07+00:00</time>
      </trkpt>
      <trkpt lat="45.37266" lon="6.18945">
        <ele>1720</ele>
        <time>2025-08-22T17:12:10+00:00</time>
      </trkpt>
      <trkpt lat="45.37264" lon="6.18946">
        <ele>1720</ele>
        <time>2025-08-22T17:12:13+00:00</time>
      </trkpt>
      <trkpt lat="45.37263" lon="6.18948">
        <ele>1720</ele>
        <time>2025-08-22T17:12:16+00:00</time>
      </trkpt>
      <trkpt lat="45.37264" lon="6.18951">
        <ele>1725</ele>
        <time>2025-08-22T17:12:19+00:00</time>
      </trkpt>
      <trkpt lat="45.37264" lon="6.18956">
        <ele>1725</ele>
        <time>2025-08-22T17:12:22+00:00</time>
      </trkpt>
      <trkpt lat="45.37267" lon="6.18974">
        <ele>1730</ele>
        <time>2025-08-22T17:12:25+00:00</time>
      </trkpt>
      <trkpt lat="45.37267" lon="6.1898">
        <ele>1730</ele>
        <time>2025-08-22T17:12:28+00:00</time>
      </trkpt>
      <trkpt lat="45.37266" lon="6.18986">
        <ele>1734</ele>
        <time>2025-08-22T17:12:31+00:00</time>
      </trkpt>
      <trkpt lat="45.37254" lon="6.19009">
        <ele>1742</ele>
        <time>2025-08-22T17:12:34+00:00</time>
      </trkpt>
      <trkpt lat="45.37251" lon="6.19013">
        <ele>1742</ele>
        <time>2025-08-22T17:12:37+00:00</time>
      </trkpt>
      <trkpt lat="45.37249" lon="6.19018">
        <ele>1742</ele>
        <time>2025-08-22T17:12:40+00:00</time>
      </trkpt>
      <trkpt lat="45.37246" lon="6.19022">
        <ele>1747</ele>
        <time>2025-08-22T17:12:43+00:00</time>
      </trkpt>
      <trkpt lat="45.37243" lon="6.19022">
        <ele>1747</ele>
        <time>2025-08-22T17:12:46+00:00</time>
      </trkpt>
      <trkpt lat="45.37234" lon="6.19025">
        <ele>1751</ele>
        <time>2025-08-22T17:12:49+00:00</time>
      </trkpt>
      <trkpt lat="45.37232" lon="6.19028">
        <ele>1751</ele>
        <time>2025-08-22T17:12:52+00:00</time>
      </trkpt>
      <trkpt lat="45.37223" lon="6.1903">
        <ele>1751</ele>
        <time>2025-08-22T17:12:55+00:00</time>
      </trkpt>
      <trkpt lat="45.37212" lon="6.19039">
        <ele>1757</ele>
        <time>2025-08-22T17:12:58+00:00</time>
      </trkpt>
      <trkpt lat="45.37205" lon="6.19042">
        <ele>1757</ele>
        <time>2025-08-22T17:13:01+00:00</time>
      </trkpt>
      <trkpt lat="45.37204" lon="6.19047">
        <ele>1757</ele>
        <time>2025-08-22T17:13:04+00:00</time>
      </trkpt>
      <trkpt lat="45.37197" lon="6.19059">
        <ele>1763</ele>
        <time>2025-08-22T17:13:07+00:00</time>
      </trkpt>
      <trkpt lat="45.37195" lon="6.19069">
        <ele>1763</ele>
        <time>2025-08-22T17:13:10+00:00</time>
      </trkpt>
      <trkpt lat="45.37196" lon="6.19074">
        <ele>1767</ele>
        <time>2025-08-22T17:13:13+00:00</time>
      </trkpt>
      <trkpt lat="45.37201" lon="6.19078">
        <ele>1761</ele>
        <time>2025-08-22T17:13:16+00:00</time>
      </trkpt>
      <trkpt lat="45.37203" lon="6.19082">
        <ele>1766</ele>
        <time>2025-08-22T17:13:19+00:00</time>
      </trkpt>
      <trkpt lat="45.37204" lon="6.19087">
        <ele>1766</ele>
        <time>2025-08-22T17:13:22+00:00</time>
      </trkpt>
      <trkpt lat="45.37202" lon="6.19093">
        <ele>1766</ele>
        <time>2025-08-22T17:13:25+00:00</time>
      </trkpt>
      <trkpt lat="45.372" lon="6.19096">
        <ele>1771</ele>
        <time>2025-08-22T17:13:28+00:00</time>
      </trkpt>
      <trkpt lat="45.37194" lon="6.19099">
        <ele>1771</ele>
        <time>2025-08-22T17:13:31+00:00</time>
      </trkpt>
      <trkpt lat="45.37193" lon="6.19102">
        <ele>1775</ele>
        <time>2025-08-22T17:13:34+00:00</time>
      </trkpt>
      <trkpt lat="45.37192" lon="6.19108">
        <ele>1775</ele>
        <time>2025-08-22T17:13:37+00:00</time>
      </trkpt>
      <trkpt lat="45.37193" lon="6.19114">
        <ele>1775</ele>
        <time>2025-08-22T17:13:40+00:00</time>
      </trkpt>
      <trkpt lat="45.37191" lon="6.1912">
        <ele>1775</ele>
        <time>2025-08-22T17:13:43+00:00</time>
      </trkpt>
      <trkpt lat="45.37188" lon="6.19123">
        <ele>1786</ele>
        <time>2025-08-22T17:13:46+00:00</time>
      </trkpt>
      <trkpt lat="45.37188" lon="6.19128">
        <ele>1786</ele>
        <time>2025-08-22T17:13:49+00:00</time>
      </trkpt>
      <trkpt lat="45.37186" lon="6.1913">
        <ele>1786</ele>
        <time>2025-08-22T17:13:52+00:00</time>
      </trkpt>
      <trkpt lat="45.37183" lon="6.19129">
        <ele>1786</ele>
        <time>2025-08-22T17:13:55+00:00</time>
      </trkpt>
      <trkpt lat="45.37156" lon="6.19126">
        <ele>1793</ele>
        <time>2025-08-22T17:13:58+00:00</time>
      </trkpt>
      <trkpt lat="45.37137" lon="6.1912">
        <ele>1799</ele>
        <time>2025-08-22T17:14:01+00:00</time>
      </trkpt>
      <trkpt lat="45.37129" lon="6.19106">
        <ele>1808</ele>
        <time>2025-08-22T17:14:04+00:00</time>
      </trkpt>
      <trkpt lat="45.37123" lon="6.19099">
        <ele>1805</ele>
        <time>2025-08-22T17:14:07+00:00</time>
      </trkpt>
      <trkpt lat="45.37116" lon="6.19096">
        <ele>1814</ele>
        <time>2025-08-22T17:14:10+00:00</time>
      </trkpt>
      <trkpt lat="45.37113" lon="6.19094">
        <ele>1814</ele>
        <time>2025-08-22T17:14:13+00:00</time>
      </trkpt>
      <trkpt lat="45.37111" lon="6.1909">
        <ele>1814</ele>
        <time>2025-08-22T17:14:16+00:00</time>
      </trkpt>
      <trkpt lat="45.37108" lon="6.19087">
        <ele>1814</ele>
        <time>2025-08-22T17:14:19+00:00</time>
      </trkpt>
      <trkpt lat="45.37101" lon="6.19085">
        <ele>1814</ele>
        <time>2025-08-22T17:14:22+00:00</time>
      </trkpt>
      <trkpt lat="45.37098" lon="6.19088">
        <ele>1820</ele>
        <time>2025-08-22T17:14:25+00:00</time>
      </trkpt>
      <trkpt lat="45.37098" lon="6.19091">
        <ele>1820</ele>
        <time>2025-08-22T17:14:28+00:00</time>
      </trkpt>
      <trkpt lat="45.371" lon="6.19099">
        <ele>1820</ele>
        <time>2025-08-22T17:14:31+00:00</time>
      </trkpt>
      <trkpt lat="45.371" lon="6.19103">
        <ele>1825</ele>
        <time>2025-08-22T17:14:34+00:00</time>
      </trkpt>
      <trkpt lat="45.37098" lon="6.19105">
        <ele>1825</ele>
        <time>2025-08-22T17:14:37+00:00</time>
      </trkpt>
      <trkpt lat="45.37096" lon="6.19105">
        <ele>1818</ele>
        <time>2025-08-22T17:14:40+00:00</time>
      </trkpt>
      <trkpt lat="45.37092" lon="6.191">
        <ele>1820</ele>
        <time>2025-08-22T17:14:43+00:00</time>
      </trkpt>
      <trkpt lat="45.37089" lon="6.19099">
        <ele>1820</ele>
        <time>2025-08-22T17:14:46+00:00</time>
      </trkpt>
      <trkpt lat="45.37083" lon="6.191">
        <ele>1820</ele>
        <time>2025-08-22T17:14:49+00:00</time>
      </trkpt>
      <trkpt lat="45.3708" lon="6.19103">
        <ele>1823</ele>
        <time>2025-08-22T17:14:52+00:00</time>
      </trkpt>
      <trkpt lat="45.37076" lon="6.19111">
        <ele>1823</ele>
        <time>2025-08-22T17:14:55+00:00</time>
      </trkpt>
      <trkpt lat="45.37074" lon="6.19119">
        <ele>1823</ele>
        <time>2025-08-22T17:14:58+00:00</time>
      </trkpt>
      <trkpt lat="45.37074" lon="6.19125">
        <ele>1831</ele>
        <time>2025-08-22T17:15:01+00:00</time>
      </trkpt>
      <trkpt lat="45.37073" lon="6.1913">
        <ele>1831</ele>
        <time>2025-08-22T17:15:04+00:00</time>
      </trkpt>
      <trkpt lat="45.37074" lon="6.19136">
        <ele>1831</ele>
        <time>2025-08-22T17:15:07+00:00</time>
      </trkpt>
      <trkpt lat="45.37074" lon="6.19139">
        <ele>1831</ele>
        <time>2025-08-22T17:15:10+00:00</time>
      </trkpt>
      <trkpt lat="45.37072" lon="6.19142">
        <ele>1836</ele>
        <time>2025-08-22T17:15:13+00:00</time>
      </trkpt>
      <trkpt lat="45.37066" lon="6.19156">
        <ele>1838</ele>
        <time>2025-08-22T17:15:16+00:00</time>
      </trkpt>
      <trkpt lat="45.37068" lon="6.19159">
        <ele>1838</ele>
        <time>2025-08-22T17:15:19+00:00</time>
      </trkpt>
      <trkpt lat="45.37071" lon="6.19158">
        <ele>1844</ele>
        <time>2025-08-22T17:15:22+00:00</time>
      </trkpt>
      <trkpt lat="45.37078" lon="6.19158">
        <ele>1844</ele>
        <time>2025-08-22T17:15:25+00:00</time>
      </trkpt>
      <trkpt lat="45.3708" lon="6.19161">
        <ele>1844</ele>
        <time>2025-08-22T17:15:28+00:00</time>
      </trkpt>
      <trkpt lat="45.37079" lon="6.19165">
        <ele>1844</ele>
        <time>2025-08-22T17:15:31+00:00</time>
      </trkpt>
      <trkpt lat="45.37079" lon="6.1917">
        <ele>1844</ele>
        <time>2025-08-22T17:15:34+00:00</time>
      </trkpt>
      <trkpt lat="45.37077" lon="6.19173">
        <ele>1850</ele>
        <time>2025-08-22T17:15:37+00:00</time>
      </trkpt>
      <trkpt lat="45.37075" lon="6.19178">
        <ele>1850</ele>
        <time>2025-08-22T17:15:40+00:00</time>
      </trkpt>
      <trkpt lat="45.37074" lon="6.19182">
        <ele>1850</ele>
        <time>2025-08-22T17:15:43+00:00</time>
      </trkpt>
      <trkpt lat="45.37074" lon="6.19186">
        <ele>1850</ele>
        <time>2025-08-22T17:15:46+00:00</time>
      </trkpt>
      <trkpt lat="45.37076" lon="6.1919">
        <ele>1850</ele>
        <time>2025-08-22T17:15:49+00:00</time>
      </trkpt>
      <trkpt lat="45.37085" lon="6.19198">
        <ele>1856</ele>
        <time>2025-08-22T17:15:52+00:00</time>
      </trkpt>
      <trkpt lat="45.37087" lon="6.19201">
        <ele>1863</ele>
        <time>2025-08-22T17:15:55+00:00</time>
      </trkpt>
      <trkpt lat="45.37082" lon="6.19208">
        <ele>1863</ele>
        <time>2025-08-22T17:15:58+00:00</time>
      </trkpt>
      <trkpt lat="45.3708" lon="6.19215">
        <ele>1861</ele>
        <time>2025-08-22T17:16:01+00:00</time>
      </trkpt>
      <trkpt lat="45.37084" lon="6.19216">
        <ele>1863</ele>
        <time>2025-08-22T17:16:04+00:00</time>
      </trkpt>
      <trkpt lat="45.37087" lon="6.19218">
        <ele>1863</ele>
        <time>2025-08-22T17:16:07+00:00</time>
      </trkpt>
      <trkpt lat="45.3709" lon="6.19221">
        <ele>1870</ele>
        <time>2025-08-22T17:16:10+00:00</time>
      </trkpt>
      <trkpt lat="45.37091" lon="6.19225">
        <ele>1870</ele>
        <time>2025-08-22T17:16:13+00:00</time>
      </trkpt>
      <trkpt lat="45.3709" lon="6.19231">
        <ele>1870</ele>
        <time>2025-08-22T17:16:16+00:00</time>
      </trkpt>
      <trkpt lat="45.37088" lon="6.19233">
        <ele>1870</ele>
        <time>2025-08-22T17:16:19+00:00</time>
      </trkpt>
      <trkpt lat="45.37082" lon="6.19235">
        <ele>1870</ele>
        <time>2025-08-22T17:16:22+00:00</time>
      </trkpt>
      <trkpt lat="45.37077" lon="6.19235">
        <ele>1869</ele>
        <time>2025-08-22T17:16:25+00:00</time>
      </trkpt>
      <trkpt lat="45.37074" lon="6.19236">
        <ele>1869</ele>
        <time>2025-08-22T17:16:28+00:00</time>
      </trkpt>
      <trkpt lat="45.37068" lon="6.19246">
        <ele>1872</ele>
        <time>2025-08-22T17:16:31+00:00</time>
      </trkpt>
      <trkpt lat="45.37068" lon="6.1925">
        <ele>1872</ele>
        <time>2025-08-22T17:16:34+00:00</time>
      </trkpt>
      <trkpt lat="45.37067" lon="6.19253">
        <ele>1872</ele>
        <time>2025-08-22T17:16:37+00:00</time>
      </trkpt>
      <trkpt lat="45.37066" lon="6.19254">
        <ele>1872</ele>
        <time>2025-08-22T17:16:40+00:00</time>
      </trkpt>
      <trkpt lat="45.37066" lon="6.19256">
        <ele>1872</ele>
        <time>2025-08-22T17:16:43+00:00</time>
      </trkpt>
      <trkpt lat="45.37071" lon="6.19261">
        <ele>1883</ele>
        <time>2025-08-22T17:16:46+00:00</time>
      </trkpt>
      <trkpt lat="45.37071" lon="6.19265">
        <ele>1883</ele>
        <time>2025-08-22T17:16:49+00:00</time>
      </trkpt>
      <trkpt lat="45.37069" lon="6.19271">
        <ele>1888</ele>
        <time>2025-08-22T17:16:52+00:00</time>
      </trkpt>
      <trkpt lat="45.3707" lon="6.19273">
        <ele>1888</ele>
        <time>2025-08-22T17:16:55+00:00</time>
      </trkpt>
      <trkpt lat="45.37072" lon="6.19274">
        <ele>1891</ele>
        <time>2025-08-22T17:16:58+00:00</time>
      </trkpt>
      <trkpt lat="45.37083" lon="6.19274">
        <ele>1888</ele>
        <time>2025-08-22T17:17:01+00:00</time>
      </trkpt>
      <trkpt lat="45.37086" lon="6.19277">
        <ele>1888</ele>
        <time>2025-08-22T17:17:04+00:00</time>
      </trkpt>
      <trkpt lat="45.37088" lon="6.19281">
        <ele>1888</ele>
        <time>2025-08-22T17:17:07+00:00</time>
      </trkpt>
      <trkpt lat="45.37092" lon="6.19286">
        <ele>1888</ele>
        <time>2025-08-22T17:17:10+00:00</time>
      </trkpt>
      <trkpt lat="45.37096" lon="6.19288">
        <ele>1888</ele>
        <time>2025-08-22T17:17:13+00:00</time>
      </trkpt>
      <trkpt lat="45.37103" lon="6.19296">
        <ele>1887</ele>
        <time>2025-08-22T17:17:16+00:00</time>
      </trkpt>
      <trkpt lat="45.37107" lon="6.19299">
        <ele>1888</ele>
        <time>2025-08-22T17:17:19+00:00</time>
      </trkpt>
      <trkpt lat="45.3711" lon="6.19304">
        <ele>1887</ele>
        <time>2025-08-22T17:17:22+00:00</time>
      </trkpt>
      <trkpt lat="45.37114" lon="6.19307">
        <ele>1887</ele>
        <time>2025-08-22T17:17:25+00:00</time>
      </trkpt>
      <trkpt lat="45.3712" lon="6.19314">
        <ele>1894</ele>
        <time>2025-08-22T17:17:28+00:00</time>
      </trkpt>
      <trkpt lat="45.37124" lon="6.19317">
        <ele>1889</ele>
        <time>2025-08-22T17:17:31+00:00</time>
      </trkpt>
      <trkpt lat="45.37129" lon="6.19319">
        <ele>1889</ele>
        <time>2025-08-22T17:17:34+00:00</time>
      </trkpt>
      <trkpt lat="45.37134" lon="6.19322">
        <ele>1896</ele>
        <time>2025-08-22T17:17:37+00:00</time>
      </trkpt>
      <trkpt lat="45.37137" lon="6.19325">
        <ele>1896</ele>
        <time>2025-08-22T17:17:40+00:00</time>
      </trkpt>
      <trkpt lat="45.3714" lon="6.1933">
        <ele>1896</ele>
        <time>2025-08-22T17:17:43+00:00</time>
      </trkpt>
      <trkpt lat="45.37144" lon="6.19334">
        <ele>1891</ele>
        <time>2025-08-22T17:17:46+00:00</time>
      </trkpt>
      <trkpt lat="45.37149" lon="6.19337">
        <ele>1891</ele>
        <time>2025-08-22T17:17:49+00:00</time>
      </trkpt>
      <trkpt lat="45.37159" lon="6.19337">
        <ele>1887</ele>
        <time>2025-08-22T17:17:52+00:00</time>
      </trkpt>
      <trkpt lat="45.37166" lon="6.1935">
        <ele>1895</ele>
        <time>2025-08-22T17:17:55+00:00</time>
      </trkpt>
      <trkpt lat="45.37169" lon="6.19353">
        <ele>1895</ele>
        <time>2025-08-22T17:17:58+00:00</time>
      </trkpt>
      <trkpt lat="45.37172" lon="6.19353">
        <ele>1891</ele>
        <time>2025-08-22T17:18:01+00:00</time>
      </trkpt>
      <trkpt lat="45.37175" lon="6.19355">
        <ele>1891</ele>
        <time>2025-08-22T17:18:04+00:00</time>
      </trkpt>
      <trkpt lat="45.37185" lon="6.19367">
        <ele>1898</ele>
        <time>2025-08-22T17:18:07+00:00</time>
      </trkpt>
      <trkpt lat="45.37188" lon="6.19369">
        <ele>1898</ele>
        <time>2025-08-22T17:18:10+00:00</time>
      </trkpt>
      <trkpt lat="45.37191" lon="6.19369">
        <ele>1895</ele>
        <time>2025-08-22T17:18:13+00:00</time>
      </trkpt>
      <trkpt lat="45.37193" lon="6.19368">
        <ele>1895</ele>
        <time>2025-08-22T17:18:16+00:00</time>
      </trkpt>
      <trkpt lat="45.37198" lon="6.1937">
        <ele>1895</ele>
        <time>2025-08-22T17:18:19+00:00</time>
      </trkpt>
      <trkpt lat="45.37201" lon="6.19384">
        <ele>1900</ele>
        <time>2025-08-22T17:18:22+00:00</time>
      </trkpt>
      <trkpt lat="45.37199" lon="6.19395">
        <ele>1906</ele>
        <time>2025-08-22T17:18:25+00:00</time>
      </trkpt>
      <trkpt lat="45.37197" lon="6.19399">
        <ele>1906</ele>
        <time>2025-08-22T17:18:28+00:00</time>
      </trkpt>
      <trkpt lat="45.37197" lon="6.19407">
        <ele>1906</ele>
        <time>2025-08-22T17:18:31+00:00</time>
      </trkpt>
      <trkpt lat="45.37198" lon="6.19411">
        <ele>1910</ele>
        <time>2025-08-22T17:18:34+00:00</time>
      </trkpt>
      <trkpt lat="45.37201" lon="6.19414">
        <ele>1910</ele>
        <time>2025-08-22T17:18:37+00:00</time>
      </trkpt>
      <trkpt lat="45.37209" lon="6.19417">
        <ele>1910</ele>
        <time>2025-08-22T17:18:40+00:00</time>
      </trkpt>
      <trkpt lat="45.37218" lon="6.19415">
        <ele>1910</ele>
        <time>2025-08-22T17:18:43+00:00</time>
      </trkpt>
      <trkpt lat="45.37221" lon="6.19416">
        <ele>1908</ele>
        <time>2025-08-22T17:18:46+00:00</time>
      </trkpt>
      <trkpt lat="45.37226" lon="6.19421">
        <ele>1908</ele>
        <time>2025-08-22T17:18:49+00:00</time>
      </trkpt>
      <trkpt lat="45.37233" lon="6.19425">
        <ele>1908</ele>
        <time>2025-08-22T17:18:52+00:00</time>
      </trkpt>
      <trkpt lat="45.37235" lon="6.19427">
        <ele>1908</ele>
        <time>2025-08-22T17:18:55+00:00</time>
      </trkpt>
      <trkpt lat="45.37238" lon="6.19433">
        <ele>1915</ele>
        <time>2025-08-22T17:18:58+00:00</time>
      </trkpt>
      <trkpt lat="45.37241" lon="6.19435">
        <ele>1907</ele>
        <time>2025-08-22T17:19:01+00:00</time>
      </trkpt>
      <trkpt lat="45.37244" lon="6.19436">
        <ele>1907</ele>
        <time>2025-08-22T17:19:04+00:00</time>
      </trkpt>
      <trkpt lat="45.3725" lon="6.19436">
        <ele>1907</ele>
        <time>2025-08-22T17:19:07+00:00</time>
      </trkpt>
      <trkpt lat="45.37259" lon="6.19438">
        <ele>1907</ele>
        <time>2025-08-22T17:19:10+00:00</time>
      </trkpt>
      <trkpt lat="45.37264" lon="6.1944">
        <ele>1902</ele>
        <time>2025-08-22T17:19:13+00:00</time>
      </trkpt>
      <trkpt lat="45.37269" lon="6.1944">
        <ele>1902</ele>
        <time>2025-08-22T17:19:16+00:00</time>
      </trkpt>
      <trkpt lat="45.37279" lon="6.19442">
        <ele>1903</ele>
        <time>2025-08-22T17:19:19+00:00</time>
      </trkpt>
      <trkpt lat="45.37288" lon="6.19449">
        <ele>1896</ele>
        <time>2025-08-22T17:19:22+00:00</time>
      </trkpt>
      <trkpt lat="45.37292" lon="6.19454">
        <ele>1895</ele>
        <time>2025-08-22T17:19:25+00:00</time>
      </trkpt>
      <trkpt lat="45.37299" lon="6.19461">
        <ele>1900</ele>
        <time>2025-08-22T17:19:28+00:00</time>
      </trkpt>
      <trkpt lat="45.37304" lon="6.19465">
        <ele>1900</ele>
        <time>2025-08-22T17:19:31+00:00</time>
      </trkpt>
      <trkpt lat="45.37308" lon="6.19467">
        <ele>1900</ele>
        <time>2025-08-22T17:19:34+00:00</time>
      </trkpt>
      <trkpt lat="45.37318" lon="6.1947">
        <ele>1897</ele>
        <time>2025-08-22T17:19:37+00:00</time>
      </trkpt>
      <trkpt lat="45.37331" lon="6.1948">
        <ele>1888</ele>
        <time>2025-08-22T17:19:40+00:00</time>
      </trkpt>
      <trkpt lat="45.37336" lon="6.19483">
        <ele>1897</ele>
        <time>2025-08-22T17:19:43+00:00</time>
      </trkpt>
      <trkpt lat="45.37349" lon="6.19497">
        <ele>1891</ele>
        <time>2025-08-22T17:19:46+00:00</time>
      </trkpt>
      <trkpt lat="45.37355" lon="6.19505">
        <ele>1898</ele>
        <time>2025-08-22T17:19:49+00:00</time>
      </trkpt>
      <trkpt lat="45.37357" lon="6.19506">
        <ele>1898</ele>
        <time>2025-08-22T17:19:52+00:00</time>
      </trkpt>
      <trkpt lat="45.3736" lon="6.19505">
        <ele>1898</ele>
        <time>2025-08-22T17:19:55+00:00</time>
      </trkpt>
      <trkpt lat="45.37366" lon="6.19506">
        <ele>1893</ele>
        <time>2025-08-22T17:19:58+00:00</time>
      </trkpt>
      <trkpt lat="45.37391" lon="6.1952">
        <ele>1897</ele>
        <time>2025-08-22T17:20:01+00:00</time>
      </trkpt>
      <trkpt lat="45.37397" lon="6.19518">
        <ele>1901</ele>
        <time>2025-08-22T17:20:04+00:00</time>
      </trkpt>
      <trkpt lat="45.37403" lon="6.1951">
        <ele>1894</ele>
        <time>2025-08-22T17:20:07+00:00</time>
      </trkpt>
      <trkpt lat="45.37412" lon="6.1951">
        <ele>1897</ele>
        <time>2025-08-22T17:20:10+00:00</time>
      </trkpt>
      <trkpt lat="45.37429" lon="6.19501">
        <ele>1897</ele>
        <time>2025-08-22T17:20:13+00:00</time>
      </trkpt>
      <trkpt lat="45.37442" lon="6.19497">
        <ele>1891</ele>
        <time>2025-08-22T17:20:16+00:00</time>
      </trkpt>
      <trkpt lat="45.37458" lon="6.19482">
        <ele>1891</ele>
        <time>2025-08-22T17:20:19+00:00</time>
      </trkpt>
      <trkpt lat="45.37468" lon="6.19475">
        <ele>1882</ele>
        <time>2025-08-22T17:20:22+00:00</time>
      </trkpt>
      <trkpt lat="45.37476" lon="6.19471">
        <ele>1882</ele>
        <time>2025-08-22T17:20:25+00:00</time>
      </trkpt>
      <trkpt lat="45.37487" lon="6.19468">
        <ele>1880</ele>
        <time>2025-08-22T17:20:28+00:00</time>
      </trkpt>
      <trkpt lat="45.3749" lon="6.19468">
        <ele>1880</ele>
        <time>2025-08-22T17:20:31+00:00</time>
      </trkpt>
      <trkpt lat="45.37493" lon="6.19467">
        <ele>1880</ele>
        <time>2025-08-22T17:20:34+00:00</time>
      </trkpt>
      <trkpt lat="45.37496" lon="6.19465">
        <ele>1880</ele>
        <time>2025-08-22T17:20:37+00:00</time>
      </trkpt>
      <trkpt lat="45.37518" lon="6.19458">
        <ele>1869</ele>
        <time>2025-08-22T17:20:40+00:00</time>
      </trkpt>
      <trkpt lat="45.37534" lon="6.19456">
        <ele>1867</ele>
        <time>2025-08-22T17:20:43+00:00</time>
      </trkpt>
      <trkpt lat="45.37545" lon="6.19457">
        <ele>1869</ele>
        <time>2025-08-22T17:20:46+00:00</time>
      </trkpt>
      <trkpt lat="45.37554" lon="6.19457">
        <ele>1865</ele>
        <time>2025-08-22T17:20:49+00:00</time>
      </trkpt>
      <trkpt lat="45.37559" lon="6.19458">
        <ele>1865</ele>
        <time>2025-08-22T17:20:52+00:00</time>
      </trkpt>
      <trkpt lat="45.37567" lon="6.19465">
        <ele>1869</ele>
        <time>2025-08-22T17:20:55+00:00</time>
      </trkpt>
      <trkpt lat="45.37572" lon="6.19466">
        <ele>1869</ele>
        <time>2025-08-22T17:20:58+00:00</time>
      </trkpt>
      <trkpt lat="45.37576" lon="6.19469">
        <ele>1869</ele>
        <time>2025-08-22T17:21:01+00:00</time>
      </trkpt>
      <trkpt lat="45.37582" lon="6.19472">
        <ele>1865</ele>
        <time>2025-08-22T17:21:04+00:00</time>
      </trkpt>
      <trkpt lat="45.37599" lon="6.19479">
        <ele>1868</ele>
        <time>2025-08-22T17:21:07+00:00</time>
      </trkpt>
      <trkpt lat="45.3761" lon="6.19488">
        <ele>1869</ele>
        <time>2025-08-22T17:21:10+00:00</time>
      </trkpt>
      <trkpt lat="45.37614" lon="6.19489">
        <ele>1869</ele>
        <time>2025-08-22T17:21:13+00:00</time>
      </trkpt>
      <trkpt lat="45.37623" lon="6.19487">
        <ele>1868</ele>
        <time>2025-08-22T17:21:16+00:00</time>
      </trkpt>
      <trkpt lat="45.37625" lon="6.19485">
        <ele>1868</ele>
        <time>2025-08-22T17:21:19+00:00</time>
      </trkpt>
      <trkpt lat="45.37629" lon="6.19483">
        <ele>1868</ele>
        <time>2025-08-22T17:21:22+00:00</time>
      </trkpt>
      <trkpt lat="45.37634" lon="6.19482">
        <ele>1873</ele>
        <time>2025-08-22T17:21:25+00:00</time>
      </trkpt>
      <trkpt lat="45.37652" lon="6.19482">
        <ele>1879</ele>
        <time>2025-08-22T17:21:28+00:00</time>
      </trkpt>
      <trkpt lat="45.37668" lon="6.19476">
        <ele>1870</ele>
        <time>2025-08-22T17:21:31+00:00</time>
      </trkpt>
      <trkpt lat="45.37679" lon="6.19476">
        <ele>1880</ele>
        <time>2025-08-22T17:21:34+00:00</time>
      </trkpt>
      <trkpt lat="45.37689" lon="6.19475">
        <ele>1882</ele>
        <time>2025-08-22T17:21:37+00:00</time>
      </trkpt>
      <trkpt lat="45.37697" lon="6.19474">
        <ele>1882</ele>
        <time>2025-08-22T17:21:40+00:00</time>
      </trkpt>
      <trkpt lat="45.37703" lon="6.19472">
        <ele>1884</ele>
        <time>2025-08-22T17:21:43+00:00</time>
      </trkpt>
      <trkpt lat="45.3771" lon="6.19472">
        <ele>1884</ele>
        <time>2025-08-22T17:21:46+00:00</time>
      </trkpt>
      <trkpt lat="45.37737" lon="6.19469">
        <ele>1886</ele>
        <time>2025-08-22T17:21:49+00:00</time>
      </trkpt>
      <trkpt lat="45.3774" lon="6.19466">
        <ele>1886</ele>
        <time>2025-08-22T17:21:52+00:00</time>
      </trkpt>
      <trkpt lat="45.37744" lon="6.19464">
        <ele>1892</ele>
        <time>2025-08-22T17:21:55+00:00</time>
      </trkpt>
      <trkpt lat="45.37748" lon="6.19464">
        <ele>1892</ele>
        <time>2025-08-22T17:21:58+00:00</time>
      </trkpt>
      <trkpt lat="45.37752" lon="6.19465">
        <ele>1899</ele>
        <time>2025-08-22T17:22:01+00:00</time>
      </trkpt>
      <trkpt lat="45.37761" lon="6.19472">
        <ele>1899</ele>
        <time>2025-08-22T17:22:04+00:00</time>
      </trkpt>
      <trkpt lat="45.3777" lon="6.19472">
        <ele>1899</ele>
        <time>2025-08-22T17:22:07+00:00</time>
      </trkpt>
      <trkpt lat="45.37773" lon="6.19473">
        <ele>1905</ele>
        <time>2025-08-22T17:22:10+00:00</time>
      </trkpt>
      <trkpt lat="45.37777" lon="6.19479">
        <ele>1905</ele>
        <time>2025-08-22T17:22:13+00:00</time>
      </trkpt>
      <trkpt lat="45.37781" lon="6.19478">
        <ele>1905</ele>
        <time>2025-08-22T17:22:16+00:00</time>
      </trkpt>
      <trkpt lat="45.37783" lon="6.19479">
        <ele>1905</ele>
        <time>2025-08-22T17:22:19+00:00</time>
      </trkpt>
      <trkpt lat="45.37785" lon="6.19483">
        <ele>1912</ele>
        <time>2025-08-22T17:22:22+00:00</time>
      </trkpt>
      <trkpt lat="45.37801" lon="6.195">
        <ele>1914</ele>
        <time>2025-08-22T17:22:25+00:00</time>
      </trkpt>
      <trkpt lat="45.37806" lon="6.19501">
        <ele>1923</ele>
        <time>2025-08-22T17:22:28+00:00</time>
      </trkpt>
      <trkpt lat="45.37816" lon="6.19511">
        <ele>1930</ele>
        <time>2025-08-22T17:22:31+00:00</time>
      </trkpt>
      <trkpt lat="45.37821" lon="6.19518">
        <ele>1930</ele>
        <time>2025-08-22T17:22:34+00:00</time>
      </trkpt>
      <trkpt lat="45.37827" lon="6.19525">
        <ele>1930</ele>
        <time>2025-08-22T17:22:37+00:00</time>
      </trkpt>
      <trkpt lat="45.37834" lon="6.19532">
        <ele>1939</ele>
        <time>2025-08-22T17:22:40+00:00</time>
      </trkpt>
      <trkpt lat="45.37842" lon="6.19537">
        <ele>1940</ele>
        <time>2025-08-22T17:22:43+00:00</time>
      </trkpt>
      <trkpt lat="45.37849" lon="6.19546">
        <ele>1940</ele>
        <time>2025-08-22T17:22:46+00:00</time>
      </trkpt>
      <trkpt lat="45.37851" lon="6.19551">
        <ele>1949</ele>
        <time>2025-08-22T17:22:49+00:00</time>
      </trkpt>
      <trkpt lat="45.37858" lon="6.1956">
        <ele>1949</ele>
        <time>2025-08-22T17:22:52+00:00</time>
      </trkpt>
      <trkpt lat="45.37862" lon="6.1956">
        <ele>1946</ele>
        <time>2025-08-22T17:22:55+00:00</time>
      </trkpt>
      <trkpt lat="45.3788" lon="6.19563">
        <ele>1949</ele>
        <time>2025-08-22T17:22:58+00:00</time>
      </trkpt>
      <trkpt lat="45.37894" lon="6.19562">
        <ele>1953</ele>
        <time>2025-08-22T17:23:01+00:00</time>
      </trkpt>
      <trkpt lat="45.379" lon="6.19567">
        <ele>1953</ele>
        <time>2025-08-22T17:23:04+00:00</time>
      </trkpt>
      <trkpt lat="45.37905" lon="6.19574">
        <ele>1962</ele>
        <time>2025-08-22T17:23:07+00:00</time>
      </trkpt>
      <trkpt lat="45.3792" lon="6.19589">
        <ele>1965</ele>
        <time>2025-08-22T17:23:10+00:00</time>
      </trkpt>
      <trkpt lat="45.37927" lon="6.19592">
        <ele>1960</ele>
        <time>2025-08-22T17:23:13+00:00</time>
      </trkpt>
      <trkpt lat="45.37929" lon="6.19596">
        <ele>1960</ele>
        <time>2025-08-22T17:23:16+00:00</time>
      </trkpt>
      <trkpt lat="45.37936" lon="6.196">
        <ele>1960</ele>
        <time>2025-08-22T17:23:19+00:00</time>
      </trkpt>
      <trkpt lat="45.37946" lon="6.19602">
        <ele>1971</ele>
        <time>2025-08-22T17:23:22+00:00</time>
      </trkpt>
      <trkpt lat="45.3796" lon="6.19607">
        <ele>1971</ele>
        <time>2025-08-22T17:23:25+00:00</time>
      </trkpt>
      <trkpt lat="45.37973" lon="6.19609">
        <ele>1974</ele>
        <time>2025-08-22T17:23:28+00:00</time>
      </trkpt>
      <trkpt lat="45.3798" lon="6.19607">
        <ele>1974</ele>
        <time>2025-08-22T17:23:31+00:00</time>
      </trkpt>
      <trkpt lat="45.37987" lon="6.19604">
        <ele>1980</ele>
        <time>2025-08-22T17:23:34+00:00</time>
      </trkpt>
      <trkpt lat="45.3799" lon="6.19604">
        <ele>1980</ele>
        <time>2025-08-22T17:23:37+00:00</time>
      </trkpt>
      <trkpt lat="45.37993" lon="6.19606">
        <ele>1990</ele>
        <time>2025-08-22T17:23:40+00:00</time>
      </trkpt>
      <trkpt lat="45.38002" lon="6.19618">
        <ele>1990</ele>
        <time>2025-08-22T17:23:43+00:00</time>
      </trkpt>
      <trkpt lat="45.38007" lon="6.19622">
        <ele>1996</ele>
        <time>2025-08-22T17:23:46+00:00</time>
      </trkpt>
      <trkpt lat="45.38011" lon="6.19629">
        <ele>2007</ele>
        <time>2025-08-22T17:23:49+00:00</time>
      </trkpt>
      <trkpt lat="45.38014" lon="6.19633">
        <ele>2009</ele>
        <time>2025-08-22T17:23:52+00:00</time>
      </trkpt>
      <trkpt lat="45.38017" lon="6.1964">
        <ele>2009</ele>
        <time>2025-08-22T17:23:55+00:00</time>
      </trkpt>
      <trkpt lat="45.38029" lon="6.19662">
        <ele>2011</ele>
        <time>2025-08-22T17:23:58+00:00</time>
      </trkpt>
      <trkpt lat="45.38042" lon="6.19672">
        <ele>2021</ele>
        <time>2025-08-22T17:24:01+00:00</time>
      </trkpt>
      <trkpt lat="45.38047" lon="6.19684">
        <ele>2021</ele>
        <time>2025-08-22T17:24:04+00:00</time>
      </trkpt>
      <trkpt lat="45.38051" lon="6.1969">
        <ele>2035</ele>
        <time>2025-08-22T17:24:07+00:00</time>
      </trkpt>
      <trkpt lat="45.38054" lon="6.19688">
        <ele>2035</ele>
        <time>2025-08-22T17:24:10+00:00</time>
      </trkpt>
      <trkpt lat="45.38059" lon="6.19689">
        <ele>2035</ele>
        <time>2025-08-22T17:24:13+00:00</time>
      </trkpt>
      <trkpt lat="45.38065" lon="6.1968">
        <ele>2047</ele>
        <time>2025-08-22T17:24:16+00:00</time>
      </trkpt>
      <trkpt lat="45.38068" lon="6.1968">
        <ele>2047</ele>
        <time>2025-08-22T17:24:19+00:00</time>
      </trkpt>
      <trkpt lat="45.38072" lon="6.19667">
        <ele>2056</ele>
        <time>2025-08-22T17:24:22+00:00</time>
      </trkpt>
      <trkpt lat="45.38079" lon="6.19675">
        <ele>2047</ele>
        <time>2025-08-22T17:24:25+00:00</time>
      </trkpt>
      <trkpt lat="45.38083" lon="6.19667">
        <ele>2062</ele>
        <time>2025-08-22T17:24:28+00:00</time>
      </trkpt>
      <trkpt lat="45.38091" lon="6.19659">
        <ele>2062</ele>
        <time>2025-08-22T17:24:31+00:00</time>
      </trkpt>
      <trkpt lat="45.38095" lon="6.19658">
        <ele>2062</ele>
        <time>2025-08-22T17:24:34+00:00</time>
      </trkpt>
      <trkpt lat="45.38101" lon="6.19674">
        <ele>2062</ele>
        <time>2025-08-22T17:24:37+00:00</time>
      </trkpt>
      <trkpt lat="45.38102" lon="6.19689">
        <ele>2062</ele>
        <time>2025-08-22T17:24:40+00:00</time>
      </trkpt>
      <trkpt lat="45.38104" lon="6.19696">
        <ele>2064</ele>
        <time>2025-08-22T17:24:43+00:00</time>
      </trkpt>
      <trkpt lat="45.38114" lon="6.19719">
        <ele>2062</ele>
        <time>2025-08-22T17:24:46+00:00</time>
      </trkpt>
      <trkpt lat="45.38122" lon="6.19724">
        <ele>2064</ele>
        <time>2025-08-22T17:24:49+00:00</time>
      </trkpt>
      <trkpt lat="45.38134" lon="6.19733">
        <ele>2062</ele>
        <time>2025-08-22T17:24:52+00:00</time>
      </trkpt>
      <trkpt lat="45.38147" lon="6.19734">
        <ele>2062</ele>
        <time>2025-08-22T17:24:55+00:00</time>
      </trkpt>
      <trkpt lat="45.38162" lon="6.19738">
        <ele>2063</ele>
        <time>2025-08-22T17:24:58+00:00</time>
      </trkpt>
      <trkpt lat="45.38172" lon="6.19734">
        <ele>2067</ele>
        <time>2025-08-22T17:25:01+00:00</time>
      </trkpt>
      <trkpt lat="45.38204" lon="6.19742">
        <ele>2069</ele>
        <time>2025-08-22T17:25:04+00:00</time>
      </trkpt>
      <trkpt lat="45.38211" lon="6.19745">
        <ele>2069</ele>
        <time>2025-08-22T17:25:07+00:00</time>
      </trkpt>
      <trkpt lat="45.38233" lon="6.1975">
        <ele>2069</ele>
        <time>2025-08-22T17:25:10+00:00</time>
      </trkpt>
      <trkpt lat="45.38241" lon="6.19749">
        <ele>2069</ele>
        <time>2025-08-22T17:25:13+00:00</time>
      </trkpt>
      <trkpt lat="45.38251" lon="6.19741">
        <ele>2064</ele>
        <time>2025-08-22T17:25:16+00:00</time>
      </trkpt>
      <trkpt lat="45.38266" lon="6.19744">
        <ele>2070</ele>
        <time>2025-08-22T17:25:19+00:00</time>
      </trkpt>
      <trkpt lat="45.38278" lon="6.19738">
        <ele>2059</ele>
        <time>2025-08-22T17:25:22+00:00</time>
      </trkpt>
      <trkpt lat="45.38288" lon="6.19722">
        <ele>2059</ele>
        <time>2025-08-22T17:25:25+00:00</time>
      </trkpt>
      <trkpt lat="45.3831" lon="6.1971">
        <ele>2053</ele>
        <time>2025-08-22T17:25:28+00:00</time>
      </trkpt>
      <trkpt lat="45.38327" lon="6.19707">
        <ele>2053</ele>
        <time>2025-08-22T17:25:31+00:00</time>
      </trkpt>
      <trkpt lat="45.38347" lon="6.1969">
        <ele>2038</ele>
        <time>2025-08-22T17:25:34+00:00</time>
      </trkpt>
      <trkpt lat="45.38382" lon="6.1966">
        <ele>2035</ele>
        <time>2025-08-22T17:25:37+00:00</time>
      </trkpt>
      <trkpt lat="45.38385" lon="6.19659">
        <ele>2035</ele>
        <time>2025-08-22T17:25:40+00:00</time>
      </trkpt>
      <trkpt lat="45.3839" lon="6.19659">
        <ele>2035</ele>
        <time>2025-08-22T17:25:43+00:00</time>
      </trkpt>
      <trkpt lat="45.38404" lon="6.19644">
        <ele>2026</ele>
        <time>2025-08-22T17:25:46+00:00</time>
      </trkpt>
      <trkpt lat="45.38426" lon="6.19616">
        <ele>2021</ele>
        <time>2025-08-22T17:25:49+00:00</time>
      </trkpt>
      <trkpt lat="45.38435" lon="6.19613">
        <ele>2015</ele>
        <time>2025-08-22T17:25:52+00:00</time>
      </trkpt>
      <trkpt lat="45.38446" lon="6.19602">
        <ele>2023</ele>
        <time>2025-08-22T17:25:55+00:00</time>
      </trkpt>
      <trkpt lat="45.38453" lon="6.19596">
        <ele>2009</ele>
        <time>2025-08-22T17:25:58+00:00</time>
      </trkpt>
      <trkpt lat="45.38455" lon="6.19589">
        <ele>2009</ele>
        <time>2025-08-22T17:26:01+00:00</time>
      </trkpt>
      <trkpt lat="45.38475" lon="6.19574">
        <ele>2025</ele>
        <time>2025-08-22T17:26:04+00:00</time>
      </trkpt>
      <trkpt lat="45.38483" lon="6.19569">
        <ele>2018</ele>
        <time>2025-08-22T17:26:07+00:00</time>
      </trkpt>
      <trkpt lat="45.38514" lon="6.19567">
        <ele>2026</ele>
        <time>2025-08-22T17:26:10+00:00</time>
      </trkpt>
      <trkpt lat="45.38525" lon="6.19575">
        <ele>2032</ele>
        <time>2025-08-22T17:26:13+00:00</time>
      </trkpt>
      <trkpt lat="45.38528" lon="6.19586">
        <ele>2033</ele>
        <time>2025-08-22T17:26:16+00:00</time>
      </trkpt>
      <trkpt lat="45.38541" lon="6.19608">
        <ele>2041</ele>
        <time>2025-08-22T17:26:19+00:00</time>
      </trkpt>
      <trkpt lat="45.38549" lon="6.1962">
        <ele>2041</ele>
        <time>2025-08-22T17:26:22+00:00</time>
      </trkpt>
      <trkpt lat="45.38556" lon="6.19629">
        <ele>2043</ele>
        <time>2025-08-22T17:26:25+00:00</time>
      </trkpt>
      <trkpt lat="45.38561" lon="6.19645">
        <ele>2050</ele>
        <time>2025-08-22T17:26:28+00:00</time>
      </trkpt>
      <trkpt lat="45.38559" lon="6.19671">
        <ele>2058</ele>
        <time>2025-08-22T17:26:31+00:00</time>
      </trkpt>
      <trkpt lat="45.3856" lon="6.1968">
        <ele>2058</ele>
        <time>2025-08-22T17:26:34+00:00</time>
      </trkpt>
      <trkpt lat="45.38559" lon="6.19715">
        <ele>2069</ele>
        <time>2025-08-22T17:26:37+00:00</time>
      </trkpt>
      <trkpt lat="45.38563" lon="6.19728">
        <ele>2077</ele>
        <time>2025-08-22T17:26:40+00:00</time>
      </trkpt>
      <trkpt lat="45.38567" lon="6.19745">
        <ele>2083</ele>
        <time>2025-08-22T17:26:43+00:00</time>
      </trkpt>
      <trkpt lat="45.3857" lon="6.19755">
        <ele>2087</ele>
        <time>2025-08-22T17:26:46+00:00</time>
      </trkpt>
      <trkpt lat="45.38573" lon="6.19761">
        <ele>2087</ele>
        <time>2025-08-22T17:26:49+00:00</time>
      </trkpt>
      <trkpt lat="45.38579" lon="6.19765">
        <ele>2087</ele>
        <time>2025-08-22T17:26:52+00:00</time>
      </trkpt>
      <trkpt lat="45.38586" lon="6.19771">
        <ele>2097</ele>
        <time>2025-08-22T17:26:55+00:00</time>
      </trkpt>
      <trkpt lat="45.38598" lon="6.19783">
        <ele>2105</ele>
        <time>2025-08-22T17:26:58+00:00</time>
      </trkpt>
      <trkpt lat="45.38602" lon="6.19793">
        <ele>2106</ele>
        <time>2025-08-22T17:27:01+00:00</time>
      </trkpt>
      <trkpt lat="45.38611" lon="6.1981">
        <ele>2110</ele>
        <time>2025-08-22T17:27:04+00:00</time>
      </trkpt>
      <trkpt lat="45.38617" lon="6.19823">
        <ele>2115</ele>
        <time>2025-08-22T17:27:07+00:00</time>
      </trkpt>
      <trkpt lat="45.38626" lon="6.19835">
        <ele>2115</ele>
        <time>2025-08-22T17:27:10+00:00</time>
      </trkpt>
      <trkpt lat="45.38631" lon="6.1986">
        <ele>2127</ele>
        <time>2025-08-22T17:27:13+00:00</time>
      </trkpt>
      <trkpt lat="45.38636" lon="6.1986">
        <ele>2127</ele>
        <time>2025-08-22T17:27:16+00:00</time>
      </trkpt>
      <trkpt lat="45.38642" lon="6.19852">
        <ele>2127</ele>
        <time>2025-08-22T17:27:19+00:00</time>
      </trkpt>
      <trkpt lat="45.3865" lon="6.19847">
        <ele>2127</ele>
        <time>2025-08-22T17:27:22+00:00</time>
      </trkpt>
      <trkpt lat="45.38656" lon="6.19833">
        <ele>2140</ele>
        <time>2025-08-22T17:27:25+00:00</time>
      </trkpt>
      <trkpt lat="45.38664" lon="6.19832">
        <ele>2156</ele>
        <time>2025-08-22T17:27:28+00:00</time>
      </trkpt>
      <trkpt lat="45.38671" lon="6.19808">
        <ele>2156</ele>
        <time>2025-08-22T17:27:31+00:00</time>
      </trkpt>
      <trkpt lat="45.38681" lon="6.19777">
        <ele>2161</ele>
        <time>2025-08-22T17:27:34+00:00</time>
      </trkpt>
      <trkpt lat="45.38692" lon="6.19746">
        <ele>2167</ele>
        <time>2025-08-22T17:27:37+00:00</time>
      </trkpt>
      <trkpt lat="45.38696" lon="6.19726">
        <ele>2172</ele>
        <time>2025-08-22T17:27:40+00:00</time>
      </trkpt>
      <trkpt lat="45.38702" lon="6.19718">
        <ele>2175</ele>
        <time>2025-08-22T17:27:43+00:00</time>
      </trkpt>
      <trkpt lat="45.38725" lon="6.19728">
        <ele>2188</ele>
        <time>2025-08-22T17:27:46+00:00</time>
      </trkpt>
      <trkpt lat="45.38742" lon="6.1973">
        <ele>2192</ele>
        <time>2025-08-22T17:27:49+00:00</time>
      </trkpt>
      <trkpt lat="45.38765" lon="6.19737">
        <ele>2195</ele>
        <time>2025-08-22T17:27:52+00:00</time>
      </trkpt>
      <trkpt lat="45.38787" lon="6.19751">
        <ele>2219</ele>
        <time>2025-08-22T17:27:55+00:00</time>
      </trkpt>
      <trkpt lat="45.3882" lon="6.19758">
        <ele>2223</ele>
        <time>2025-08-22T17:27:58+00:00</time>
      </trkpt>
      <trkpt lat="45.3883" lon="6.19768">
        <ele>2225</ele>
        <time>2025-08-22T17:28:01+00:00</time>
      </trkpt>
      <trkpt lat="45.38844" lon="6.19794">
        <ele>2223</ele>
        <time>2025-08-22T17:28:04+00:00</time>
      </trkpt>
      <trkpt lat="45.38866" lon="6.19808">
        <ele>2223</ele>
        <time>2025-08-22T17:28:07+00:00</time>
      </trkpt>
      <trkpt lat="45.38905" lon="6.19814">
        <ele>2235</ele>
        <time>2025-08-22T17:28:10+00:00</time>
      </trkpt>
      <trkpt lat="45.3894" lon="6.19825">
        <ele>2244</ele>
        <time>2025-08-22T17:28:13+00:00</time>
      </trkpt>
      <trkpt lat="45.38968" lon="6.19848">
        <ele>2248</ele>
        <time>2025-08-22T17:28:16+00:00</time>
      </trkpt>
      <trkpt lat="45.38997" lon="6.19867">
        <ele>2256</ele>
        <time>2025-08-22T17:28:19+00:00</time>
      </trkpt>
      <trkpt lat="45.39012" lon="6.19855">
        <ele>2257</ele>
        <time>2025-08-22T17:28:22+00:00</time>
      </trkpt>
      <trkpt lat="45.39032" lon="6.19859">
        <ele>2257</ele>
        <time>2025-08-22T17:28:25+00:00</time>
      </trkpt>
      <trkpt lat="45.39046" lon="6.19868">
        <ele>2263</ele>
        <time>2025-08-22T17:28:28+00:00</time>
      </trkpt>
      <trkpt lat="45.39064" lon="6.19878">
        <ele>2266</ele>
        <time>2025-08-22T17:28:31+00:00</time>
      </trkpt>
      <trkpt lat="45.39083" lon="6.19882">
        <ele>2271</ele>
        <time>2025-08-22T17:28:34+00:00</time>
      </trkpt>
      <trkpt lat="45.39104" lon="6.19883">
        <ele>2270</ele>
        <time>2025-08-22T17:28:37+00:00</time>
      </trkpt>
      <trkpt lat="45.39126" lon="6.19885">
        <ele>2270</ele>
        <time>2025-08-22T17:28:40+00:00</time>
      </trkpt>
      <trkpt lat="45.39141" lon="6.19877">
        <ele>2261</ele>
        <time>2025-08-22T17:28:43+00:00</time>
      </trkpt>
      <trkpt lat="45.3915" lon="6.1988">
        <ele>2261</ele>
        <time>2025-08-22T17:28:46+00:00</time>
      </trkpt>
      <trkpt lat="45.3917" lon="6.199">
        <ele>2257</ele>
        <time>2025-08-22T17:28:49+00:00</time>
      </trkpt>
      <trkpt lat="45.39187" lon="6.1991">
        <ele>2255</ele>
        <time>2025-08-22T17:28:52+00:00</time>
      </trkpt>
      <trkpt lat="45.392" lon="6.1991">
        <ele>2255</ele>
        <time>2025-08-22T17:28:55+00:00</time>
      </trkpt>
      <trkpt lat="45.3921" lon="6.19903">
        <ele>2252</ele>
        <time>2025-08-22T17:28:58+00:00</time>
      </trkpt>
      <trkpt lat="45.39215" lon="6.19907">
        <ele>2250</ele>
        <time>2025-08-22T17:29:01+00:00</time>
      </trkpt>
      <trkpt lat="45.39224" lon="6.19929">
        <ele>2255</ele>
        <time>2025-08-22T17:29:04+00:00</time>
      </trkpt>
      <trkpt lat="45.39234" lon="6.19956">
        <ele>2259</ele>
        <time>2025-08-22T17:29:07+00:00</time>
      </trkpt>
      <trkpt lat="45.39238" lon="6.19982">
        <ele>2263</ele>
        <time>2025-08-22T17:29:10+00:00</time>
      </trkpt>
      <trkpt lat="45.39248" lon="6.20001">
        <ele>2253</ele>
        <time>2025-08-22T17:29:13+00:00</time>
      </trkpt>
      <trkpt lat="45.39259" lon="6.20005">
        <ele>2260</ele>
        <time>2025-08-22T17:29:16+00:00</time>
      </trkpt>
      <trkpt lat="45.39265" lon="6.2001">
        <ele>2250</ele>
        <time>2025-08-22T17:29:19+00:00</time>
      </trkpt>
      <trkpt lat="45.3927" lon="6.2002">
        <ele>2248</ele>
        <time>2025-08-22T17:29:22+00:00</time>
      </trkpt>
      <trkpt lat="45.39281" lon="6.20023">
        <ele>2237</ele>
        <time>2025-08-22T17:29:25+00:00</time>
      </trkpt>
      <trkpt lat="45.39306" lon="6.20051">
        <ele>2229</ele>
        <time>2025-08-22T17:29:28+00:00</time>
      </trkpt>
      <trkpt lat="45.39344" lon="6.20084">
        <ele>2215</ele>
        <time>2025-08-22T17:29:31+00:00</time>
      </trkpt>
      <trkpt lat="45.39356" lon="6.20091">
        <ele>2206</ele>
        <time>2025-08-22T17:29:34+00:00</time>
      </trkpt>
      <trkpt lat="45.3937" lon="6.20101">
        <ele>2209</ele>
        <time>2025-08-22T17:29:37+00:00</time>
      </trkpt>
      <trkpt lat="45.39384" lon="6.20105">
        <ele>2202</ele>
        <time>2025-08-22T17:29:40+00:00</time>
      </trkpt>
      <trkpt lat="45.39394" lon="6.20102">
        <ele>2202</ele>
        <time>2025-08-22T17:29:43+00:00</time>
      </trkpt>
      <trkpt lat="45.39404" lon="6.20103">
        <ele>2199</ele>
        <time>2025-08-22T17:29:46+00:00</time>
      </trkpt>
      <trkpt lat="45.39414" lon="6.20107">
        <ele>2199</ele>
        <time>2025-08-22T17:29:49+00:00</time>
      </trkpt>
      <trkpt lat="45.3943" lon="6.20105">
        <ele>2197</ele>
        <time>2025-08-22T17:29:52+00:00</time>
      </trkpt>
      <trkpt lat="45.3945" lon="6.20097">
        <ele>2198</ele>
        <time>2025-08-22T17:29:55+00:00</time>
      </trkpt>
      <trkpt lat="45.39466" lon="6.20082">
        <ele>2198</ele>
        <time>2025-08-22T17:29:58+00:00</time>
      </trkpt>
      <trkpt lat="45.39505" lon="6.20072">
        <ele>2206</ele>
        <time>2025-08-22T17:30:01+00:00</time>
      </trkpt>
      <trkpt lat="45.39525" lon="6.20071">
        <ele>2218</ele>
        <time>2025-08-22T17:30:04+00:00</time>
      </trkpt>
      <trkpt lat="45.3955" lon="6.20062">
        <ele>2230</ele>
        <time>2025-08-22T17:30:07+00:00</time>
      </trkpt>
      <trkpt lat="45.39556" lon="6.20065">
        <ele>2230</ele>
        <time>2025-08-22T17:30:10+00:00</time>
      </trkpt>
      <trkpt lat="45.39561" lon="6.20066">
        <ele>2238</ele>
        <time>2025-08-22T17:30:13+00:00</time>
      </trkpt>
      <trkpt lat="45.39568" lon="6.20061">
        <ele>2238</ele>
        <time>2025-08-22T17:30:16+00:00</time>
      </trkpt>
      <trkpt lat="45.39581" lon="6.20064">
        <ele>2247</ele>
        <time>2025-08-22T17:30:19+00:00</time>
      </trkpt>
      <trkpt lat="45.39589" lon="6.20049">
        <ele>2234</ele>
        <time>2025-08-22T17:30:22+00:00</time>
      </trkpt>
      <trkpt lat="45.39596" lon="6.20043">
        <ele>2239</ele>
        <time>2025-08-22T17:30:25+00:00</time>
      </trkpt>
      <trkpt lat="45.39599" lon="6.20035">
        <ele>2239</ele>
        <time>2025-08-22T17:30:28+00:00</time>
      </trkpt>
      <trkpt lat="45.39604" lon="6.20029">
        <ele>2230</ele>
        <time>2025-08-22T17:30:31+00:00</time>
      </trkpt>
      <trkpt lat="45.39604" lon="6.20008">
        <ele>2221</ele>
        <time>2025-08-22T17:30:34+00:00</time>
      </trkpt>
      <trkpt lat="45.39601" lon="6.19984">
        <ele>2214</ele>
        <time>2025-08-22T17:30:37+00:00</time>
      </trkpt>
      <trkpt lat="45.39601" lon="6.19965">
        <ele>2209</ele>
        <time>2025-08-22T17:30:40+00:00</time>
      </trkpt>
      <trkpt lat="45.39603" lon="6.19946">
        <ele>2217</ele>
        <time>2025-08-22T17:30:43+00:00</time>
      </trkpt>
      <trkpt lat="45.39621" lon="6.19929">
        <ele>2220</ele>
        <time>2025-08-22T17:30:46+00:00</time>
      </trkpt>
      <trkpt lat="45.39633" lon="6.19919">
        <ele>2220</ele>
        <time>2025-08-22T17:30:49+00:00</time>
      </trkpt>
      <trkpt lat="45.39637" lon="6.19907">
        <ele>2221</ele>
        <time>2025-08-22T17:30:52+00:00</time>
      </trkpt>
      <trkpt lat="45.39647" lon="6.19896">
        <ele>2231</ele>
        <time>2025-08-22T17:30:55+00:00</time>
      </trkpt>
      <trkpt lat="45.39653" lon="6.19874">
        <ele>2226</ele>
        <time>2025-08-22T17:30:58+00:00</time>
      </trkpt>
      <trkpt lat="45.39657" lon="6.19867">
        <ele>2233</ele>
        <time>2025-08-22T17:31:01+00:00</time>
      </trkpt>
      <trkpt lat="45.3966" lon="6.19866">
        <ele>2233</ele>
        <time>2025-08-22T17:31:04+00:00</time>
      </trkpt>
      <trkpt lat="45.39673" lon="6.19864">
        <ele>2228</ele>
        <time>2025-08-22T17:31:07+00:00</time>
      </trkpt>
      <trkpt lat="45.39679" lon="6.19862">
        <ele>2231</ele>
        <time>2025-08-22T17:31:10+00:00</time>
      </trkpt>
      <trkpt lat="45.39683" lon="6.19863">
        <ele>2230</ele>
        <time>2025-08-22T17:31:13+00:00</time>
      </trkpt>
      <trkpt lat="45.39686" lon="6.1986">
        <ele>2222</ele>
        <time>2025-08-22T17:31:16+00:00</time>
      </trkpt>
      <trkpt lat="45.39686" lon="6.19858">
        <ele>2222</ele>
        <time>2025-08-22T17:31:19+00:00</time>
      </trkpt>
      <trkpt lat="45.3969" lon="6.19862">
        <ele>2224</ele>
        <time>2025-08-22T17:31:22+00:00</time>
      </trkpt>
      <trkpt lat="45.3969" lon="6.19867">
        <ele>2230</ele>
        <time>2025-08-22T17:31:25+00:00</time>
      </trkpt>
      <trkpt lat="45.39697" lon="6.19879">
        <ele>2220</ele>
        <time>2025-08-22T17:31:28+00:00</time>
      </trkpt>
      <trkpt lat="45.39701" lon="6.19895">
        <ele>2220</ele>
        <time>2025-08-22T17:31:31+00:00</time>
      </trkpt>
      <trkpt lat="45.39706" lon="6.19902">
        <ele>2220</ele>
        <time>2025-08-22T17:31:34+00:00</time>
      </trkpt>
      <trkpt lat="45.39709" lon="6.19908">
        <ele>2220</ele>
        <time>2025-08-22T17:31:37+00:00</time>
      </trkpt>
      <trkpt lat="45.3972" lon="6.19921">
        <ele>2208</ele>
        <time>2025-08-22T17:31:40+00:00</time>
      </trkpt>
      <trkpt lat="45.39727" lon="6.19926">
        <ele>2208</ele>
        <time>2025-08-22T17:31:43+00:00</time>
      </trkpt>
      <trkpt lat="45.39736" lon="6.19938">
        <ele>2197</ele>
        <time>2025-08-22T17:31:46+00:00</time>
      </trkpt>
      <trkpt lat="45.39743" lon="6.19943">
        <ele>2187</ele>
        <time>2025-08-22T17:31:49+00:00</time>
      </trkpt>
      <trkpt lat="45.39745" lon="6.19946">
        <ele>2187</ele>
        <time>2025-08-22T17:31:52+00:00</time>
      </trkpt>
      <trkpt lat="45.3975" lon="6.1995">
        <ele>2187</ele>
        <time>2025-08-22T17:31:55+00:00</time>
      </trkpt>
      <trkpt lat="45.39756" lon="6.19952">
        <ele>2187</ele>
        <time>2025-08-22T17:31:58+00:00</time>
      </trkpt>
      <trkpt lat="45.39755" lon="6.19948">
        <ele>2187</ele>
        <time>2025-08-22T17:32:01+00:00</time>
      </trkpt>
      <trkpt lat="45.39756" lon="6.19944">
        <ele>2187</ele>
        <time>2025-08-22T17:32:04+00:00</time>
      </trkpt>
      <trkpt lat="45.39771" lon="6.19956">
        <ele>2174</ele>
        <time>2025-08-22T17:32:07+00:00</time>
      </trkpt>
      <trkpt lat="45.39784" lon="6.19963">
        <ele>2169</ele>
        <time>2025-08-22T17:32:10+00:00</time>
      </trkpt>
      <trkpt lat="45.39786" lon="6.19965">
        <ele>2169</ele>
        <time>2025-08-22T17:32:13+00:00</time>
      </trkpt>
      <trkpt lat="45.39795" lon="6.19968">
        <ele>2169</ele>
        <time>2025-08-22T17:32:16+00:00</time>
      </trkpt>
      <trkpt lat="45.39796" lon="6.19966">
        <ele>2169</ele>
        <time>2025-08-22T17:32:19+00:00</time>
      </trkpt>
      <trkpt lat="45.39801" lon="6.19965">
        <ele>2158</ele>
        <time>2025-08-22T17:32:22+00:00</time>
      </trkpt>
      <trkpt lat="45.39803" lon="6.19963">
        <ele>2158</ele>
        <time>2025-08-22T17:32:25+00:00</time>
      </trkpt>
      <trkpt lat="45.39811" lon="6.19963">
        <ele>2150</ele>
        <time>2025-08-22T17:32:28+00:00</time>
      </trkpt>
      <trkpt lat="45.39818" lon="6.19965">
        <ele>2150</ele>
        <time>2025-08-22T17:32:31+00:00</time>
      </trkpt>
      <trkpt lat="45.39824" lon="6.19961">
        <ele>2150</ele>
        <time>2025-08-22T17:32:34+00:00</time>
      </trkpt>
      <trkpt lat="45.39833" lon="6.1996">
        <ele>2134</ele>
        <time>2025-08-22T17:32:37+00:00</time>
      </trkpt>
      <trkpt lat="45.39841" lon="6.19958">
        <ele>2134</ele>
        <time>2025-08-22T17:32:40+00:00</time>
      </trkpt>
      <trkpt lat="45.39851" lon="6.19953">
        <ele>2131</ele>
        <time>2025-08-22T17:32:43+00:00</time>
      </trkpt>
      <trkpt lat="45.39855" lon="6.19952">
        <ele>2131</ele>
        <time>2025-08-22T17:32:46+00:00</time>
      </trkpt>
      <trkpt lat="45.39861" lon="6.19947">
        <ele>2132</ele>
        <time>2025-08-22T17:32:49+00:00</time>
      </trkpt>
      <trkpt lat="45.39864" lon="6.19947">
        <ele>2132</ele>
        <time>2025-08-22T17:32:52+00:00</time>
      </trkpt>
      <trkpt lat="45.39865" lon="6.19945">
        <ele>2132</ele>
        <time>2025-08-22T17:32:55+00:00</time>
      </trkpt>
      <trkpt lat="45.39867" lon="6.19943">
        <ele>2132</ele>
        <time>2025-08-22T17:32:58+00:00</time>
      </trkpt>
      <trkpt lat="45.39882" lon="6.19936">
        <ele>2124</ele>
        <time>2025-08-22T17:33:01+00:00</time>
      </trkpt>
      <trkpt lat="45.39885" lon="6.19934">
        <ele>2124</ele>
        <time>2025-08-22T17:33:04+00:00</time>
      </trkpt>
      <trkpt lat="45.39889" lon="6.19929">
        <ele>2114</ele>
        <time>2025-08-22T17:33:07+00:00</time>
      </trkpt>
      <trkpt lat="45.39901" lon="6.1992">
        <ele>2119</ele>
        <time>2025-08-22T17:33:10+00:00</time>
      </trkpt>
      <trkpt lat="45.39906" lon="6.19914">
        <ele>2119</ele>
        <time>2025-08-22T17:33:13+00:00</time>
      </trkpt>
      <trkpt lat="45.39914" lon="6.19901">
        <ele>2110</ele>
        <time>2025-08-22T17:33:16+00:00</time>
      </trkpt>
      <trkpt lat="45.39922" lon="6.19893">
        <ele>2115</ele>
        <time>2025-08-22T17:33:19+00:00</time>
      </trkpt>
      <trkpt lat="45.39924" lon="6.1989">
        <ele>2104</ele>
        <time>2025-08-22T17:33:22+00:00</time>
      </trkpt>
      <trkpt lat="45.39929" lon="6.19887">
        <ele>2104</ele>
        <time>2025-08-22T17:33:25+00:00</time>
      </trkpt>
      <trkpt lat="45.39928" lon="6.19885">
        <ele>2104</ele>
        <time>2025-08-22T17:33:28+00:00</time>
      </trkpt>
      <trkpt lat="45.39928" lon="6.19883">
        <ele>2104</ele>
        <time>2025-08-22T17:33:31+00:00</time>
      </trkpt>
      <trkpt lat="45.39929" lon="6.1988">
        <ele>2104</ele>
        <time>2025-08-22T17:33:34+00:00</time>
      </trkpt>
      <trkpt lat="45.39936" lon="6.19872">
        <ele>2111</ele>
        <time>2025-08-22T17:33:37+00:00</time>
      </trkpt>
      <trkpt lat="45.3994" lon="6.19866">
        <ele>2102</ele>
        <time>2025-08-22T17:33:40+00:00</time>
      </trkpt>
      <trkpt lat="45.39945" lon="6.19861">
        <ele>2102</ele>
        <time>2025-08-22T17:33:43+00:00</time>
      </trkpt>
      <trkpt lat="45.39949" lon="6.19859">
        <ele>2093</ele>
        <time>2025-08-22T17:33:46+00:00</time>
      </trkpt>
      <trkpt lat="45.39952" lon="6.19854">
        <ele>2099</ele>
        <time>2025-08-22T17:33:49+00:00</time>
      </trkpt>
      <trkpt lat="45.39958" lon="6.19839">
        <ele>2091</ele>
        <time>2025-08-22T17:33:52+00:00</time>
      </trkpt>
      <trkpt lat="45.39961" lon="6.19833">
        <ele>2091</ele>
        <time>2025-08-22T17:33:55+00:00</time>
      </trkpt>
      <trkpt lat="45.39963" lon="6.1983">
        <ele>2091</ele>
        <time>2025-08-22T17:33:58+00:00</time>
      </trkpt>
      <trkpt lat="45.3997" lon="6.19824">
        <ele>2091</ele>
        <time>2025-08-22T17:34:01+00:00</time>
      </trkpt>
      <trkpt lat="45.39972" lon="6.19821">
        <ele>2096</ele>
        <time>2025-08-22T17:34:04+00:00</time>
      </trkpt>
      <trkpt lat="45.39974" lon="6.19814">
        <ele>2088</ele>
        <time>2025-08-22T17:34:07+00:00</time>
      </trkpt>
      <trkpt lat="45.39973" lon="6.1981">
        <ele>2088</ele>
        <time>2025-08-22T17:34:10+00:00</time>
      </trkpt>
      <trkpt lat="45.39973" lon="6.19806">
        <ele>2081</ele>
        <time>2025-08-22T17:34:13+00:00</time>
      </trkpt>
      <trkpt lat="45.39977" lon="6.19796">
        <ele>2081</ele>
        <time>2025-08-22T17:34:16+00:00</time>
      </trkpt>
      <trkpt lat="45.3998" lon="6.1979">
        <ele>2075</ele>
        <time>2025-08-22T17:34:19+00:00</time>
      </trkpt>
      <trkpt lat="45.39981" lon="6.19786">
        <ele>2085</ele>
        <time>2025-08-22T17:34:22+00:00</time>
      </trkpt>
      <trkpt lat="45.39984" lon="6.19766">
        <ele>2081</ele>
        <time>2025-08-22T17:34:25+00:00</time>
      </trkpt>
      <trkpt lat="45.39983" lon="6.19762">
        <ele>2081</ele>
        <time>2025-08-22T17:34:28+00:00</time>
      </trkpt>
      <trkpt lat="45.39981" lon="6.19758">
        <ele>2081</ele>
        <time>2025-08-22T17:34:31+00:00</time>
      </trkpt>
      <trkpt lat="45.39981" lon="6.19754">
        <ele>2081</ele>
        <time>2025-08-22T17:34:34+00:00</time>
      </trkpt>
      <trkpt lat="45.3998" lon="6.19748">
        <ele>2064</ele>
        <time>2025-08-22T17:34:37+00:00</time>
      </trkpt>
      <trkpt lat="45.39979" lon="6.19744">
        <ele>2064</ele>
        <time>2025-08-22T17:34:40+00:00</time>
      </trkpt>
      <trkpt lat="45.39977" lon="6.19741">
        <ele>2064</ele>
        <time>2025-08-22T17:34:43+00:00</time>
      </trkpt>
      <trkpt lat="45.39977" lon="6.19738">
        <ele>2062</ele>
        <time>2025-08-22T17:34:46+00:00</time>
      </trkpt>
      <trkpt lat="45.39976" lon="6.19737">
        <ele>2062</ele>
        <time>2025-08-22T17:34:49+00:00</time>
      </trkpt>
      <trkpt lat="45.39974" lon="6.19737">
        <ele>2062</ele>
        <time>2025-08-22T17:34:52+00:00</time>
      </trkpt>
      <trkpt lat="45.39974" lon="6.19734">
        <ele>2062</ele>
        <time>2025-08-22T17:34:55+00:00</time>
      </trkpt>
      <trkpt lat="45.39969" lon="6.19725">
        <ele>2051</ele>
        <time>2025-08-22T17:34:58+00:00</time>
      </trkpt>
      <trkpt lat="45.39969" lon="6.19723">
        <ele>2051</ele>
        <time>2025-08-22T17:35:01+00:00</time>
      </trkpt>
      <trkpt lat="45.39968" lon="6.1972">
        <ele>2049</ele>
        <time>2025-08-22T17:35:04+00:00</time>
      </trkpt>
      <trkpt lat="45.39965" lon="6.19716">
        <ele>2049</ele>
        <time>2025-08-22T17:35:07+00:00</time>
      </trkpt>
      <trkpt lat="45.39963" lon="6.1971">
        <ele>2049</ele>
        <time>2025-08-22T17:35:10+00:00</time>
      </trkpt>
      <trkpt lat="45.3996" lon="6.19705">
        <ele>2049</ele>
        <time>2025-08-22T17:35:13+00:00</time>
      </trkpt>
      <trkpt lat="45.39959" lon="6.197">
        <ele>2048</ele>
        <time>2025-08-22T17:35:16+00:00</time>
      </trkpt>
      <trkpt lat="45.39955" lon="6.19693">
        <ele>2048</ele>
        <time>2025-08-22T17:35:19+00:00</time>
      </trkpt>
      <trkpt lat="45.39955" lon="6.19686">
        <ele>2043</ele>
        <time>2025-08-22T17:35:22+00:00</time>
      </trkpt>
      <trkpt lat="45.39952" lon="6.19678">
        <ele>2043</ele>
        <time>2025-08-22T17:35:25+00:00</time>
      </trkpt>
      <trkpt lat="45.39952" lon="6.19675">
        <ele>2043</ele>
        <time>2025-08-22T17:35:28+00:00</time>
      </trkpt>
      <trkpt lat="45.39951" lon="6.19673">
        <ele>2043</ele>
        <time>2025-08-22T17:35:31+00:00</time>
      </trkpt>
      <trkpt lat="45.39953" lon="6.1967">
        <ele>2035</ele>
        <time>2025-08-22T17:35:34+00:00</time>
      </trkpt>
      <trkpt lat="45.39955" lon="6.19665">
        <ele>2035</ele>
        <time>2025-08-22T17:35:37+00:00</time>
      </trkpt>
      <trkpt lat="45.39955" lon="6.19659">
        <ele>2035</ele>
        <time>2025-08-22T17:35:40+00:00</time>
      </trkpt>
      <trkpt lat="45.39958" lon="6.19656">
        <ele>2035</ele>
        <time>2025-08-22T17:35:43+00:00</time>
      </trkpt>
      <trkpt lat="45.39962" lon="6.1965">
        <ele>2025</ele>
        <time>2025-08-22T17:35:46+00:00</time>
      </trkpt>
      <trkpt lat="45.39966" lon="6.19643">
        <ele>2025</ele>
        <time>2025-08-22T17:35:49+00:00</time>
      </trkpt>
      <trkpt lat="45.39967" lon="6.1964">
        <ele>2025</ele>
        <time>2025-08-22T17:35:52+00:00</time>
      </trkpt>
      <trkpt lat="45.3997" lon="6.19638">
        <ele>2025</ele>
        <time>2025-08-22T17:35:55+00:00</time>
      </trkpt>
      <trkpt lat="45.39972" lon="6.19634">
        <ele>2028</ele>
        <time>2025-08-22T17:35:58+00:00</time>
      </trkpt>
      <trkpt lat="45.39975" lon="6.19631">
        <ele>2028</ele>
        <time>2025-08-22T17:36:01+00:00</time>
      </trkpt>
      <trkpt lat="45.39979" lon="6.19625">
        <ele>2019</ele>
        <time>2025-08-22T17:36:04+00:00</time>
      </trkpt>
      <trkpt lat="45.39981" lon="6.1962">
        <ele>2019</ele>
        <time>2025-08-22T17:36:07+00:00</time>
      </trkpt>
      <trkpt lat="45.39981" lon="6.19615">
        <ele>2019</ele>
        <time>2025-08-22T17:36:10+00:00</time>
      </trkpt>
      <trkpt lat="45.39992" lon="6.1959">
        <ele>2012</ele>
        <time>2025-08-22T17:36:13+00:00</time>
      </trkpt>
      <trkpt lat="45.39991" lon="6.19587">
        <ele>2012</ele>
        <time>2025-08-22T17:36:16+00:00</time>
      </trkpt>
      <trkpt lat="45.39993" lon="6.19586">
        <ele>2012</ele>
        <time>2025-08-22T17:36:19+00:00</time>
      </trkpt>
      <trkpt lat="45.39995" lon="6.19582">
        <ele>2012</ele>
        <time>2025-08-22T17:36:22+00:00</time>
      </trkpt>
      <trkpt lat="45.39997" lon="6.19576">
        <ele>2004</ele>
        <time>2025-08-22T17:36:25+00:00</time>
      </trkpt>
      <trkpt lat="45.39998" lon="6.19571">
        <ele>2004</ele>
        <time>2025-08-22T17:36:28+00:00</time>
      </trkpt>
      <trkpt lat="45.40004" lon="6.19558">
        <ele>2003</ele>
        <time>2025-08-22T17:36:31+00:00</time>
      </trkpt>
      <trkpt lat="45.40006" lon="6.19548">
        <ele>1996</ele>
        <time>2025-08-22T17:36:34+00:00</time>
      </trkpt>
      <trkpt lat="45.4001" lon="6.19546">
        <ele>1996</ele>
        <time>2025-08-22T17:36:37+00:00</time>
      </trkpt>
      <trkpt lat="45.40011" lon="6.1953">
        <ele>1990</ele>
        <time>2025-08-22T17:36:40+00:00</time>
      </trkpt>
      <trkpt lat="45.40017" lon="6.19512">
        <ele>1990</ele>
        <time>2025-08-22T17:36:43+00:00</time>
      </trkpt>
      <trkpt lat="45.40019" lon="6.19499">
        <ele>1987</ele>
        <time>2025-08-22T17:36:46+00:00</time>
      </trkpt>
      <trkpt lat="45.40024" lon="6.19484">
        <ele>1988</ele>
        <time>2025-08-22T17:36:49+00:00</time>
      </trkpt>
      <trkpt lat="45.40025" lon="6.19479">
        <ele>1985</ele>
        <time>2025-08-22T17:36:52+00:00</time>
      </trkpt>
      <trkpt lat="45.40025" lon="6.19475">
        <ele>1985</ele>
        <time>2025-08-22T17:36:55+00:00</time>
      </trkpt>
      <trkpt lat="45.40026" lon="6.19471">
        <ele>1985</ele>
        <time>2025-08-22T17:36:58+00:00</time>
      </trkpt>
      <trkpt lat="45.40025" lon="6.19467">
        <ele>1985</ele>
        <time>2025-08-22T17:37:01+00:00</time>
      </trkpt>
      <trkpt lat="45.40025" lon="6.19455">
        <ele>1982</ele>
        <time>2025-08-22T17:37:04+00:00</time>
      </trkpt>
      <trkpt lat="45.40026" lon="6.19449">
        <ele>1977</ele>
        <time>2025-08-22T17:37:07+00:00</time>
      </trkpt>
      <trkpt lat="45.40029" lon="6.19441">
        <ele>1977</ele>
        <time>2025-08-22T17:37:10+00:00</time>
      </trkpt>
      <trkpt lat="45.40035" lon="6.19431">
        <ele>1977</ele>
        <time>2025-08-22T17:37:13+00:00</time>
      </trkpt>
      <trkpt lat="45.40038" lon="6.19427">
        <ele>1972</ele>
        <time>2025-08-22T17:37:16+00:00</time>
      </trkpt>
      <trkpt lat="45.40043" lon="6.19416">
        <ele>1977</ele>
        <time>2025-08-22T17:37:19+00:00</time>
      </trkpt>
      <trkpt lat="45.40047" lon="6.19414">
        <ele>1977</ele>
        <time>2025-08-22T17:37:22+00:00</time>
      </trkpt>
      <trkpt lat="45.40052" lon="6.19409">
        <ele>1978</ele>
        <time>2025-08-22T17:37:25+00:00</time>
      </trkpt>
      <trkpt lat="45.40054" lon="6.19404">
        <ele>1978</ele>
        <time>2025-08-22T17:37:28+00:00</time>
      </trkpt>
      <trkpt lat="45.40057" lon="6.19401">
        <ele>1978</ele>
        <time>2025-08-22T17:37:31+00:00</time>
      </trkpt>
      <trkpt lat="45.40063" lon="6.19385">
        <ele>1974</ele>
        <time>2025-08-22T17:37:34+00:00</time>
      </trkpt>
      <trkpt lat="45.40066" lon="6.19366">
        <ele>1971</ele>
        <time>2025-08-22T17:37:37+00:00</time>
      </trkpt>
      <trkpt lat="45.40066" lon="6.1936">
        <ele>1968</ele>
        <time>2025-08-22T17:37:40+00:00</time>
      </trkpt>
      <trkpt lat="45.40068" lon="6.19355">
        <ele>1976</ele>
        <time>2025-08-22T17:37:43+00:00</time>
      </trkpt>
      <trkpt lat="45.40069" lon="6.19348">
        <ele>1968</ele>
        <time>2025-08-22T17:37:46+00:00</time>
      </trkpt>
      <trkpt lat="45.40072" lon="6.19343">
        <ele>1980</ele>
        <time>2025-08-22T17:37:49+00:00</time>
      </trkpt>
      <trkpt lat="45.40076" lon="6.19331">
        <ele>1974</ele>
        <time>2025-08-22T17:37:52+00:00</time>
      </trkpt>
      <trkpt lat="45.4008" lon="6.19322">
        <ele>1978</ele>
        <time>2025-08-22T17:37:55+00:00</time>
      </trkpt>
      <trkpt lat="45.40079" lon="6.19318">
        <ele>1976</ele>
        <time>2025-08-22T17:37:58+00:00</time>
      </trkpt>
      <trkpt lat="45.40079" lon="6.19315">
        <ele>1976</ele>
        <time>2025-08-22T17:38:01+00:00</time>
      </trkpt>
      <trkpt lat="45.40088" lon="6.19303">
        <ele>1976</ele>
        <time>2025-08-22T17:38:04+00:00</time>
      </trkpt>
      <trkpt lat="45.40097" lon="6.19284">
        <ele>1978</ele>
        <time>2025-08-22T17:38:07+00:00</time>
      </trkpt>
      <trkpt lat="45.40101" lon="6.1928">
        <ele>1978</ele>
        <time>2025-08-22T17:38:10+00:00</time>
      </trkpt>
      <trkpt lat="45.40104" lon="6.19275">
        <ele>1978</ele>
        <time>2025-08-22T17:38:13+00:00</time>
      </trkpt>
      <trkpt lat="45.40113" lon="6.19256">
        <ele>1981</ele>
        <time>2025-08-22T17:38:16+00:00</time>
      </trkpt>
      <trkpt lat="45.40115" lon="6.19253">
        <ele>1981</ele>
        <time>2025-08-22T17:38:19+00:00</time>
      </trkpt>
      <trkpt lat="45.40121" lon="6.19247">
        <ele>1991</ele>
        <time>2025-08-22T17:38:22+00:00</time>
      </trkpt>
      <trkpt lat="45.40124" lon="6.19243">
        <ele>1991</ele>
        <time>2025-08-22T17:38:25+00:00</time>
      </trkpt>
      <trkpt lat="45.40127" lon="6.19241">
        <ele>1991</ele>
        <time>2025-08-22T17:38:28+00:00</time>
      </trkpt>
      <trkpt lat="45.40132" lon="6.1924">
        <ele>1985</ele>
        <time>2025-08-22T17:38:31+00:00</time>
      </trkpt>
      <trkpt lat="45.40133" lon="6.19236">
        <ele>1985</ele>
        <time>2025-08-22T17:38:34+00:00</time>
      </trkpt>
      <trkpt lat="45.40136" lon="6.19232">
        <ele>1985</ele>
        <time>2025-08-22T17:38:37+00:00</time>
      </trkpt>
      <trkpt lat="45.40137" lon="6.19228">
        <ele>1985</ele>
        <time>2025-08-22T17:38:40+00:00</time>
      </trkpt>
      <trkpt lat="45.4014" lon="6.19225">
        <ele>1985</ele>
        <time>2025-08-22T17:38:43+00:00</time>
      </trkpt>
      <trkpt lat="45.40144" lon="6.19223">
        <ele>1992</ele>
        <time>2025-08-22T17:38:46+00:00</time>
      </trkpt>
      <trkpt lat="45.40151" lon="6.19226">
        <ele>1987</ele>
        <time>2025-08-22T17:38:49+00:00</time>
      </trkpt>
      <trkpt lat="45.40155" lon="6.19226">
        <ele>1992</ele>
        <time>2025-08-22T17:38:52+00:00</time>
      </trkpt>
      <trkpt lat="45.40164" lon="6.19217">
        <ele>1990</ele>
        <time>2025-08-22T17:38:55+00:00</time>
      </trkpt>
      <trkpt lat="45.4017" lon="6.19209">
        <ele>1983</ele>
        <time>2025-08-22T17:38:58+00:00</time>
      </trkpt>
      <trkpt lat="45.40173" lon="6.19207">
        <ele>1993</ele>
        <time>2025-08-22T17:39:01+00:00</time>
      </trkpt>
      <trkpt lat="45.4018" lon="6.19204">
        <ele>1993</ele>
        <time>2025-08-22T17:39:04+00:00</time>
      </trkpt>
      <trkpt lat="45.40182" lon="6.19201">
        <ele>1993</ele>
        <time>2025-08-22T17:39:07+00:00</time>
      </trkpt>
      <trkpt lat="45.40186" lon="6.19197">
        <ele>1987</ele>
        <time>2025-08-22T17:39:10+00:00</time>
      </trkpt>
      <trkpt lat="45.4019" lon="6.1919">
        <ele>1980</ele>
        <time>2025-08-22T17:39:13+00:00</time>
      </trkpt>
      <trkpt lat="45.40191" lon="6.19187">
        <ele>1982</ele>
        <time>2025-08-22T17:39:16+00:00</time>
      </trkpt>
      <trkpt lat="45.40189" lon="6.19184">
        <ele>1980</ele>
        <time>2025-08-22T17:39:19+00:00</time>
      </trkpt>
      <trkpt lat="45.40189" lon="6.1918">
        <ele>1980</ele>
        <time>2025-08-22T17:39:22+00:00</time>
      </trkpt>
      <trkpt lat="45.40193" lon="6.19172">
        <ele>1982</ele>
        <time>2025-08-22T17:39:25+00:00</time>
      </trkpt>
      <trkpt lat="45.40203" lon="6.19148">
        <ele>1966</ele>
        <time>2025-08-22T17:39:28+00:00</time>
      </trkpt>
      <trkpt lat="45.40207" lon="6.19142">
        <ele>1966</ele>
        <time>2025-08-22T17:39:31+00:00</time>
      </trkpt>
      <trkpt lat="45.4021" lon="6.19139">
        <ele>1957</ele>
        <time>2025-08-22T17:39:34+00:00</time>
      </trkpt>
      <trkpt lat="45.40212" lon="6.19131">
        <ele>1961</ele>
        <time>2025-08-22T17:39:37+00:00</time>
      </trkpt>
      <trkpt lat="45.40219" lon="6.19122">
        <ele>1961</ele>
        <time>2025-08-22T17:39:40+00:00</time>
      </trkpt>
      <trkpt lat="45.40224" lon="6.19117">
        <ele>1952</ele>
        <time>2025-08-22T17:39:43+00:00</time>
      </trkpt>
      <trkpt lat="45.40226" lon="6.19109">
        <ele>1952</ele>
        <time>2025-08-22T17:39:46+00:00</time>
      </trkpt>
      <trkpt lat="45.40235" lon="6.19088">
        <ele>1950</ele>
        <time>2025-08-22T17:39:49+00:00</time>
      </trkpt>
      <trkpt lat="45.40245" lon="6.19075">
        <ele>1949</ele>
        <time>2025-08-22T17:39:52+00:00</time>
      </trkpt>
      <trkpt lat="45.40257" lon="6.19057">
        <ele>1941</ele>
        <time>2025-08-22T17:39:55+00:00</time>
      </trkpt>
      <trkpt lat="45.40262" lon="6.19051">
        <ele>1947</ele>
        <time>2025-08-22T17:39:58+00:00</time>
      </trkpt>
      <trkpt lat="45.40273" lon="6.19041">
        <ele>1939</ele>
        <time>2025-08-22T17:40:01+00:00</time>
      </trkpt>
      <trkpt lat="45.4028" lon="6.19036">
        <ele>1939</ele>
        <time>2025-08-22T17:40:04+00:00</time>
      </trkpt>
      <trkpt lat="45.40284" lon="6.19031">
        <ele>1943</ele>
        <time>2025-08-22T17:40:07+00:00</time>
      </trkpt>
      <trkpt lat="45.40297" lon="6.19025">
        <ele>1938</ele>
        <time>2025-08-22T17:40:10+00:00</time>
      </trkpt>
      <trkpt lat="45.40303" lon="6.19024">
        <ele>1938</ele>
        <time>2025-08-22T17:40:13+00:00</time>
      </trkpt>
      <trkpt lat="45.40308" lon="6.19022">
        <ele>1938</ele>
        <time>2025-08-22T17:40:16+00:00</time>
      </trkpt>
      <trkpt lat="45.40324" lon="6.19013">
        <ele>1929</ele>
        <time>2025-08-22T17:40:19+00:00</time>
      </trkpt>
      <trkpt lat="45.40328" lon="6.19014">
        <ele>1929</ele>
        <time>2025-08-22T17:40:22+00:00</time>
      </trkpt>
      <trkpt lat="45.40333" lon="6.19014">
        <ele>1931</ele>
        <time>2025-08-22T17:40:25+00:00</time>
      </trkpt>
      <trkpt lat="45.40334" lon="6.1901">
        <ele>1931</ele>
        <time>2025-08-22T17:40:28+00:00</time>
      </trkpt>
      <trkpt lat="45.40344" lon="6.18994">
        <ele>1926</ele>
        <time>2025-08-22T17:40:31+00:00</time>
      </trkpt>
      <trkpt lat="45.40351" lon="6.18988">
        <ele>1927</ele>
        <time>2025-08-22T17:40:34+00:00</time>
      </trkpt>
      <trkpt lat="45.40356" lon="6.18985">
        <ele>1927</ele>
        <time>2025-08-22T17:40:37+00:00</time>
      </trkpt>
      <trkpt lat="45.40361" lon="6.1898">
        <ele>1927</ele>
        <time>2025-08-22T17:40:40+00:00</time>
      </trkpt>
      <trkpt lat="45.40367" lon="6.18977">
        <ele>1924</ele>
        <time>2025-08-22T17:40:43+00:00</time>
      </trkpt>
      <trkpt lat="45.40373" lon="6.18977">
        <ele>1924</ele>
        <time>2025-08-22T17:40:46+00:00</time>
      </trkpt>
      <trkpt lat="45.40377" lon="6.18974">
        <ele>1924</ele>
        <time>2025-08-22T17:40:49+00:00</time>
      </trkpt>
      <trkpt lat="45.40381" lon="6.18972">
        <ele>1924</ele>
        <time>2025-08-22T17:40:52+00:00</time>
      </trkpt>
      <trkpt lat="45.4039" lon="6.18962">
        <ele>1928</ele>
        <time>2025-08-22T17:40:55+00:00</time>
      </trkpt>
      <trkpt lat="45.40394" lon="6.1896">
        <ele>1918</ele>
        <time>2025-08-22T17:40:58+00:00</time>
      </trkpt>
      <trkpt lat="45.40401" lon="6.18959">
        <ele>1922</ele>
        <time>2025-08-22T17:41:01+00:00</time>
      </trkpt>
      <trkpt lat="45.40416" lon="6.1896">
        <ele>1917</ele>
        <time>2025-08-22T17:41:04+00:00</time>
      </trkpt>
      <trkpt lat="45.40427" lon="6.18956">
        <ele>1917</ele>
        <time>2025-08-22T17:41:07+00:00</time>
      </trkpt>
      <trkpt lat="45.40433" lon="6.18956">
        <ele>1917</ele>
        <time>2025-08-22T17:41:10+00:00</time>
      </trkpt>
      <trkpt lat="45.40446" lon="6.18958">
        <ele>1917</ele>
        <time>2025-08-22T17:41:13+00:00</time>
      </trkpt>
      <trkpt lat="45.40451" lon="6.18954">
        <ele>1919</ele>
        <time>2025-08-22T17:41:16+00:00</time>
      </trkpt>
      <trkpt lat="45.40457" lon="6.18944">
        <ele>1910</ele>
        <time>2025-08-22T17:41:19+00:00</time>
      </trkpt>
      <trkpt lat="45.4046" lon="6.18936">
        <ele>1910</ele>
        <time>2025-08-22T17:41:22+00:00</time>
      </trkpt>
      <trkpt lat="45.40463" lon="6.18931">
        <ele>1910</ele>
        <time>2025-08-22T17:41:25+00:00</time>
      </trkpt>
      <trkpt lat="45.40468" lon="6.18927">
        <ele>1901</ele>
        <time>2025-08-22T17:41:28+00:00</time>
      </trkpt>
      <trkpt lat="45.40471" lon="6.18923">
        <ele>1910</ele>
        <time>2025-08-22T17:41:31+00:00</time>
      </trkpt>
      <trkpt lat="45.40476" lon="6.18921">
        <ele>1910</ele>
        <time>2025-08-22T17:41:34+00:00</time>
      </trkpt>
      <trkpt lat="45.40479" lon="6.18919">
        <ele>1910</ele>
        <time>2025-08-22T17:41:37+00:00</time>
      </trkpt>
      <trkpt lat="45.40483" lon="6.18915">
        <ele>1910</ele>
        <time>2025-08-22T17:41:40+00:00</time>
      </trkpt>
      <trkpt lat="45.4049" lon="6.18913">
        <ele>1910</ele>
        <time>2025-08-22T17:41:43+00:00</time>
      </trkpt>
      <trkpt lat="45.40497" lon="6.1891">
        <ele>1899</ele>
        <time>2025-08-22T17:41:46+00:00</time>
      </trkpt>
      <trkpt lat="45.40506" lon="6.18909">
        <ele>1899</ele>
        <time>2025-08-22T17:41:49+00:00</time>
      </trkpt>
      <trkpt lat="45.40511" lon="6.18906">
        <ele>1899</ele>
        <time>2025-08-22T17:41:52+00:00</time>
      </trkpt>
      <trkpt lat="45.4052" lon="6.189">
        <ele>1892</ele>
        <time>2025-08-22T17:41:55+00:00</time>
      </trkpt>
      <trkpt lat="45.40535" lon="6.18886">
        <ele>1896</ele>
        <time>2025-08-22T17:41:58+00:00</time>
      </trkpt>
      <trkpt lat="45.40541" lon="6.18878">
        <ele>1890</ele>
        <time>2025-08-22T17:42:01+00:00</time>
      </trkpt>
      <trkpt lat="45.40548" lon="6.18873">
        <ele>1888</ele>
        <time>2025-08-22T17:42:04+00:00</time>
      </trkpt>
      <trkpt lat="45.40556" lon="6.1887">
        <ele>1889</ele>
        <time>2025-08-22T17:42:07+00:00</time>
      </trkpt>
      <trkpt lat="45.40561" lon="6.18869">
        <ele>1889</ele>
        <time>2025-08-22T17:42:10+00:00</time>
      </trkpt>
      <trkpt lat="45.40566" lon="6.1887">
        <ele>1889</ele>
        <time>2025-08-22T17:42:13+00:00</time>
      </trkpt>
      <trkpt lat="45.40574" lon="6.18864">
        <ele>1888</ele>
        <time>2025-08-22T17:42:16+00:00</time>
      </trkpt>
      <trkpt lat="45.40577" lon="6.1886">
        <ele>1879</ele>
        <time>2025-08-22T17:42:19+00:00</time>
      </trkpt>
      <trkpt lat="45.40585" lon="6.18854">
        <ele>1879</ele>
        <time>2025-08-22T17:42:22+00:00</time>
      </trkpt>
      <trkpt lat="45.40589" lon="6.18849">
        <ele>1879</ele>
        <time>2025-08-22T17:42:25+00:00</time>
      </trkpt>
      <trkpt lat="45.40602" lon="6.18836">
        <ele>1876</ele>
        <time>2025-08-22T17:42:28+00:00</time>
      </trkpt>
      <trkpt lat="45.40608" lon="6.18825">
        <ele>1871</ele>
        <time>2025-08-22T17:42:31+00:00</time>
      </trkpt>
      <trkpt lat="45.40611" lon="6.18822">
        <ele>1871</ele>
        <time>2025-08-22T17:42:34+00:00</time>
      </trkpt>
      <trkpt lat="45.40618" lon="6.18821">
        <ele>1871</ele>
        <time>2025-08-22T17:42:37+00:00</time>
      </trkpt>
      <trkpt lat="45.40623" lon="6.18817">
        <ele>1871</ele>
        <time>2025-08-22T17:42:40+00:00</time>
      </trkpt>
      <trkpt lat="45.40626" lon="6.18811">
        <ele>1871</ele>
        <time>2025-08-22T17:42:43+00:00</time>
      </trkpt>
      <trkpt lat="45.40626" lon="6.18803">
        <ele>1868</ele>
        <time>2025-08-22T17:42:46+00:00</time>
      </trkpt>
      <trkpt lat="45.40631" lon="6.1879">
        <ele>1868</ele>
        <time>2025-08-22T17:42:49+00:00</time>
      </trkpt>
      <trkpt lat="45.40638" lon="6.18788">
        <ele>1864</ele>
        <time>2025-08-22T17:42:52+00:00</time>
      </trkpt>
      <trkpt lat="45.40645" lon="6.1877">
        <ele>1868</ele>
        <time>2025-08-22T17:42:55+00:00</time>
      </trkpt>
      <trkpt lat="45.40645" lon="6.18755">
        <ele>1864</ele>
        <time>2025-08-22T17:42:58+00:00</time>
      </trkpt>
      <trkpt lat="45.40652" lon="6.18746">
        <ele>1868</ele>
        <time>2025-08-22T17:43:01+00:00</time>
      </trkpt>
      <trkpt lat="45.40654" lon="6.1874">
        <ele>1865</ele>
        <time>2025-08-22T17:43:04+00:00</time>
      </trkpt>
      <trkpt lat="45.40662" lon="6.18732">
        <ele>1865</ele>
        <time>2025-08-22T17:43:07+00:00</time>
      </trkpt>
      <trkpt lat="45.40666" lon="6.18729">
        <ele>1865</ele>
        <time>2025-08-22T17:43:10+00:00</time>
      </trkpt>
      <trkpt lat="45.40672" lon="6.18716">
        <ele>1865</ele>
        <time>2025-08-22T17:43:13+00:00</time>
      </trkpt>
      <trkpt lat="45.40676" lon="6.18711">
        <ele>1865</ele>
        <time>2025-08-22T17:43:16+00:00</time>
      </trkpt>
      <trkpt lat="45.40681" lon="6.1871">
        <ele>1862</ele>
        <time>2025-08-22T17:43:19+00:00</time>
      </trkpt>
      <trkpt lat="45.40688" lon="6.1871">
        <ele>1858</ele>
        <time>2025-08-22T17:43:22+00:00</time>
      </trkpt>
      <trkpt lat="45.40691" lon="6.18708">
        <ele>1859</ele>
        <time>2025-08-22T17:43:25+00:00</time>
      </trkpt>
      <trkpt lat="45.40695" lon="6.18696">
        <ele>1859</ele>
        <time>2025-08-22T17:43:28+00:00</time>
      </trkpt>
      <trkpt lat="45.40704" lon="6.18683">
        <ele>1853</ele>
        <time>2025-08-22T17:43:31+00:00</time>
      </trkpt>
      <trkpt lat="45.40712" lon="6.18676">
        <ele>1858</ele>
        <time>2025-08-22T17:43:34+00:00</time>
      </trkpt>
      <trkpt lat="45.40717" lon="6.18673">
        <ele>1856</ele>
        <time>2025-08-22T17:43:37+00:00</time>
      </trkpt>
      <trkpt lat="45.40722" lon="6.18671">
        <ele>1858</ele>
        <time>2025-08-22T17:43:40+00:00</time>
      </trkpt>
      <trkpt lat="45.40732" lon="6.18671">
        <ele>1858</ele>
        <time>2025-08-22T17:43:43+00:00</time>
      </trkpt>
      <trkpt lat="45.4074" lon="6.18666">
        <ele>1848</ele>
        <time>2025-08-22T17:43:46+00:00</time>
      </trkpt>
      <trkpt lat="45.40752" lon="6.18662">
        <ele>1853</ele>
        <time>2025-08-22T17:43:49+00:00</time>
      </trkpt>
      <trkpt lat="45.40755" lon="6.18659">
        <ele>1847</ele>
        <time>2025-08-22T17:43:52+00:00</time>
      </trkpt>
      <trkpt lat="45.40755" lon="6.18656">
        <ele>1847</ele>
        <time>2025-08-22T17:43:55+00:00</time>
      </trkpt>
      <trkpt lat="45.4076" lon="6.18649">
        <ele>1847</ele>
        <time>2025-08-22T17:43:58+00:00</time>
      </trkpt>
      <trkpt lat="45.40765" lon="6.18634">
        <ele>1853</ele>
        <time>2025-08-22T17:44:01+00:00</time>
      </trkpt>
      <trkpt lat="45.40769" lon="6.1863">
        <ele>1849</ele>
        <time>2025-08-22T17:44:04+00:00</time>
      </trkpt>
      <trkpt lat="45.40774" lon="6.18628">
        <ele>1857</ele>
        <time>2025-08-22T17:44:07+00:00</time>
      </trkpt>
      <trkpt lat="45.40778" lon="6.18625">
        <ele>1857</ele>
        <time>2025-08-22T17:44:10+00:00</time>
      </trkpt>
      <trkpt lat="45.40782" lon="6.18615">
        <ele>1853</ele>
        <time>2025-08-22T17:44:13+00:00</time>
      </trkpt>
      <trkpt lat="45.40783" lon="6.18608">
        <ele>1853</ele>
        <time>2025-08-22T17:44:16+00:00</time>
      </trkpt>
      <trkpt lat="45.40782" lon="6.18598">
        <ele>1851</ele>
        <time>2025-08-22T17:44:19+00:00</time>
      </trkpt>
      <trkpt lat="45.40778" lon="6.18575">
        <ele>1848</ele>
        <time>2025-08-22T17:44:22+00:00</time>
      </trkpt>
      <trkpt lat="45.40778" lon="6.18544">
        <ele>1848</ele>
        <time>2025-08-22T17:44:25+00:00</time>
      </trkpt>
      <trkpt lat="45.40777" lon="6.18538">
        <ele>1845</ele>
        <time>2025-08-22T17:44:28+00:00</time>
      </trkpt>
      <trkpt lat="45.40779" lon="6.18531">
        <ele>1845</ele>
        <time>2025-08-22T17:44:31+00:00</time>
      </trkpt>
      <trkpt lat="45.4078" lon="6.18518">
        <ele>1844</ele>
        <time>2025-08-22T17:44:34+00:00</time>
      </trkpt>
      <trkpt lat="45.40792" lon="6.18506">
        <ele>1849</ele>
        <time>2025-08-22T17:44:37+00:00</time>
      </trkpt>
      <trkpt lat="45.40795" lon="6.18505">
        <ele>1849</ele>
        <time>2025-08-22T17:44:40+00:00</time>
      </trkpt>
      <trkpt lat="45.40807" lon="6.18505">
        <ele>1849</ele>
        <time>2025-08-22T17:44:43+00:00</time>
      </trkpt>
      <trkpt lat="45.40813" lon="6.18503">
        <ele>1852</ele>
        <time>2025-08-22T17:44:46+00:00</time>
      </trkpt>
      <trkpt lat="45.40819" lon="6.18505">
        <ele>1852</ele>
        <time>2025-08-22T17:44:49+00:00</time>
      </trkpt>
      <trkpt lat="45.40829" lon="6.18503">
        <ele>1852</ele>
        <time>2025-08-22T17:44:52+00:00</time>
      </trkpt>
      <trkpt lat="45.40834" lon="6.18501">
        <ele>1855</ele>
        <time>2025-08-22T17:44:55+00:00</time>
      </trkpt>
      <trkpt lat="45.40845" lon="6.18499">
        <ele>1856</ele>
        <time>2025-08-22T17:44:58+00:00</time>
      </trkpt>
      <trkpt lat="45.4085" lon="6.18495">
        <ele>1856</ele>
        <time>2025-08-22T17:45:01+00:00</time>
      </trkpt>
      <trkpt lat="45.40863" lon="6.18493">
        <ele>1857</ele>
        <time>2025-08-22T17:45:04+00:00</time>
      </trkpt>
      <trkpt lat="45.40872" lon="6.1849">
        <ele>1857</ele>
        <time>2025-08-22T17:45:07+00:00</time>
      </trkpt>
      <trkpt lat="45.40876" lon="6.18486">
        <ele>1857</ele>
        <time>2025-08-22T17:45:10+00:00</time>
      </trkpt>
      <trkpt lat="45.40879" lon="6.18481">
        <ele>1857</ele>
        <time>2025-08-22T17:45:13+00:00</time>
      </trkpt>
      <trkpt lat="45.40885" lon="6.18481">
        <ele>1861</ele>
        <time>2025-08-22T17:45:16+00:00</time>
      </trkpt>
      <trkpt lat="45.40898" lon="6.18478">
        <ele>1861</ele>
        <time>2025-08-22T17:45:19+00:00</time>
      </trkpt>
      <trkpt lat="45.40908" lon="6.18478">
        <ele>1861</ele>
        <time>2025-08-22T17:45:22+00:00</time>
      </trkpt>
      <trkpt lat="45.40917" lon="6.18474">
        <ele>1863</ele>
        <time>2025-08-22T17:45:25+00:00</time>
      </trkpt>
      <trkpt lat="45.4092" lon="6.18471">
        <ele>1863</ele>
        <time>2025-08-22T17:45:28+00:00</time>
      </trkpt>
      <trkpt lat="45.40926" lon="6.1847">
        <ele>1863</ele>
        <time>2025-08-22T17:45:31+00:00</time>
      </trkpt>
      <trkpt lat="45.40935" lon="6.18469">
        <ele>1859</ele>
        <time>2025-08-22T17:45:34+00:00</time>
      </trkpt>
      <trkpt lat="45.40942" lon="6.18472">
        <ele>1866</ele>
        <time>2025-08-22T17:45:37+00:00</time>
      </trkpt>
      <trkpt lat="45.40947" lon="6.18475">
        <ele>1866</ele>
        <time>2025-08-22T17:45:40+00:00</time>
      </trkpt>
      <trkpt lat="45.40953" lon="6.18476">
        <ele>1866</ele>
        <time>2025-08-22T17:45:43+00:00</time>
      </trkpt>
      <trkpt lat="45.40964" lon="6.18476">
        <ele>1867</ele>
        <time>2025-08-22T17:45:46+00:00</time>
      </trkpt>
      <trkpt lat="45.4097" lon="6.18474">
        <ele>1867</ele>
        <time>2025-08-22T17:45:49+00:00</time>
      </trkpt>
      <trkpt lat="45.40976" lon="6.18471">
        <ele>1867</ele>
        <time>2025-08-22T17:45:52+00:00</time>
      </trkpt>
      <trkpt lat="45.4098" lon="6.18468">
        <ele>1862</ele>
        <time>2025-08-22T17:45:55+00:00</time>
      </trkpt>
      <trkpt lat="45.40987" lon="6.18472">
        <ele>1868</ele>
        <time>2025-08-22T17:45:58+00:00</time>
      </trkpt>
      <trkpt lat="45.40989" lon="6.18476">
        <ele>1864</ele>
        <time>2025-08-22T17:46:01+00:00</time>
      </trkpt>
      <trkpt lat="45.40995" lon="6.18477">
        <ele>1868</ele>
        <time>2025-08-22T17:46:04+00:00</time>
      </trkpt>
      <trkpt lat="45.41001" lon="6.18477">
        <ele>1866</ele>
        <time>2025-08-22T17:46:07+00:00</time>
      </trkpt>
      <trkpt lat="45.41003" lon="6.18474">
        <ele>1866</ele>
        <time>2025-08-22T17:46:10+00:00</time>
      </trkpt>
      <trkpt lat="45.41007" lon="6.1847">
        <ele>1867</ele>
        <time>2025-08-22T17:46:13+00:00</time>
      </trkpt>
      <trkpt lat="45.41023" lon="6.18463">
        <ele>1867</ele>
        <time>2025-08-22T17:46:16+00:00</time>
      </trkpt>
      <trkpt lat="45.41031" lon="6.18455">
        <ele>1866</ele>
        <time>2025-08-22T17:46:19+00:00</time>
      </trkpt>
      <trkpt lat="45.41035" lon="6.18456">
        <ele>1870</ele>
        <time>2025-08-22T17:46:22+00:00</time>
      </trkpt>
      <trkpt lat="45.41039" lon="6.18456">
        <ele>1870</ele>
        <time>2025-08-22T17:46:25+00:00</time>
      </trkpt>
      <trkpt lat="45.41055" lon="6.1845">
        <ele>1866</ele>
        <time>2025-08-22T17:46:28+00:00</time>
      </trkpt>
      <trkpt lat="45.41067" lon="6.18448">
        <ele>1866</ele>
        <time>2025-08-22T17:46:31+00:00</time>
      </trkpt>
      <trkpt lat="45.41073" lon="6.18445">
        <ele>1865</ele>
        <time>2025-08-22T17:46:34+00:00</time>
      </trkpt>
      <trkpt lat="45.41084" lon="6.18449">
        <ele>1868</ele>
        <time>2025-08-22T17:46:37+00:00</time>
      </trkpt>
      <trkpt lat="45.41088" lon="6.18452">
        <ele>1872</ele>
        <time>2025-08-22T17:46:40+00:00</time>
      </trkpt>
      <trkpt lat="45.41096" lon="6.18454">
        <ele>1872</ele>
        <time>2025-08-22T17:46:43+00:00</time>
      </trkpt>
      <trkpt lat="45.41118" lon="6.18454">
        <ele>1871</ele>
        <time>2025-08-22T17:46:46+00:00</time>
      </trkpt>
      <trkpt lat="45.41133" lon="6.18456">
        <ele>1874</ele>
        <time>2025-08-22T17:46:49+00:00</time>
      </trkpt>
      <trkpt lat="45.41156" lon="6.18452">
        <ele>1873</ele>
        <time>2025-08-22T17:46:52+00:00</time>
      </trkpt>
      <trkpt lat="45.41171" lon="6.18446">
        <ele>1876</ele>
        <time>2025-08-22T17:46:55+00:00</time>
      </trkpt>
      <trkpt lat="45.41182" lon="6.18437">
        <ele>1872</ele>
        <time>2025-08-22T17:46:58+00:00</time>
      </trkpt>
      <trkpt lat="45.41187" lon="6.1843">
        <ele>1868</ele>
        <time>2025-08-22T17:47:01+00:00</time>
      </trkpt>
      <trkpt lat="45.41194" lon="6.18424">
        <ele>1874</ele>
        <time>2025-08-22T17:47:04+00:00</time>
      </trkpt>
      <trkpt lat="45.41213" lon="6.18413">
        <ele>1873</ele>
        <time>2025-08-22T17:47:07+00:00</time>
      </trkpt>
      <trkpt lat="45.41221" lon="6.18403">
        <ele>1874</ele>
        <time>2025-08-22T17:47:10+00:00</time>
      </trkpt>
      <trkpt lat="45.41224" lon="6.18402">
        <ele>1874</ele>
        <time>2025-08-22T17:47:13+00:00</time>
      </trkpt>
      <trkpt lat="45.41228" lon="6.18404">
        <ele>1874</ele>
        <time>2025-08-22T17:47:16+00:00</time>
      </trkpt>
      <trkpt lat="45.41231" lon="6.18402">
        <ele>1870</ele>
        <time>2025-08-22T17:47:19+00:00</time>
      </trkpt>
      <trkpt lat="45.41237" lon="6.18397">
        <ele>1868</ele>
        <time>2025-08-22T17:47:22+00:00</time>
      </trkpt>
      <trkpt lat="45.41246" lon="6.18387">
        <ele>1872</ele>
        <time>2025-08-22T17:47:25+00:00</time>
      </trkpt>
      <trkpt lat="45.4125" lon="6.18378">
        <ele>1869</ele>
        <time>2025-08-22T17:47:28+00:00</time>
      </trkpt>
      <trkpt lat="45.41254" lon="6.18374">
        <ele>1868</ele>
        <time>2025-08-22T17:47:31+00:00</time>
      </trkpt>
      <trkpt lat="45.41262" lon="6.18369">
        <ele>1872</ele>
        <time>2025-08-22T17:47:34+00:00</time>
      </trkpt>
      <trkpt lat="45.41264" lon="6.1836">
        <ele>1869</ele>
        <time>2025-08-22T17:47:37+00:00</time>
      </trkpt>
      <trkpt lat="45.41267" lon="6.1835">
        <ele>1863</ele>
        <time>2025-08-22T17:47:40+00:00</time>
      </trkpt>
      <trkpt lat="45.41277" lon="6.18323">
        <ele>1867</ele>
        <time>2025-08-22T17:47:43+00:00</time>
      </trkpt>
      <trkpt lat="45.41284" lon="6.1831">
        <ele>1856</ele>
        <time>2025-08-22T17:47:46+00:00</time>
      </trkpt>
      <trkpt lat="45.41292" lon="6.18299">
        <ele>1866</ele>
        <time>2025-08-22T17:47:49+00:00</time>
      </trkpt>
      <trkpt lat="45.41295" lon="6.18291">
        <ele>1866</ele>
        <time>2025-08-22T17:47:52+00:00</time>
      </trkpt>
      <trkpt lat="45.41298" lon="6.18277">
        <ele>1858</ele>
        <time>2025-08-22T17:47:55+00:00</time>
      </trkpt>
      <trkpt lat="45.41298" lon="6.18258">
        <ele>1857</ele>
        <time>2025-08-22T17:47:58+00:00</time>
      </trkpt>
      <trkpt lat="45.41299" lon="6.18248">
        <ele>1857</ele>
        <time>2025-08-22T17:48:01+00:00</time>
      </trkpt>
      <trkpt lat="45.41299" lon="6.1824">
        <ele>1856</ele>
        <time>2025-08-22T17:48:04+00:00</time>
      </trkpt>
      <trkpt lat="45.41301" lon="6.18228">
        <ele>1856</ele>
        <time>2025-08-22T17:48:07+00:00</time>
      </trkpt>
      <trkpt lat="45.41306" lon="6.18224">
        <ele>1853</ele>
        <time>2025-08-22T17:48:10+00:00</time>
      </trkpt>
      <trkpt lat="45.41312" lon="6.18221">
        <ele>1860</ele>
        <time>2025-08-22T17:48:13+00:00</time>
      </trkpt>
      <trkpt lat="45.41317" lon="6.18207">
        <ele>1856</ele>
        <time>2025-08-22T17:48:16+00:00</time>
      </trkpt>
      <trkpt lat="45.41319" lon="6.1819">
        <ele>1855</ele>
        <time>2025-08-22T17:48:19+00:00</time>
      </trkpt>
      <trkpt lat="45.41321" lon="6.18178">
        <ele>1858</ele>
        <time>2025-08-22T17:48:22+00:00</time>
      </trkpt>
      <trkpt lat="45.41325" lon="6.18159">
        <ele>1860</ele>
        <time>2025-08-22T17:48:25+00:00</time>
      </trkpt>
      <trkpt lat="45.41328" lon="6.18148">
        <ele>1857</ele>
        <time>2025-08-22T17:48:28+00:00</time>
      </trkpt>
      <trkpt lat="45.41329" lon="6.18135">
        <ele>1859</ele>
        <time>2025-08-22T17:48:31+00:00</time>
      </trkpt>
      <trkpt lat="45.41331" lon="6.1812">
        <ele>1857</ele>
        <time>2025-08-22T17:48:34+00:00</time>
      </trkpt>
      <trkpt lat="45.41337" lon="6.18106">
        <ele>1855</ele>
        <time>2025-08-22T17:48:37+00:00</time>
      </trkpt>
      <trkpt lat="45.41335" lon="6.18081">
        <ele>1851</ele>
        <time>2025-08-22T17:48:40+00:00</time>
      </trkpt>
      <trkpt lat="45.41333" lon="6.18078">
        <ele>1851</ele>
        <time>2025-08-22T17:48:43+00:00</time>
      </trkpt>
      <trkpt lat="45.41332" lon="6.18072">
        <ele>1851</ele>
        <time>2025-08-22T17:48:46+00:00</time>
      </trkpt>
      <trkpt lat="45.41333" lon="6.18064">
        <ele>1849</ele>
        <time>2025-08-22T17:48:49+00:00</time>
      </trkpt>
      <trkpt lat="45.4133" lon="6.18046">
        <ele>1848</ele>
        <time>2025-08-22T17:48:52+00:00</time>
      </trkpt>
      <trkpt lat="45.4133" lon="6.1804">
        <ele>1846</ele>
        <time>2025-08-22T17:48:55+00:00</time>
      </trkpt>
      <trkpt lat="45.41332" lon="6.18035">
        <ele>1846</ele>
        <time>2025-08-22T17:48:58+00:00</time>
      </trkpt>
      <trkpt lat="45.41333" lon="6.18028">
        <ele>1846</ele>
        <time>2025-08-22T17:49:01+00:00</time>
      </trkpt>
      <trkpt lat="45.41333" lon="6.18018">
        <ele>1844</ele>
        <time>2025-08-22T17:49:04+00:00</time>
      </trkpt>
      <trkpt lat="45.41334" lon="6.1801">
        <ele>1844</ele>
        <time>2025-08-22T17:49:07+00:00</time>
      </trkpt>
      <trkpt lat="45.41334" lon="6.17993">
        <ele>1842</ele>
        <time>2025-08-22T17:49:10+00:00</time>
      </trkpt>
      <trkpt lat="45.41333" lon="6.17984">
        <ele>1842</ele>
        <time>2025-08-22T17:49:13+00:00</time>
      </trkpt>
      <trkpt lat="45.41331" lon="6.17974">
        <ele>1842</ele>
        <time>2025-08-22T17:49:16+00:00</time>
      </trkpt>
      <trkpt lat="45.4133" lon="6.17962">
        <ele>1841</ele>
        <time>2025-08-22T17:49:19+00:00</time>
      </trkpt>
      <trkpt lat="45.4133" lon="6.17947">
        <ele>1838</ele>
        <time>2025-08-22T17:49:22+00:00</time>
      </trkpt>
      <trkpt lat="45.41326" lon="6.17943">
        <ele>1838</ele>
        <time>2025-08-22T17:49:25+00:00</time>
      </trkpt>
      <trkpt lat="45.41321" lon="6.17927">
        <ele>1833</ele>
        <time>2025-08-22T17:49:28+00:00</time>
      </trkpt>
      <trkpt lat="45.41314" lon="6.17924">
        <ele>1831</ele>
        <time>2025-08-22T17:49:31+00:00</time>
      </trkpt>
      <trkpt lat="45.41309" lon="6.17918">
        <ele>1825</ele>
        <time>2025-08-22T17:49:34+00:00</time>
      </trkpt>
      <trkpt lat="45.41308" lon="6.17914">
        <ele>1825</ele>
        <time>2025-08-22T17:49:37+00:00</time>
      </trkpt>
      <trkpt lat="45.41308" lon="6.17905">
        <ele>1825</ele>
        <time>2025-08-22T17:49:40+00:00</time>
      </trkpt>
      <trkpt lat="45.41306" lon="6.179">
        <ele>1823</ele>
        <time>2025-08-22T17:49:43+00:00</time>
      </trkpt>
      <trkpt lat="45.41301" lon="6.17898">
        <ele>1823</ele>
        <time>2025-08-22T17:49:46+00:00</time>
      </trkpt>
      <trkpt lat="45.41298" lon="6.17898">
        <ele>1823</ele>
        <time>2025-08-22T17:49:49+00:00</time>
      </trkpt>
      <trkpt lat="45.41294" lon="6.17894">
        <ele>1823</ele>
        <time>2025-08-22T17:49:52+00:00</time>
      </trkpt>
      <trkpt lat="45.41291" lon="6.17889">
        <ele>1823</ele>
        <time>2025-08-22T17:49:55+00:00</time>
      </trkpt>
      <trkpt lat="45.41293" lon="6.17874">
        <ele>1819</ele>
        <time>2025-08-22T17:49:58+00:00</time>
      </trkpt>
      <trkpt lat="45.41287" lon="6.17856">
        <ele>1814</ele>
        <time>2025-08-22T17:50:01+00:00</time>
      </trkpt>
      <trkpt lat="45.41284" lon="6.17849">
        <ele>1811</ele>
        <time>2025-08-22T17:50:04+00:00</time>
      </trkpt>
      <trkpt lat="45.41283" lon="6.17844">
        <ele>1811</ele>
        <time>2025-08-22T17:50:07+00:00</time>
      </trkpt>
      <trkpt lat="45.41283" lon="6.17838">
        <ele>1811</ele>
        <time>2025-08-22T17:50:10+00:00</time>
      </trkpt>
      <trkpt lat="45.41275" lon="6.17827">
        <ele>1807</ele>
        <time>2025-08-22T17:50:13+00:00</time>
      </trkpt>
      <trkpt lat="45.41275" lon="6.17821">
        <ele>1807</ele>
        <time>2025-08-22T17:50:16+00:00</time>
      </trkpt>
      <trkpt lat="45.41276" lon="6.17818">
        <ele>1807</ele>
        <time>2025-08-22T17:50:19+00:00</time>
      </trkpt>
      <trkpt lat="45.41279" lon="6.17818">
        <ele>1807</ele>
        <time>2025-08-22T17:50:22+00:00</time>
      </trkpt>
      <trkpt lat="45.41283" lon="6.17823">
        <ele>1807</ele>
        <time>2025-08-22T17:50:25+00:00</time>
      </trkpt>
      <trkpt lat="45.41297" lon="6.1783">
        <ele>1806</ele>
        <time>2025-08-22T17:50:28+00:00</time>
      </trkpt>
      <trkpt lat="45.41304" lon="6.17835">
        <ele>1811</ele>
        <time>2025-08-22T17:50:31+00:00</time>
      </trkpt>
      <trkpt lat="45.41322" lon="6.17839">
        <ele>1805</ele>
        <time>2025-08-22T17:50:34+00:00</time>
      </trkpt>
      <trkpt lat="45.41332" lon="6.17843">
        <ele>1805</ele>
        <time>2025-08-22T17:50:37+00:00</time>
      </trkpt>
      <trkpt lat="45.41343" lon="6.17846">
        <ele>1805</ele>
        <time>2025-08-22T17:50:40+00:00</time>
      </trkpt>
      <trkpt lat="45.41363" lon="6.17853">
        <ele>1805</ele>
        <time>2025-08-22T17:50:43+00:00</time>
      </trkpt>
      <trkpt lat="45.41392" lon="6.17856">
        <ele>1805</ele>
        <time>2025-08-22T17:50:46+00:00</time>
      </trkpt>
      <trkpt lat="45.4141" lon="6.17852">
        <ele>1805</ele>
        <time>2025-08-22T17:50:49+00:00</time>
      </trkpt>
      <trkpt lat="45.41423" lon="6.1785">
        <ele>1805</ele>
        <time>2025-08-22T17:50:52+00:00</time>
      </trkpt>
      <trkpt lat="45.41439" lon="6.1785">
        <ele>1799</ele>
        <time>2025-08-22T17:50:55+00:00</time>
      </trkpt>
      <trkpt lat="45.41446" lon="6.17851">
        <ele>1805</ele>
        <time>2025-08-22T17:50:58+00:00</time>
      </trkpt>
      <trkpt lat="45.41458" lon="6.17854">
        <ele>1805</ele>
        <time>2025-08-22T17:51:01+00:00</time>
      </trkpt>
      <trkpt lat="45.41465" lon="6.17853">
        <ele>1803</ele>
        <time>2025-08-22T17:51:04+00:00</time>
      </trkpt>
      <trkpt lat="45.41474" lon="6.17853">
        <ele>1803</ele>
        <time>2025-08-22T17:51:07+00:00</time>
      </trkpt>
      <trkpt lat="45.41479" lon="6.17857">
        <ele>1803</ele>
        <time>2025-08-22T17:51:10+00:00</time>
      </trkpt>
      <trkpt lat="45.41484" lon="6.17859">
        <ele>1800</ele>
        <time>2025-08-22T17:51:13+00:00</time>
      </trkpt>
      <trkpt lat="45.41492" lon="6.17859">
        <ele>1800</ele>
        <time>2025-08-22T17:51:16+00:00</time>
      </trkpt>
      <trkpt lat="45.41498" lon="6.17854">
        <ele>1800</ele>
        <time>2025-08-22T17:51:19+00:00</time>
      </trkpt>
      <trkpt lat="45.41503" lon="6.17846">
        <ele>1800</ele>
        <time>2025-08-22T17:51:22+00:00</time>
      </trkpt>
      <trkpt lat="45.41528" lon="6.17833">
        <ele>1800</ele>
        <time>2025-08-22T17:51:25+00:00</time>
      </trkpt>
      <trkpt lat="45.41536" lon="6.17827">
        <ele>1794</ele>
        <time>2025-08-22T17:51:28+00:00</time>
      </trkpt>
      <trkpt lat="45.41557" lon="6.17819">
        <ele>1797</ele>
        <time>2025-08-22T17:51:31+00:00</time>
      </trkpt>
      <trkpt lat="45.41565" lon="6.17813">
        <ele>1802</ele>
        <time>2025-08-22T17:51:34+00:00</time>
      </trkpt>
      <trkpt lat="45.41575" lon="6.178">
        <ele>1793</ele>
        <time>2025-08-22T17:51:37+00:00</time>
      </trkpt>
      <trkpt lat="45.41585" lon="6.17786">
        <ele>1795</ele>
        <time>2025-08-22T17:51:40+00:00</time>
      </trkpt>
      <trkpt lat="45.41591" lon="6.17775">
        <ele>1792</ele>
        <time>2025-08-22T17:51:43+00:00</time>
      </trkpt>
      <trkpt lat="45.41603" lon="6.17749">
        <ele>1791</ele>
        <time>2025-08-22T17:51:46+00:00</time>
      </trkpt>
      <trkpt lat="45.41605" lon="6.17735">
        <ele>1791</ele>
        <time>2025-08-22T17:51:49+00:00</time>
      </trkpt>
      <trkpt lat="45.41612" lon="6.17708">
        <ele>1785</ele>
        <time>2025-08-22T17:51:52+00:00</time>
      </trkpt>
      <trkpt lat="45.4162" lon="6.17668">
        <ele>1782</ele>
        <time>2025-08-22T17:51:55+00:00</time>
      </trkpt>
      <trkpt lat="45.41624" lon="6.17651">
        <ele>1785</ele>
        <time>2025-08-22T17:51:58+00:00</time>
      </trkpt>
      <trkpt lat="45.41626" lon="6.17639">
        <ele>1783</ele>
        <time>2025-08-22T17:52:01+00:00</time>
      </trkpt>
      <trkpt lat="45.41629" lon="6.1763">
        <ele>1775</ele>
        <time>2025-08-22T17:52:04+00:00</time>
      </trkpt>
      <trkpt lat="45.41635" lon="6.17621">
        <ele>1784</ele>
        <time>2025-08-22T17:52:07+00:00</time>
      </trkpt>
      <trkpt lat="45.41637" lon="6.17612">
        <ele>1782</ele>
        <time>2025-08-22T17:52:10+00:00</time>
      </trkpt>
      <trkpt lat="45.41641" lon="6.17602">
        <ele>1779</ele>
        <time>2025-08-22T17:52:13+00:00</time>
      </trkpt>
      <trkpt lat="45.41646" lon="6.17592">
        <ele>1779</ele>
        <time>2025-08-22T17:52:16+00:00</time>
      </trkpt>
      <trkpt lat="45.41652" lon="6.17583">
        <ele>1781</ele>
        <time>2025-08-22T17:52:19+00:00</time>
      </trkpt>
      <trkpt lat="45.41659" lon="6.17575">
        <ele>1781</ele>
        <time>2025-08-22T17:52:22+00:00</time>
      </trkpt>
      <trkpt lat="45.41667" lon="6.17569">
        <ele>1773</ele>
        <time>2025-08-22T17:52:25+00:00</time>
      </trkpt>
      <trkpt lat="45.4169" lon="6.17548">
        <ele>1777</ele>
        <time>2025-08-22T17:52:28+00:00</time>
      </trkpt>
      <trkpt lat="45.41705" lon="6.17532">
        <ele>1775</ele>
        <time>2025-08-22T17:52:31+00:00</time>
      </trkpt>
      <trkpt lat="45.41723" lon="6.17515">
        <ele>1773</ele>
        <time>2025-08-22T17:52:34+00:00</time>
      </trkpt>
      <trkpt lat="45.41748" lon="6.17484">
        <ele>1768</ele>
        <time>2025-08-22T17:52:37+00:00</time>
      </trkpt>
      <trkpt lat="45.41764" lon="6.17466">
        <ele>1767</ele>
        <time>2025-08-22T17:52:40+00:00</time>
      </trkpt>
      <trkpt lat="45.41776" lon="6.17456">
        <ele>1771</ele>
        <time>2025-08-22T17:52:43+00:00</time>
      </trkpt>
      <trkpt lat="45.41785" lon="6.17444">
        <ele>1766</ele>
        <time>2025-08-22T17:52:46+00:00</time>
      </trkpt>
      <trkpt lat="45.41795" lon="6.17435">
        <ele>1761</ele>
        <time>2025-08-22T17:52:49+00:00</time>
      </trkpt>
      <trkpt lat="45.41804" lon="6.17425">
        <ele>1766</ele>
        <time>2025-08-22T17:52:52+00:00</time>
      </trkpt>
      <trkpt lat="45.41813" lon="6.17419">
        <ele>1757</ele>
        <time>2025-08-22T17:52:55+00:00</time>
      </trkpt>
      <trkpt lat="45.41823" lon="6.17408">
        <ele>1762</ele>
        <time>2025-08-22T17:52:58+00:00</time>
      </trkpt>
      <trkpt lat="45.41833" lon="6.174">
        <ele>1755</ele>
        <time>2025-08-22T17:53:01+00:00</time>
      </trkpt>
      <trkpt lat="45.41841" lon="6.17392">
        <ele>1762</ele>
        <time>2025-08-22T17:53:04+00:00</time>
      </trkpt>
      <trkpt lat="45.41856" lon="6.17373">
        <ele>1760</ele>
        <time>2025-08-22T17:53:07+00:00</time>
      </trkpt>
      <trkpt lat="45.4187" lon="6.17352">
        <ele>1759</ele>
        <time>2025-08-22T17:53:10+00:00</time>
      </trkpt>
      <trkpt lat="45.4188" lon="6.17334">
        <ele>1763</ele>
        <time>2025-08-22T17:53:13+00:00</time>
      </trkpt>
      <trkpt lat="45.41885" lon="6.1732">
        <ele>1760</ele>
        <time>2025-08-22T17:53:16+00:00</time>
      </trkpt>
      <trkpt lat="45.41887" lon="6.17304">
        <ele>1755</ele>
        <time>2025-08-22T17:53:19+00:00</time>
      </trkpt>
      <trkpt lat="45.41892" lon="6.17289">
        <ele>1756</ele>
        <time>2025-08-22T17:53:22+00:00</time>
      </trkpt>
      <trkpt lat="45.41894" lon="6.17278">
        <ele>1757</ele>
        <time>2025-08-22T17:53:25+00:00</time>
      </trkpt>
      <trkpt lat="45.41898" lon="6.17267">
        <ele>1757</ele>
        <time>2025-08-22T17:53:28+00:00</time>
      </trkpt>
      <trkpt lat="45.41901" lon="6.17239">
        <ele>1752</ele>
        <time>2025-08-22T17:53:31+00:00</time>
      </trkpt>
      <trkpt lat="45.41904" lon="6.17203">
        <ele>1752</ele>
        <time>2025-08-22T17:53:34+00:00</time>
      </trkpt>
      <trkpt lat="45.41912" lon="6.17163">
        <ele>1752</ele>
        <time>2025-08-22T17:53:37+00:00</time>
      </trkpt>
      <trkpt lat="45.41912" lon="6.1716">
        <ele>1749</ele>
        <time>2025-08-22T17:53:40+00:00</time>
      </trkpt>
      <trkpt lat="45.41917" lon="6.17138">
        <ele>1746</ele>
        <time>2025-08-22T17:53:43+00:00</time>
      </trkpt>
      <trkpt lat="45.4192" lon="6.17116">
        <ele>1750</ele>
        <time>2025-08-22T17:53:46+00:00</time>
      </trkpt>
      <trkpt lat="45.41923" lon="6.17092">
        <ele>1753</ele>
        <time>2025-08-22T17:53:49+00:00</time>
      </trkpt>
      <trkpt lat="45.41928" lon="6.17077">
        <ele>1750</ele>
        <time>2025-08-22T17:53:52+00:00</time>
      </trkpt>
      <trkpt lat="45.41936" lon="6.17058">
        <ele>1746</ele>
        <time>2025-08-22T17:53:55+00:00</time>
      </trkpt>
      <trkpt lat="45.41943" lon="6.17045">
        <ele>1746</ele>
        <time>2025-08-22T17:53:58+00:00</time>
      </trkpt>
      <trkpt lat="45.41947" lon="6.17044">
        <ele>1751</ele>
        <time>2025-08-22T17:54:01+00:00</time>
      </trkpt>
      <trkpt lat="45.41948" lon="6.17031">
        <ele>1746</ele>
        <time>2025-08-22T17:54:04+00:00</time>
      </trkpt>
      <trkpt lat="45.41948" lon="6.17016">
        <ele>1742</ele>
        <time>2025-08-22T17:54:07+00:00</time>
      </trkpt>
      <trkpt lat="45.41946" lon="6.17">
        <ele>1738</ele>
        <time>2025-08-22T17:54:10+00:00</time>
      </trkpt>
      <trkpt lat="45.41938" lon="6.16977">
        <ele>1732</ele>
        <time>2025-08-22T17:54:13+00:00</time>
      </trkpt>
      <trkpt lat="45.41928" lon="6.16945">
        <ele>1726</ele>
        <time>2025-08-22T17:54:16+00:00</time>
      </trkpt>
      <trkpt lat="45.41923" lon="6.16914">
        <ele>1721</ele>
        <time>2025-08-22T17:54:19+00:00</time>
      </trkpt>
      <trkpt lat="45.41921" lon="6.16905">
        <ele>1721</ele>
        <time>2025-08-22T17:54:22+00:00</time>
      </trkpt>
      <trkpt lat="45.41919" lon="6.16898">
        <ele>1716</ele>
        <time>2025-08-22T17:54:25+00:00</time>
      </trkpt>
      <trkpt lat="45.4193" lon="6.16894">
        <ele>1719</ele>
        <time>2025-08-22T17:54:28+00:00</time>
      </trkpt>
      <trkpt lat="45.41959" lon="6.1688">
        <ele>1719</ele>
        <time>2025-08-22T17:54:31+00:00</time>
      </trkpt>
      <trkpt lat="45.41969" lon="6.169">
        <ele>1720</ele>
        <time>2025-08-22T17:54:34+00:00</time>
      </trkpt>
      <trkpt lat="45.41976" lon="6.16924">
        <ele>1725</ele>
        <time>2025-08-22T17:54:37+00:00</time>
      </trkpt>
      <trkpt lat="45.4198" lon="6.16947">
        <ele>1728</ele>
        <time>2025-08-22T17:54:40+00:00</time>
      </trkpt>
      <trkpt lat="45.41988" lon="6.16973">
        <ele>1736</ele>
        <time>2025-08-22T17:54:43+00:00</time>
      </trkpt>
      <trkpt lat="45.41992" lon="6.16994">
        <ele>1739</ele>
        <time>2025-08-22T17:54:46+00:00</time>
      </trkpt>
      <trkpt lat="45.42001" lon="6.1702">
        <ele>1745</ele>
        <time>2025-08-22T17:54:49+00:00</time>
      </trkpt>
      <trkpt lat="45.42007" lon="6.17042">
        <ele>1755</ele>
        <time>2025-08-22T17:54:52+00:00</time>
      </trkpt>
      <trkpt lat="45.42015" lon="6.17058">
        <ele>1756</ele>
        <time>2025-08-22T17:54:55+00:00</time>
      </trkpt>
      <trkpt lat="45.42031" lon="6.17085">
        <ele>1767</ele>
        <time>2025-08-22T17:54:58+00:00</time>
      </trkpt>
      <trkpt lat="45.42049" lon="6.17115">
        <ele>1778</ele>
        <time>2025-08-22T17:55:01+00:00</time>
      </trkpt>
      <trkpt lat="45.42072" lon="6.17138">
        <ele>1785</ele>
        <time>2025-08-22T17:55:04+00:00</time>
      </trkpt>
      <trkpt lat="45.42104" lon="6.1717">
        <ele>1799</ele>
        <time>2025-08-22T17:55:07+00:00</time>
      </trkpt>
      <trkpt lat="45.42124" lon="6.17187">
        <ele>1807</ele>
        <time>2025-08-22T17:55:10+00:00</time>
      </trkpt>
      <trkpt lat="45.42129" lon="6.17194">
        <ele>1807</ele>
        <time>2025-08-22T17:55:13+00:00</time>
      </trkpt>
      <trkpt lat="45.42128" lon="6.17196">
        <ele>1807</ele>
        <time>2025-08-22T17:55:16+00:00</time>
      </trkpt>
      <trkpt lat="45.42129" lon="6.17194">
        <ele>1807</ele>
        <time>2025-08-22T17:55:19+00:00</time>
      </trkpt>
      <trkpt lat="45.42131" lon="6.172">
        <ele>1811</ele>
        <time>2025-08-22T17:55:22+00:00</time>
      </trkpt>
      <trkpt lat="45.42132" lon="6.17211">
        <ele>1815</ele>
        <time>2025-08-22T17:55:25+00:00</time>
      </trkpt>
      <trkpt lat="45.42129" lon="6.17226">
        <ele>1819</ele>
        <time>2025-08-22T17:55:28+00:00</time>
      </trkpt>
      <trkpt lat="45.42117" lon="6.17257">
        <ele>1830</ele>
        <time>2025-08-22T17:55:31+00:00</time>
      </trkpt>
      <trkpt lat="45.4211" lon="6.17288">
        <ele>1839</ele>
        <time>2025-08-22T17:55:34+00:00</time>
      </trkpt>
      <trkpt lat="45.421" lon="6.17318">
        <ele>1848</ele>
        <time>2025-08-22T17:55:37+00:00</time>
      </trkpt>
      <trkpt lat="45.421" lon="6.17349">
        <ele>1857</ele>
        <time>2025-08-22T17:55:40+00:00</time>
      </trkpt>
      <trkpt lat="45.42104" lon="6.17372">
        <ele>1864</ele>
        <time>2025-08-22T17:55:43+00:00</time>
      </trkpt>
      <trkpt lat="45.42103" lon="6.17385">
        <ele>1864</ele>
        <time>2025-08-22T17:55:46+00:00</time>
      </trkpt>
      <trkpt lat="45.42086" lon="6.17425">
        <ele>1868</ele>
        <time>2025-08-22T17:55:49+00:00</time>
      </trkpt>
      <trkpt lat="45.42071" lon="6.17453">
        <ele>1873</ele>
        <time>2025-08-22T17:55:52+00:00</time>
      </trkpt>
      <trkpt lat="45.42054" lon="6.17483">
        <ele>1875</ele>
        <time>2025-08-22T17:55:55+00:00</time>
      </trkpt>
      <trkpt lat="45.42033" lon="6.17522">
        <ele>1881</ele>
        <time>2025-08-22T17:55:58+00:00</time>
      </trkpt>
      <trkpt lat="45.42015" lon="6.17562">
        <ele>1884</ele>
        <time>2025-08-22T17:56:01+00:00</time>
      </trkpt>
      <trkpt lat="45.42009" lon="6.17575">
        <ele>1885</ele>
        <time>2025-08-22T17:56:04+00:00</time>
      </trkpt>
      <trkpt lat="45.42009" lon="6.17575">
        <ele>1885</ele>
        <time>2025-08-22T17:56:07+00:00</time>
      </trkpt>
      <trkpt lat="45.42001" lon="6.17585">
        <ele>1882</ele>
        <time>2025-08-22T17:56:10+00:00</time>
      </trkpt>
      <trkpt lat="45.41986" lon="6.176">
        <ele>1885</ele>
        <time>2025-08-22T17:56:13+00:00</time>
      </trkpt>
      <trkpt lat="45.41975" lon="6.17608">
        <ele>1882</ele>
        <time>2025-08-22T17:56:16+00:00</time>
      </trkpt>
      <trkpt lat="45.41956" lon="6.17619">
        <ele>1882</ele>
        <time>2025-08-22T17:56:19+00:00</time>
      </trkpt>
      <trkpt lat="45.41937" lon="6.17629">
        <ele>1885</ele>
        <time>2025-08-22T17:56:22+00:00</time>
      </trkpt>
      <trkpt lat="45.41932" lon="6.17633">
        <ele>1884</ele>
        <time>2025-08-22T17:56:25+00:00</time>
      </trkpt>
      <trkpt lat="45.4192" lon="6.17651">
        <ele>1888</ele>
        <time>2025-08-22T17:56:28+00:00</time>
      </trkpt>
      <trkpt lat="45.41916" lon="6.17653">
        <ele>1888</ele>
        <time>2025-08-22T17:56:31+00:00</time>
      </trkpt>
      <trkpt lat="45.41913" lon="6.17658">
        <ele>1888</ele>
        <time>2025-08-22T17:56:34+00:00</time>
      </trkpt>
      <trkpt lat="45.4191" lon="6.17658">
        <ele>1886</ele>
        <time>2025-08-22T17:56:37+00:00</time>
      </trkpt>
      <trkpt lat="45.41909" lon="6.17659">
        <ele>1886</ele>
        <time>2025-08-22T17:56:40+00:00</time>
      </trkpt>
      <trkpt lat="45.41908" lon="6.17661">
        <ele>1894</ele>
        <time>2025-08-22T17:56:43+00:00</time>
      </trkpt>
      <trkpt lat="45.41895" lon="6.17677">
        <ele>1894</ele>
        <time>2025-08-22T17:56:46+00:00</time>
      </trkpt>
      <trkpt lat="45.41887" lon="6.17682">
        <ele>1898</ele>
        <time>2025-08-22T17:56:49+00:00</time>
      </trkpt>
      <trkpt lat="45.41884" lon="6.17687">
        <ele>1898</ele>
        <time>2025-08-22T17:56:52+00:00</time>
      </trkpt>
      <trkpt lat="45.41859" lon="6.17713">
        <ele>1895</ele>
        <time>2025-08-22T17:56:55+00:00</time>
      </trkpt>
      <trkpt lat="45.41849" lon="6.17726">
        <ele>1897</ele>
        <time>2025-08-22T17:56:58+00:00</time>
      </trkpt>
      <trkpt lat="45.41834" lon="6.17744">
        <ele>1896</ele>
        <time>2025-08-22T17:57:01+00:00</time>
      </trkpt>
      <trkpt lat="45.41821" lon="6.17764">
        <ele>1897</ele>
        <time>2025-08-22T17:57:04+00:00</time>
      </trkpt>
      <trkpt lat="45.41812" lon="6.17783">
        <ele>1899</ele>
        <time>2025-08-22T17:57:07+00:00</time>
      </trkpt>
      <trkpt lat="45.41805" lon="6.17792">
        <ele>1895</ele>
        <time>2025-08-22T17:57:10+00:00</time>
      </trkpt>
      <trkpt lat="45.41797" lon="6.17798">
        <ele>1894</ele>
        <time>2025-08-22T17:57:13+00:00</time>
      </trkpt>
      <trkpt lat="45.41789" lon="6.17806">
        <ele>1891</ele>
        <time>2025-08-22T17:57:16+00:00</time>
      </trkpt>
      <trkpt lat="45.41777" lon="6.17822">
        <ele>1893</ele>
        <time>2025-08-22T17:57:19+00:00</time>
      </trkpt>
      <trkpt lat="45.41763" lon="6.17841">
        <ele>1892</ele>
        <time>2025-08-22T17:57:22+00:00</time>
      </trkpt>
      <trkpt lat="45.41754" lon="6.17852">
        <ele>1892</ele>
        <time>2025-08-22T17:57:25+00:00</time>
      </trkpt>
      <trkpt lat="45.41753" lon="6.1786">
        <ele>1892</ele>
        <time>2025-08-22T17:57:28+00:00</time>
      </trkpt>
      <trkpt lat="45.41751" lon="6.17868">
        <ele>1892</ele>
        <time>2025-08-22T17:57:31+00:00</time>
      </trkpt>
      <trkpt lat="45.4174" lon="6.17891">
        <ele>1895</ele>
        <time>2025-08-22T17:57:34+00:00</time>
      </trkpt>
      <trkpt lat="45.41732" lon="6.17911">
        <ele>1895</ele>
        <time>2025-08-22T17:57:37+00:00</time>
      </trkpt>
      <trkpt lat="45.4173" lon="6.17923">
        <ele>1899</ele>
        <time>2025-08-22T17:57:40+00:00</time>
      </trkpt>
      <trkpt lat="45.41727" lon="6.17925">
        <ele>1899</ele>
        <time>2025-08-22T17:57:43+00:00</time>
      </trkpt>
      <trkpt lat="45.41724" lon="6.17928">
        <ele>1899</ele>
        <time>2025-08-22T17:57:46+00:00</time>
      </trkpt>
      <trkpt lat="45.41722" lon="6.17931">
        <ele>1901</ele>
        <time>2025-08-22T17:57:49+00:00</time>
      </trkpt>
      <trkpt lat="45.41721" lon="6.17938">
        <ele>1901</ele>
        <time>2025-08-22T17:57:52+00:00</time>
      </trkpt>
      <trkpt lat="45.41717" lon="6.17954">
        <ele>1903</ele>
        <time>2025-08-22T17:57:55+00:00</time>
      </trkpt>
      <trkpt lat="45.41714" lon="6.17961">
        <ele>1903</ele>
        <time>2025-08-22T17:57:58+00:00</time>
      </trkpt>
      <trkpt lat="45.41703" lon="6.17982">
        <ele>1909</ele>
        <time>2025-08-22T17:58:01+00:00</time>
      </trkpt>
      <trkpt lat="45.41701" lon="6.17988">
        <ele>1909</ele>
        <time>2025-08-22T17:58:04+00:00</time>
      </trkpt>
      <trkpt lat="45.41697" lon="6.17993">
        <ele>1908</ele>
        <time>2025-08-22T17:58:07+00:00</time>
      </trkpt>
      <trkpt lat="45.41692" lon="6.18002">
        <ele>1912</ele>
        <time>2025-08-22T17:58:10+00:00</time>
      </trkpt>
      <trkpt lat="45.41688" lon="6.18006">
        <ele>1912</ele>
        <time>2025-08-22T17:58:13+00:00</time>
      </trkpt>
      <trkpt lat="45.41686" lon="6.1801">
        <ele>1912</ele>
        <time>2025-08-22T17:58:16+00:00</time>
      </trkpt>
      <trkpt lat="45.41684" lon="6.18016">
        <ele>1912</ele>
        <time>2025-08-22T17:58:19+00:00</time>
      </trkpt>
      <trkpt lat="45.41682" lon="6.18016">
        <ele>1912</ele>
        <time>2025-08-22T17:58:22+00:00</time>
      </trkpt>
      <trkpt lat="45.41681" lon="6.18018">
        <ele>1912</ele>
        <time>2025-08-22T17:58:25+00:00</time>
      </trkpt>
      <trkpt lat="45.41679" lon="6.1802">
        <ele>1910</ele>
        <time>2025-08-22T17:58:28+00:00</time>
      </trkpt>
      <trkpt lat="45.41677" lon="6.18026">
        <ele>1916</ele>
        <time>2025-08-22T17:58:31+00:00</time>
      </trkpt>
      <trkpt lat="45.41673" lon="6.18031">
        <ele>1916</ele>
        <time>2025-08-22T17:58:34+00:00</time>
      </trkpt>
      <trkpt lat="45.4167" lon="6.18039">
        <ele>1912</ele>
        <time>2025-08-22T17:58:37+00:00</time>
      </trkpt>
      <trkpt lat="45.41666" lon="6.18047">
        <ele>1918</ele>
        <time>2025-08-22T17:58:40+00:00</time>
      </trkpt>
      <trkpt lat="45.41663" lon="6.18057">
        <ele>1923</ele>
        <time>2025-08-22T17:58:43+00:00</time>
      </trkpt>
      <trkpt lat="45.41658" lon="6.18068">
        <ele>1923</ele>
        <time>2025-08-22T17:58:46+00:00</time>
      </trkpt>
      <trkpt lat="45.41658" lon="6.18079">
        <ele>1927</ele>
        <time>2025-08-22T17:58:49+00:00</time>
      </trkpt>
      <trkpt lat="45.41651" lon="6.18096">
        <ele>1931</ele>
        <time>2025-08-22T17:58:52+00:00</time>
      </trkpt>
      <trkpt lat="45.41648" lon="6.1811">
        <ele>1930</ele>
        <time>2025-08-22T17:58:55+00:00</time>
      </trkpt>
      <trkpt lat="45.41646" lon="6.18116">
        <ele>1935</ele>
        <time>2025-08-22T17:58:58+00:00</time>
      </trkpt>
      <trkpt lat="45.41645" lon="6.18121">
        <ele>1941</ele>
        <time>2025-08-22T17:59:01+00:00</time>
      </trkpt>
      <trkpt lat="45.41643" lon="6.18125">
        <ele>1941</ele>
        <time>2025-08-22T17:59:04+00:00</time>
      </trkpt>
      <trkpt lat="45.4164" lon="6.18129">
        <ele>1941</ele>
        <time>2025-08-22T17:59:07+00:00</time>
      </trkpt>
      <trkpt lat="45.41639" lon="6.18134">
        <ele>1941</ele>
        <time>2025-08-22T17:59:10+00:00</time>
      </trkpt>
      <trkpt lat="45.41635" lon="6.18137">
        <ele>1941</ele>
        <time>2025-08-22T17:59:13+00:00</time>
      </trkpt>
      <trkpt lat="45.41635" lon="6.18161">
        <ele>1949</ele>
        <time>2025-08-22T17:59:16+00:00</time>
      </trkpt>
      <trkpt lat="45.41629" lon="6.18174">
        <ele>1956</ele>
        <time>2025-08-22T17:59:19+00:00</time>
      </trkpt>
      <trkpt lat="45.41625" lon="6.18188">
        <ele>1956</ele>
        <time>2025-08-22T17:59:22+00:00</time>
      </trkpt>
      <trkpt lat="45.41618" lon="6.18209">
        <ele>1959</ele>
        <time>2025-08-22T17:59:25+00:00</time>
      </trkpt>
      <trkpt lat="45.41617" lon="6.18214">
        <ele>1960</ele>
        <time>2025-08-22T17:59:28+00:00</time>
      </trkpt>
      <trkpt lat="45.41615" lon="6.18216">
        <ele>1965</ele>
        <time>2025-08-22T17:59:31+00:00</time>
      </trkpt>
      <trkpt lat="45.41612" lon="6.18216">
        <ele>1965</ele>
        <time>2025-08-22T17:59:34+00:00</time>
      </trkpt>
      <trkpt lat="45.41607" lon="6.18219">
        <ele>1965</ele>
        <time>2025-08-22T17:59:37+00:00</time>
      </trkpt>
      <trkpt lat="45.41606" lon="6.18222">
        <ele>1965</ele>
        <time>2025-08-22T17:59:40+00:00</time>
      </trkpt>
      <trkpt lat="45.416" lon="6.18226">
        <ele>1964</ele>
        <time>2025-08-22T17:59:43+00:00</time>
      </trkpt>
      <trkpt lat="45.41597" lon="6.1823">
        <ele>1964</ele>
        <time>2025-08-22T17:59:46+00:00</time>
      </trkpt>
      <trkpt lat="45.41595" lon="6.18235">
        <ele>1971</ele>
        <time>2025-08-22T17:59:49+00:00</time>
      </trkpt>
      <trkpt lat="45.41589" lon="6.18246">
        <ele>1977</ele>
        <time>2025-08-22T17:59:52+00:00</time>
      </trkpt>
      <trkpt lat="45.41581" lon="6.18256">
        <ele>1977</ele>
        <time>2025-08-22T17:59:55+00:00</time>
      </trkpt>
      <trkpt lat="45.41577" lon="6.1826">
        <ele>1976</ele>
        <time>2025-08-22T17:59:58+00:00</time>
      </trkpt>
      <trkpt lat="45.41575" lon="6.18264">
        <ele>1982</ele>
        <time>2025-08-22T18:00:01+00:00</time>
      </trkpt>
      <trkpt lat="45.41573" lon="6.18273">
        <ele>1982</ele>
        <time>2025-08-22T18:00:04+00:00</time>
      </trkpt>
      <trkpt lat="45.41561" lon="6.18285">
        <ele>1988</ele>
        <time>2025-08-22T18:00:07+00:00</time>
      </trkpt>
      <trkpt lat="45.41555" lon="6.1829">
        <ele>1987</ele>
        <time>2025-08-22T18:00:10+00:00</time>
      </trkpt>
      <trkpt lat="45.4155" lon="6.18296">
        <ele>1991</ele>
        <time>2025-08-22T18:00:13+00:00</time>
      </trkpt>
      <trkpt lat="45.41545" lon="6.18299">
        <ele>1991</ele>
        <time>2025-08-22T18:00:16+00:00</time>
      </trkpt>
      <trkpt lat="45.41524" lon="6.18323">
        <ele>1995</ele>
        <time>2025-08-22T18:00:19+00:00</time>
      </trkpt>
      <trkpt lat="45.41521" lon="6.18327">
        <ele>1995</ele>
        <time>2025-08-22T18:00:22+00:00</time>
      </trkpt>
      <trkpt lat="45.41516" lon="6.18336">
        <ele>2000</ele>
        <time>2025-08-22T18:00:25+00:00</time>
      </trkpt>
      <trkpt lat="45.41505" lon="6.18362">
        <ele>2002</ele>
        <time>2025-08-22T18:00:28+00:00</time>
      </trkpt>
      <trkpt lat="45.41504" lon="6.18366">
        <ele>2002</ele>
        <time>2025-08-22T18:00:31+00:00</time>
      </trkpt>
      <trkpt lat="45.41503" lon="6.18375">
        <ele>2002</ele>
        <time>2025-08-22T18:00:34+00:00</time>
      </trkpt>
      <trkpt lat="45.41503" lon="6.18382">
        <ele>2003</ele>
        <time>2025-08-22T18:00:37+00:00</time>
      </trkpt>
      <trkpt lat="45.41505" lon="6.1839">
        <ele>2003</ele>
        <time>2025-08-22T18:00:40+00:00</time>
      </trkpt>
      <trkpt lat="45.41507" lon="6.18405">
        <ele>2004</ele>
        <time>2025-08-22T18:00:43+00:00</time>
      </trkpt>
      <trkpt lat="45.41507" lon="6.18419">
        <ele>2004</ele>
        <time>2025-08-22T18:00:46+00:00</time>
      </trkpt>
      <trkpt lat="45.41506" lon="6.18425">
        <ele>2004</ele>
        <time>2025-08-22T18:00:49+00:00</time>
      </trkpt>
      <trkpt lat="45.41506" lon="6.18435">
        <ele>2005</ele>
        <time>2025-08-22T18:00:52+00:00</time>
      </trkpt>
      <trkpt lat="45.41508" lon="6.18452">
        <ele>2006</ele>
        <time>2025-08-22T18:00:55+00:00</time>
      </trkpt>
      <trkpt lat="45.41505" lon="6.1848">
        <ele>2008</ele>
        <time>2025-08-22T18:00:58+00:00</time>
      </trkpt>
      <trkpt lat="45.41504" lon="6.18485">
        <ele>2012</ele>
        <time>2025-08-22T18:01:01+00:00</time>
      </trkpt>
      <trkpt lat="45.41496" lon="6.18502">
        <ele>2010</ele>
        <time>2025-08-22T18:01:04+00:00</time>
      </trkpt>
      <trkpt lat="45.41493" lon="6.18506">
        <ele>2010</ele>
        <time>2025-08-22T18:01:07+00:00</time>
      </trkpt>
      <trkpt lat="45.41492" lon="6.1851">
        <ele>2010</ele>
        <time>2025-08-22T18:01:10+00:00</time>
      </trkpt>
      <trkpt lat="45.41489" lon="6.18515">
        <ele>2010</ele>
        <time>2025-08-22T18:01:13+00:00</time>
      </trkpt>
      <trkpt lat="45.41487" lon="6.18521">
        <ele>2014</ele>
        <time>2025-08-22T18:01:16+00:00</time>
      </trkpt>
      <trkpt lat="45.41483" lon="6.18552">
        <ele>2017</ele>
        <time>2025-08-22T18:01:19+00:00</time>
      </trkpt>
      <trkpt lat="45.41477" lon="6.18564">
        <ele>2015</ele>
        <time>2025-08-22T18:01:22+00:00</time>
      </trkpt>
      <trkpt lat="45.41466" lon="6.18575">
        <ele>2017</ele>
        <time>2025-08-22T18:01:25+00:00</time>
      </trkpt>
      <trkpt lat="45.41462" lon="6.18582">
        <ele>2017</ele>
        <time>2025-08-22T18:01:28+00:00</time>
      </trkpt>
      <trkpt lat="45.41457" lon="6.18589">
        <ele>2012</ele>
        <time>2025-08-22T18:01:31+00:00</time>
      </trkpt>
      <trkpt lat="45.41452" lon="6.186">
        <ele>2017</ele>
        <time>2025-08-22T18:01:34+00:00</time>
      </trkpt>
      <trkpt lat="45.41448" lon="6.18602">
        <ele>2015</ele>
        <time>2025-08-22T18:01:37+00:00</time>
      </trkpt>
      <trkpt lat="45.41444" lon="6.18603">
        <ele>2015</ele>
        <time>2025-08-22T18:01:40+00:00</time>
      </trkpt>
      <trkpt lat="45.4144" lon="6.18602">
        <ele>2017</ele>
        <time>2025-08-22T18:01:43+00:00</time>
      </trkpt>
      <trkpt lat="45.41436" lon="6.18602">
        <ele>2017</ele>
        <time>2025-08-22T18:01:46+00:00</time>
      </trkpt>
      <trkpt lat="45.41434" lon="6.18603">
        <ele>2017</ele>
        <time>2025-08-22T18:01:49+00:00</time>
      </trkpt>
      <trkpt lat="45.41432" lon="6.18608">
        <ele>2017</ele>
        <time>2025-08-22T18:01:52+00:00</time>
      </trkpt>
      <trkpt lat="45.41429" lon="6.18611">
        <ele>2010</ele>
        <time>2025-08-22T18:01:55+00:00</time>
      </trkpt>
      <trkpt lat="45.41425" lon="6.1862">
        <ele>2010</ele>
        <time>2025-08-22T18:01:58+00:00</time>
      </trkpt>
      <trkpt lat="45.41423" lon="6.18621">
        <ele>2013</ele>
        <time>2025-08-22T18:02:01+00:00</time>
      </trkpt>
      <trkpt lat="45.41411" lon="6.18638">
        <ele>2013</ele>
        <time>2025-08-22T18:02:04+00:00</time>
      </trkpt>
      <trkpt lat="45.41399" lon="6.18649">
        <ele>2012</ele>
        <time>2025-08-22T18:02:07+00:00</time>
      </trkpt>
      <trkpt lat="45.41386" lon="6.18663">
        <ele>2012</ele>
        <time>2025-08-22T18:02:10+00:00</time>
      </trkpt>
      <trkpt lat="45.41384" lon="6.18663">
        <ele>2012</ele>
        <time>2025-08-22T18:02:13+00:00</time>
      </trkpt>
      <trkpt lat="45.41383" lon="6.18666">
        <ele>2012</ele>
        <time>2025-08-22T18:02:16+00:00</time>
      </trkpt>
      <trkpt lat="45.41383" lon="6.18671">
        <ele>2013</ele>
        <time>2025-08-22T18:02:19+00:00</time>
      </trkpt>
      <trkpt lat="45.41384" lon="6.18675">
        <ele>2013</ele>
        <time>2025-08-22T18:02:22+00:00</time>
      </trkpt>
      <trkpt lat="45.41381" lon="6.1868">
        <ele>2013</ele>
        <time>2025-08-22T18:02:25+00:00</time>
      </trkpt>
      <trkpt lat="45.41381" lon="6.18683">
        <ele>2013</ele>
        <time>2025-08-22T18:02:28+00:00</time>
      </trkpt>
      <trkpt lat="45.41379" lon="6.18686">
        <ele>2004</ele>
        <time>2025-08-22T18:02:31+00:00</time>
      </trkpt>
      <trkpt lat="45.41376" lon="6.18687">
        <ele>2004</ele>
        <time>2025-08-22T18:02:34+00:00</time>
      </trkpt>
      <trkpt lat="45.41373" lon="6.1869">
        <ele>2004</ele>
        <time>2025-08-22T18:02:37+00:00</time>
      </trkpt>
      <trkpt lat="45.41373" lon="6.18696">
        <ele>2004</ele>
        <time>2025-08-22T18:02:40+00:00</time>
      </trkpt>
      <trkpt lat="45.41372" lon="6.187">
        <ele>2004</ele>
        <time>2025-08-22T18:02:43+00:00</time>
      </trkpt>
      <trkpt lat="45.41369" lon="6.18703">
        <ele>2004</ele>
        <time>2025-08-22T18:02:46+00:00</time>
      </trkpt>
      <trkpt lat="45.41367" lon="6.18706">
        <ele>2004</ele>
        <time>2025-08-22T18:02:49+00:00</time>
      </trkpt>
      <trkpt lat="45.41362" lon="6.1871">
        <ele>2004</ele>
        <time>2025-08-22T18:02:52+00:00</time>
      </trkpt>
      <trkpt lat="45.41361" lon="6.18713">
        <ele>2008</ele>
        <time>2025-08-22T18:02:55+00:00</time>
      </trkpt>
      <trkpt lat="45.41359" lon="6.18716">
        <ele>2006</ele>
        <time>2025-08-22T18:02:58+00:00</time>
      </trkpt>
      <trkpt lat="45.41354" lon="6.18721">
        <ele>2008</ele>
        <time>2025-08-22T18:03:01+00:00</time>
      </trkpt>
      <trkpt lat="45.41351" lon="6.18723">
        <ele>2005</ele>
        <time>2025-08-22T18:03:04+00:00</time>
      </trkpt>
      <trkpt lat="45.4135" lon="6.18725">
        <ele>2008</ele>
        <time>2025-08-22T18:03:07+00:00</time>
      </trkpt>
      <trkpt lat="45.41347" lon="6.18725">
        <ele>2008</ele>
        <time>2025-08-22T18:03:10+00:00</time>
      </trkpt>
      <trkpt lat="45.41342" lon="6.18727">
        <ele>2008</ele>
        <time>2025-08-22T18:03:13+00:00</time>
      </trkpt>
      <trkpt lat="45.4134" lon="6.18729">
        <ele>2006</ele>
        <time>2025-08-22T18:03:16+00:00</time>
      </trkpt>
      <trkpt lat="45.41336" lon="6.18731">
        <ele>2006</ele>
        <time>2025-08-22T18:03:19+00:00</time>
      </trkpt>
      <trkpt lat="45.41331" lon="6.18732">
        <ele>2006</ele>
        <time>2025-08-22T18:03:22+00:00</time>
      </trkpt>
      <trkpt lat="45.41326" lon="6.18737">
        <ele>2006</ele>
        <time>2025-08-22T18:03:25+00:00</time>
      </trkpt>
      <trkpt lat="45.41323" lon="6.18739">
        <ele>2006</ele>
        <time>2025-08-22T18:03:28+00:00</time>
      </trkpt>
      <trkpt lat="45.41319" lon="6.18736">
        <ele>2009</ele>
        <time>2025-08-22T18:03:31+00:00</time>
      </trkpt>
      <trkpt lat="45.41315" lon="6.18735">
        <ele>2009</ele>
        <time>2025-08-22T18:03:34+00:00</time>
      </trkpt>
      <trkpt lat="45.41307" lon="6.18737">
        <ele>2013</ele>
        <time>2025-08-22T18:03:37+00:00</time>
      </trkpt>
      <trkpt lat="45.41303" lon="6.18734">
        <ele>2013</ele>
        <time>2025-08-22T18:03:40+00:00</time>
      </trkpt>
      <trkpt lat="45.41293" lon="6.18733">
        <ele>2013</ele>
        <time>2025-08-22T18:03:43+00:00</time>
      </trkpt>
      <trkpt lat="45.4129" lon="6.18732">
        <ele>2013</ele>
        <time>2025-08-22T18:03:46+00:00</time>
      </trkpt>
      <trkpt lat="45.41282" lon="6.18734">
        <ele>2013</ele>
        <time>2025-08-22T18:03:49+00:00</time>
      </trkpt>
      <trkpt lat="45.41275" lon="6.18738">
        <ele>2013</ele>
        <time>2025-08-22T18:03:52+00:00</time>
      </trkpt>
      <trkpt lat="45.41265" lon="6.18741">
        <ele>2017</ele>
        <time>2025-08-22T18:03:55+00:00</time>
      </trkpt>
      <trkpt lat="45.41255" lon="6.18747">
        <ele>2011</ele>
        <time>2025-08-22T18:03:58+00:00</time>
      </trkpt>
      <trkpt lat="45.41247" lon="6.18749">
        <ele>2014</ele>
        <time>2025-08-22T18:04:01+00:00</time>
      </trkpt>
      <trkpt lat="45.41241" lon="6.18749">
        <ele>2014</ele>
        <time>2025-08-22T18:04:04+00:00</time>
      </trkpt>
      <trkpt lat="45.41231" lon="6.18756">
        <ele>2009</ele>
        <time>2025-08-22T18:04:07+00:00</time>
      </trkpt>
      <trkpt lat="45.41228" lon="6.18755">
        <ele>2009</ele>
        <time>2025-08-22T18:04:10+00:00</time>
      </trkpt>
      <trkpt lat="45.41225" lon="6.18755">
        <ele>2009</ele>
        <time>2025-08-22T18:04:13+00:00</time>
      </trkpt>
      <trkpt lat="45.41225" lon="6.18757">
        <ele>2009</ele>
        <time>2025-08-22T18:04:16+00:00</time>
      </trkpt>
      <trkpt lat="45.41224" lon="6.18757">
        <ele>2009</ele>
        <time>2025-08-22T18:04:19+00:00</time>
      </trkpt>
      <trkpt lat="45.41223" lon="6.18763">
        <ele>2011</ele>
        <time>2025-08-22T18:04:22+00:00</time>
      </trkpt>
      <trkpt lat="45.41211" lon="6.18771">
        <ele>2005</ele>
        <time>2025-08-22T18:04:25+00:00</time>
      </trkpt>
      <trkpt lat="45.41205" lon="6.1877">
        <ele>2005</ele>
        <time>2025-08-22T18:04:28+00:00</time>
      </trkpt>
      <trkpt lat="45.41199" lon="6.1877">
        <ele>2001</ele>
        <time>2025-08-22T18:04:31+00:00</time>
      </trkpt>
      <trkpt lat="45.4119" lon="6.18775">
        <ele>2001</ele>
        <time>2025-08-22T18:04:34+00:00</time>
      </trkpt>
      <trkpt lat="45.41183" lon="6.18784">
        <ele>2000</ele>
        <time>2025-08-22T18:04:37+00:00</time>
      </trkpt>
      <trkpt lat="45.4118" lon="6.18785">
        <ele>2000</ele>
        <time>2025-08-22T18:04:40+00:00</time>
      </trkpt>
      <trkpt lat="45.41176" lon="6.18789">
        <ele>2000</ele>
        <time>2025-08-22T18:04:43+00:00</time>
      </trkpt>
      <trkpt lat="45.41176" lon="6.18791">
        <ele>2000</ele>
        <time>2025-08-22T18:04:46+00:00</time>
      </trkpt>
      <trkpt lat="45.41174" lon="6.18796">
        <ele>2000</ele>
        <time>2025-08-22T18:04:49+00:00</time>
      </trkpt>
      <trkpt lat="45.41171" lon="6.18793">
        <ele>2000</ele>
        <time>2025-08-22T18:04:52+00:00</time>
      </trkpt>
      <trkpt lat="45.41167" lon="6.18795">
        <ele>1993</ele>
        <time>2025-08-22T18:04:55+00:00</time>
      </trkpt>
      <trkpt lat="45.41169" lon="6.18801">
        <ele>1993</ele>
        <time>2025-08-22T18:04:58+00:00</time>
      </trkpt>
      <trkpt lat="45.41164" lon="6.18802">
        <ele>1993</ele>
        <time>2025-08-22T18:05:01+00:00</time>
      </trkpt>
      <trkpt lat="45.4116" lon="6.188">
        <ele>1993</ele>
        <time>2025-08-22T18:05:04+00:00</time>
      </trkpt>
      <trkpt lat="45.41158" lon="6.18805">
        <ele>1993</ele>
        <time>2025-08-22T18:05:07+00:00</time>
      </trkpt>
      <trkpt lat="45.41155" lon="6.18805">
        <ele>1993</ele>
        <time>2025-08-22T18:05:10+00:00</time>
      </trkpt>
      <trkpt lat="45.41155" lon="6.18809">
        <ele>1993</ele>
        <time>2025-08-22T18:05:13+00:00</time>
      </trkpt>
      <trkpt lat="45.41151" lon="6.18809">
        <ele>1993</ele>
        <time>2025-08-22T18:05:16+00:00</time>
      </trkpt>
      <trkpt lat="45.41143" lon="6.18815">
        <ele>1985</ele>
        <time>2025-08-22T18:05:19+00:00</time>
      </trkpt>
      <trkpt lat="45.41132" lon="6.18821">
        <ele>1981</ele>
        <time>2025-08-22T18:05:22+00:00</time>
      </trkpt>
      <trkpt lat="45.41128" lon="6.18825">
        <ele>1981</ele>
        <time>2025-08-22T18:05:25+00:00</time>
      </trkpt>
      <trkpt lat="45.41123" lon="6.18826">
        <ele>1981</ele>
        <time>2025-08-22T18:05:28+00:00</time>
      </trkpt>
      <trkpt lat="45.41122" lon="6.1883">
        <ele>1977</ele>
        <time>2025-08-22T18:05:31+00:00</time>
      </trkpt>
      <trkpt lat="45.4111" lon="6.18834">
        <ele>1977</ele>
        <time>2025-08-22T18:05:34+00:00</time>
      </trkpt>
      <trkpt lat="45.41109" lon="6.18834">
        <ele>1977</ele>
        <time>2025-08-22T18:05:37+00:00</time>
      </trkpt>
      <trkpt lat="45.4111" lon="6.18834">
        <ele>1977</ele>
        <time>2025-08-22T18:05:40+00:00</time>
      </trkpt>
      <trkpt lat="45.41112" lon="6.18838">
        <ele>1977</ele>
        <time>2025-08-22T18:05:43+00:00</time>
      </trkpt>
      <trkpt lat="45.41111" lon="6.18849">
        <ele>1975</ele>
        <time>2025-08-22T18:05:46+00:00</time>
      </trkpt>
      <trkpt lat="45.41112" lon="6.18857">
        <ele>1975</ele>
        <time>2025-08-22T18:05:49+00:00</time>
      </trkpt>
      <trkpt lat="45.41115" lon="6.18868">
        <ele>1971</ele>
        <time>2025-08-22T18:05:52+00:00</time>
      </trkpt>
      <trkpt lat="45.41115" lon="6.18872">
        <ele>1971</ele>
        <time>2025-08-22T18:05:55+00:00</time>
      </trkpt>
      <trkpt lat="45.41113" lon="6.18875">
        <ele>1971</ele>
        <time>2025-08-22T18:05:58+00:00</time>
      </trkpt>
      <trkpt lat="45.41119" lon="6.18883">
        <ele>1967</ele>
        <time>2025-08-22T18:06:01+00:00</time>
      </trkpt>
      <trkpt lat="45.41124" lon="6.18891">
        <ele>1964</ele>
        <time>2025-08-22T18:06:04+00:00</time>
      </trkpt>
      <trkpt lat="45.41124" lon="6.18894">
        <ele>1964</ele>
        <time>2025-08-22T18:06:07+00:00</time>
      </trkpt>
      <trkpt lat="45.41116" lon="6.189">
        <ele>1967</ele>
        <time>2025-08-22T18:06:10+00:00</time>
      </trkpt>
      <trkpt lat="45.41114" lon="6.18906">
        <ele>1963</ele>
        <time>2025-08-22T18:06:13+00:00</time>
      </trkpt>
      <trkpt lat="45.41119" lon="6.18912">
        <ele>1960</ele>
        <time>2025-08-22T18:06:16+00:00</time>
      </trkpt>
      <trkpt lat="45.41116" lon="6.1892">
        <ele>1960</ele>
        <time>2025-08-22T18:06:19+00:00</time>
      </trkpt>
      <trkpt lat="45.41117" lon="6.18926">
        <ele>1960</ele>
        <time>2025-08-22T18:06:22+00:00</time>
      </trkpt>
      <trkpt lat="45.41122" lon="6.18925">
        <ele>1955</ele>
        <time>2025-08-22T18:06:25+00:00</time>
      </trkpt>
      <trkpt lat="45.41122" lon="6.18927">
        <ele>1955</ele>
        <time>2025-08-22T18:06:28+00:00</time>
      </trkpt>
      <trkpt lat="45.41121" lon="6.18932">
        <ele>1951</ele>
        <time>2025-08-22T18:06:31+00:00</time>
      </trkpt>
      <trkpt lat="45.41129" lon="6.18939">
        <ele>1951</ele>
        <time>2025-08-22T18:06:34+00:00</time>
      </trkpt>
      <trkpt lat="45.41127" lon="6.18944">
        <ele>1951</ele>
        <time>2025-08-22T18:06:37+00:00</time>
      </trkpt>
      <trkpt lat="45.41131" lon="6.18947">
        <ele>1951</ele>
        <time>2025-08-22T18:06:40+00:00</time>
      </trkpt>
      <trkpt lat="45.41134" lon="6.18954">
        <ele>1945</ele>
        <time>2025-08-22T18:06:43+00:00</time>
      </trkpt>
      <trkpt lat="45.4113" lon="6.18959">
        <ele>1945</ele>
        <time>2025-08-22T18:06:46+00:00</time>
      </trkpt>
      <trkpt lat="45.41136" lon="6.18965">
        <ele>1940</ele>
        <time>2025-08-22T18:06:49+00:00</time>
      </trkpt>
      <trkpt lat="45.41126" lon="6.18971">
        <ele>1940</ele>
        <time>2025-08-22T18:06:52+00:00</time>
      </trkpt>
      <trkpt lat="45.41126" lon="6.18978">
        <ele>1940</ele>
        <time>2025-08-22T18:06:55+00:00</time>
      </trkpt>
      <trkpt lat="45.41131" lon="6.18989">
        <ele>1939</ele>
        <time>2025-08-22T18:06:58+00:00</time>
      </trkpt>
      <trkpt lat="45.41144" lon="6.18999">
        <ele>1934</ele>
        <time>2025-08-22T18:07:01+00:00</time>
      </trkpt>
      <trkpt lat="45.41148" lon="6.19003">
        <ele>1930</ele>
        <time>2025-08-22T18:07:04+00:00</time>
      </trkpt>
      <trkpt lat="45.41149" lon="6.19007">
        <ele>1930</ele>
        <time>2025-08-22T18:07:07+00:00</time>
      </trkpt>
      <trkpt lat="45.4115" lon="6.1901">
        <ele>1927</ele>
        <time>2025-08-22T18:07:10+00:00</time>
      </trkpt>
      <trkpt lat="45.41157" lon="6.19014">
        <ele>1927</ele>
        <time>2025-08-22T18:07:13+00:00</time>
      </trkpt>
      <trkpt lat="45.41158" lon="6.19017">
        <ele>1927</ele>
        <time>2025-08-22T18:07:16+00:00</time>
      </trkpt>
      <trkpt lat="45.41158" lon="6.19022">
        <ele>1924</ele>
        <time>2025-08-22T18:07:19+00:00</time>
      </trkpt>
      <trkpt lat="45.41159" lon="6.19025">
        <ele>1924</ele>
        <time>2025-08-22T18:07:22+00:00</time>
      </trkpt>
      <trkpt lat="45.4117" lon="6.1903">
        <ele>1920</ele>
        <time>2025-08-22T18:07:25+00:00</time>
      </trkpt>
      <trkpt lat="45.41171" lon="6.19032">
        <ele>1923</ele>
        <time>2025-08-22T18:07:28+00:00</time>
      </trkpt>
      <trkpt lat="45.4117" lon="6.19032">
        <ele>1926</ele>
        <time>2025-08-22T18:07:31+00:00</time>
      </trkpt>
      <trkpt lat="45.41171" lon="6.19032">
        <ele>1918</ele>
        <time>2025-08-22T18:07:34+00:00</time>
      </trkpt>
      <trkpt lat="45.41171" lon="6.19039">
        <ele>1918</ele>
        <time>2025-08-22T18:07:37+00:00</time>
      </trkpt>
      <trkpt lat="45.41169" lon="6.19053">
        <ele>1928</ele>
        <time>2025-08-22T18:07:40+00:00</time>
      </trkpt>
      <trkpt lat="45.41176" lon="6.19084">
        <ele>1920</ele>
        <time>2025-08-22T18:07:43+00:00</time>
      </trkpt>
      <trkpt lat="45.41181" lon="6.191">
        <ele>1921</ele>
        <time>2025-08-22T18:07:46+00:00</time>
      </trkpt>
      <trkpt lat="45.41187" lon="6.19104">
        <ele>1921</ele>
        <time>2025-08-22T18:07:49+00:00</time>
      </trkpt>
      <trkpt lat="45.41191" lon="6.19109">
        <ele>1913</ele>
        <time>2025-08-22T18:07:52+00:00</time>
      </trkpt>
      <trkpt lat="45.41193" lon="6.19117">
        <ele>1913</ele>
        <time>2025-08-22T18:07:55+00:00</time>
      </trkpt>
      <trkpt lat="45.41199" lon="6.19117">
        <ele>1913</ele>
        <time>2025-08-22T18:07:58+00:00</time>
      </trkpt>
      <trkpt lat="45.41201" lon="6.19121">
        <ele>1908</ele>
        <time>2025-08-22T18:08:01+00:00</time>
      </trkpt>
      <trkpt lat="45.41203" lon="6.19122">
        <ele>1908</ele>
        <time>2025-08-22T18:08:04+00:00</time>
      </trkpt>
      <trkpt lat="45.41206" lon="6.19128">
        <ele>1908</ele>
        <time>2025-08-22T18:08:07+00:00</time>
      </trkpt>
      <trkpt lat="45.41205" lon="6.19134">
        <ele>1908</ele>
        <time>2025-08-22T18:08:10+00:00</time>
      </trkpt>
      <trkpt lat="45.41212" lon="6.19141">
        <ele>1910</ele>
        <time>2025-08-22T18:08:13+00:00</time>
      </trkpt>
      <trkpt lat="45.41215" lon="6.19141">
        <ele>1910</ele>
        <time>2025-08-22T18:08:16+00:00</time>
      </trkpt>
      <trkpt lat="45.41218" lon="6.1915">
        <ele>1908</ele>
        <time>2025-08-22T18:08:19+00:00</time>
      </trkpt>
      <trkpt lat="45.41223" lon="6.19157">
        <ele>1905</ele>
        <time>2025-08-22T18:08:22+00:00</time>
      </trkpt>
      <trkpt lat="45.41224" lon="6.19165">
        <ele>1905</ele>
        <time>2025-08-22T18:08:25+00:00</time>
      </trkpt>
      <trkpt lat="45.41229" lon="6.19168">
        <ele>1905</ele>
        <time>2025-08-22T18:08:28+00:00</time>
      </trkpt>
      <trkpt lat="45.41231" lon="6.19174">
        <ele>1906</ele>
        <time>2025-08-22T18:08:31+00:00</time>
      </trkpt>
      <trkpt lat="45.41235" lon="6.19178">
        <ele>1906</ele>
        <time>2025-08-22T18:08:34+00:00</time>
      </trkpt>
      <trkpt lat="45.4124" lon="6.19181">
        <ele>1906</ele>
        <time>2025-08-22T18:08:37+00:00</time>
      </trkpt>
      <trkpt lat="45.41244" lon="6.19187">
        <ele>1902</ele>
        <time>2025-08-22T18:08:40+00:00</time>
      </trkpt>
      <trkpt lat="45.41247" lon="6.19189">
        <ele>1902</ele>
        <time>2025-08-22T18:08:43+00:00</time>
      </trkpt>
      <trkpt lat="45.41254" lon="6.19196">
        <ele>1901</ele>
        <time>2025-08-22T18:08:46+00:00</time>
      </trkpt>
      <trkpt lat="45.41263" lon="6.192">
        <ele>1896</ele>
        <time>2025-08-22T18:08:49+00:00</time>
      </trkpt>
      <trkpt lat="45.41266" lon="6.19206">
        <ele>1896</ele>
        <time>2025-08-22T18:08:52+00:00</time>
      </trkpt>
      <trkpt lat="45.41276" lon="6.19209">
        <ele>1894</ele>
        <time>2025-08-22T18:08:55+00:00</time>
      </trkpt>
      <trkpt lat="45.41284" lon="6.19224">
        <ele>1891</ele>
        <time>2025-08-22T18:08:58+00:00</time>
      </trkpt>
      <trkpt lat="45.41291" lon="6.19223">
        <ele>1890</ele>
        <time>2025-08-22T18:09:01+00:00</time>
      </trkpt>
      <trkpt lat="45.41307" lon="6.19243">
        <ele>1886</ele>
        <time>2025-08-22T18:09:04+00:00</time>
      </trkpt>
      <trkpt lat="45.41318" lon="6.19248">
        <ele>1886</ele>
        <time>2025-08-22T18:09:07+00:00</time>
      </trkpt>
      <trkpt lat="45.41323" lon="6.19255">
        <ele>1881</ele>
        <time>2025-08-22T18:09:10+00:00</time>
      </trkpt>
      <trkpt lat="45.41331" lon="6.19254">
        <ele>1881</ele>
        <time>2025-08-22T18:09:13+00:00</time>
      </trkpt>
      <trkpt lat="45.41341" lon="6.19263">
        <ele>1877</ele>
        <time>2025-08-22T18:09:16+00:00</time>
      </trkpt>
      <trkpt lat="45.41348" lon="6.19263">
        <ele>1877</ele>
        <time>2025-08-22T18:09:19+00:00</time>
      </trkpt>
      <trkpt lat="45.41357" lon="6.19266">
        <ele>1877</ele>
        <time>2025-08-22T18:09:22+00:00</time>
      </trkpt>
      <trkpt lat="45.41373" lon="6.19275">
        <ele>1873</ele>
        <time>2025-08-22T18:09:25+00:00</time>
      </trkpt>
      <trkpt lat="45.41376" lon="6.1928">
        <ele>1873</ele>
        <time>2025-08-22T18:09:28+00:00</time>
      </trkpt>
      <trkpt lat="45.41381" lon="6.19291">
        <ele>1867</ele>
        <time>2025-08-22T18:09:31+00:00</time>
      </trkpt>
      <trkpt lat="45.4139" lon="6.193">
        <ele>1862</ele>
        <time>2025-08-22T18:09:34+00:00</time>
      </trkpt>
      <trkpt lat="45.41398" lon="6.19301">
        <ele>1862</ele>
        <time>2025-08-22T18:09:37+00:00</time>
      </trkpt>
      <trkpt lat="45.41406" lon="6.19308">
        <ele>1862</ele>
        <time>2025-08-22T18:09:40+00:00</time>
      </trkpt>
      <trkpt lat="45.41414" lon="6.19302">
        <ele>1855</ele>
        <time>2025-08-22T18:09:43+00:00</time>
      </trkpt>
      <trkpt lat="45.41421" lon="6.1931">
        <ele>1855</ele>
        <time>2025-08-22T18:09:46+00:00</time>
      </trkpt>
      <trkpt lat="45.41427" lon="6.19315">
        <ele>1855</ele>
        <time>2025-08-22T18:09:49+00:00</time>
      </trkpt>
      <trkpt lat="45.41431" lon="6.19323">
        <ele>1847</ele>
        <time>2025-08-22T18:09:52+00:00</time>
      </trkpt>
      <trkpt lat="45.4144" lon="6.19329">
        <ele>1847</ele>
        <time>2025-08-22T18:09:55+00:00</time>
      </trkpt>
      <trkpt lat="45.41447" lon="6.19328">
        <ele>1843</ele>
        <time>2025-08-22T18:09:58+00:00</time>
      </trkpt>
      <trkpt lat="45.41459" lon="6.19336">
        <ele>1843</ele>
        <time>2025-08-22T18:10:01+00:00</time>
      </trkpt>
      <trkpt lat="45.41467" lon="6.1934">
        <ele>1833</ele>
        <time>2025-08-22T18:10:04+00:00</time>
      </trkpt>
      <trkpt lat="45.41484" lon="6.1934">
        <ele>1829</ele>
        <time>2025-08-22T18:10:07+00:00</time>
      </trkpt>
      <trkpt lat="45.41514" lon="6.19351">
        <ele>1823</ele>
        <time>2025-08-22T18:10:10+00:00</time>
      </trkpt>
      <trkpt lat="45.41518" lon="6.1936">
        <ele>1818</ele>
        <time>2025-08-22T18:10:13+00:00</time>
      </trkpt>
      <trkpt lat="45.41528" lon="6.19369">
        <ele>1818</ele>
        <time>2025-08-22T18:10:16+00:00</time>
      </trkpt>
      <trkpt lat="45.41535" lon="6.19358">
        <ele>1811</ele>
        <time>2025-08-22T18:10:19+00:00</time>
      </trkpt>
      <trkpt lat="45.41552" lon="6.19371">
        <ele>1812</ele>
        <time>2025-08-22T18:10:22+00:00</time>
      </trkpt>
      <trkpt lat="45.4157" lon="6.19385">
        <ele>1810</ele>
        <time>2025-08-22T18:10:25+00:00</time>
      </trkpt>
      <trkpt lat="45.41571" lon="6.19382">
        <ele>1810</ele>
        <time>2025-08-22T18:10:28+00:00</time>
      </trkpt>
      <trkpt lat="45.4157" lon="6.19385">
        <ele>1810</ele>
        <time>2025-08-22T18:10:31+00:00</time>
      </trkpt>
      <trkpt lat="45.4157" lon="6.19386">
        <ele>1810</ele>
        <time>2025-08-22T18:10:34+00:00</time>
      </trkpt>
      <trkpt lat="45.41576" lon="6.194">
        <ele>1809</ele>
        <time>2025-08-22T18:10:37+00:00</time>
      </trkpt>
      <trkpt lat="45.41581" lon="6.194">
        <ele>1807</ele>
        <time>2025-08-22T18:10:40+00:00</time>
      </trkpt>
      <trkpt lat="45.41588" lon="6.19406">
        <ele>1807</ele>
        <time>2025-08-22T18:10:43+00:00</time>
      </trkpt>
      <trkpt lat="45.41592" lon="6.19408">
        <ele>1807</ele>
        <time>2025-08-22T18:10:46+00:00</time>
      </trkpt>
      <trkpt lat="45.41598" lon="6.1942">
        <ele>1806</ele>
        <time>2025-08-22T18:10:49+00:00</time>
      </trkpt>
      <trkpt lat="45.41605" lon="6.19436">
        <ele>1803</ele>
        <time>2025-08-22T18:10:52+00:00</time>
      </trkpt>
      <trkpt lat="45.41621" lon="6.19447">
        <ele>1801</ele>
        <time>2025-08-22T18:10:55+00:00</time>
      </trkpt>
      <trkpt lat="45.41621" lon="6.19458">
        <ele>1799</ele>
        <time>2025-08-22T18:10:58+00:00</time>
      </trkpt>
      <trkpt lat="45.41637" lon="6.19475">
        <ele>1795</ele>
        <time>2025-08-22T18:11:01+00:00</time>
      </trkpt>
      <trkpt lat="45.41655" lon="6.19494">
        <ele>1789</ele>
        <time>2025-08-22T18:11:04+00:00</time>
      </trkpt>
      <trkpt lat="45.41659" lon="6.195">
        <ele>1789</ele>
        <time>2025-08-22T18:11:07+00:00</time>
      </trkpt>
      <trkpt lat="45.41665" lon="6.19505">
        <ele>1789</ele>
        <time>2025-08-22T18:11:10+00:00</time>
      </trkpt>
      <trkpt lat="45.41672" lon="6.19522">
        <ele>1785</ele>
        <time>2025-08-22T18:11:13+00:00</time>
      </trkpt>
      <trkpt lat="45.41678" lon="6.19529">
        <ele>1785</ele>
        <time>2025-08-22T18:11:16+00:00</time>
      </trkpt>
      <trkpt lat="45.41682" lon="6.1953">
        <ele>1782</ele>
        <time>2025-08-22T18:11:19+00:00</time>
      </trkpt>
      <trkpt lat="45.41687" lon="6.19543">
        <ele>1782</ele>
        <time>2025-08-22T18:11:22+00:00</time>
      </trkpt>
      <trkpt lat="45.41694" lon="6.19548">
        <ele>1782</ele>
        <time>2025-08-22T18:11:25+00:00</time>
      </trkpt>
      <trkpt lat="45.41697" lon="6.19563">
        <ele>1780</ele>
        <time>2025-08-22T18:11:28+00:00</time>
      </trkpt>
      <trkpt lat="45.41703" lon="6.19562">
        <ele>1777</ele>
        <time>2025-08-22T18:11:31+00:00</time>
      </trkpt>
      <trkpt lat="45.41707" lon="6.19571">
        <ele>1777</ele>
        <time>2025-08-22T18:11:34+00:00</time>
      </trkpt>
      <trkpt lat="45.41707" lon="6.19576">
        <ele>1777</ele>
        <time>2025-08-22T18:11:37+00:00</time>
      </trkpt>
      <trkpt lat="45.4172" lon="6.19597">
        <ele>1772</ele>
        <time>2025-08-22T18:11:40+00:00</time>
      </trkpt>
      <trkpt lat="45.41736" lon="6.19624">
        <ele>1765</ele>
        <time>2025-08-22T18:11:43+00:00</time>
      </trkpt>
      <trkpt lat="45.41757" lon="6.19647">
        <ele>1762</ele>
        <time>2025-08-22T18:11:46+00:00</time>
      </trkpt>
      <trkpt lat="45.41767" lon="6.19656">
        <ele>1759</ele>
        <time>2025-08-22T18:11:49+00:00</time>
      </trkpt>
      <trkpt lat="45.41779" lon="6.19682">
        <ele>1755</ele>
        <time>2025-08-22T18:11:52+00:00</time>
      </trkpt>
      <trkpt lat="45.41796" lon="6.19696">
        <ele>1750</ele>
        <time>2025-08-22T18:11:55+00:00</time>
      </trkpt>
      <trkpt lat="45.41798" lon="6.19713">
        <ele>1746</ele>
        <time>2025-08-22T18:11:58+00:00</time>
      </trkpt>
      <trkpt lat="45.41805" lon="6.19718">
        <ele>1744</ele>
        <time>2025-08-22T18:12:01+00:00</time>
      </trkpt>
      <trkpt lat="45.41814" lon="6.19719">
        <ele>1744</ele>
        <time>2025-08-22T18:12:04+00:00</time>
      </trkpt>
      <trkpt lat="45.41822" lon="6.19726">
        <ele>1738</ele>
        <time>2025-08-22T18:12:07+00:00</time>
      </trkpt>
      <trkpt lat="45.41822" lon="6.19737">
        <ele>1738</ele>
        <time>2025-08-22T18:12:10+00:00</time>
      </trkpt>
      <trkpt lat="45.41824" lon="6.19743">
        <ele>1737</ele>
        <time>2025-08-22T18:12:13+00:00</time>
      </trkpt>
      <trkpt lat="45.41829" lon="6.19749">
        <ele>1737</ele>
        <time>2025-08-22T18:12:16+00:00</time>
      </trkpt>
      <trkpt lat="45.41832" lon="6.19748">
        <ele>1737</ele>
        <time>2025-08-22T18:12:19+00:00</time>
      </trkpt>
      <trkpt lat="45.41835" lon="6.19754">
        <ele>1732</ele>
        <time>2025-08-22T18:12:22+00:00</time>
      </trkpt>
      <trkpt lat="45.41842" lon="6.19757">
        <ele>1732</ele>
        <time>2025-08-22T18:12:25+00:00</time>
      </trkpt>
      <trkpt lat="45.41844" lon="6.19755">
        <ele>1732</ele>
        <time>2025-08-22T18:12:28+00:00</time>
      </trkpt>
      <trkpt lat="45.41856" lon="6.19773">
        <ele>1729</ele>
        <time>2025-08-22T18:12:31+00:00</time>
      </trkpt>
      <trkpt lat="45.41889" lon="6.1981">
        <ele>1720</ele>
        <time>2025-08-22T18:12:34+00:00</time>
      </trkpt>
      <trkpt lat="45.41909" lon="6.19819">
        <ele>1714</ele>
        <time>2025-08-22T18:12:37+00:00</time>
      </trkpt>
      <trkpt lat="45.41919" lon="6.1983">
        <ele>1708</ele>
        <time>2025-08-22T18:12:40+00:00</time>
      </trkpt>
      <trkpt lat="45.41918" lon="6.19831">
        <ele>1708</ele>
        <time>2025-08-22T18:12:43+00:00</time>
      </trkpt>
      <trkpt lat="45.41919" lon="6.1983">
        <ele>1708</ele>
        <time>2025-08-22T18:12:46+00:00</time>
      </trkpt>
      <trkpt lat="45.41922" lon="6.19833">
        <ele>1701</ele>
        <time>2025-08-22T18:12:49+00:00</time>
      </trkpt>
      <trkpt lat="45.4193" lon="6.19837">
        <ele>1701</ele>
        <time>2025-08-22T18:12:52+00:00</time>
      </trkpt>
      <trkpt lat="45.41937" lon="6.19837">
        <ele>1701</ele>
        <time>2025-08-22T18:12:55+00:00</time>
      </trkpt>
      <trkpt lat="45.4194" lon="6.19834">
        <ele>1701</ele>
        <time>2025-08-22T18:12:58+00:00</time>
      </trkpt>
      <trkpt lat="45.41958" lon="6.19841">
        <ele>1697</ele>
        <time>2025-08-22T18:13:01+00:00</time>
      </trkpt>
      <trkpt lat="45.41964" lon="6.19839">
        <ele>1692</ele>
        <time>2025-08-22T18:13:04+00:00</time>
      </trkpt>
      <trkpt lat="45.41969" lon="6.19843">
        <ele>1694</ele>
        <time>2025-08-22T18:13:07+00:00</time>
      </trkpt>
      <trkpt lat="45.41979" lon="6.19839">
        <ele>1692</ele>
        <time>2025-08-22T18:13:10+00:00</time>
      </trkpt>
      <trkpt lat="45.41983" lon="6.19841">
        <ele>1692</ele>
        <time>2025-08-22T18:13:13+00:00</time>
      </trkpt>
      <trkpt lat="45.41987" lon="6.1984">
        <ele>1689</ele>
        <time>2025-08-22T18:13:16+00:00</time>
      </trkpt>
      <trkpt lat="45.42005" lon="6.19851">
        <ele>1689</ele>
        <time>2025-08-22T18:13:19+00:00</time>
      </trkpt>
      <trkpt lat="45.42019" lon="6.19852">
        <ele>1684</ele>
        <time>2025-08-22T18:13:22+00:00</time>
      </trkpt>
      <trkpt lat="45.42027" lon="6.19866">
        <ele>1685</ele>
        <time>2025-08-22T18:13:25+00:00</time>
      </trkpt>
      <trkpt lat="45.42036" lon="6.19864">
        <ele>1681</ele>
        <time>2025-08-22T18:13:28+00:00</time>
      </trkpt>
      <trkpt lat="45.4204" lon="6.1986">
        <ele>1681</ele>
        <time>2025-08-22T18:13:31+00:00</time>
      </trkpt>
      <trkpt lat="45.42058" lon="6.1986">
        <ele>1673</ele>
        <time>2025-08-22T18:13:34+00:00</time>
      </trkpt>
      <trkpt lat="45.42062" lon="6.19864">
        <ele>1673</ele>
        <time>2025-08-22T18:13:37+00:00</time>
      </trkpt>
      <trkpt lat="45.42081" lon="6.19867">
        <ele>1669</ele>
        <time>2025-08-22T18:13:40+00:00</time>
      </trkpt>
      <trkpt lat="45.42094" lon="6.19871">
        <ele>1670</ele>
        <time>2025-08-22T18:13:43+00:00</time>
      </trkpt>
      <trkpt lat="45.42119" lon="6.19873">
        <ele>1666</ele>
        <time>2025-08-22T18:13:46+00:00</time>
      </trkpt>
      <trkpt lat="45.42142" lon="6.19878">
        <ele>1664</ele>
        <time>2025-08-22T18:13:49+00:00</time>
      </trkpt>
      <trkpt lat="45.4216" lon="6.19887">
        <ele>1662</ele>
        <time>2025-08-22T18:13:52+00:00</time>
      </trkpt>
      <trkpt lat="45.42169" lon="6.19893">
        <ele>1662</ele>
        <time>2025-08-22T18:13:55+00:00</time>
      </trkpt>
      <trkpt lat="45.42173" lon="6.19901">
        <ele>1661</ele>
        <time>2025-08-22T18:13:58+00:00</time>
      </trkpt>
      <trkpt lat="45.42177" lon="6.19905">
        <ele>1661</ele>
        <time>2025-08-22T18:14:01+00:00</time>
      </trkpt>
      <trkpt lat="45.42181" lon="6.19912">
        <ele>1661</ele>
        <time>2025-08-22T18:14:04+00:00</time>
      </trkpt>
      <trkpt lat="45.42188" lon="6.19926">
        <ele>1661</ele>
        <time>2025-08-22T18:14:07+00:00</time>
      </trkpt>
      <trkpt lat="45.42193" lon="6.19943">
        <ele>1658</ele>
        <time>2025-08-22T18:14:10+00:00</time>
      </trkpt>
      <trkpt lat="45.42199" lon="6.19958">
        <ele>1658</ele>
        <time>2025-08-22T18:14:13+00:00</time>
      </trkpt>
      <trkpt lat="45.422" lon="6.19964">
        <ele>1658</ele>
        <time>2025-08-22T18:14:16+00:00</time>
      </trkpt>
      <trkpt lat="45.42203" lon="6.19968">
        <ele>1656</ele>
        <time>2025-08-22T18:14:19+00:00</time>
      </trkpt>
      <trkpt lat="45.42206" lon="6.19969">
        <ele>1656</ele>
        <time>2025-08-22T18:14:22+00:00</time>
      </trkpt>
      <trkpt lat="45.4221" lon="6.19963">
        <ele>1656</ele>
        <time>2025-08-22T18:14:25+00:00</time>
      </trkpt>
      <trkpt lat="45.42211" lon="6.19957">
        <ele>1658</ele>
        <time>2025-08-22T18:14:28+00:00</time>
      </trkpt>
      <trkpt lat="45.42217" lon="6.19961">
        <ele>1656</ele>
        <time>2025-08-22T18:14:31+00:00</time>
      </trkpt>
      <trkpt lat="45.42231" lon="6.19959">
        <ele>1652</ele>
        <time>2025-08-22T18:14:34+00:00</time>
      </trkpt>
      <trkpt lat="45.4224" lon="6.19965">
        <ele>1652</ele>
        <time>2025-08-22T18:14:37+00:00</time>
      </trkpt>
      <trkpt lat="45.42243" lon="6.1994">
        <ele>1652</ele>
        <time>2025-08-22T18:14:40+00:00</time>
      </trkpt>
      <trkpt lat="45.42249" lon="6.19935">
        <ele>1650</ele>
        <time>2025-08-22T18:14:43+00:00</time>
      </trkpt>
      <trkpt lat="45.42264" lon="6.1993">
        <ele>1649</ele>
        <time>2025-08-22T18:14:46+00:00</time>
      </trkpt>
      <trkpt lat="45.42269" lon="6.19923">
        <ele>1648</ele>
        <time>2025-08-22T18:14:49+00:00</time>
      </trkpt>
      <trkpt lat="45.42275" lon="6.1992">
        <ele>1647</ele>
        <time>2025-08-22T18:14:52+00:00</time>
      </trkpt>
      <trkpt lat="45.42278" lon="6.19913">
        <ele>1647</ele>
        <time>2025-08-22T18:14:55+00:00</time>
      </trkpt>
      <trkpt lat="45.42277" lon="6.19905">
        <ele>1644</ele>
        <time>2025-08-22T18:14:58+00:00</time>
      </trkpt>
      <trkpt lat="45.42274" lon="6.19902">
        <ele>1644</ele>
        <time>2025-08-22T18:15:01+00:00</time>
      </trkpt>
      <trkpt lat="45.42275" lon="6.199">
        <ele>1644</ele>
        <time>2025-08-22T18:15:04+00:00</time>
      </trkpt>
      <trkpt lat="45.42277" lon="6.19899">
        <ele>1644</ele>
        <time>2025-08-22T18:15:07+00:00</time>
      </trkpt>
      <trkpt lat="45.42288" lon="6.19899">
        <ele>1644</ele>
        <time>2025-08-22T18:15:10+00:00</time>
      </trkpt>
      <trkpt lat="45.42291" lon="6.199">
        <ele>1640</ele>
        <time>2025-08-22T18:15:13+00:00</time>
      </trkpt>
      <trkpt lat="45.42293" lon="6.19896">
        <ele>1640</ele>
        <time>2025-08-22T18:15:16+00:00</time>
      </trkpt>
      <trkpt lat="45.42296" lon="6.19895">
        <ele>1640</ele>
        <time>2025-08-22T18:15:19+00:00</time>
      </trkpt>
      <trkpt lat="45.42298" lon="6.19892">
        <ele>1640</ele>
        <time>2025-08-22T18:15:22+00:00</time>
      </trkpt>
      <trkpt lat="45.42308" lon="6.1989">
        <ele>1634</ele>
        <time>2025-08-22T18:15:25+00:00</time>
      </trkpt>
      <trkpt lat="45.42313" lon="6.19886">
        <ele>1634</ele>
        <time>2025-08-22T18:15:28+00:00</time>
      </trkpt>
      <trkpt lat="45.42317" lon="6.19884">
        <ele>1634</ele>
        <time>2025-08-22T18:15:31+00:00</time>
      </trkpt>
      <trkpt lat="45.42319" lon="6.19885">
        <ele>1634</ele>
        <time>2025-08-22T18:15:34+00:00</time>
      </trkpt>
      <trkpt lat="45.42323" lon="6.19882">
        <ele>1631</ele>
        <time>2025-08-22T18:15:37+00:00</time>
      </trkpt>
      <trkpt lat="45.42326" lon="6.19877">
        <ele>1633</ele>
        <time>2025-08-22T18:15:40+00:00</time>
      </trkpt>
      <trkpt lat="45.42331" lon="6.19873">
        <ele>1631</ele>
        <time>2025-08-22T18:15:43+00:00</time>
      </trkpt>
      <trkpt lat="45.42335" lon="6.19862">
        <ele>1632</ele>
        <time>2025-08-22T18:15:46+00:00</time>
      </trkpt>
      <trkpt lat="45.42337" lon="6.19855">
        <ele>1632</ele>
        <time>2025-08-22T18:15:49+00:00</time>
      </trkpt>
      <trkpt lat="45.42341" lon="6.19852">
        <ele>1628</ele>
        <time>2025-08-22T18:15:52+00:00</time>
      </trkpt>
      <trkpt lat="45.4234" lon="6.19851">
        <ele>1632</ele>
        <time>2025-08-22T18:15:55+00:00</time>
      </trkpt>
      <trkpt lat="45.42341" lon="6.19852">
        <ele>1628</ele>
        <time>2025-08-22T18:15:58+00:00</time>
      </trkpt>
      <trkpt lat="45.42343" lon="6.19849">
        <ele>1628</ele>
        <time>2025-08-22T18:16:01+00:00</time>
      </trkpt>
      <trkpt lat="45.42347" lon="6.19847">
        <ele>1628</ele>
        <time>2025-08-22T18:16:04+00:00</time>
      </trkpt>
      <trkpt lat="45.4235" lon="6.19843">
        <ele>1628</ele>
        <time>2025-08-22T18:16:07+00:00</time>
      </trkpt>
      <trkpt lat="45.42353" lon="6.19842">
        <ele>1623</ele>
        <time>2025-08-22T18:16:10+00:00</time>
      </trkpt>
      <trkpt lat="45.42355" lon="6.19839">
        <ele>1625</ele>
        <time>2025-08-22T18:16:13+00:00</time>
      </trkpt>
      <trkpt lat="45.42361" lon="6.19835">
        <ele>1625</ele>
        <time>2025-08-22T18:16:16+00:00</time>
      </trkpt>
      <trkpt lat="45.42359" lon="6.1984">
        <ele>1623</ele>
        <time>2025-08-22T18:16:19+00:00</time>
      </trkpt>
      <trkpt lat="45.42358" lon="6.19846">
        <ele>1623</ele>
        <time>2025-08-22T18:16:22+00:00</time>
      </trkpt>
      <trkpt lat="45.42361" lon="6.19851">
        <ele>1623</ele>
        <time>2025-08-22T18:16:25+00:00</time>
      </trkpt>
      <trkpt lat="45.42361" lon="6.19856">
        <ele>1623</ele>
        <time>2025-08-22T18:16:28+00:00</time>
      </trkpt>
      <trkpt lat="45.42363" lon="6.19861">
        <ele>1621</ele>
        <time>2025-08-22T18:16:31+00:00</time>
      </trkpt>
      <trkpt lat="45.42365" lon="6.19871">
        <ele>1622</ele>
        <time>2025-08-22T18:16:34+00:00</time>
      </trkpt>
      <trkpt lat="45.42367" lon="6.19878">
        <ele>1623</ele>
        <time>2025-08-22T18:16:37+00:00</time>
      </trkpt>
      <trkpt lat="45.42371" lon="6.1988">
        <ele>1626</ele>
        <time>2025-08-22T18:16:40+00:00</time>
      </trkpt>
      <trkpt lat="45.42377" lon="6.1988">
        <ele>1626</ele>
        <time>2025-08-22T18:16:43+00:00</time>
      </trkpt>
      <trkpt lat="45.42381" lon="6.19875">
        <ele>1626</ele>
        <time>2025-08-22T18:16:46+00:00</time>
      </trkpt>
      <trkpt lat="45.42382" lon="6.19869">
        <ele>1623</ele>
        <time>2025-08-22T18:16:49+00:00</time>
      </trkpt>
      <trkpt lat="45.42386" lon="6.19867">
        <ele>1623</ele>
        <time>2025-08-22T18:16:52+00:00</time>
      </trkpt>
      <trkpt lat="45.42389" lon="6.19864">
        <ele>1623</ele>
        <time>2025-08-22T18:16:55+00:00</time>
      </trkpt>
      <trkpt lat="45.42395" lon="6.19861">
        <ele>1627</ele>
        <time>2025-08-22T18:16:58+00:00</time>
      </trkpt>
      <trkpt lat="45.42396" lon="6.19862">
        <ele>1627</ele>
        <time>2025-08-22T18:17:01+00:00</time>
      </trkpt>
      <trkpt lat="45.42388" lon="6.19875">
        <ele>1626</ele>
        <time>2025-08-22T18:17:04+00:00</time>
      </trkpt>
      <trkpt lat="45.42386" lon="6.1988">
        <ele>1626</ele>
        <time>2025-08-22T18:17:07+00:00</time>
      </trkpt>
      <trkpt lat="45.42384" lon="6.19884">
        <ele>1626</ele>
        <time>2025-08-22T18:17:10+00:00</time>
      </trkpt>
      <trkpt lat="45.42381" lon="6.19899">
        <ele>1631</ele>
        <time>2025-08-22T18:17:13+00:00</time>
      </trkpt>
      <trkpt lat="45.42383" lon="6.19905">
        <ele>1631</ele>
        <time>2025-08-22T18:17:16+00:00</time>
      </trkpt>
      <trkpt lat="45.42382" lon="6.19915">
        <ele>1636</ele>
        <time>2025-08-22T18:17:19+00:00</time>
      </trkpt>
      <trkpt lat="45.42385" lon="6.19917">
        <ele>1636</ele>
        <time>2025-08-22T18:17:22+00:00</time>
      </trkpt>
      <trkpt lat="45.42396" lon="6.19907">
        <ele>1638</ele>
        <time>2025-08-22T18:17:25+00:00</time>
      </trkpt>
      <trkpt lat="45.42408" lon="6.199">
        <ele>1638</ele>
        <time>2025-08-22T18:17:28+00:00</time>
      </trkpt>
      <trkpt lat="45.42419" lon="6.19899">
        <ele>1646</ele>
        <time>2025-08-22T18:17:31+00:00</time>
      </trkpt>
      <trkpt lat="45.42428" lon="6.19892">
        <ele>1653</ele>
        <time>2025-08-22T18:17:34+00:00</time>
      </trkpt>
      <trkpt lat="45.42433" lon="6.19894">
        <ele>1653</ele>
        <time>2025-08-22T18:17:37+00:00</time>
      </trkpt>
      <trkpt lat="45.42437" lon="6.19899">
        <ele>1653</ele>
        <time>2025-08-22T18:17:40+00:00</time>
      </trkpt>
      <trkpt lat="45.42445" lon="6.19889">
        <ele>1652</ele>
        <time>2025-08-22T18:17:43+00:00</time>
      </trkpt>
      <trkpt lat="45.42448" lon="6.19888">
        <ele>1652</ele>
        <time>2025-08-22T18:17:46+00:00</time>
      </trkpt>
      <trkpt lat="45.42448" lon="6.19896">
        <ele>1659</ele>
        <time>2025-08-22T18:17:49+00:00</time>
      </trkpt>
      <trkpt lat="45.42448" lon="6.19904">
        <ele>1659</ele>
        <time>2025-08-22T18:17:52+00:00</time>
      </trkpt>
      <trkpt lat="45.42442" lon="6.19911">
        <ele>1664</ele>
        <time>2025-08-22T18:17:55+00:00</time>
      </trkpt>
      <trkpt lat="45.42442" lon="6.19917">
        <ele>1664</ele>
        <time>2025-08-22T18:17:58+00:00</time>
      </trkpt>
      <trkpt lat="45.4244" lon="6.19922">
        <ele>1660</ele>
        <time>2025-08-22T18:18:01+00:00</time>
      </trkpt>
      <trkpt lat="45.42437" lon="6.19932">
        <ele>1665</ele>
        <time>2025-08-22T18:18:04+00:00</time>
      </trkpt>
      <trkpt lat="45.42431" lon="6.19942">
        <ele>1670</ele>
        <time>2025-08-22T18:18:07+00:00</time>
      </trkpt>
      <trkpt lat="45.4243" lon="6.1995">
        <ele>1670</ele>
        <time>2025-08-22T18:18:10+00:00</time>
      </trkpt>
      <trkpt lat="45.4243" lon="6.19966">
        <ele>1675</ele>
        <time>2025-08-22T18:18:13+00:00</time>
      </trkpt>
      <trkpt lat="45.4243" lon="6.19972">
        <ele>1675</ele>
        <time>2025-08-22T18:18:16+00:00</time>
      </trkpt>
      <trkpt lat="45.42432" lon="6.19978">
        <ele>1675</ele>
        <time>2025-08-22T18:18:19+00:00</time>
      </trkpt>
      <trkpt lat="45.42436" lon="6.19978">
        <ele>1675</ele>
        <time>2025-08-22T18:18:22+00:00</time>
      </trkpt>
      <trkpt lat="45.42438" lon="6.19975">
        <ele>1675</ele>
        <time>2025-08-22T18:18:25+00:00</time>
      </trkpt>
      <trkpt lat="45.42441" lon="6.19973">
        <ele>1681</ele>
        <time>2025-08-22T18:18:28+00:00</time>
      </trkpt>
      <trkpt lat="45.42444" lon="6.19977">
        <ele>1681</ele>
        <time>2025-08-22T18:18:31+00:00</time>
      </trkpt>
      <trkpt lat="45.42446" lon="6.19982">
        <ele>1685</ele>
        <time>2025-08-22T18:18:34+00:00</time>
      </trkpt>
      <trkpt lat="45.42445" lon="6.19987">
        <ele>1685</ele>
        <time>2025-08-22T18:18:37+00:00</time>
      </trkpt>
      <trkpt lat="45.42445" lon="6.19995">
        <ele>1690</ele>
        <time>2025-08-22T18:18:40+00:00</time>
      </trkpt>
      <trkpt lat="45.4245" lon="6.19993">
        <ele>1690</ele>
        <time>2025-08-22T18:18:43+00:00</time>
      </trkpt>
      <trkpt lat="45.42453" lon="6.19989">
        <ele>1685</ele>
        <time>2025-08-22T18:18:46+00:00</time>
      </trkpt>
      <trkpt lat="45.42455" lon="6.19989">
        <ele>1685</ele>
        <time>2025-08-22T18:18:49+00:00</time>
      </trkpt>
      <trkpt lat="45.42458" lon="6.20001">
        <ele>1690</ele>
        <time>2025-08-22T18:18:52+00:00</time>
      </trkpt>
      <trkpt lat="45.42466" lon="6.20005">
        <ele>1697</ele>
        <time>2025-08-22T18:18:55+00:00</time>
      </trkpt>
      <trkpt lat="45.42466" lon="6.2001">
        <ele>1697</ele>
        <time>2025-08-22T18:18:58+00:00</time>
      </trkpt>
      <trkpt lat="45.42469" lon="6.2001">
        <ele>1704</ele>
        <time>2025-08-22T18:19:01+00:00</time>
      </trkpt>
      <trkpt lat="45.42472" lon="6.20016">
        <ele>1707</ele>
        <time>2025-08-22T18:19:04+00:00</time>
      </trkpt>
      <trkpt lat="45.42473" lon="6.20017">
        <ele>1707</ele>
        <time>2025-08-22T18:19:07+00:00</time>
      </trkpt>
      <trkpt lat="45.42475" lon="6.20021">
        <ele>1707</ele>
        <time>2025-08-22T18:19:10+00:00</time>
      </trkpt>
      <trkpt lat="45.42475" lon="6.20026">
        <ele>1707</ele>
        <time>2025-08-22T18:19:13+00:00</time>
      </trkpt>
      <trkpt lat="45.42472" lon="6.20031">
        <ele>1712</ele>
        <time>2025-08-22T18:19:16+00:00</time>
      </trkpt>
      <trkpt lat="45.42466" lon="6.20059">
        <ele>1714</ele>
        <time>2025-08-22T18:19:19+00:00</time>
      </trkpt>
      <trkpt lat="45.4246" lon="6.20091">
        <ele>1718</ele>
        <time>2025-08-22T18:19:22+00:00</time>
      </trkpt>
      <trkpt lat="45.42457" lon="6.20093">
        <ele>1718</ele>
        <time>2025-08-22T18:19:25+00:00</time>
      </trkpt>
      <trkpt lat="45.4246" lon="6.20099">
        <ele>1722</ele>
        <time>2025-08-22T18:19:28+00:00</time>
      </trkpt>
      <trkpt lat="45.42459" lon="6.20102">
        <ele>1726</ele>
        <time>2025-08-22T18:19:31+00:00</time>
      </trkpt>
      <trkpt lat="45.42462" lon="6.20103">
        <ele>1727</ele>
        <time>2025-08-22T18:19:34+00:00</time>
      </trkpt>
      <trkpt lat="45.42461" lon="6.20111">
        <ele>1732</ele>
        <time>2025-08-22T18:19:37+00:00</time>
      </trkpt>
      <trkpt lat="45.42459" lon="6.2012">
        <ele>1731</ele>
        <time>2025-08-22T18:19:40+00:00</time>
      </trkpt>
      <trkpt lat="45.42458" lon="6.20127">
        <ele>1731</ele>
        <time>2025-08-22T18:19:43+00:00</time>
      </trkpt>
      <trkpt lat="45.42448" lon="6.20134">
        <ele>1736</ele>
        <time>2025-08-22T18:19:46+00:00</time>
      </trkpt>
      <trkpt lat="45.42447" lon="6.20137">
        <ele>1736</ele>
        <time>2025-08-22T18:19:49+00:00</time>
      </trkpt>
      <trkpt lat="45.42445" lon="6.20146">
        <ele>1736</ele>
        <time>2025-08-22T18:19:52+00:00</time>
      </trkpt>
      <trkpt lat="45.42445" lon="6.20155">
        <ele>1741</ele>
        <time>2025-08-22T18:19:55+00:00</time>
      </trkpt>
      <trkpt lat="45.42444" lon="6.20159">
        <ele>1741</ele>
        <time>2025-08-22T18:19:58+00:00</time>
      </trkpt>
      <trkpt lat="45.42446" lon="6.20165">
        <ele>1741</ele>
        <time>2025-08-22T18:20:01+00:00</time>
      </trkpt>
      <trkpt lat="45.42451" lon="6.2017">
        <ele>1745</ele>
        <time>2025-08-22T18:20:04+00:00</time>
      </trkpt>
      <trkpt lat="45.4245" lon="6.20173">
        <ele>1745</ele>
        <time>2025-08-22T18:20:07+00:00</time>
      </trkpt>
      <trkpt lat="45.4245" lon="6.20176">
        <ele>1745</ele>
        <time>2025-08-22T18:20:10+00:00</time>
      </trkpt>
      <trkpt lat="45.42449" lon="6.2018">
        <ele>1751</ele>
        <time>2025-08-22T18:20:13+00:00</time>
      </trkpt>
      <trkpt lat="45.42444" lon="6.20187">
        <ele>1751</ele>
        <time>2025-08-22T18:20:16+00:00</time>
      </trkpt>
      <trkpt lat="45.42444" lon="6.20189">
        <ele>1751</ele>
        <time>2025-08-22T18:20:19+00:00</time>
      </trkpt>
      <trkpt lat="45.4244" lon="6.20202">
        <ele>1756</ele>
        <time>2025-08-22T18:20:22+00:00</time>
      </trkpt>
      <trkpt lat="45.42437" lon="6.20205">
        <ele>1757</ele>
        <time>2025-08-22T18:20:25+00:00</time>
      </trkpt>
      <trkpt lat="45.42436" lon="6.20208">
        <ele>1757</ele>
        <time>2025-08-22T18:20:28+00:00</time>
      </trkpt>
      <trkpt lat="45.42418" lon="6.20209">
        <ele>1759</ele>
        <time>2025-08-22T18:20:31+00:00</time>
      </trkpt>
      <trkpt lat="45.42418" lon="6.20211">
        <ele>1759</ele>
        <time>2025-08-22T18:20:34+00:00</time>
      </trkpt>
      <trkpt lat="45.42422" lon="6.20216">
        <ele>1757</ele>
        <time>2025-08-22T18:20:37+00:00</time>
      </trkpt>
      <trkpt lat="45.42424" lon="6.2022">
        <ele>1757</ele>
        <time>2025-08-22T18:20:40+00:00</time>
      </trkpt>
      <trkpt lat="45.42423" lon="6.20222">
        <ele>1763</ele>
        <time>2025-08-22T18:20:43+00:00</time>
      </trkpt>
      <trkpt lat="45.42422" lon="6.20223">
        <ele>1763</ele>
        <time>2025-08-22T18:20:46+00:00</time>
      </trkpt>
      <trkpt lat="45.42421" lon="6.20226">
        <ele>1763</ele>
        <time>2025-08-22T18:20:49+00:00</time>
      </trkpt>
      <trkpt lat="45.42421" lon="6.20231">
        <ele>1768</ele>
        <time>2025-08-22T18:20:52+00:00</time>
      </trkpt>
      <trkpt lat="45.42424" lon="6.20238">
        <ele>1768</ele>
        <time>2025-08-22T18:20:55+00:00</time>
      </trkpt>
      <trkpt lat="45.42425" lon="6.20247">
        <ele>1768</ele>
        <time>2025-08-22T18:20:58+00:00</time>
      </trkpt>
      <trkpt lat="45.42426" lon="6.20248">
        <ele>1768</ele>
        <time>2025-08-22T18:21:01+00:00</time>
      </trkpt>
      <trkpt lat="45.42427" lon="6.20253">
        <ele>1770</ele>
        <time>2025-08-22T18:21:04+00:00</time>
      </trkpt>
      <trkpt lat="45.4243" lon="6.20254">
        <ele>1770</ele>
        <time>2025-08-22T18:21:07+00:00</time>
      </trkpt>
      <trkpt lat="45.4243" lon="6.20259">
        <ele>1770</ele>
        <time>2025-08-22T18:21:10+00:00</time>
      </trkpt>
      <trkpt lat="45.42431" lon="6.2026">
        <ele>1770</ele>
        <time>2025-08-22T18:21:13+00:00</time>
      </trkpt>
      <trkpt lat="45.42431" lon="6.20265">
        <ele>1770</ele>
        <time>2025-08-22T18:21:16+00:00</time>
      </trkpt>
      <trkpt lat="45.42435" lon="6.20265">
        <ele>1770</ele>
        <time>2025-08-22T18:21:19+00:00</time>
      </trkpt>
      <trkpt lat="45.42436" lon="6.20272">
        <ele>1773</ele>
        <time>2025-08-22T18:21:22+00:00</time>
      </trkpt>
      <trkpt lat="45.42439" lon="6.2027">
        <ele>1770</ele>
        <time>2025-08-22T18:21:25+00:00</time>
      </trkpt>
      <trkpt lat="45.42445" lon="6.20296">
        <ele>1786</ele>
        <time>2025-08-22T18:21:28+00:00</time>
      </trkpt>
      <trkpt lat="45.42448" lon="6.20295">
        <ele>1786</ele>
        <time>2025-08-22T18:21:31+00:00</time>
      </trkpt>
      <trkpt lat="45.42452" lon="6.20301">
        <ele>1788</ele>
        <time>2025-08-22T18:21:34+00:00</time>
      </trkpt>
      <trkpt lat="45.42456" lon="6.20301">
        <ele>1788</ele>
        <time>2025-08-22T18:21:37+00:00</time>
      </trkpt>
      <trkpt lat="45.42459" lon="6.20305">
        <ele>1788</ele>
        <time>2025-08-22T18:21:40+00:00</time>
      </trkpt>
      <trkpt lat="45.4246" lon="6.20316">
        <ele>1788</ele>
        <time>2025-08-22T18:21:43+00:00</time>
      </trkpt>
      <trkpt lat="45.42467" lon="6.20323">
        <ele>1799</ele>
        <time>2025-08-22T18:21:46+00:00</time>
      </trkpt>
      <trkpt lat="45.42467" lon="6.20329">
        <ele>1799</ele>
        <time>2025-08-22T18:21:49+00:00</time>
      </trkpt>
      <trkpt lat="45.4247" lon="6.2033">
        <ele>1806</ele>
        <time>2025-08-22T18:21:52+00:00</time>
      </trkpt>
      <trkpt lat="45.42472" lon="6.20334">
        <ele>1806</ele>
        <time>2025-08-22T18:21:55+00:00</time>
      </trkpt>
      <trkpt lat="45.42474" lon="6.20336">
        <ele>1806</ele>
        <time>2025-08-22T18:21:58+00:00</time>
      </trkpt>
      <trkpt lat="45.42477" lon="6.20334">
        <ele>1806</ele>
        <time>2025-08-22T18:22:01+00:00</time>
      </trkpt>
      <trkpt lat="45.42479" lon="6.20333">
        <ele>1806</ele>
        <time>2025-08-22T18:22:04+00:00</time>
      </trkpt>
      <trkpt lat="45.4248" lon="6.20331">
        <ele>1806</ele>
        <time>2025-08-22T18:22:07+00:00</time>
      </trkpt>
      <trkpt lat="45.42482" lon="6.2033">
        <ele>1806</ele>
        <time>2025-08-22T18:22:10+00:00</time>
      </trkpt>
      <trkpt lat="45.42485" lon="6.20334">
        <ele>1806</ele>
        <time>2025-08-22T18:22:13+00:00</time>
      </trkpt>
      <trkpt lat="45.42486" lon="6.20338">
        <ele>1806</ele>
        <time>2025-08-22T18:22:16+00:00</time>
      </trkpt>
      <trkpt lat="45.42488" lon="6.20341">
        <ele>1807</ele>
        <time>2025-08-22T18:22:19+00:00</time>
      </trkpt>
      <trkpt lat="45.4249" lon="6.20349">
        <ele>1815</ele>
        <time>2025-08-22T18:22:22+00:00</time>
      </trkpt>
      <trkpt lat="45.42493" lon="6.20354">
        <ele>1816</ele>
        <time>2025-08-22T18:22:25+00:00</time>
      </trkpt>
      <trkpt lat="45.42495" lon="6.20352">
        <ele>1816</ele>
        <time>2025-08-22T18:22:28+00:00</time>
      </trkpt>
      <trkpt lat="45.42495" lon="6.20355">
        <ele>1816</ele>
        <time>2025-08-22T18:22:31+00:00</time>
      </trkpt>
      <trkpt lat="45.42496" lon="6.20359">
        <ele>1816</ele>
        <time>2025-08-22T18:22:34+00:00</time>
      </trkpt>
      <trkpt lat="45.42495" lon="6.20379">
        <ele>1821</ele>
        <time>2025-08-22T18:22:37+00:00</time>
      </trkpt>
      <trkpt lat="45.42494" lon="6.20383">
        <ele>1821</ele>
        <time>2025-08-22T18:22:40+00:00</time>
      </trkpt>
      <trkpt lat="45.42499" lon="6.20386">
        <ele>1821</ele>
        <time>2025-08-22T18:22:43+00:00</time>
      </trkpt>
      <trkpt lat="45.425" lon="6.20386">
        <ele>1821</ele>
        <time>2025-08-22T18:22:46+00:00</time>
      </trkpt>
      <trkpt lat="45.425" lon="6.20391">
        <ele>1828</ele>
        <time>2025-08-22T18:22:49+00:00</time>
      </trkpt>
      <trkpt lat="45.42498" lon="6.20397">
        <ele>1828</ele>
        <time>2025-08-22T18:22:52+00:00</time>
      </trkpt>
      <trkpt lat="45.42498" lon="6.20399">
        <ele>1828</ele>
        <time>2025-08-22T18:22:55+00:00</time>
      </trkpt>
      <trkpt lat="45.425" lon="6.20401">
        <ele>1828</ele>
        <time>2025-08-22T18:22:58+00:00</time>
      </trkpt>
      <trkpt lat="45.42501" lon="6.20403">
        <ele>1828</ele>
        <time>2025-08-22T18:23:01+00:00</time>
      </trkpt>
      <trkpt lat="45.42503" lon="6.20412">
        <ele>1833</ele>
        <time>2025-08-22T18:23:04+00:00</time>
      </trkpt>
      <trkpt lat="45.42503" lon="6.20415">
        <ele>1833</ele>
        <time>2025-08-22T18:23:07+00:00</time>
      </trkpt>
      <trkpt lat="45.42502" lon="6.20419">
        <ele>1833</ele>
        <time>2025-08-22T18:23:10+00:00</time>
      </trkpt>
      <trkpt lat="45.42502" lon="6.20434">
        <ele>1837</ele>
        <time>2025-08-22T18:23:13+00:00</time>
      </trkpt>
      <trkpt lat="45.42506" lon="6.20446">
        <ele>1837</ele>
        <time>2025-08-22T18:23:16+00:00</time>
      </trkpt>
      <trkpt lat="45.42518" lon="6.20478">
        <ele>1846</ele>
        <time>2025-08-22T18:23:19+00:00</time>
      </trkpt>
      <trkpt lat="45.42522" lon="6.20482">
        <ele>1844</ele>
        <time>2025-08-22T18:23:22+00:00</time>
      </trkpt>
      <trkpt lat="45.42526" lon="6.20484">
        <ele>1844</ele>
        <time>2025-08-22T18:23:25+00:00</time>
      </trkpt>
      <trkpt lat="45.42532" lon="6.20494">
        <ele>1852</ele>
        <time>2025-08-22T18:23:28+00:00</time>
      </trkpt>
      <trkpt lat="45.42543" lon="6.20515">
        <ele>1849</ele>
        <time>2025-08-22T18:23:31+00:00</time>
      </trkpt>
      <trkpt lat="45.4255" lon="6.20533">
        <ele>1854</ele>
        <time>2025-08-22T18:23:34+00:00</time>
      </trkpt>
      <trkpt lat="45.42558" lon="6.20547">
        <ele>1853</ele>
        <time>2025-08-22T18:23:37+00:00</time>
      </trkpt>
      <trkpt lat="45.42564" lon="6.20552">
        <ele>1860</ele>
        <time>2025-08-22T18:23:40+00:00</time>
      </trkpt>
      <trkpt lat="45.42574" lon="6.20565">
        <ele>1858</ele>
        <time>2025-08-22T18:23:43+00:00</time>
      </trkpt>
      <trkpt lat="45.4258" lon="6.20571">
        <ele>1858</ele>
        <time>2025-08-22T18:23:46+00:00</time>
      </trkpt>
      <trkpt lat="45.42584" lon="6.20576">
        <ele>1865</ele>
        <time>2025-08-22T18:23:49+00:00</time>
      </trkpt>
      <trkpt lat="45.42599" lon="6.20614">
        <ele>1879</ele>
        <time>2025-08-22T18:23:52+00:00</time>
      </trkpt>
      <trkpt lat="45.42618" lon="6.20638">
        <ele>1885</ele>
        <time>2025-08-22T18:23:55+00:00</time>
      </trkpt>
      <trkpt lat="45.42633" lon="6.20664">
        <ele>1892</ele>
        <time>2025-08-22T18:23:58+00:00</time>
      </trkpt>
      <trkpt lat="45.42649" lon="6.20692">
        <ele>1894</ele>
        <time>2025-08-22T18:24:01+00:00</time>
      </trkpt>
      <trkpt lat="45.42667" lon="6.20722">
        <ele>1904</ele>
        <time>2025-08-22T18:24:04+00:00</time>
      </trkpt>
      <trkpt lat="45.42681" lon="6.20748">
        <ele>1912</ele>
        <time>2025-08-22T18:24:07+00:00</time>
      </trkpt>
      <trkpt lat="45.42684" lon="6.20752">
        <ele>1910</ele>
        <time>2025-08-22T18:24:10+00:00</time>
      </trkpt>
      <trkpt lat="45.42687" lon="6.20758">
        <ele>1910</ele>
        <time>2025-08-22T18:24:13+00:00</time>
      </trkpt>
      <trkpt lat="45.42692" lon="6.20763">
        <ele>1910</ele>
        <time>2025-08-22T18:24:16+00:00</time>
      </trkpt>
      <trkpt lat="45.42703" lon="6.2078">
        <ele>1912</ele>
        <time>2025-08-22T18:24:19+00:00</time>
      </trkpt>
      <trkpt lat="45.42705" lon="6.20785">
        <ele>1910</ele>
        <time>2025-08-22T18:24:22+00:00</time>
      </trkpt>
      <trkpt lat="45.42713" lon="6.20794">
        <ele>1913</ele>
        <time>2025-08-22T18:24:25+00:00</time>
      </trkpt>
      <trkpt lat="45.42716" lon="6.20801">
        <ele>1911</ele>
        <time>2025-08-22T18:24:28+00:00</time>
      </trkpt>
      <trkpt lat="45.42721" lon="6.20825">
        <ele>1909</ele>
        <time>2025-08-22T18:24:31+00:00</time>
      </trkpt>
      <trkpt lat="45.42724" lon="6.20844">
        <ele>1911</ele>
        <time>2025-08-22T18:24:34+00:00</time>
      </trkpt>
      <trkpt lat="45.42726" lon="6.20869">
        <ele>1914</ele>
        <time>2025-08-22T18:24:37+00:00</time>
      </trkpt>
      <trkpt lat="45.42726" lon="6.20876">
        <ele>1917</ele>
        <time>2025-08-22T18:24:40+00:00</time>
      </trkpt>
      <trkpt lat="45.42729" lon="6.20903">
        <ele>1921</ele>
        <time>2025-08-22T18:24:43+00:00</time>
      </trkpt>
      <trkpt lat="45.42743" lon="6.2094">
        <ele>1925</ele>
        <time>2025-08-22T18:24:46+00:00</time>
      </trkpt>
      <trkpt lat="45.42755" lon="6.20974">
        <ele>1932</ele>
        <time>2025-08-22T18:24:49+00:00</time>
      </trkpt>
      <trkpt lat="45.42756" lon="6.20982">
        <ele>1932</ele>
        <time>2025-08-22T18:24:52+00:00</time>
      </trkpt>
      <trkpt lat="45.42763" lon="6.20994">
        <ele>1933</ele>
        <time>2025-08-22T18:24:55+00:00</time>
      </trkpt>
      <trkpt lat="45.42763" lon="6.21">
        <ele>1933</ele>
        <time>2025-08-22T18:24:58+00:00</time>
      </trkpt>
      <trkpt lat="45.42764" lon="6.21004">
        <ele>1933</ele>
        <time>2025-08-22T18:25:01+00:00</time>
      </trkpt>
      <trkpt lat="45.42769" lon="6.21013">
        <ele>1936</ele>
        <time>2025-08-22T18:25:04+00:00</time>
      </trkpt>
      <trkpt lat="45.42768" lon="6.21015">
        <ele>1936</ele>
        <time>2025-08-22T18:25:07+00:00</time>
      </trkpt>
      <trkpt lat="45.4277" lon="6.21021">
        <ele>1941</ele>
        <time>2025-08-22T18:25:10+00:00</time>
      </trkpt>
      <trkpt lat="45.42772" lon="6.21021">
        <ele>1947</ele>
        <time>2025-08-22T18:25:13+00:00</time>
      </trkpt>
      <trkpt lat="45.42773" lon="6.21024">
        <ele>1947</ele>
        <time>2025-08-22T18:25:16+00:00</time>
      </trkpt>
      <trkpt lat="45.4277" lon="6.21035">
        <ele>1941</ele>
        <time>2025-08-22T18:25:19+00:00</time>
      </trkpt>
      <trkpt lat="45.4277" lon="6.21038">
        <ele>1941</ele>
        <time>2025-08-22T18:25:22+00:00</time>
      </trkpt>
      <trkpt lat="45.42769" lon="6.21042">
        <ele>1948</ele>
        <time>2025-08-22T18:25:25+00:00</time>
      </trkpt>
      <trkpt lat="45.4277" lon="6.21048">
        <ele>1948</ele>
        <time>2025-08-22T18:25:28+00:00</time>
      </trkpt>
      <trkpt lat="45.4277" lon="6.21052">
        <ele>1948</ele>
        <time>2025-08-22T18:25:31+00:00</time>
      </trkpt>
      <trkpt lat="45.42771" lon="6.21055">
        <ele>1952</ele>
        <time>2025-08-22T18:25:34+00:00</time>
      </trkpt>
      <trkpt lat="45.42775" lon="6.21059">
        <ele>1952</ele>
        <time>2025-08-22T18:25:37+00:00</time>
      </trkpt>
      <trkpt lat="45.42781" lon="6.21061">
        <ele>1965</ele>
        <time>2025-08-22T18:25:40+00:00</time>
      </trkpt>
      <trkpt lat="45.42782" lon="6.21064">
        <ele>1965</ele>
        <time>2025-08-22T18:25:43+00:00</time>
      </trkpt>
      <trkpt lat="45.42782" lon="6.21076">
        <ele>1965</ele>
        <time>2025-08-22T18:25:46+00:00</time>
      </trkpt>
      <trkpt lat="45.42784" lon="6.21079">
        <ele>1965</ele>
        <time>2025-08-22T18:25:49+00:00</time>
      </trkpt>
      <trkpt lat="45.42784" lon="6.21082">
        <ele>1968</ele>
        <time>2025-08-22T18:25:52+00:00</time>
      </trkpt>
      <trkpt lat="45.42785" lon="6.21086">
        <ele>1968</ele>
        <time>2025-08-22T18:25:55+00:00</time>
      </trkpt>
      <trkpt lat="45.42784" lon="6.21089">
        <ele>1968</ele>
        <time>2025-08-22T18:25:58+00:00</time>
      </trkpt>
      <trkpt lat="45.42785" lon="6.21093">
        <ele>1973</ele>
        <time>2025-08-22T18:26:01+00:00</time>
      </trkpt>
      <trkpt lat="45.42786" lon="6.21094">
        <ele>1973</ele>
        <time>2025-08-22T18:26:04+00:00</time>
      </trkpt>
      <trkpt lat="45.42789" lon="6.21094">
        <ele>1973</ele>
        <time>2025-08-22T18:26:07+00:00</time>
      </trkpt>
      <trkpt lat="45.4279" lon="6.21096">
        <ele>1973</ele>
        <time>2025-08-22T18:26:10+00:00</time>
      </trkpt>
      <trkpt lat="45.4279" lon="6.21107">
        <ele>1973</ele>
        <time>2025-08-22T18:26:13+00:00</time>
      </trkpt>
      <trkpt lat="45.42793" lon="6.21113">
        <ele>1978</ele>
        <time>2025-08-22T18:26:16+00:00</time>
      </trkpt>
      <trkpt lat="45.42792" lon="6.21114">
        <ele>1978</ele>
        <time>2025-08-22T18:26:19+00:00</time>
      </trkpt>
      <trkpt lat="45.42792" lon="6.21117">
        <ele>1978</ele>
        <time>2025-08-22T18:26:22+00:00</time>
      </trkpt>
      <trkpt lat="45.42796" lon="6.2113">
        <ele>1978</ele>
        <time>2025-08-22T18:26:25+00:00</time>
      </trkpt>
      <trkpt lat="45.428" lon="6.21138">
        <ele>1984</ele>
        <time>2025-08-22T18:26:28+00:00</time>
      </trkpt>
      <trkpt lat="45.428" lon="6.21141">
        <ele>1991</ele>
        <time>2025-08-22T18:26:31+00:00</time>
      </trkpt>
      <trkpt lat="45.42801" lon="6.21143">
        <ele>1985</ele>
        <time>2025-08-22T18:26:34+00:00</time>
      </trkpt>
      <trkpt lat="45.42805" lon="6.21146">
        <ele>1985</ele>
        <time>2025-08-22T18:26:37+00:00</time>
      </trkpt>
      <trkpt lat="45.42813" lon="6.21148">
        <ele>1981</ele>
        <time>2025-08-22T18:26:40+00:00</time>
      </trkpt>
      <trkpt lat="45.42817" lon="6.21147">
        <ele>1985</ele>
        <time>2025-08-22T18:26:43+00:00</time>
      </trkpt>
      <trkpt lat="45.42824" lon="6.2115">
        <ele>1984</ele>
        <time>2025-08-22T18:26:46+00:00</time>
      </trkpt>
      <trkpt lat="45.42831" lon="6.2115">
        <ele>1984</ele>
        <time>2025-08-22T18:26:49+00:00</time>
      </trkpt>
      <trkpt lat="45.42841" lon="6.21155">
        <ele>1980</ele>
        <time>2025-08-22T18:26:52+00:00</time>
      </trkpt>
      <trkpt lat="45.42851" lon="6.21162">
        <ele>1979</ele>
        <time>2025-08-22T18:26:55+00:00</time>
      </trkpt>
      <trkpt lat="45.42855" lon="6.21163">
        <ele>1979</ele>
        <time>2025-08-22T18:26:58+00:00</time>
      </trkpt>
      <trkpt lat="45.42861" lon="6.21168">
        <ele>1979</ele>
        <time>2025-08-22T18:27:01+00:00</time>
      </trkpt>
      <trkpt lat="45.42874" lon="6.21174">
        <ele>1982</ele>
        <time>2025-08-22T18:27:04+00:00</time>
      </trkpt>
      <trkpt lat="45.42878" lon="6.21178">
        <ele>1982</ele>
        <time>2025-08-22T18:27:07+00:00</time>
      </trkpt>
      <trkpt lat="45.42883" lon="6.21186">
        <ele>1975</ele>
        <time>2025-08-22T18:27:10+00:00</time>
      </trkpt>
      <trkpt lat="45.42895" lon="6.21198">
        <ele>1978</ele>
        <time>2025-08-22T18:27:13+00:00</time>
      </trkpt>
      <trkpt lat="45.42897" lon="6.21204">
        <ele>1973</ele>
        <time>2025-08-22T18:27:16+00:00</time>
      </trkpt>
      <trkpt lat="45.429" lon="6.21208">
        <ele>1973</ele>
        <time>2025-08-22T18:27:19+00:00</time>
      </trkpt>
      <trkpt lat="45.42908" lon="6.21211">
        <ele>1972</ele>
        <time>2025-08-22T18:27:22+00:00</time>
      </trkpt>
      <trkpt lat="45.42919" lon="6.21218">
        <ele>1972</ele>
        <time>2025-08-22T18:27:25+00:00</time>
      </trkpt>
      <trkpt lat="45.4293" lon="6.21223">
        <ele>1974</ele>
        <time>2025-08-22T18:27:28+00:00</time>
      </trkpt>
      <trkpt lat="45.42947" lon="6.21234">
        <ele>1968</ele>
        <time>2025-08-22T18:27:31+00:00</time>
      </trkpt>
      <trkpt lat="45.42955" lon="6.21238">
        <ele>1968</ele>
        <time>2025-08-22T18:27:34+00:00</time>
      </trkpt>
      <trkpt lat="45.42957" lon="6.2124">
        <ele>1968</ele>
        <time>2025-08-22T18:27:37+00:00</time>
      </trkpt>
      <trkpt lat="45.42959" lon="6.21238">
        <ele>1968</ele>
        <time>2025-08-22T18:27:40+00:00</time>
      </trkpt>
      <trkpt lat="45.42966" lon="6.21238">
        <ele>1968</ele>
        <time>2025-08-22T18:27:43+00:00</time>
      </trkpt>
      <trkpt lat="45.42973" lon="6.21241">
        <ele>1969</ele>
        <time>2025-08-22T18:27:46+00:00</time>
      </trkpt>
      <trkpt lat="45.42977" lon="6.21247">
        <ele>1969</ele>
        <time>2025-08-22T18:27:49+00:00</time>
      </trkpt>
      <trkpt lat="45.42982" lon="6.21251">
        <ele>1962</ele>
        <time>2025-08-22T18:27:52+00:00</time>
      </trkpt>
      <trkpt lat="45.42996" lon="6.21257">
        <ele>1966</ele>
        <time>2025-08-22T18:27:55+00:00</time>
      </trkpt>
      <trkpt lat="45.42998" lon="6.21261">
        <ele>1959</ele>
        <time>2025-08-22T18:27:58+00:00</time>
      </trkpt>
      <trkpt lat="45.43001" lon="6.21264">
        <ele>1959</ele>
        <time>2025-08-22T18:28:01+00:00</time>
      </trkpt>
      <trkpt lat="45.43013" lon="6.21272">
        <ele>1962</ele>
        <time>2025-08-22T18:28:04+00:00</time>
      </trkpt>
      <trkpt lat="45.43017" lon="6.21277">
        <ele>1962</ele>
        <time>2025-08-22T18:28:07+00:00</time>
      </trkpt>
      <trkpt lat="45.4302" lon="6.21279">
        <ele>1962</ele>
        <time>2025-08-22T18:28:10+00:00</time>
      </trkpt>
      <trkpt lat="45.43021" lon="6.21281">
        <ele>1961</ele>
        <time>2025-08-22T18:28:13+00:00</time>
      </trkpt>
      <trkpt lat="45.43033" lon="6.21288">
        <ele>1961</ele>
        <time>2025-08-22T18:28:16+00:00</time>
      </trkpt>
      <trkpt lat="45.4304" lon="6.21294">
        <ele>1961</ele>
        <time>2025-08-22T18:28:19+00:00</time>
      </trkpt>
      <trkpt lat="45.43048" lon="6.21298">
        <ele>1963</ele>
        <time>2025-08-22T18:28:22+00:00</time>
      </trkpt>
      <trkpt lat="45.4306" lon="6.21308">
        <ele>1957</ele>
        <time>2025-08-22T18:28:25+00:00</time>
      </trkpt>
      <trkpt lat="45.43063" lon="6.21309">
        <ele>1957</ele>
        <time>2025-08-22T18:28:28+00:00</time>
      </trkpt>
      <trkpt lat="45.43068" lon="6.21309">
        <ele>1957</ele>
        <time>2025-08-22T18:28:31+00:00</time>
      </trkpt>
      <trkpt lat="45.43072" lon="6.21311">
        <ele>1955</ele>
        <time>2025-08-22T18:28:34+00:00</time>
      </trkpt>
      <trkpt lat="45.43075" lon="6.21311">
        <ele>1955</ele>
        <time>2025-08-22T18:28:37+00:00</time>
      </trkpt>
      <trkpt lat="45.4308" lon="6.21309">
        <ele>1955</ele>
        <time>2025-08-22T18:28:40+00:00</time>
      </trkpt>
      <trkpt lat="45.43096" lon="6.21307">
        <ele>1952</ele>
        <time>2025-08-22T18:28:43+00:00</time>
      </trkpt>
      <trkpt lat="45.4311" lon="6.21304">
        <ele>1952</ele>
        <time>2025-08-22T18:28:46+00:00</time>
      </trkpt>
      <trkpt lat="45.43117" lon="6.21304">
        <ele>1950</ele>
        <time>2025-08-22T18:28:49+00:00</time>
      </trkpt>
      <trkpt lat="45.43127" lon="6.213">
        <ele>1955</ele>
        <time>2025-08-22T18:28:52+00:00</time>
      </trkpt>
      <trkpt lat="45.43139" lon="6.21291">
        <ele>1951</ele>
        <time>2025-08-22T18:28:55+00:00</time>
      </trkpt>
      <trkpt lat="45.43145" lon="6.21289">
        <ele>1948</ele>
        <time>2025-08-22T18:28:58+00:00</time>
      </trkpt>
      <trkpt lat="45.43152" lon="6.21288">
        <ele>1948</ele>
        <time>2025-08-22T18:29:01+00:00</time>
      </trkpt>
      <trkpt lat="45.43158" lon="6.21288">
        <ele>1948</ele>
        <time>2025-08-22T18:29:04+00:00</time>
      </trkpt>
      <trkpt lat="45.43165" lon="6.2129">
        <ele>1947</ele>
        <time>2025-08-22T18:29:07+00:00</time>
      </trkpt>
      <trkpt lat="45.4317" lon="6.21297">
        <ele>1947</ele>
        <time>2025-08-22T18:29:10+00:00</time>
      </trkpt>
      <trkpt lat="45.4317" lon="6.213">
        <ele>1947</ele>
        <time>2025-08-22T18:29:13+00:00</time>
      </trkpt>
      <trkpt lat="45.43172" lon="6.21303">
        <ele>1945</ele>
        <time>2025-08-22T18:29:16+00:00</time>
      </trkpt>
      <trkpt lat="45.43174" lon="6.21303">
        <ele>1941</ele>
        <time>2025-08-22T18:29:19+00:00</time>
      </trkpt>
      <trkpt lat="45.43176" lon="6.21304">
        <ele>1941</ele>
        <time>2025-08-22T18:29:22+00:00</time>
      </trkpt>
      <trkpt lat="45.43181" lon="6.21309">
        <ele>1942</ele>
        <time>2025-08-22T18:29:25+00:00</time>
      </trkpt>
      <trkpt lat="45.43187" lon="6.21311">
        <ele>1942</ele>
        <time>2025-08-22T18:29:28+00:00</time>
      </trkpt>
      <trkpt lat="45.43192" lon="6.21311">
        <ele>1942</ele>
        <time>2025-08-22T18:29:31+00:00</time>
      </trkpt>
      <trkpt lat="45.43196" lon="6.21309">
        <ele>1942</ele>
        <time>2025-08-22T18:29:34+00:00</time>
      </trkpt>
      <trkpt lat="45.43203" lon="6.21304">
        <ele>1940</ele>
        <time>2025-08-22T18:29:37+00:00</time>
      </trkpt>
      <trkpt lat="45.43204" lon="6.21302">
        <ele>1940</ele>
        <time>2025-08-22T18:29:40+00:00</time>
      </trkpt>
      <trkpt lat="45.43207" lon="6.21301">
        <ele>1940</ele>
        <time>2025-08-22T18:29:43+00:00</time>
      </trkpt>
      <trkpt lat="45.43218" lon="6.21301">
        <ele>1937</ele>
        <time>2025-08-22T18:29:46+00:00</time>
      </trkpt>
      <trkpt lat="45.43224" lon="6.21302">
        <ele>1937</ele>
        <time>2025-08-22T18:29:49+00:00</time>
      </trkpt>
      <trkpt lat="45.43231" lon="6.21302">
        <ele>1935</ele>
        <time>2025-08-22T18:29:52+00:00</time>
      </trkpt>
      <trkpt lat="45.43235" lon="6.21301">
        <ele>1935</ele>
        <time>2025-08-22T18:29:55+00:00</time>
      </trkpt>
      <trkpt lat="45.43237" lon="6.21302">
        <ele>1935</ele>
        <time>2025-08-22T18:29:58+00:00</time>
      </trkpt>
      <trkpt lat="45.4324" lon="6.21301">
        <ele>1935</ele>
        <time>2025-08-22T18:30:01+00:00</time>
      </trkpt>
      <trkpt lat="45.43243" lon="6.21302">
        <ele>1935</ele>
        <time>2025-08-22T18:30:04+00:00</time>
      </trkpt>
      <trkpt lat="45.43247" lon="6.21301">
        <ele>1935</ele>
        <time>2025-08-22T18:30:07+00:00</time>
      </trkpt>
      <trkpt lat="45.43252" lon="6.21301">
        <ele>1934</ele>
        <time>2025-08-22T18:30:10+00:00</time>
      </trkpt>
      <trkpt lat="45.43254" lon="6.21302">
        <ele>1934</ele>
        <time>2025-08-22T18:30:13+00:00</time>
      </trkpt>
      <trkpt lat="45.43259" lon="6.2131">
        <ele>1934</ele>
        <time>2025-08-22T18:30:16+00:00</time>
      </trkpt>
      <trkpt lat="45.43259" lon="6.21312">
        <ele>1934</ele>
        <time>2025-08-22T18:30:19+00:00</time>
      </trkpt>
      <trkpt lat="45.43261" lon="6.21321">
        <ele>1934</ele>
        <time>2025-08-22T18:30:22+00:00</time>
      </trkpt>
      <trkpt lat="45.43268" lon="6.21342">
        <ele>1931</ele>
        <time>2025-08-22T18:30:25+00:00</time>
      </trkpt>
      <trkpt lat="45.43271" lon="6.21348">
        <ele>1931</ele>
        <time>2025-08-22T18:30:28+00:00</time>
      </trkpt>
      <trkpt lat="45.43271" lon="6.21358">
        <ele>1928</ele>
        <time>2025-08-22T18:30:31+00:00</time>
      </trkpt>
      <trkpt lat="45.43277" lon="6.21367">
        <ele>1928</ele>
        <time>2025-08-22T18:30:34+00:00</time>
      </trkpt>
      <trkpt lat="45.43281" lon="6.2137">
        <ele>1931</ele>
        <time>2025-08-22T18:30:37+00:00</time>
      </trkpt>
      <trkpt lat="45.43287" lon="6.21372">
        <ele>1925</ele>
        <time>2025-08-22T18:30:40+00:00</time>
      </trkpt>
      <trkpt lat="45.4329" lon="6.21377">
        <ele>1925</ele>
        <time>2025-08-22T18:30:43+00:00</time>
      </trkpt>
      <trkpt lat="45.43307" lon="6.21377">
        <ele>1921</ele>
        <time>2025-08-22T18:30:46+00:00</time>
      </trkpt>
      <trkpt lat="45.43312" lon="6.21376">
        <ele>1921</ele>
        <time>2025-08-22T18:30:49+00:00</time>
      </trkpt>
      <trkpt lat="45.4332" lon="6.21372">
        <ele>1921</ele>
        <time>2025-08-22T18:30:52+00:00</time>
      </trkpt>
      <trkpt lat="45.43324" lon="6.21371">
        <ele>1916</ele>
        <time>2025-08-22T18:30:55+00:00</time>
      </trkpt>
      <trkpt lat="45.43331" lon="6.21371">
        <ele>1912</ele>
        <time>2025-08-22T18:30:58+00:00</time>
      </trkpt>
      <trkpt lat="45.43346" lon="6.21377">
        <ele>1912</ele>
        <time>2025-08-22T18:31:01+00:00</time>
      </trkpt>
      <trkpt lat="45.43348" lon="6.21379">
        <ele>1912</ele>
        <time>2025-08-22T18:31:04+00:00</time>
      </trkpt>
      <trkpt lat="45.43354" lon="6.2139">
        <ele>1909</ele>
        <time>2025-08-22T18:31:07+00:00</time>
      </trkpt>
      <trkpt lat="45.4336" lon="6.21397">
        <ele>1909</ele>
        <time>2025-08-22T18:31:10+00:00</time>
      </trkpt>
      <trkpt lat="45.43372" lon="6.21396">
        <ele>1907</ele>
        <time>2025-08-22T18:31:13+00:00</time>
      </trkpt>
      <trkpt lat="45.43388" lon="6.21402">
        <ele>1901</ele>
        <time>2025-08-22T18:31:16+00:00</time>
      </trkpt>
      <trkpt lat="45.43394" lon="6.21408">
        <ele>1901</ele>
        <time>2025-08-22T18:31:19+00:00</time>
      </trkpt>
      <trkpt lat="45.43409" lon="6.21421">
        <ele>1895</ele>
        <time>2025-08-22T18:31:22+00:00</time>
      </trkpt>
      <trkpt lat="45.43414" lon="6.21427">
        <ele>1895</ele>
        <time>2025-08-22T18:31:25+00:00</time>
      </trkpt>
      <trkpt lat="45.43418" lon="6.2143">
        <ele>1895</ele>
        <time>2025-08-22T18:31:28+00:00</time>
      </trkpt>
      <trkpt lat="45.43421" lon="6.21431">
        <ele>1896</ele>
        <time>2025-08-22T18:31:31+00:00</time>
      </trkpt>
      <trkpt lat="45.43423" lon="6.21433">
        <ele>1896</ele>
        <time>2025-08-22T18:31:34+00:00</time>
      </trkpt>
      <trkpt lat="45.43427" lon="6.21443">
        <ele>1891</ele>
        <time>2025-08-22T18:31:37+00:00</time>
      </trkpt>
      <trkpt lat="45.4343" lon="6.21443">
        <ele>1891</ele>
        <time>2025-08-22T18:31:40+00:00</time>
      </trkpt>
      <trkpt lat="45.43432" lon="6.21445">
        <ele>1891</ele>
        <time>2025-08-22T18:31:43+00:00</time>
      </trkpt>
      <trkpt lat="45.43433" lon="6.21449">
        <ele>1891</ele>
        <time>2025-08-22T18:31:46+00:00</time>
      </trkpt>
      <trkpt lat="45.43434" lon="6.21457">
        <ele>1888</ele>
        <time>2025-08-22T18:31:49+00:00</time>
      </trkpt>
      <trkpt lat="45.43434" lon="6.21467">
        <ele>1888</ele>
        <time>2025-08-22T18:31:52+00:00</time>
      </trkpt>
      <trkpt lat="45.43437" lon="6.21469">
        <ele>1888</ele>
        <time>2025-08-22T18:31:55+00:00</time>
      </trkpt>
      <trkpt lat="45.43441" lon="6.21478">
        <ele>1886</ele>
        <time>2025-08-22T18:31:58+00:00</time>
      </trkpt>
      <trkpt lat="45.43443" lon="6.21479">
        <ele>1886</ele>
        <time>2025-08-22T18:32:01+00:00</time>
      </trkpt>
      <trkpt lat="45.43443" lon="6.21481">
        <ele>1886</ele>
        <time>2025-08-22T18:32:04+00:00</time>
      </trkpt>
      <trkpt lat="45.43445" lon="6.21485">
        <ele>1886</ele>
        <time>2025-08-22T18:32:07+00:00</time>
      </trkpt>
      <trkpt lat="45.43455" lon="6.21497">
        <ele>1887</ele>
        <time>2025-08-22T18:32:10+00:00</time>
      </trkpt>
      <trkpt lat="45.43462" lon="6.21501">
        <ele>1886</ele>
        <time>2025-08-22T18:32:13+00:00</time>
      </trkpt>
      <trkpt lat="45.43468" lon="6.21503">
        <ele>1886</ele>
        <time>2025-08-22T18:32:16+00:00</time>
      </trkpt>
      <trkpt lat="45.43473" lon="6.215">
        <ele>1887</ele>
        <time>2025-08-22T18:32:19+00:00</time>
      </trkpt>
      <trkpt lat="45.4348" lon="6.215">
        <ele>1887</ele>
        <time>2025-08-22T18:32:22+00:00</time>
      </trkpt>
      <trkpt lat="45.43488" lon="6.21501">
        <ele>1887</ele>
        <time>2025-08-22T18:32:25+00:00</time>
      </trkpt>
      <trkpt lat="45.435" lon="6.215">
        <ele>1886</ele>
        <time>2025-08-22T18:32:28+00:00</time>
      </trkpt>
      <trkpt lat="45.4351" lon="6.21505">
        <ele>1890</ele>
        <time>2025-08-22T18:32:31+00:00</time>
      </trkpt>
      <trkpt lat="45.43519" lon="6.21513">
        <ele>1886</ele>
        <time>2025-08-22T18:32:34+00:00</time>
      </trkpt>
      <trkpt lat="45.43535" lon="6.2152">
        <ele>1888</ele>
        <time>2025-08-22T18:32:37+00:00</time>
      </trkpt>
      <trkpt lat="45.43544" lon="6.21529">
        <ele>1886</ele>
        <time>2025-08-22T18:32:40+00:00</time>
      </trkpt>
      <trkpt lat="45.43564" lon="6.21541">
        <ele>1885</ele>
        <time>2025-08-22T18:32:43+00:00</time>
      </trkpt>
      <trkpt lat="45.43575" lon="6.2155">
        <ele>1887</ele>
        <time>2025-08-22T18:32:46+00:00</time>
      </trkpt>
      <trkpt lat="45.43578" lon="6.21556">
        <ele>1887</ele>
        <time>2025-08-22T18:32:49+00:00</time>
      </trkpt>
      <trkpt lat="45.43588" lon="6.21562">
        <ele>1885</ele>
        <time>2025-08-22T18:32:52+00:00</time>
      </trkpt>
      <trkpt lat="45.43593" lon="6.21567">
        <ele>1890</ele>
        <time>2025-08-22T18:32:55+00:00</time>
      </trkpt>
      <trkpt lat="45.436" lon="6.21577">
        <ele>1887</ele>
        <time>2025-08-22T18:32:58+00:00</time>
      </trkpt>
      <trkpt lat="45.43606" lon="6.2158">
        <ele>1884</ele>
        <time>2025-08-22T18:33:01+00:00</time>
      </trkpt>
      <trkpt lat="45.43612" lon="6.21578">
        <ele>1889</ele>
        <time>2025-08-22T18:33:04+00:00</time>
      </trkpt>
      <trkpt lat="45.4362" lon="6.21577">
        <ele>1889</ele>
        <time>2025-08-22T18:33:07+00:00</time>
      </trkpt>
      <trkpt lat="45.43643" lon="6.21585">
        <ele>1884</ele>
        <time>2025-08-22T18:33:10+00:00</time>
      </trkpt>
      <trkpt lat="45.43657" lon="6.21596">
        <ele>1885</ele>
        <time>2025-08-22T18:33:13+00:00</time>
      </trkpt>
      <trkpt lat="45.43664" lon="6.21605">
        <ele>1886</ele>
        <time>2025-08-22T18:33:16+00:00</time>
      </trkpt>
      <trkpt lat="45.43677" lon="6.21624">
        <ele>1887</ele>
        <time>2025-08-22T18:33:19+00:00</time>
      </trkpt>
      <trkpt lat="45.43688" lon="6.21637">
        <ele>1886</ele>
        <time>2025-08-22T18:33:22+00:00</time>
      </trkpt>
      <trkpt lat="45.43699" lon="6.21653">
        <ele>1885</ele>
        <time>2025-08-22T18:33:25+00:00</time>
      </trkpt>
      <trkpt lat="45.43704" lon="6.21659">
        <ele>1886</ele>
        <time>2025-08-22T18:33:28+00:00</time>
      </trkpt>
      <trkpt lat="45.43711" lon="6.21666">
        <ele>1886</ele>
        <time>2025-08-22T18:33:31+00:00</time>
      </trkpt>
      <trkpt lat="45.43719" lon="6.21678">
        <ele>1886</ele>
        <time>2025-08-22T18:33:34+00:00</time>
      </trkpt>
      <trkpt lat="45.43725" lon="6.21689">
        <ele>1881</ele>
        <time>2025-08-22T18:33:37+00:00</time>
      </trkpt>
      <trkpt lat="45.43738" lon="6.21708">
        <ele>1882</ele>
        <time>2025-08-22T18:33:40+00:00</time>
      </trkpt>
      <trkpt lat="45.43755" lon="6.21738">
        <ele>1872</ele>
        <time>2025-08-22T18:33:43+00:00</time>
      </trkpt>
      <trkpt lat="45.4376" lon="6.21743">
        <ele>1872</ele>
        <time>2025-08-22T18:33:46+00:00</time>
      </trkpt>
      <trkpt lat="45.43763" lon="6.21743">
        <ele>1869</ele>
        <time>2025-08-22T18:33:49+00:00</time>
      </trkpt>
      <trkpt lat="45.43766" lon="6.21732">
        <ele>1869</ele>
        <time>2025-08-22T18:33:52+00:00</time>
      </trkpt>
      <trkpt lat="45.43772" lon="6.2173">
        <ele>1872</ele>
        <time>2025-08-22T18:33:55+00:00</time>
      </trkpt>
      <trkpt lat="45.438" lon="6.21725">
        <ele>1864</ele>
        <time>2025-08-22T18:33:58+00:00</time>
      </trkpt>
      <trkpt lat="45.43815" lon="6.21721">
        <ele>1862</ele>
        <time>2025-08-22T18:34:01+00:00</time>
      </trkpt>
      <trkpt lat="45.43827" lon="6.21716">
        <ele>1862</ele>
        <time>2025-08-22T18:34:04+00:00</time>
      </trkpt>
      <trkpt lat="45.43836" lon="6.21724">
        <ele>1862</ele>
        <time>2025-08-22T18:34:07+00:00</time>
      </trkpt>
      <trkpt lat="45.43847" lon="6.21726">
        <ele>1862</ele>
        <time>2025-08-22T18:34:10+00:00</time>
      </trkpt>
      <trkpt lat="45.43855" lon="6.21726">
        <ele>1864</ele>
        <time>2025-08-22T18:34:13+00:00</time>
      </trkpt>
      <trkpt lat="45.43862" lon="6.2173">
        <ele>1865</ele>
        <time>2025-08-22T18:34:16+00:00</time>
      </trkpt>
      <trkpt lat="45.43867" lon="6.21732">
        <ele>1863</ele>
        <time>2025-08-22T18:34:19+00:00</time>
      </trkpt>
      <trkpt lat="45.4388" lon="6.21742">
        <ele>1860</ele>
        <time>2025-08-22T18:34:22+00:00</time>
      </trkpt>
      <trkpt lat="45.43888" lon="6.21746">
        <ele>1864</ele>
        <time>2025-08-22T18:34:25+00:00</time>
      </trkpt>
      <trkpt lat="45.43895" lon="6.21745">
        <ele>1864</ele>
        <time>2025-08-22T18:34:28+00:00</time>
      </trkpt>
      <trkpt lat="45.43899" lon="6.21747">
        <ele>1864</ele>
        <time>2025-08-22T18:34:31+00:00</time>
      </trkpt>
      <trkpt lat="45.43905" lon="6.21747">
        <ele>1865</ele>
        <time>2025-08-22T18:34:34+00:00</time>
      </trkpt>
      <trkpt lat="45.43907" lon="6.21742">
        <ele>1865</ele>
        <time>2025-08-22T18:34:37+00:00</time>
      </trkpt>
      <trkpt lat="45.43908" lon="6.21736">
        <ele>1865</ele>
        <time>2025-08-22T18:34:40+00:00</time>
      </trkpt>
      <trkpt lat="45.43911" lon="6.21729">
        <ele>1865</ele>
        <time>2025-08-22T18:34:43+00:00</time>
      </trkpt>
      <trkpt lat="45.43915" lon="6.21714">
        <ele>1865</ele>
        <time>2025-08-22T18:34:46+00:00</time>
      </trkpt>
      <trkpt lat="45.43926" lon="6.21722">
        <ele>1865</ele>
        <time>2025-08-22T18:34:49+00:00</time>
      </trkpt>
      <trkpt lat="45.43927" lon="6.21722">
        <ele>1865</ele>
        <time>2025-08-22T18:34:52+00:00</time>
      </trkpt>
      <trkpt lat="45.43948" lon="6.21745">
        <ele>1867</ele>
        <time>2025-08-22T18:34:55+00:00</time>
      </trkpt>
      <trkpt lat="45.43957" lon="6.2175">
        <ele>1868</ele>
        <time>2025-08-22T18:34:58+00:00</time>
      </trkpt>
      <trkpt lat="45.43987" lon="6.2176">
        <ele>1876</ele>
        <time>2025-08-22T18:35:01+00:00</time>
      </trkpt>
      <trkpt lat="45.44003" lon="6.21762">
        <ele>1886</ele>
        <time>2025-08-22T18:35:04+00:00</time>
      </trkpt>
      <trkpt lat="45.44011" lon="6.21762">
        <ele>1886</ele>
        <time>2025-08-22T18:35:07+00:00</time>
      </trkpt>
      <trkpt lat="45.44016" lon="6.2176">
        <ele>1880</ele>
        <time>2025-08-22T18:35:10+00:00</time>
      </trkpt>
      <trkpt lat="45.44043" lon="6.21765">
        <ele>1893</ele>
        <time>2025-08-22T18:35:13+00:00</time>
      </trkpt>
      <trkpt lat="45.44047" lon="6.21763">
        <ele>1893</ele>
        <time>2025-08-22T18:35:16+00:00</time>
      </trkpt>
      <trkpt lat="45.4405" lon="6.21763">
        <ele>1893</ele>
        <time>2025-08-22T18:35:19+00:00</time>
      </trkpt>
      <trkpt lat="45.44052" lon="6.21762">
        <ele>1899</ele>
        <time>2025-08-22T18:35:22+00:00</time>
      </trkpt>
      <trkpt lat="45.44053" lon="6.21757">
        <ele>1896</ele>
        <time>2025-08-22T18:35:25+00:00</time>
      </trkpt>
      <trkpt lat="45.44056" lon="6.21752">
        <ele>1896</ele>
        <time>2025-08-22T18:35:28+00:00</time>
      </trkpt>
      <trkpt lat="45.44062" lon="6.21744">
        <ele>1893</ele>
        <time>2025-08-22T18:35:31+00:00</time>
      </trkpt>
      <trkpt lat="45.44069" lon="6.21736">
        <ele>1893</ele>
        <time>2025-08-22T18:35:34+00:00</time>
      </trkpt>
      <trkpt lat="45.44079" lon="6.2172">
        <ele>1897</ele>
        <time>2025-08-22T18:35:37+00:00</time>
      </trkpt>
      <trkpt lat="45.4409" lon="6.21707">
        <ele>1893</ele>
        <time>2025-08-22T18:35:40+00:00</time>
      </trkpt>
      <trkpt lat="45.44098" lon="6.217">
        <ele>1902</ele>
        <time>2025-08-22T18:35:43+00:00</time>
      </trkpt>
      <trkpt lat="45.44109" lon="6.21695">
        <ele>1909</ele>
        <time>2025-08-22T18:35:46+00:00</time>
      </trkpt>
      <trkpt lat="45.44115" lon="6.21693">
        <ele>1909</ele>
        <time>2025-08-22T18:35:49+00:00</time>
      </trkpt>
      <trkpt lat="45.44121" lon="6.21692">
        <ele>1915</ele>
        <time>2025-08-22T18:35:52+00:00</time>
      </trkpt>
      <trkpt lat="45.44132" lon="6.21694">
        <ele>1915</ele>
        <time>2025-08-22T18:35:55+00:00</time>
      </trkpt>
      <trkpt lat="45.44139" lon="6.21692">
        <ele>1915</ele>
        <time>2025-08-22T18:35:58+00:00</time>
      </trkpt>
      <trkpt lat="45.44146" lon="6.21693">
        <ele>1916</ele>
        <time>2025-08-22T18:36:01+00:00</time>
      </trkpt>
      <trkpt lat="45.44153" lon="6.21695">
        <ele>1918</ele>
        <time>2025-08-22T18:36:04+00:00</time>
      </trkpt>
      <trkpt lat="45.44159" lon="6.21697">
        <ele>1918</ele>
        <time>2025-08-22T18:36:07+00:00</time>
      </trkpt>
      <trkpt lat="45.44165" lon="6.217">
        <ele>1917</ele>
        <time>2025-08-22T18:36:10+00:00</time>
      </trkpt>
      <trkpt lat="45.44177" lon="6.217">
        <ele>1915</ele>
        <time>2025-08-22T18:36:13+00:00</time>
      </trkpt>
      <trkpt lat="45.44191" lon="6.21696">
        <ele>1919</ele>
        <time>2025-08-22T18:36:16+00:00</time>
      </trkpt>
      <trkpt lat="45.44199" lon="6.21695">
        <ele>1919</ele>
        <time>2025-08-22T18:36:19+00:00</time>
      </trkpt>
      <trkpt lat="45.44206" lon="6.21695">
        <ele>1919</ele>
        <time>2025-08-22T18:36:22+00:00</time>
      </trkpt>
      <trkpt lat="45.4421" lon="6.21697">
        <ele>1919</ele>
        <time>2025-08-22T18:36:25+00:00</time>
      </trkpt>
      <trkpt lat="45.44224" lon="6.21698">
        <ele>1921</ele>
        <time>2025-08-22T18:36:28+00:00</time>
      </trkpt>
      <trkpt lat="45.44232" lon="6.21698">
        <ele>1921</ele>
        <time>2025-08-22T18:36:31+00:00</time>
      </trkpt>
      <trkpt lat="45.4424" lon="6.21697">
        <ele>1921</ele>
        <time>2025-08-22T18:36:34+00:00</time>
      </trkpt>
      <trkpt lat="45.44248" lon="6.21698">
        <ele>1922</ele>
        <time>2025-08-22T18:36:37+00:00</time>
      </trkpt>
      <trkpt lat="45.44256" lon="6.217">
        <ele>1922</ele>
        <time>2025-08-22T18:36:40+00:00</time>
      </trkpt>
      <trkpt lat="45.44263" lon="6.21703">
        <ele>1920</ele>
        <time>2025-08-22T18:36:43+00:00</time>
      </trkpt>
      <trkpt lat="45.44269" lon="6.21703">
        <ele>1920</ele>
        <time>2025-08-22T18:36:46+00:00</time>
      </trkpt>
      <trkpt lat="45.44284" lon="6.217">
        <ele>1922</ele>
        <time>2025-08-22T18:36:49+00:00</time>
      </trkpt>
      <trkpt lat="45.44298" lon="6.21694">
        <ele>1925</ele>
        <time>2025-08-22T18:36:52+00:00</time>
      </trkpt>
      <trkpt lat="45.4431" lon="6.2169">
        <ele>1921</ele>
        <time>2025-08-22T18:36:55+00:00</time>
      </trkpt>
      <trkpt lat="45.44317" lon="6.21689">
        <ele>1919</ele>
        <time>2025-08-22T18:36:58+00:00</time>
      </trkpt>
      <trkpt lat="45.44337" lon="6.21682">
        <ele>1921</ele>
        <time>2025-08-22T18:37:01+00:00</time>
      </trkpt>
      <trkpt lat="45.44349" lon="6.21681">
        <ele>1921</ele>
        <time>2025-08-22T18:37:04+00:00</time>
      </trkpt>
      <trkpt lat="45.44353" lon="6.2168">
        <ele>1918</ele>
        <time>2025-08-22T18:37:07+00:00</time>
      </trkpt>
      <trkpt lat="45.4436" lon="6.21681">
        <ele>1922</ele>
        <time>2025-08-22T18:37:10+00:00</time>
      </trkpt>
      <trkpt lat="45.4438" lon="6.21672">
        <ele>1922</ele>
        <time>2025-08-22T18:37:13+00:00</time>
      </trkpt>
      <trkpt lat="45.44398" lon="6.21668">
        <ele>1923</ele>
        <time>2025-08-22T18:37:16+00:00</time>
      </trkpt>
      <trkpt lat="45.44407" lon="6.21662">
        <ele>1924</ele>
        <time>2025-08-22T18:37:19+00:00</time>
      </trkpt>
      <trkpt lat="45.44414" lon="6.21662">
        <ele>1927</ele>
        <time>2025-08-22T18:37:22+00:00</time>
      </trkpt>
      <trkpt lat="45.4442" lon="6.2166">
        <ele>1925</ele>
        <time>2025-08-22T18:37:25+00:00</time>
      </trkpt>
      <trkpt lat="45.44437" lon="6.21649">
        <ele>1929</ele>
        <time>2025-08-22T18:37:28+00:00</time>
      </trkpt>
      <trkpt lat="45.44441" lon="6.21643">
        <ele>1933</ele>
        <time>2025-08-22T18:37:31+00:00</time>
      </trkpt>
      <trkpt lat="45.44453" lon="6.21633">
        <ele>1935</ele>
        <time>2025-08-22T18:37:34+00:00</time>
      </trkpt>
      <trkpt lat="45.44466" lon="6.21619">
        <ele>1934</ele>
        <time>2025-08-22T18:37:37+00:00</time>
      </trkpt>
      <trkpt lat="45.44478" lon="6.21614">
        <ele>1940</ele>
        <time>2025-08-22T18:37:40+00:00</time>
      </trkpt>
      <trkpt lat="45.44495" lon="6.21603">
        <ele>1947</ele>
        <time>2025-08-22T18:37:43+00:00</time>
      </trkpt>
      <trkpt lat="45.44512" lon="6.21585">
        <ele>1954</ele>
        <time>2025-08-22T18:37:46+00:00</time>
      </trkpt>
      <trkpt lat="45.44524" lon="6.21574">
        <ele>1957</ele>
        <time>2025-08-22T18:37:49+00:00</time>
      </trkpt>
      <trkpt lat="45.44538" lon="6.21563">
        <ele>1961</ele>
        <time>2025-08-22T18:37:52+00:00</time>
      </trkpt>
      <trkpt lat="45.4454" lon="6.21558">
        <ele>1960</ele>
        <time>2025-08-22T18:37:55+00:00</time>
      </trkpt>
      <trkpt lat="45.44544" lon="6.21555">
        <ele>1965</ele>
        <time>2025-08-22T18:37:58+00:00</time>
      </trkpt>
      <trkpt lat="45.44559" lon="6.21537">
        <ele>1965</ele>
        <time>2025-08-22T18:38:01+00:00</time>
      </trkpt>
      <trkpt lat="45.44572" lon="6.21524">
        <ele>1976</ele>
        <time>2025-08-22T18:38:04+00:00</time>
      </trkpt>
      <trkpt lat="45.4458" lon="6.21515">
        <ele>1974</ele>
        <time>2025-08-22T18:38:07+00:00</time>
      </trkpt>
      <trkpt lat="45.44587" lon="6.21506">
        <ele>1976</ele>
        <time>2025-08-22T18:38:10+00:00</time>
      </trkpt>
      <trkpt lat="45.4461" lon="6.21483">
        <ele>1983</ele>
        <time>2025-08-22T18:38:13+00:00</time>
      </trkpt>
      <trkpt lat="45.44621" lon="6.21473">
        <ele>1991</ele>
        <time>2025-08-22T18:38:16+00:00</time>
      </trkpt>
      <trkpt lat="45.44633" lon="6.21467">
        <ele>1986</ele>
        <time>2025-08-22T18:38:19+00:00</time>
      </trkpt>
      <trkpt lat="45.44637" lon="6.21464">
        <ele>1991</ele>
        <time>2025-08-22T18:38:22+00:00</time>
      </trkpt>
      <trkpt lat="45.44642" lon="6.21462">
        <ele>1992</ele>
        <time>2025-08-22T18:38:25+00:00</time>
      </trkpt>
      <trkpt lat="45.44649" lon="6.21461">
        <ele>1992</ele>
        <time>2025-08-22T18:38:28+00:00</time>
      </trkpt>
      <trkpt lat="45.44668" lon="6.21461">
        <ele>1985</ele>
        <time>2025-08-22T18:38:31+00:00</time>
      </trkpt>
      <trkpt lat="45.44673" lon="6.21462">
        <ele>1986</ele>
        <time>2025-08-22T18:38:34+00:00</time>
      </trkpt>
      <trkpt lat="45.4469" lon="6.21462">
        <ele>1984</ele>
        <time>2025-08-22T18:38:37+00:00</time>
      </trkpt>
      <trkpt lat="45.44701" lon="6.2146">
        <ele>1982</ele>
        <time>2025-08-22T18:38:40+00:00</time>
      </trkpt>
      <trkpt lat="45.44712" lon="6.2146">
        <ele>1983</ele>
        <time>2025-08-22T18:38:43+00:00</time>
      </trkpt>
      <trkpt lat="45.44724" lon="6.21462">
        <ele>1982</ele>
        <time>2025-08-22T18:38:46+00:00</time>
      </trkpt>
      <trkpt lat="45.4473" lon="6.21466">
        <ele>1982</ele>
        <time>2025-08-22T18:38:49+00:00</time>
      </trkpt>
      <trkpt lat="45.44734" lon="6.2147">
        <ele>1982</ele>
        <time>2025-08-22T18:38:52+00:00</time>
      </trkpt>
      <trkpt lat="45.4474" lon="6.21472">
        <ele>1983</ele>
        <time>2025-08-22T18:38:55+00:00</time>
      </trkpt>
      <trkpt lat="45.44746" lon="6.21473">
        <ele>1982</ele>
        <time>2025-08-22T18:38:58+00:00</time>
      </trkpt>
      <trkpt lat="45.44754" lon="6.21474">
        <ele>1982</ele>
        <time>2025-08-22T18:39:01+00:00</time>
      </trkpt>
      <trkpt lat="45.4478" lon="6.21474">
        <ele>1982</ele>
        <time>2025-08-22T18:39:04+00:00</time>
      </trkpt>
      <trkpt lat="45.44796" lon="6.21471">
        <ele>1982</ele>
        <time>2025-08-22T18:39:07+00:00</time>
      </trkpt>
      <trkpt lat="45.44806" lon="6.21467">
        <ele>1983</ele>
        <time>2025-08-22T18:39:10+00:00</time>
      </trkpt>
      <trkpt lat="45.44813" lon="6.21462">
        <ele>1983</ele>
        <time>2025-08-22T18:39:13+00:00</time>
      </trkpt>
      <trkpt lat="45.4482" lon="6.21459">
        <ele>1983</ele>
        <time>2025-08-22T18:39:16+00:00</time>
      </trkpt>
      <trkpt lat="45.44828" lon="6.21457">
        <ele>1983</ele>
        <time>2025-08-22T18:39:19+00:00</time>
      </trkpt>
      <trkpt lat="45.44857" lon="6.21446">
        <ele>1981</ele>
        <time>2025-08-22T18:39:22+00:00</time>
      </trkpt>
      <trkpt lat="45.44878" lon="6.21437">
        <ele>1979</ele>
        <time>2025-08-22T18:39:25+00:00</time>
      </trkpt>
      <trkpt lat="45.44896" lon="6.21427">
        <ele>1974</ele>
        <time>2025-08-22T18:39:28+00:00</time>
      </trkpt>
      <trkpt lat="45.44903" lon="6.21426">
        <ele>1974</ele>
        <time>2025-08-22T18:39:31+00:00</time>
      </trkpt>
      <trkpt lat="45.4491" lon="6.21423">
        <ele>1974</ele>
        <time>2025-08-22T18:39:34+00:00</time>
      </trkpt>
      <trkpt lat="45.44917" lon="6.21422">
        <ele>1974</ele>
        <time>2025-08-22T18:39:37+00:00</time>
      </trkpt>
      <trkpt lat="45.44937" lon="6.21415">
        <ele>1971</ele>
        <time>2025-08-22T18:39:40+00:00</time>
      </trkpt>
      <trkpt lat="45.44943" lon="6.21412">
        <ele>1971</ele>
        <time>2025-08-22T18:39:43+00:00</time>
      </trkpt>
      <trkpt lat="45.44947" lon="6.21411">
        <ele>1971</ele>
        <time>2025-08-22T18:39:46+00:00</time>
      </trkpt>
      <trkpt lat="45.44952" lon="6.21406">
        <ele>1969</ele>
        <time>2025-08-22T18:39:49+00:00</time>
      </trkpt>
      <trkpt lat="45.44955" lon="6.21401">
        <ele>1970</ele>
        <time>2025-08-22T18:39:52+00:00</time>
      </trkpt>
      <trkpt lat="45.44961" lon="6.21394">
        <ele>1971</ele>
        <time>2025-08-22T18:39:55+00:00</time>
      </trkpt>
      <trkpt lat="45.44965" lon="6.21388">
        <ele>1970</ele>
        <time>2025-08-22T18:39:58+00:00</time>
      </trkpt>
      <trkpt lat="45.4497" lon="6.21383">
        <ele>1970</ele>
        <time>2025-08-22T18:40:01+00:00</time>
      </trkpt>
      <trkpt lat="45.44975" lon="6.21381">
        <ele>1973</ele>
        <time>2025-08-22T18:40:04+00:00</time>
      </trkpt>
      <trkpt lat="45.44984" lon="6.21376">
        <ele>1974</ele>
        <time>2025-08-22T18:40:07+00:00</time>
      </trkpt>
      <trkpt lat="45.44993" lon="6.21366">
        <ele>1974</ele>
        <time>2025-08-22T18:40:10+00:00</time>
      </trkpt>
      <trkpt lat="45.4501" lon="6.21355">
        <ele>1974</ele>
        <time>2025-08-22T18:40:13+00:00</time>
      </trkpt>
      <trkpt lat="45.45023" lon="6.21354">
        <ele>1973</ele>
        <time>2025-08-22T18:40:16+00:00</time>
      </trkpt>
      <trkpt lat="45.45033" lon="6.21352">
        <ele>1975</ele>
        <time>2025-08-22T18:40:19+00:00</time>
      </trkpt>
      <trkpt lat="45.45038" lon="6.21352">
        <ele>1975</ele>
        <time>2025-08-22T18:40:22+00:00</time>
      </trkpt>
      <trkpt lat="45.4505" lon="6.21348">
        <ele>1972</ele>
        <time>2025-08-22T18:40:25+00:00</time>
      </trkpt>
      <trkpt lat="45.45063" lon="6.21337">
        <ele>1971</ele>
        <time>2025-08-22T18:40:28+00:00</time>
      </trkpt>
      <trkpt lat="45.45071" lon="6.21332">
        <ele>1971</ele>
        <time>2025-08-22T18:40:31+00:00</time>
      </trkpt>
      <trkpt lat="45.45083" lon="6.21327">
        <ele>1970</ele>
        <time>2025-08-22T18:40:34+00:00</time>
      </trkpt>
      <trkpt lat="45.4511" lon="6.21318">
        <ele>1972</ele>
        <time>2025-08-22T18:40:37+00:00</time>
      </trkpt>
      <trkpt lat="45.45133" lon="6.21313">
        <ele>1973</ele>
        <time>2025-08-22T18:40:40+00:00</time>
      </trkpt>
      <trkpt lat="45.45145" lon="6.21308">
        <ele>1972</ele>
        <time>2025-08-22T18:40:43+00:00</time>
      </trkpt>
      <trkpt lat="45.45156" lon="6.21302">
        <ele>1973</ele>
        <time>2025-08-22T18:40:46+00:00</time>
      </trkpt>
      <trkpt lat="45.45186" lon="6.21288">
        <ele>1974</ele>
        <time>2025-08-22T18:40:49+00:00</time>
      </trkpt>
      <trkpt lat="45.45191" lon="6.21284">
        <ele>1975</ele>
        <time>2025-08-22T18:40:52+00:00</time>
      </trkpt>
      <trkpt lat="45.45196" lon="6.21284">
        <ele>1975</ele>
        <time>2025-08-22T18:40:55+00:00</time>
      </trkpt>
      <trkpt lat="45.452" lon="6.21285">
        <ele>1975</ele>
        <time>2025-08-22T18:40:58+00:00</time>
      </trkpt>
      <trkpt lat="45.45204" lon="6.2129">
        <ele>1970</ele>
        <time>2025-08-22T18:41:01+00:00</time>
      </trkpt>
      <trkpt lat="45.45221" lon="6.21298">
        <ele>1970</ele>
        <time>2025-08-22T18:41:04+00:00</time>
      </trkpt>
      <trkpt lat="45.45246" lon="6.21315">
        <ele>1967</ele>
        <time>2025-08-22T18:41:07+00:00</time>
      </trkpt>
      <trkpt lat="45.45254" lon="6.21322">
        <ele>1964</ele>
        <time>2025-08-22T18:41:10+00:00</time>
      </trkpt>
      <trkpt lat="45.45272" lon="6.21324">
        <ele>1957</ele>
        <time>2025-08-22T18:41:13+00:00</time>
      </trkpt>
      <trkpt lat="45.45276" lon="6.21326">
        <ele>1957</ele>
        <time>2025-08-22T18:41:16+00:00</time>
      </trkpt>
      <trkpt lat="45.4528" lon="6.21329">
        <ele>1957</ele>
        <time>2025-08-22T18:41:19+00:00</time>
      </trkpt>
      <trkpt lat="45.45287" lon="6.21338">
        <ele>1953</ele>
        <time>2025-08-22T18:41:22+00:00</time>
      </trkpt>
      <trkpt lat="45.45291" lon="6.21341">
        <ele>1950</ele>
        <time>2025-08-22T18:41:25+00:00</time>
      </trkpt>
      <trkpt lat="45.45296" lon="6.21343">
        <ele>1950</ele>
        <time>2025-08-22T18:41:28+00:00</time>
      </trkpt>
      <trkpt lat="45.45304" lon="6.21349">
        <ele>1947</ele>
        <time>2025-08-22T18:41:31+00:00</time>
      </trkpt>
      <trkpt lat="45.45308" lon="6.2134">
        <ele>1946</ele>
        <time>2025-08-22T18:41:34+00:00</time>
      </trkpt>
      <trkpt lat="45.45312" lon="6.2132">
        <ele>1938</ele>
        <time>2025-08-22T18:41:37+00:00</time>
      </trkpt>
      <trkpt lat="45.45314" lon="6.2132">
        <ele>1938</ele>
        <time>2025-08-22T18:41:40+00:00</time>
      </trkpt>
      <trkpt lat="45.45318" lon="6.21323">
        <ele>1940</ele>
        <time>2025-08-22T18:41:43+00:00</time>
      </trkpt>
      <trkpt lat="45.45325" lon="6.21331">
        <ele>1936</ele>
        <time>2025-08-22T18:41:46+00:00</time>
      </trkpt>
      <trkpt lat="45.45338" lon="6.21336">
        <ele>1933</ele>
        <time>2025-08-22T18:41:49+00:00</time>
      </trkpt>
      <trkpt lat="45.45347" lon="6.21341">
        <ele>1930</ele>
        <time>2025-08-22T18:41:52+00:00</time>
      </trkpt>
      <trkpt lat="45.45357" lon="6.21349">
        <ele>1926</ele>
        <time>2025-08-22T18:41:55+00:00</time>
      </trkpt>
      <trkpt lat="45.45362" lon="6.21352">
        <ele>1922</ele>
        <time>2025-08-22T18:41:58+00:00</time>
      </trkpt>
      <trkpt lat="45.45364" lon="6.21352">
        <ele>1922</ele>
        <time>2025-08-22T18:42:01+00:00</time>
      </trkpt>
      <trkpt lat="45.45373" lon="6.21357">
        <ele>1919</ele>
        <time>2025-08-22T18:42:04+00:00</time>
      </trkpt>
      <trkpt lat="45.45385" lon="6.2136">
        <ele>1916</ele>
        <time>2025-08-22T18:42:07+00:00</time>
      </trkpt>
      <trkpt lat="45.45396" lon="6.21364">
        <ele>1913</ele>
        <time>2025-08-22T18:42:10+00:00</time>
      </trkpt>
      <trkpt lat="45.4541" lon="6.21371">
        <ele>1911</ele>
        <time>2025-08-22T18:42:13+00:00</time>
      </trkpt>
      <trkpt lat="45.45414" lon="6.21374">
        <ele>1908</ele>
        <time>2025-08-22T18:42:16+00:00</time>
      </trkpt>
      <trkpt lat="45.45417" lon="6.21375">
        <ele>1908</ele>
        <time>2025-08-22T18:42:19+00:00</time>
      </trkpt>
      <trkpt lat="45.45421" lon="6.21374">
        <ele>1906</ele>
        <time>2025-08-22T18:42:22+00:00</time>
      </trkpt>
      <trkpt lat="45.45423" lon="6.21372">
        <ele>1906</ele>
        <time>2025-08-22T18:42:25+00:00</time>
      </trkpt>
      <trkpt lat="45.45428" lon="6.21369">
        <ele>1906</ele>
        <time>2025-08-22T18:42:28+00:00</time>
      </trkpt>
      <trkpt lat="45.45432" lon="6.21368">
        <ele>1904</ele>
        <time>2025-08-22T18:42:31+00:00</time>
      </trkpt>
      <trkpt lat="45.45436" lon="6.21366">
        <ele>1904</ele>
        <time>2025-08-22T18:42:34+00:00</time>
      </trkpt>
      <trkpt lat="45.45443" lon="6.21367">
        <ele>1899</ele>
        <time>2025-08-22T18:42:37+00:00</time>
      </trkpt>
      <trkpt lat="45.45449" lon="6.21369">
        <ele>1899</ele>
        <time>2025-08-22T18:42:40+00:00</time>
      </trkpt>
      <trkpt lat="45.45454" lon="6.21373">
        <ele>1898</ele>
        <time>2025-08-22T18:42:43+00:00</time>
      </trkpt>
      <trkpt lat="45.45458" lon="6.21378">
        <ele>1898</ele>
        <time>2025-08-22T18:42:46+00:00</time>
      </trkpt>
      <trkpt lat="45.45463" lon="6.21382">
        <ele>1897</ele>
        <time>2025-08-22T18:42:49+00:00</time>
      </trkpt>
      <trkpt lat="45.45487" lon="6.2139">
        <ele>1897</ele>
        <time>2025-08-22T18:42:52+00:00</time>
      </trkpt>
      <trkpt lat="45.45512" lon="6.21394">
        <ele>1896</ele>
        <time>2025-08-22T18:42:55+00:00</time>
      </trkpt>
      <trkpt lat="45.45539" lon="6.21405">
        <ele>1893</ele>
        <time>2025-08-22T18:42:58+00:00</time>
      </trkpt>
      <trkpt lat="45.45546" lon="6.21411">
        <ele>1892</ele>
        <time>2025-08-22T18:43:01+00:00</time>
      </trkpt>
      <trkpt lat="45.45557" lon="6.21418">
        <ele>1894</ele>
        <time>2025-08-22T18:43:04+00:00</time>
      </trkpt>
      <trkpt lat="45.45571" lon="6.21431">
        <ele>1895</ele>
        <time>2025-08-22T18:43:07+00:00</time>
      </trkpt>
      <trkpt lat="45.4559" lon="6.21445">
        <ele>1893</ele>
        <time>2025-08-22T18:43:10+00:00</time>
      </trkpt>
      <trkpt lat="45.45607" lon="6.21463">
        <ele>1893</ele>
        <time>2025-08-22T18:43:13+00:00</time>
      </trkpt>
      <trkpt lat="45.45613" lon="6.21466">
        <ele>1893</ele>
        <time>2025-08-22T18:43:16+00:00</time>
      </trkpt>
      <trkpt lat="45.45616" lon="6.21471">
        <ele>1890</ele>
        <time>2025-08-22T18:43:19+00:00</time>
      </trkpt>
      <trkpt lat="45.45626" lon="6.21484">
        <ele>1890</ele>
        <time>2025-08-22T18:43:22+00:00</time>
      </trkpt>
      <trkpt lat="45.45634" lon="6.2149">
        <ele>1889</ele>
        <time>2025-08-22T18:43:25+00:00</time>
      </trkpt>
      <trkpt lat="45.45644" lon="6.215">
        <ele>1888</ele>
        <time>2025-08-22T18:43:28+00:00</time>
      </trkpt>
      <trkpt lat="45.45652" lon="6.21507">
        <ele>1886</ele>
        <time>2025-08-22T18:43:31+00:00</time>
      </trkpt>
      <trkpt lat="45.45666" lon="6.21522">
        <ele>1884</ele>
        <time>2025-08-22T18:43:34+00:00</time>
      </trkpt>
      <trkpt lat="45.45672" lon="6.21527">
        <ele>1884</ele>
        <time>2025-08-22T18:43:37+00:00</time>
      </trkpt>
      <trkpt lat="45.45685" lon="6.21535">
        <ele>1883</ele>
        <time>2025-08-22T18:43:40+00:00</time>
      </trkpt>
      <trkpt lat="45.45699" lon="6.21549">
        <ele>1881</ele>
        <time>2025-08-22T18:43:43+00:00</time>
      </trkpt>
      <trkpt lat="45.45706" lon="6.21559">
        <ele>1880</ele>
        <time>2025-08-22T18:43:46+00:00</time>
      </trkpt>
      <trkpt lat="45.45711" lon="6.21563">
        <ele>1879</ele>
        <time>2025-08-22T18:43:49+00:00</time>
      </trkpt>
      <trkpt lat="45.45716" lon="6.2157">
        <ele>1879</ele>
        <time>2025-08-22T18:43:52+00:00</time>
      </trkpt>
      <trkpt lat="45.45727" lon="6.21583">
        <ele>1879</ele>
        <time>2025-08-22T18:43:55+00:00</time>
      </trkpt>
      <trkpt lat="45.45728" lon="6.21587">
        <ele>1879</ele>
        <time>2025-08-22T18:43:58+00:00</time>
      </trkpt>
      <trkpt lat="45.45733" lon="6.21594">
        <ele>1877</ele>
        <time>2025-08-22T18:44:01+00:00</time>
      </trkpt>
      <trkpt lat="45.45735" lon="6.216">
        <ele>1877</ele>
        <time>2025-08-22T18:44:04+00:00</time>
      </trkpt>
      <trkpt lat="45.45742" lon="6.21613">
        <ele>1877</ele>
        <time>2025-08-22T18:44:07+00:00</time>
      </trkpt>
      <trkpt lat="45.45743" lon="6.21618">
        <ele>1877</ele>
        <time>2025-08-22T18:44:10+00:00</time>
      </trkpt>
      <trkpt lat="45.45743" lon="6.21624">
        <ele>1876</ele>
        <time>2025-08-22T18:44:13+00:00</time>
      </trkpt>
      <trkpt lat="45.45745" lon="6.21628">
        <ele>1876</ele>
        <time>2025-08-22T18:44:16+00:00</time>
      </trkpt>
      <trkpt lat="45.45754" lon="6.21636">
        <ele>1873</ele>
        <time>2025-08-22T18:44:19+00:00</time>
      </trkpt>
      <trkpt lat="45.45758" lon="6.21641">
        <ele>1870</ele>
        <time>2025-08-22T18:44:22+00:00</time>
      </trkpt>
      <trkpt lat="45.45767" lon="6.21647">
        <ele>1871</ele>
        <time>2025-08-22T18:44:25+00:00</time>
      </trkpt>
      <trkpt lat="45.4577" lon="6.21648">
        <ele>1871</ele>
        <time>2025-08-22T18:44:28+00:00</time>
      </trkpt>
      <trkpt lat="45.45772" lon="6.21652">
        <ele>1868</ele>
        <time>2025-08-22T18:44:31+00:00</time>
      </trkpt>
      <trkpt lat="45.45772" lon="6.21655">
        <ele>1868</ele>
        <time>2025-08-22T18:44:34+00:00</time>
      </trkpt>
      <trkpt lat="45.45773" lon="6.21657">
        <ele>1868</ele>
        <time>2025-08-22T18:44:37+00:00</time>
      </trkpt>
      <trkpt lat="45.45778" lon="6.21662">
        <ele>1864</ele>
        <time>2025-08-22T18:44:40+00:00</time>
      </trkpt>
      <trkpt lat="45.4578" lon="6.21666">
        <ele>1864</ele>
        <time>2025-08-22T18:44:43+00:00</time>
      </trkpt>
      <trkpt lat="45.45783" lon="6.21669">
        <ele>1864</ele>
        <time>2025-08-22T18:44:46+00:00</time>
      </trkpt>
      <trkpt lat="45.45796" lon="6.21686">
        <ele>1859</ele>
        <time>2025-08-22T18:44:49+00:00</time>
      </trkpt>
      <trkpt lat="45.45804" lon="6.21693">
        <ele>1854</ele>
        <time>2025-08-22T18:44:52+00:00</time>
      </trkpt>
      <trkpt lat="45.45811" lon="6.21703">
        <ele>1852</ele>
        <time>2025-08-22T18:44:55+00:00</time>
      </trkpt>
      <trkpt lat="45.45828" lon="6.21721">
        <ele>1852</ele>
        <time>2025-08-22T18:44:58+00:00</time>
      </trkpt>
      <trkpt lat="45.45838" lon="6.21734">
        <ele>1853</ele>
        <time>2025-08-22T18:45:01+00:00</time>
      </trkpt>
      <trkpt lat="45.45857" lon="6.21746">
        <ele>1851</ele>
        <time>2025-08-22T18:45:04+00:00</time>
      </trkpt>
      <trkpt lat="45.45862" lon="6.21755">
        <ele>1849</ele>
        <time>2025-08-22T18:45:07+00:00</time>
      </trkpt>
      <trkpt lat="45.45864" lon="6.21761">
        <ele>1847</ele>
        <time>2025-08-22T18:45:10+00:00</time>
      </trkpt>
      <trkpt lat="45.45868" lon="6.2177">
        <ele>1847</ele>
        <time>2025-08-22T18:45:13+00:00</time>
      </trkpt>
      <trkpt lat="45.45871" lon="6.21775">
        <ele>1845</ele>
        <time>2025-08-22T18:45:16+00:00</time>
      </trkpt>
      <trkpt lat="45.45873" lon="6.21783">
        <ele>1845</ele>
        <time>2025-08-22T18:45:19+00:00</time>
      </trkpt>
      <trkpt lat="45.45876" lon="6.21785">
        <ele>1845</ele>
        <time>2025-08-22T18:45:22+00:00</time>
      </trkpt>
      <trkpt lat="45.45878" lon="6.21789">
        <ele>1845</ele>
        <time>2025-08-22T18:45:25+00:00</time>
      </trkpt>
      <trkpt lat="45.45877" lon="6.21792">
        <ele>1842</ele>
        <time>2025-08-22T18:45:28+00:00</time>
      </trkpt>
      <trkpt lat="45.45879" lon="6.21797">
        <ele>1842</ele>
        <time>2025-08-22T18:45:31+00:00</time>
      </trkpt>
      <trkpt lat="45.45879" lon="6.21802">
        <ele>1840</ele>
        <time>2025-08-22T18:45:34+00:00</time>
      </trkpt>
      <trkpt lat="45.45882" lon="6.21809">
        <ele>1842</ele>
        <time>2025-08-22T18:45:37+00:00</time>
      </trkpt>
      <trkpt lat="45.45883" lon="6.21814">
        <ele>1838</ele>
        <time>2025-08-22T18:45:40+00:00</time>
      </trkpt>
      <trkpt lat="45.45886" lon="6.21817">
        <ele>1838</ele>
        <time>2025-08-22T18:45:43+00:00</time>
      </trkpt>
      <trkpt lat="45.45888" lon="6.21821">
        <ele>1836</ele>
        <time>2025-08-22T18:45:46+00:00</time>
      </trkpt>
      <trkpt lat="45.45891" lon="6.21823">
        <ele>1838</ele>
        <time>2025-08-22T18:45:49+00:00</time>
      </trkpt>
      <trkpt lat="45.45899" lon="6.21825">
        <ele>1838</ele>
        <time>2025-08-22T18:45:52+00:00</time>
      </trkpt>
      <trkpt lat="45.45901" lon="6.21828">
        <ele>1836</ele>
        <time>2025-08-22T18:45:55+00:00</time>
      </trkpt>
      <trkpt lat="45.45914" lon="6.21837">
        <ele>1834</ele>
        <time>2025-08-22T18:45:58+00:00</time>
      </trkpt>
      <trkpt lat="45.45916" lon="6.21841">
        <ele>1834</ele>
        <time>2025-08-22T18:46:01+00:00</time>
      </trkpt>
      <trkpt lat="45.45919" lon="6.21844">
        <ele>1834</ele>
        <time>2025-08-22T18:46:04+00:00</time>
      </trkpt>
      <trkpt lat="45.45921" lon="6.21847">
        <ele>1829</ele>
        <time>2025-08-22T18:46:07+00:00</time>
      </trkpt>
      <trkpt lat="45.45922" lon="6.21852">
        <ele>1828</ele>
        <time>2025-08-22T18:46:10+00:00</time>
      </trkpt>
      <trkpt lat="45.45922" lon="6.21856">
        <ele>1828</ele>
        <time>2025-08-22T18:46:13+00:00</time>
      </trkpt>
      <trkpt lat="45.45923" lon="6.21859">
        <ele>1828</ele>
        <time>2025-08-22T18:46:16+00:00</time>
      </trkpt>
      <trkpt lat="45.45925" lon="6.2186">
        <ele>1828</ele>
        <time>2025-08-22T18:46:19+00:00</time>
      </trkpt>
      <trkpt lat="45.45925" lon="6.21863">
        <ele>1825</ele>
        <time>2025-08-22T18:46:22+00:00</time>
      </trkpt>
      <trkpt lat="45.45927" lon="6.21866">
        <ele>1825</ele>
        <time>2025-08-22T18:46:25+00:00</time>
      </trkpt>
      <trkpt lat="45.4593" lon="6.21868">
        <ele>1825</ele>
        <time>2025-08-22T18:46:28+00:00</time>
      </trkpt>
      <trkpt lat="45.45932" lon="6.21875">
        <ele>1819</ele>
        <time>2025-08-22T18:46:31+00:00</time>
      </trkpt>
      <trkpt lat="45.45949" lon="6.21889">
        <ele>1817</ele>
        <time>2025-08-22T18:46:34+00:00</time>
      </trkpt>
      <trkpt lat="45.45951" lon="6.21892">
        <ele>1813</ele>
        <time>2025-08-22T18:46:37+00:00</time>
      </trkpt>
      <trkpt lat="45.45953" lon="6.21897">
        <ele>1813</ele>
        <time>2025-08-22T18:46:40+00:00</time>
      </trkpt>
      <trkpt lat="45.45965" lon="6.21905">
        <ele>1807</ele>
        <time>2025-08-22T18:46:43+00:00</time>
      </trkpt>
      <trkpt lat="45.45974" lon="6.21906">
        <ele>1805</ele>
        <time>2025-08-22T18:46:46+00:00</time>
      </trkpt>
      <trkpt lat="45.45976" lon="6.21908">
        <ele>1805</ele>
        <time>2025-08-22T18:46:49+00:00</time>
      </trkpt>
      <trkpt lat="45.45977" lon="6.21911">
        <ele>1803</ele>
        <time>2025-08-22T18:46:52+00:00</time>
      </trkpt>
      <trkpt lat="45.45979" lon="6.21913">
        <ele>1803</ele>
        <time>2025-08-22T18:46:55+00:00</time>
      </trkpt>
      <trkpt lat="45.45981" lon="6.21914">
        <ele>1799</ele>
        <time>2025-08-22T18:46:58+00:00</time>
      </trkpt>
      <trkpt lat="45.45983" lon="6.21914">
        <ele>1799</ele>
        <time>2025-08-22T18:47:01+00:00</time>
      </trkpt>
      <trkpt lat="45.45984" lon="6.21917">
        <ele>1799</ele>
        <time>2025-08-22T18:47:04+00:00</time>
      </trkpt>
      <trkpt lat="45.45984" lon="6.21921">
        <ele>1797</ele>
        <time>2025-08-22T18:47:07+00:00</time>
      </trkpt>
      <trkpt lat="45.45976" lon="6.21929">
        <ele>1799</ele>
        <time>2025-08-22T18:47:10+00:00</time>
      </trkpt>
      <trkpt lat="45.45975" lon="6.21932">
        <ele>1794</ele>
        <time>2025-08-22T18:47:13+00:00</time>
      </trkpt>
      <trkpt lat="45.45975" lon="6.21935">
        <ele>1794</ele>
        <time>2025-08-22T18:47:16+00:00</time>
      </trkpt>
      <trkpt lat="45.45985" lon="6.21935">
        <ele>1792</ele>
        <time>2025-08-22T18:47:19+00:00</time>
      </trkpt>
      <trkpt lat="45.45991" lon="6.21943">
        <ele>1786</ele>
        <time>2025-08-22T18:47:22+00:00</time>
      </trkpt>
      <trkpt lat="45.45994" lon="6.21943">
        <ele>1786</ele>
        <time>2025-08-22T18:47:25+00:00</time>
      </trkpt>
      <trkpt lat="45.46" lon="6.21951">
        <ele>1785</ele>
        <time>2025-08-22T18:47:28+00:00</time>
      </trkpt>
      <trkpt lat="45.46002" lon="6.21957">
        <ele>1780</ele>
        <time>2025-08-22T18:47:31+00:00</time>
      </trkpt>
      <trkpt lat="45.46005" lon="6.21962">
        <ele>1779</ele>
        <time>2025-08-22T18:47:34+00:00</time>
      </trkpt>
      <trkpt lat="45.46005" lon="6.21965">
        <ele>1779</ele>
        <time>2025-08-22T18:47:37+00:00</time>
      </trkpt>
      <trkpt lat="45.4601" lon="6.21971">
        <ele>1778</ele>
        <time>2025-08-22T18:47:40+00:00</time>
      </trkpt>
      <trkpt lat="45.46016" lon="6.21976">
        <ele>1771</ele>
        <time>2025-08-22T18:47:43+00:00</time>
      </trkpt>
      <trkpt lat="45.46018" lon="6.21979">
        <ele>1771</ele>
        <time>2025-08-22T18:47:46+00:00</time>
      </trkpt>
      <trkpt lat="45.46019" lon="6.21982">
        <ele>1770</ele>
        <time>2025-08-22T18:47:49+00:00</time>
      </trkpt>
      <trkpt lat="45.4602" lon="6.2198">
        <ele>1771</ele>
        <time>2025-08-22T18:47:52+00:00</time>
      </trkpt>
      <trkpt lat="45.46022" lon="6.21978">
        <ele>1769</ele>
        <time>2025-08-22T18:47:55+00:00</time>
      </trkpt>
      <trkpt lat="45.46024" lon="6.21977">
        <ele>1769</ele>
        <time>2025-08-22T18:47:58+00:00</time>
      </trkpt>
      <trkpt lat="45.46026" lon="6.21979">
        <ele>1769</ele>
        <time>2025-08-22T18:48:01+00:00</time>
      </trkpt>
      <trkpt lat="45.46027" lon="6.21976">
        <ele>1769</ele>
        <time>2025-08-22T18:48:04+00:00</time>
      </trkpt>
      <trkpt lat="45.46027" lon="6.21966">
        <ele>1769</ele>
        <time>2025-08-22T18:48:07+00:00</time>
      </trkpt>
      <trkpt lat="45.46029" lon="6.2196">
        <ele>1770</ele>
        <time>2025-08-22T18:48:10+00:00</time>
      </trkpt>
      <trkpt lat="45.46032" lon="6.2196">
        <ele>1763</ele>
        <time>2025-08-22T18:48:13+00:00</time>
      </trkpt>
      <trkpt lat="45.46035" lon="6.21964">
        <ele>1761</ele>
        <time>2025-08-22T18:48:16+00:00</time>
      </trkpt>
      <trkpt lat="45.46042" lon="6.21971">
        <ele>1755</ele>
        <time>2025-08-22T18:48:19+00:00</time>
      </trkpt>
      <trkpt lat="45.46045" lon="6.21981">
        <ele>1755</ele>
        <time>2025-08-22T18:48:22+00:00</time>
      </trkpt>
      <trkpt lat="45.46052" lon="6.21994">
        <ele>1748</ele>
        <time>2025-08-22T18:48:25+00:00</time>
      </trkpt>
      <trkpt lat="45.4606" lon="6.22005">
        <ele>1748</ele>
        <time>2025-08-22T18:48:28+00:00</time>
      </trkpt>
      <trkpt lat="45.46063" lon="6.22005">
        <ele>1742</ele>
        <time>2025-08-22T18:48:31+00:00</time>
      </trkpt>
      <trkpt lat="45.4607" lon="6.22001">
        <ele>1742</ele>
        <time>2025-08-22T18:48:34+00:00</time>
      </trkpt>
      <trkpt lat="45.46077" lon="6.22001">
        <ele>1739</ele>
        <time>2025-08-22T18:48:37+00:00</time>
      </trkpt>
      <trkpt lat="45.46102" lon="6.2202">
        <ele>1729</ele>
        <time>2025-08-22T18:48:40+00:00</time>
      </trkpt>
      <trkpt lat="45.4613" lon="6.2204">
        <ele>1725</ele>
        <time>2025-08-22T18:48:43+00:00</time>
      </trkpt>
      <trkpt lat="45.46135" lon="6.22036">
        <ele>1722</ele>
        <time>2025-08-22T18:48:46+00:00</time>
      </trkpt>
      <trkpt lat="45.46137" lon="6.22018">
        <ele>1721</ele>
        <time>2025-08-22T18:48:49+00:00</time>
      </trkpt>
      <trkpt lat="45.46147" lon="6.21994">
        <ele>1719</ele>
        <time>2025-08-22T18:48:52+00:00</time>
      </trkpt>
      <trkpt lat="45.46164" lon="6.21971">
        <ele>1711</ele>
        <time>2025-08-22T18:48:55+00:00</time>
      </trkpt>
      <trkpt lat="45.46181" lon="6.21958">
        <ele>1702</ele>
        <time>2025-08-22T18:48:58+00:00</time>
      </trkpt>
      <trkpt lat="45.46197" lon="6.21944">
        <ele>1698</ele>
        <time>2025-08-22T18:49:01+00:00</time>
      </trkpt>
      <trkpt lat="45.46197" lon="6.21945">
        <ele>1698</ele>
        <time>2025-08-22T18:49:04+00:00</time>
      </trkpt>
      <trkpt lat="45.46211" lon="6.21944">
        <ele>1697</ele>
        <time>2025-08-22T18:49:07+00:00</time>
      </trkpt>
      <trkpt lat="45.46219" lon="6.21941">
        <ele>1697</ele>
        <time>2025-08-22T18:49:10+00:00</time>
      </trkpt>
      <trkpt lat="45.46244" lon="6.21948">
        <ele>1692</ele>
        <time>2025-08-22T18:49:13+00:00</time>
      </trkpt>
      <trkpt lat="45.46256" lon="6.21948">
        <ele>1689</ele>
        <time>2025-08-22T18:49:16+00:00</time>
      </trkpt>
      <trkpt lat="45.46261" lon="6.21953">
        <ele>1690</ele>
        <time>2025-08-22T18:49:19+00:00</time>
      </trkpt>
      <trkpt lat="45.46274" lon="6.21963">
        <ele>1691</ele>
        <time>2025-08-22T18:49:22+00:00</time>
      </trkpt>
      <trkpt lat="45.46287" lon="6.21972">
        <ele>1687</ele>
        <time>2025-08-22T18:49:25+00:00</time>
      </trkpt>
      <trkpt lat="45.46292" lon="6.21971">
        <ele>1684</ele>
        <time>2025-08-22T18:49:28+00:00</time>
      </trkpt>
      <trkpt lat="45.46301" lon="6.21962">
        <ele>1683</ele>
        <time>2025-08-22T18:49:31+00:00</time>
      </trkpt>
      <trkpt lat="45.46306" lon="6.21961">
        <ele>1683</ele>
        <time>2025-08-22T18:49:34+00:00</time>
      </trkpt>
      <trkpt lat="45.46314" lon="6.21965">
        <ele>1679</ele>
        <time>2025-08-22T18:49:37+00:00</time>
      </trkpt>
      <trkpt lat="45.46318" lon="6.21981">
        <ele>1679</ele>
        <time>2025-08-22T18:49:40+00:00</time>
      </trkpt>
      <trkpt lat="45.46323" lon="6.21984">
        <ele>1677</ele>
        <time>2025-08-22T18:49:43+00:00</time>
      </trkpt>
      <trkpt lat="45.46335" lon="6.21988">
        <ele>1674</ele>
        <time>2025-08-22T18:49:46+00:00</time>
      </trkpt>
      <trkpt lat="45.46338" lon="6.21983">
        <ele>1674</ele>
        <time>2025-08-22T18:49:49+00:00</time>
      </trkpt>
      <trkpt lat="45.46338" lon="6.21972">
        <ele>1673</ele>
        <time>2025-08-22T18:49:52+00:00</time>
      </trkpt>
      <trkpt lat="45.46345" lon="6.21973">
        <ele>1667</ele>
        <time>2025-08-22T18:49:55+00:00</time>
      </trkpt>
      <trkpt lat="45.46358" lon="6.21985">
        <ele>1666</ele>
        <time>2025-08-22T18:49:58+00:00</time>
      </trkpt>
      <trkpt lat="45.46369" lon="6.21983">
        <ele>1664</ele>
        <time>2025-08-22T18:50:01+00:00</time>
      </trkpt>
      <trkpt lat="45.4638" lon="6.21979">
        <ele>1659</ele>
        <time>2025-08-22T18:50:04+00:00</time>
      </trkpt>
      <trkpt lat="45.46395" lon="6.21976">
        <ele>1658</ele>
        <time>2025-08-22T18:50:07+00:00</time>
      </trkpt>
      <trkpt lat="45.46426" lon="6.21976">
        <ele>1651</ele>
        <time>2025-08-22T18:50:10+00:00</time>
      </trkpt>
      <trkpt lat="45.46442" lon="6.21965">
        <ele>1647</ele>
        <time>2025-08-22T18:50:13+00:00</time>
      </trkpt>
      <trkpt lat="45.46437" lon="6.21953">
        <ele>1644</ele>
        <time>2025-08-22T18:50:16+00:00</time>
      </trkpt>
      <trkpt lat="45.4645" lon="6.21938">
        <ele>1640</ele>
        <time>2025-08-22T18:50:19+00:00</time>
      </trkpt>
      <trkpt lat="45.46466" lon="6.21927">
        <ele>1637</ele>
        <time>2025-08-22T18:50:22+00:00</time>
      </trkpt>
      <trkpt lat="45.4649" lon="6.21919">
        <ele>1631</ele>
        <time>2025-08-22T18:50:25+00:00</time>
      </trkpt>
      <trkpt lat="45.46514" lon="6.21911">
        <ele>1625</ele>
        <time>2025-08-22T18:50:28+00:00</time>
      </trkpt>
      <trkpt lat="45.46538" lon="6.21909">
        <ele>1621</ele>
        <time>2025-08-22T18:50:31+00:00</time>
      </trkpt>
      <trkpt lat="45.46573" lon="6.21917">
        <ele>1614</ele>
        <time>2025-08-22T18:50:34+00:00</time>
      </trkpt>
      <trkpt lat="45.46594" lon="6.21918">
        <ele>1612</ele>
        <time>2025-08-22T18:50:37+00:00</time>
      </trkpt>
      <trkpt lat="45.46608" lon="6.21913">
        <ele>1612</ele>
        <time>2025-08-22T18:50:40+00:00</time>
      </trkpt>
      <trkpt lat="45.46615" lon="6.21902">
        <ele>1610</ele>
        <time>2025-08-22T18:50:43+00:00</time>
      </trkpt>
      <trkpt lat="45.46621" lon="6.2189">
        <ele>1608</ele>
        <time>2025-08-22T18:50:46+00:00</time>
      </trkpt>
      <trkpt lat="45.46611" lon="6.21879">
        <ele>1606</ele>
        <time>2025-08-22T18:50:49+00:00</time>
      </trkpt>
      <trkpt lat="45.46598" lon="6.21874">
        <ele>1604</ele>
        <time>2025-08-22T18:50:52+00:00</time>
      </trkpt>
      <trkpt lat="45.46588" lon="6.21865">
        <ele>1599</ele>
        <time>2025-08-22T18:50:55+00:00</time>
      </trkpt>
      <trkpt lat="45.46584" lon="6.21848">
        <ele>1593</ele>
        <time>2025-08-22T18:50:58+00:00</time>
      </trkpt>
      <trkpt lat="45.46586" lon="6.2184">
        <ele>1593</ele>
        <time>2025-08-22T18:51:01+00:00</time>
      </trkpt>
      <trkpt lat="45.46585" lon="6.21823">
        <ele>1588</ele>
        <time>2025-08-22T18:51:04+00:00</time>
      </trkpt>
      <trkpt lat="45.46591" lon="6.2181">
        <ele>1582</ele>
        <time>2025-08-22T18:51:07+00:00</time>
      </trkpt>
      <trkpt lat="45.46601" lon="6.21803">
        <ele>1581</ele>
        <time>2025-08-22T18:51:10+00:00</time>
      </trkpt>
      <trkpt lat="45.46613" lon="6.21802">
        <ele>1580</ele>
        <time>2025-08-22T18:51:13+00:00</time>
      </trkpt>
      <trkpt lat="45.46635" lon="6.21812">
        <ele>1577</ele>
        <time>2025-08-22T18:51:16+00:00</time>
      </trkpt>
      <trkpt lat="45.46658" lon="6.21821">
        <ele>1572</ele>
        <time>2025-08-22T18:51:19+00:00</time>
      </trkpt>
      <trkpt lat="45.46675" lon="6.21835">
        <ele>1568</ele>
        <time>2025-08-22T18:51:22+00:00</time>
      </trkpt>
      <trkpt lat="45.46711" lon="6.21855">
        <ele>1569</ele>
        <time>2025-08-22T18:51:25+00:00</time>
      </trkpt>
      <trkpt lat="45.46737" lon="6.21875">
        <ele>1566</ele>
        <time>2025-08-22T18:51:28+00:00</time>
      </trkpt>
      <trkpt lat="45.46761" lon="6.21874">
        <ele>1563</ele>
        <time>2025-08-22T18:51:31+00:00</time>
      </trkpt>
      <trkpt lat="45.46802" lon="6.21883">
        <ele>1551</ele>
        <time>2025-08-22T18:51:34+00:00</time>
      </trkpt>
      <trkpt lat="45.46833" lon="6.21904">
        <ele>1544</ele>
        <time>2025-08-22T18:51:37+00:00</time>
      </trkpt>
      <trkpt lat="45.46865" lon="6.2192">
        <ele>1537</ele>
        <time>2025-08-22T18:51:40+00:00</time>
      </trkpt>
      <trkpt lat="45.46875" lon="6.21923">
        <ele>1535</ele>
        <time>2025-08-22T18:51:43+00:00</time>
      </trkpt>
      <trkpt lat="45.46881" lon="6.21921">
        <ele>1533</ele>
        <time>2025-08-22T18:51:46+00:00</time>
      </trkpt>
      <trkpt lat="45.46881" lon="6.21922">
        <ele>1533</ele>
        <time>2025-08-22T18:51:49+00:00</time>
      </trkpt>
      <trkpt lat="45.46885" lon="6.21919">
        <ele>1530</ele>
        <time>2025-08-22T18:51:52+00:00</time>
      </trkpt>
      <trkpt lat="45.46887" lon="6.2191">
        <ele>1528</ele>
        <time>2025-08-22T18:51:55+00:00</time>
      </trkpt>
      <trkpt lat="45.46884" lon="6.21897">
        <ele>1526</ele>
        <time>2025-08-22T18:51:58+00:00</time>
      </trkpt>
      <trkpt lat="45.46882" lon="6.21883">
        <ele>1525</ele>
        <time>2025-08-22T18:52:01+00:00</time>
      </trkpt>
      <trkpt lat="45.46877" lon="6.21858">
        <ele>1517</ele>
        <time>2025-08-22T18:52:04+00:00</time>
      </trkpt>
      <trkpt lat="45.46865" lon="6.21821">
        <ele>1512</ele>
        <time>2025-08-22T18:52:07+00:00</time>
      </trkpt>
      <trkpt lat="45.46853" lon="6.21797">
        <ele>1509</ele>
        <time>2025-08-22T18:52:10+00:00</time>
      </trkpt>
      <trkpt lat="45.46878" lon="6.21782">
        <ele>1506</ele>
        <time>2025-08-22T18:52:13+00:00</time>
      </trkpt>
      <trkpt lat="45.46905" lon="6.2179">
        <ele>1501</ele>
        <time>2025-08-22T18:52:16+00:00</time>
      </trkpt>
      <trkpt lat="45.46913" lon="6.21789">
        <ele>1500</ele>
        <time>2025-08-22T18:52:19+00:00</time>
      </trkpt>
      <trkpt lat="45.46921" lon="6.21784">
        <ele>1498</ele>
        <time>2025-08-22T18:52:22+00:00</time>
      </trkpt>
      <trkpt lat="45.46947" lon="6.21796">
        <ele>1496</ele>
        <time>2025-08-22T18:52:25+00:00</time>
      </trkpt>
      <trkpt lat="45.46962" lon="6.21802">
        <ele>1495</ele>
        <time>2025-08-22T18:52:28+00:00</time>
      </trkpt>
      <trkpt lat="45.46981" lon="6.21812">
        <ele>1493</ele>
        <time>2025-08-22T18:52:31+00:00</time>
      </trkpt>
      <trkpt lat="45.47011" lon="6.21825">
        <ele>1489</ele>
        <time>2025-08-22T18:52:34+00:00</time>
      </trkpt>
      <trkpt lat="45.47036" lon="6.21846">
        <ele>1488</ele>
        <time>2025-08-22T18:52:37+00:00</time>
      </trkpt>
      <trkpt lat="45.4705" lon="6.21854">
        <ele>1484</ele>
        <time>2025-08-22T18:52:40+00:00</time>
      </trkpt>
      <trkpt lat="45.47066" lon="6.21862">
        <ele>1478</ele>
        <time>2025-08-22T18:52:43+00:00</time>
      </trkpt>
      <trkpt lat="45.47087" lon="6.21876">
        <ele>1477</ele>
        <time>2025-08-22T18:52:46+00:00</time>
      </trkpt>
      <trkpt lat="45.47116" lon="6.21894">
        <ele>1472</ele>
        <time>2025-08-22T18:52:49+00:00</time>
      </trkpt>
      <trkpt lat="45.47133" lon="6.21918">
        <ele>1468</ele>
        <time>2025-08-22T18:52:52+00:00</time>
      </trkpt>
      <trkpt lat="45.47155" lon="6.21927">
        <ele>1467</ele>
        <time>2025-08-22T18:52:55+00:00</time>
      </trkpt>
      <trkpt lat="45.47179" lon="6.21909">
        <ele>1464</ele>
        <time>2025-08-22T18:52:58+00:00</time>
      </trkpt>
      <trkpt lat="45.47194" lon="6.21894">
        <ele>1462</ele>
        <time>2025-08-22T18:53:01+00:00</time>
      </trkpt>
      <trkpt lat="45.47201" lon="6.21864">
        <ele>1458</ele>
        <time>2025-08-22T18:53:04+00:00</time>
      </trkpt>
      <trkpt lat="45.47198" lon="6.21839">
        <ele>1455</ele>
        <time>2025-08-22T18:53:07+00:00</time>
      </trkpt>
      <trkpt lat="45.47194" lon="6.21819">
        <ele>1451</ele>
        <time>2025-08-22T18:53:10+00:00</time>
      </trkpt>
      <trkpt lat="45.47195" lon="6.21802">
        <ele>1449</ele>
        <time>2025-08-22T18:53:13+00:00</time>
      </trkpt>
      <trkpt lat="45.47211" lon="6.21795">
        <ele>1445</ele>
        <time>2025-08-22T18:53:16+00:00</time>
      </trkpt>
      <trkpt lat="45.47239" lon="6.21806">
        <ele>1441</ele>
        <time>2025-08-22T18:53:19+00:00</time>
      </trkpt>
      <trkpt lat="45.47264" lon="6.21814">
        <ele>1434</ele>
        <time>2025-08-22T18:53:22+00:00</time>
      </trkpt>
      <trkpt lat="45.4727" lon="6.21805">
        <ele>1431</ele>
        <time>2025-08-22T18:53:25+00:00</time>
      </trkpt>
      <trkpt lat="45.47271" lon="6.21789">
        <ele>1426</ele>
        <time>2025-08-22T18:53:28+00:00</time>
      </trkpt>
      <trkpt lat="45.47274" lon="6.21779">
        <ele>1423</ele>
        <time>2025-08-22T18:53:31+00:00</time>
      </trkpt>
      <trkpt lat="45.47281" lon="6.21776">
        <ele>1419</ele>
        <time>2025-08-22T18:53:34+00:00</time>
      </trkpt>
      <trkpt lat="45.473" lon="6.21785">
        <ele>1416</ele>
        <time>2025-08-22T18:53:37+00:00</time>
      </trkpt>
      <trkpt lat="45.47325" lon="6.21796">
        <ele>1410</ele>
        <time>2025-08-22T18:53:40+00:00</time>
      </trkpt>
      <trkpt lat="45.47339" lon="6.21794">
        <ele>1406</ele>
        <time>2025-08-22T18:53:43+00:00</time>
      </trkpt>
      <trkpt lat="45.47348" lon="6.21791">
        <ele>1402</ele>
        <time>2025-08-22T18:53:46+00:00</time>
      </trkpt>
      <trkpt lat="45.47356" lon="6.21798">
        <ele>1398</ele>
        <time>2025-08-22T18:53:49+00:00</time>
      </trkpt>
      <trkpt lat="45.47381" lon="6.21823">
        <ele>1391</ele>
        <time>2025-08-22T18:53:52+00:00</time>
      </trkpt>
      <trkpt lat="45.47404" lon="6.21832">
        <ele>1382</ele>
        <time>2025-08-22T18:53:55+00:00</time>
      </trkpt>
      <trkpt lat="45.47406" lon="6.21821">
        <ele>1380</ele>
        <time>2025-08-22T18:53:58+00:00</time>
      </trkpt>
      <trkpt lat="45.47398" lon="6.21794">
        <ele>1380</ele>
        <time>2025-08-22T18:54:01+00:00</time>
      </trkpt>
      <trkpt lat="45.47401" lon="6.21782">
        <ele>1371</ele>
        <time>2025-08-22T18:54:04+00:00</time>
      </trkpt>
      <trkpt lat="45.47404" lon="6.21782">
        <ele>1371</ele>
        <time>2025-08-22T18:54:07+00:00</time>
      </trkpt>
      <trkpt lat="45.47413" lon="6.21792">
        <ele>1369</ele>
        <time>2025-08-22T18:54:10+00:00</time>
      </trkpt>
      <trkpt lat="45.4742" lon="6.21804">
        <ele>1369</ele>
        <time>2025-08-22T18:54:13+00:00</time>
      </trkpt>
      <trkpt lat="45.4743" lon="6.21803">
        <ele>1366</ele>
        <time>2025-08-22T18:54:16+00:00</time>
      </trkpt>
      <trkpt lat="45.47433" lon="6.21796">
        <ele>1358</ele>
        <time>2025-08-22T18:54:19+00:00</time>
      </trkpt>
      <trkpt lat="45.4743" lon="6.21779">
        <ele>1357</ele>
        <time>2025-08-22T18:54:22+00:00</time>
      </trkpt>
      <trkpt lat="45.47437" lon="6.21772">
        <ele>1352</ele>
        <time>2025-08-22T18:54:25+00:00</time>
      </trkpt>
      <trkpt lat="45.4745" lon="6.21773">
        <ele>1345</ele>
        <time>2025-08-22T18:54:28+00:00</time>
      </trkpt>
      <trkpt lat="45.47458" lon="6.21764">
        <ele>1338</ele>
        <time>2025-08-22T18:54:31+00:00</time>
      </trkpt>
      <trkpt lat="45.47463" lon="6.21749">
        <ele>1328</ele>
        <time>2025-08-22T18:54:34+00:00</time>
      </trkpt>
      <trkpt lat="45.47459" lon="6.21725">
        <ele>1328</ele>
        <time>2025-08-22T18:54:37+00:00</time>
      </trkpt>
      <trkpt lat="45.47462" lon="6.21708">
        <ele>1318</ele>
        <time>2025-08-22T18:54:40+00:00</time>
      </trkpt>
      <trkpt lat="45.47471" lon="6.21704">
        <ele>1313</ele>
        <time>2025-08-22T18:54:43+00:00</time>
      </trkpt>
      <trkpt lat="45.47509" lon="6.21736">
        <ele>1305</ele>
        <time>2025-08-22T18:54:46+00:00</time>
      </trkpt>
      <trkpt lat="45.47524" lon="6.21753">
        <ele>1300</ele>
        <time>2025-08-22T18:54:49+00:00</time>
      </trkpt>
      <trkpt lat="45.47541" lon="6.21778">
        <ele>1291</ele>
        <time>2025-08-22T18:54:52+00:00</time>
      </trkpt>
      <trkpt lat="45.47558" lon="6.21805">
        <ele>1290</ele>
        <time>2025-08-22T18:54:55+00:00</time>
      </trkpt>
      <trkpt lat="45.4758" lon="6.21824">
        <ele>1282</ele>
        <time>2025-08-22T18:54:58+00:00</time>
      </trkpt>
      <trkpt lat="45.47598" lon="6.21837">
        <ele>1273</ele>
        <time>2025-08-22T18:55:01+00:00</time>
      </trkpt>
      <trkpt lat="45.47607" lon="6.21841">
        <ele>1269</ele>
        <time>2025-08-22T18:55:04+00:00</time>
      </trkpt>
      <trkpt lat="45.47619" lon="6.21836">
        <ele>1265</ele>
        <time>2025-08-22T18:55:07+00:00</time>
      </trkpt>
      <trkpt lat="45.47626" lon="6.21825">
        <ele>1257</ele>
        <time>2025-08-22T18:55:10+00:00</time>
      </trkpt>
      <trkpt lat="45.47629" lon="6.21815">
        <ele>1256</ele>
        <time>2025-08-22T18:55:13+00:00</time>
      </trkpt>
      <trkpt lat="45.47638" lon="6.21779">
        <ele>1244</ele>
        <time>2025-08-22T18:55:16+00:00</time>
      </trkpt>
      <trkpt lat="45.47641" lon="6.21752">
        <ele>1236</ele>
        <time>2025-08-22T18:55:19+00:00</time>
      </trkpt>
      <trkpt lat="45.47644" lon="6.21718">
        <ele>1227</ele>
        <time>2025-08-22T18:55:22+00:00</time>
      </trkpt>
      <trkpt lat="45.47643" lon="6.21691">
        <ele>1222</ele>
        <time>2025-08-22T18:55:25+00:00</time>
      </trkpt>
      <trkpt lat="45.47647" lon="6.21688">
        <ele>1219</ele>
        <time>2025-08-22T18:55:28+00:00</time>
      </trkpt>
      <trkpt lat="45.47652" lon="6.21688">
        <ele>1212</ele>
        <time>2025-08-22T18:55:31+00:00</time>
      </trkpt>
      <trkpt lat="45.47662" lon="6.21695">
        <ele>1210</ele>
        <time>2025-08-22T18:55:34+00:00</time>
      </trkpt>
      <trkpt lat="45.47684" lon="6.21716">
        <ele>1202</ele>
        <time>2025-08-22T18:55:37+00:00</time>
      </trkpt>
      <trkpt lat="45.4771" lon="6.21743">
        <ele>1200</ele>
        <time>2025-08-22T18:55:40+00:00</time>
      </trkpt>
      <trkpt lat="45.4772" lon="6.21756">
        <ele>1197</ele>
        <time>2025-08-22T18:55:43+00:00</time>
      </trkpt>
      <trkpt lat="45.47726" lon="6.21778">
        <ele>1195</ele>
        <time>2025-08-22T18:55:46+00:00</time>
      </trkpt>
      <trkpt lat="45.4773" lon="6.21782">
        <ele>1192</ele>
        <time>2025-08-22T18:55:49+00:00</time>
      </trkpt>
      <trkpt lat="45.47739" lon="6.21781">
        <ele>1186</ele>
        <time>2025-08-22T18:55:52+00:00</time>
      </trkpt>
      <trkpt lat="45.47751" lon="6.21776">
        <ele>1175</ele>
        <time>2025-08-22T18:55:55+00:00</time>
      </trkpt>
      <trkpt lat="45.47763" lon="6.21755">
        <ele>1174</ele>
        <time>2025-08-22T18:55:58+00:00</time>
      </trkpt>
      <trkpt lat="45.47766" lon="6.21728">
        <ele>1165</ele>
        <time>2025-08-22T18:56:01+00:00</time>
      </trkpt>
      <trkpt lat="45.47751" lon="6.21674">
        <ele>1156</ele>
        <time>2025-08-22T18:56:04+00:00</time>
      </trkpt>
      <trkpt lat="45.47756" lon="6.21636">
        <ele>1146</ele>
        <time>2025-08-22T18:56:07+00:00</time>
      </trkpt>
      <trkpt lat="45.47779" lon="6.21673">
        <ele>1143</ele>
        <time>2025-08-22T18:56:10+00:00</time>
      </trkpt>
      <trkpt lat="45.47787" lon="6.21683">
        <ele>1140</ele>
        <time>2025-08-22T18:56:13+00:00</time>
      </trkpt>
      <trkpt lat="45.47793" lon="6.21692">
        <ele>1140</ele>
        <time>2025-08-22T18:56:16+00:00</time>
      </trkpt>
      <trkpt lat="45.47807" lon="6.21717">
        <ele>1137</ele>
        <time>2025-08-22T18:56:19+00:00</time>
      </trkpt>
      <trkpt lat="45.47811" lon="6.21723">
        <ele>1134</ele>
        <time>2025-08-22T18:56:22+00:00</time>
      </trkpt>
      <trkpt lat="45.47815" lon="6.21725">
        <ele>1134</ele>
        <time>2025-08-22T18:56:25+00:00</time>
      </trkpt>
      <trkpt lat="45.4782" lon="6.21717">
        <ele>1135</ele>
        <time>2025-08-22T18:56:28+00:00</time>
      </trkpt>
      <trkpt lat="45.47824" lon="6.21703">
        <ele>1130</ele>
        <time>2025-08-22T18:56:31+00:00</time>
      </trkpt>
      <trkpt lat="45.47828" lon="6.21694">
        <ele>1128</ele>
        <time>2025-08-22T18:56:34+00:00</time>
      </trkpt>
      <trkpt lat="45.4783" lon="6.21682">
        <ele>1126</ele>
        <time>2025-08-22T18:56:37+00:00</time>
      </trkpt>
      <trkpt lat="45.47831" lon="6.21671">
        <ele>1118</ele>
        <time>2025-08-22T18:56:40+00:00</time>
      </trkpt>
      <trkpt lat="45.47831" lon="6.21653">
        <ele>1115</ele>
        <time>2025-08-22T18:56:43+00:00</time>
      </trkpt>
      <trkpt lat="45.47828" lon="6.21626">
        <ele>1114</ele>
        <time>2025-08-22T18:56:46+00:00</time>
      </trkpt>
      <trkpt lat="45.47825" lon="6.21596">
        <ele>1106</ele>
        <time>2025-08-22T18:56:49+00:00</time>
      </trkpt>
      <trkpt lat="45.47816" lon="6.21554">
        <ele>1100</ele>
        <time>2025-08-22T18:56:52+00:00</time>
      </trkpt>
      <trkpt lat="45.47805" lon="6.21512">
        <ele>1092</ele>
        <time>2025-08-22T18:56:55+00:00</time>
      </trkpt>
      <trkpt lat="45.47796" lon="6.2148">
        <ele>1087</ele>
        <time>2025-08-22T18:56:58+00:00</time>
      </trkpt>
      <trkpt lat="45.47791" lon="6.21458">
        <ele>1082</ele>
        <time>2025-08-22T18:57:01+00:00</time>
      </trkpt>
      <trkpt lat="45.47787" lon="6.21438">
        <ele>1082</ele>
        <time>2025-08-22T18:57:04+00:00</time>
      </trkpt>
      <trkpt lat="45.47782" lon="6.21402">
        <ele>1074</ele>
        <time>2025-08-22T18:57:07+00:00</time>
      </trkpt>
      <trkpt lat="45.47774" lon="6.21366">
        <ele>1066</ele>
        <time>2025-08-22T18:57:10+00:00</time>
      </trkpt>
      <trkpt lat="45.47772" lon="6.21346">
        <ele>1061</ele>
        <time>2025-08-22T18:57:13+00:00</time>
      </trkpt>
      <trkpt lat="45.47769" lon="6.2133">
        <ele>1062</ele>
        <time>2025-08-22T18:57:16+00:00</time>
      </trkpt>
      <trkpt lat="45.47765" lon="6.21301">
        <ele>1058</ele>
        <time>2025-08-22T18:57:19+00:00</time>
      </trkpt>
      <trkpt lat="45.47764" lon="6.21288">
        <ele>1055</ele>
        <time>2025-08-22T18:57:22+00:00</time>
      </trkpt>
      <trkpt lat="45.47764" lon="6.21266">
        <ele>1053</ele>
        <time>2025-08-22T18:57:25+00:00</time>
      </trkpt>
      <trkpt lat="45.47762" lon="6.21243">
        <ele>1049</ele>
        <time>2025-08-22T18:57:28+00:00</time>
      </trkpt>
      <trkpt lat="45.4776" lon="6.21233">
        <ele>1050</ele>
        <time>2025-08-22T18:57:31+00:00</time>
      </trkpt>
      <trkpt lat="45.47753" lon="6.21206">
        <ele>1043</ele>
        <time>2025-08-22T18:57:34+00:00</time>
      </trkpt>
      <trkpt lat="45.47751" lon="6.21193">
        <ele>1041</ele>
        <time>2025-08-22T18:57:37+00:00</time>
      </trkpt>
      <trkpt lat="45.4775" lon="6.21182">
        <ele>1042</ele>
        <time>2025-08-22T18:57:40+00:00</time>
      </trkpt>
      <trkpt lat="45.4775" lon="6.21146">
        <ele>1039</ele>
        <time>2025-08-22T18:57:43+00:00</time>
      </trkpt>
      <trkpt lat="45.47749" lon="6.21131">
        <ele>1038</ele>
        <time>2025-08-22T18:57:46+00:00</time>
      </trkpt>
      <trkpt lat="45.47748" lon="6.21096">
        <ele>1029</ele>
        <time>2025-08-22T18:57:49+00:00</time>
      </trkpt>
      <trkpt lat="45.47747" lon="6.21043">
        <ele>1023</ele>
        <time>2025-08-22T18:57:52+00:00</time>
      </trkpt>
      <trkpt lat="45.47743" lon="6.21009">
        <ele>1015</ele>
        <time>2025-08-22T18:57:55+00:00</time>
      </trkpt>
      <trkpt lat="45.47738" lon="6.20974">
        <ele>1012</ele>
        <time>2025-08-22T18:57:58+00:00</time>
      </trkpt>
      <trkpt lat="45.47729" lon="6.20939">
        <ele>1007</ele>
        <time>2025-08-22T18:58:01+00:00</time>
      </trkpt>
      <trkpt lat="45.47718" lon="6.20893">
        <ele>998</ele>
        <time>2025-08-22T18:58:04+00:00</time>
      </trkpt>
      <trkpt lat="45.47712" lon="6.20856">
        <ele>995</ele>
        <time>2025-08-22T18:58:07+00:00</time>
      </trkpt>
      <trkpt lat="45.47705" lon="6.20809">
        <ele>983</ele>
        <time>2025-08-22T18:58:10+00:00</time>
      </trkpt>
      <trkpt lat="45.47706" lon="6.20809">
        <ele>983</ele>
        <time>2025-08-22T18:58:13+00:00</time>
      </trkpt>
      <trkpt lat="45.47705" lon="6.20802">
        <ele>983</ele>
        <time>2025-08-22T18:58:16+00:00</time>
      </trkpt>
      <trkpt lat="45.47722" lon="6.20796">
        <ele>980</ele>
        <time>2025-08-22T18:58:19+00:00</time>
      </trkpt>
      <trkpt lat="45.47747" lon="6.20796">
        <ele>974</ele>
        <time>2025-08-22T18:58:22+00:00</time>
      </trkpt>
      <trkpt lat="45.47764" lon="6.20806">
        <ele>970</ele>
        <time>2025-08-22T18:58:25+00:00</time>
      </trkpt>
      <trkpt lat="45.47785" lon="6.2082">
        <ele>965</ele>
        <time>2025-08-22T18:58:28+00:00</time>
      </trkpt>
      <trkpt lat="45.47823" lon="6.20844">
        <ele>957</ele>
        <time>2025-08-22T18:58:31+00:00</time>
      </trkpt>
      <trkpt lat="45.47844" lon="6.20861">
        <ele>949</ele>
        <time>2025-08-22T18:58:34+00:00</time>
      </trkpt>
      <trkpt lat="45.47864" lon="6.20884">
        <ele>943</ele>
        <time>2025-08-22T18:58:37+00:00</time>
      </trkpt>
      <trkpt lat="45.4789" lon="6.20901">
        <ele>937</ele>
        <time>2025-08-22T18:58:40+00:00</time>
      </trkpt>
      <trkpt lat="45.47921" lon="6.2094">
        <ele>926</ele>
        <time>2025-08-22T18:58:43+00:00</time>
      </trkpt>
      <trkpt lat="45.47944" lon="6.2095">
        <ele>920</ele>
        <time>2025-08-22T18:58:46+00:00</time>
      </trkpt>
      <trkpt lat="45.47963" lon="6.20971">
        <ele>913</ele>
        <time>2025-08-22T18:58:49+00:00</time>
      </trkpt>
      <trkpt lat="45.47981" lon="6.20989">
        <ele>904</ele>
        <time>2025-08-22T18:58:52+00:00</time>
      </trkpt>
      <trkpt lat="45.48002" lon="6.20998">
        <ele>896</ele>
        <time>2025-08-22T18:58:55+00:00</time>
      </trkpt>
      <trkpt lat="45.48012" lon="6.20991">
        <ele>892</ele>
        <time>2025-08-22T18:58:58+00:00</time>
      </trkpt>
      <trkpt lat="45.48015" lon="6.20973">
        <ele>889</ele>
        <time>2025-08-22T18:59:01+00:00</time>
      </trkpt>
      <trkpt lat="45.48007" lon="6.20939">
        <ele>888</ele>
        <time>2025-08-22T18:59:04+00:00</time>
      </trkpt>
      <trkpt lat="45.4801" lon="6.20922">
        <ele>881</ele>
        <time>2025-08-22T18:59:07+00:00</time>
      </trkpt>
      <trkpt lat="45.48021" lon="6.20915">
        <ele>878</ele>
        <time>2025-08-22T18:59:10+00:00</time>
      </trkpt>
      <trkpt lat="45.48025" lon="6.20925">
        <ele>879</ele>
        <time>2025-08-22T18:59:13+00:00</time>
      </trkpt>
      <trkpt lat="45.48035" lon="6.20913">
        <ele>877</ele>
        <time>2025-08-22T18:59:16+00:00</time>
      </trkpt>
      <trkpt lat="45.48044" lon="6.20913">
        <ele>875</ele>
        <time>2025-08-22T18:59:19+00:00</time>
      </trkpt>
      <trkpt lat="45.48064" lon="6.20935">
        <ele>873</ele>
        <time>2025-08-22T18:59:22+00:00</time>
      </trkpt>
      <trkpt lat="45.48101" lon="6.20974">
        <ele>868</ele>
        <time>2025-08-22T18:59:25+00:00</time>
      </trkpt>
      <trkpt lat="45.48118" lon="6.21004">
        <ele>868</ele>
        <time>2025-08-22T18:59:28+00:00</time>
      </trkpt>
      <trkpt lat="45.4814" lon="6.21005">
        <ele>863</ele>
        <time>2025-08-22T18:59:31+00:00</time>
      </trkpt>
      <trkpt lat="45.4815" lon="6.21">
        <ele>862</ele>
        <time>2025-08-22T18:59:34+00:00</time>
      </trkpt>
      <trkpt lat="45.48167" lon="6.20986">
        <ele>858</ele>
        <time>2025-08-22T18:59:37+00:00</time>
      </trkpt>
      <trkpt lat="45.48186" lon="6.20969">
        <ele>856</ele>
        <time>2025-08-22T18:59:40+00:00</time>
      </trkpt>
      <trkpt lat="45.48196" lon="6.20965">
        <ele>856</ele>
        <time>2025-08-22T18:59:43+00:00</time>
      </trkpt>
      <trkpt lat="45.48206" lon="6.20964">
        <ele>856</ele>
        <time>2025-08-22T18:59:46+00:00</time>
      </trkpt>
      <trkpt lat="45.4822" lon="6.20971">
        <ele>854</ele>
        <time>2025-08-22T18:59:49+00:00</time>
      </trkpt>
      <trkpt lat="45.48247" lon="6.20989">
        <ele>852</ele>
        <time>2025-08-22T18:59:52+00:00</time>
      </trkpt>
      <trkpt lat="45.48267" lon="6.21">
        <ele>849</ele>
        <time>2025-08-22T18:59:55+00:00</time>
      </trkpt>
      <trkpt lat="45.48293" lon="6.20997">
        <ele>845</ele>
        <time>2025-08-22T18:59:58+00:00</time>
      </trkpt>
      <trkpt lat="45.48305" lon="6.21002">
        <ele>845</ele>
        <time>2025-08-22T19:00:01+00:00</time>
      </trkpt>
      <trkpt lat="45.48313" lon="6.21009">
        <ele>844</ele>
        <time>2025-08-22T19:00:04+00:00</time>
      </trkpt>
      <trkpt lat="45.48322" lon="6.21007">
        <ele>842</ele>
        <time>2025-08-22T19:00:07+00:00</time>
      </trkpt>
      <trkpt lat="45.4833" lon="6.21003">
        <ele>842</ele>
        <time>2025-08-22T19:00:10+00:00</time>
      </trkpt>
      <trkpt lat="45.48337" lon="6.20997">
        <ele>841</ele>
        <time>2025-08-22T19:00:13+00:00</time>
      </trkpt>
      <trkpt lat="45.48353" lon="6.20979">
        <ele>838</ele>
        <time>2025-08-22T19:00:16+00:00</time>
      </trkpt>
      <trkpt lat="45.48377" lon="6.20952">
        <ele>834</ele>
        <time>2025-08-22T19:00:19+00:00</time>
      </trkpt>
      <trkpt lat="45.48398" lon="6.2093">
        <ele>831</ele>
        <time>2025-08-22T19:00:22+00:00</time>
      </trkpt>
      <trkpt lat="45.48422" lon="6.20904">
        <ele>828</ele>
        <time>2025-08-22T19:00:25+00:00</time>
      </trkpt>
      <trkpt lat="45.48439" lon="6.20879">
        <ele>825</ele>
        <time>2025-08-22T19:00:28+00:00</time>
      </trkpt>
      <trkpt lat="45.48457" lon="6.2085">
        <ele>823</ele>
        <time>2025-08-22T19:00:31+00:00</time>
      </trkpt>
      <trkpt lat="45.48465" lon="6.20829">
        <ele>821</ele>
        <time>2025-08-22T19:00:34+00:00</time>
      </trkpt>
      <trkpt lat="45.48474" lon="6.20832">
        <ele>821</ele>
        <time>2025-08-22T19:00:37+00:00</time>
      </trkpt>
      <trkpt lat="45.48483" lon="6.20832">
        <ele>820</ele>
        <time>2025-08-22T19:00:40+00:00</time>
      </trkpt>
      <trkpt lat="45.48496" lon="6.20829">
        <ele>820</ele>
        <time>2025-08-22T19:00:43+00:00</time>
      </trkpt>
      <trkpt lat="45.48509" lon="6.20821">
        <ele>817</ele>
        <time>2025-08-22T19:00:46+00:00</time>
      </trkpt>
      <trkpt lat="45.4853" lon="6.20806">
        <ele>820</ele>
        <time>2025-08-22T19:00:49+00:00</time>
      </trkpt>
      <trkpt lat="45.48565" lon="6.20782">
        <ele>819</ele>
        <time>2025-08-22T19:00:52+00:00</time>
      </trkpt>
      <trkpt lat="45.48572" lon="6.20779">
        <ele>819</ele>
        <time>2025-08-22T19:00:55+00:00</time>
      </trkpt>
      <trkpt lat="45.48571" lon="6.20773">
        <ele>819</ele>
        <time>2025-08-22T19:00:58+00:00</time>
      </trkpt>
      <trkpt lat="45.48583" lon="6.2073">
        <ele>819</ele>
        <time>2025-08-22T19:01:01+00:00</time>
      </trkpt>
      <trkpt lat="45.48584" lon="6.20718">
        <ele>819</ele>
        <time>2025-08-22T19:01:04+00:00</time>
      </trkpt>
      <trkpt lat="45.4858" lon="6.20684">
        <ele>819</ele>
        <time>2025-08-22T19:01:07+00:00</time>
      </trkpt>
      <trkpt lat="45.48586" lon="6.20673">
        <ele>819</ele>
        <time>2025-08-22T19:01:10+00:00</time>
      </trkpt>
      <trkpt lat="45.48584" lon="6.20643">
        <ele>819</ele>
        <time>2025-08-22T19:01:13+00:00</time>
      </trkpt>
      <trkpt lat="45.48581" lon="6.20606">
        <ele>819</ele>
        <time>2025-08-22T19:01:16+00:00</time>
      </trkpt>
      <trkpt lat="45.48579" lon="6.206">
        <ele>822</ele>
        <time>2025-08-22T19:01:19+00:00</time>
      </trkpt>
      <trkpt lat="45.48581" lon="6.20607">
        <ele>822</ele>
        <time>2025-08-22T19:01:22+00:00</time>
      </trkpt>
      <trkpt lat="45.48583" lon="6.20637">
        <ele>819</ele>
        <time>2025-08-22T19:01:25+00:00</time>
      </trkpt>
      <trkpt lat="45.48586" lon="6.20673">
        <ele>819</ele>
        <time>2025-08-22T19:01:28+00:00</time>
      </trkpt>
      <trkpt lat="45.4858" lon="6.20684">
        <ele>819</ele>
        <time>2025-08-22T19:01:31+00:00</time>
      </trkpt>
      <trkpt lat="45.48584" lon="6.20717">
        <ele>819</ele>
        <time>2025-08-22T19:01:34+00:00</time>
      </trkpt>
      <trkpt lat="45.48583" lon="6.2073">
        <ele>819</ele>
        <time>2025-08-22T19:01:37+00:00</time>
      </trkpt>
      <trkpt lat="45.48571" lon="6.20774">
        <ele>819</ele>
        <time>2025-08-22T19:01:40+00:00</time>
      </trkpt>
      <trkpt lat="45.48567" lon="6.20786">
        <ele>819</ele>
        <time>2025-08-22T19:01:43+00:00</time>
      </trkpt>
      <trkpt lat="45.48567" lon="6.20799">
        <ele>819</ele>
        <time>2025-08-22T19:01:46+00:00</time>
      </trkpt>
      <trkpt lat="45.48559" lon="6.20817">
        <ele>818</ele>
        <time>2025-08-22T19:01:49+00:00</time>
      </trkpt>
      <trkpt lat="45.48552" lon="6.20835">
        <ele>817</ele>
        <time>2025-08-22T19:01:52+00:00</time>
      </trkpt>
      <trkpt lat="45.48551" lon="6.2084">
        <ele>817</ele>
        <time>2025-08-22T19:01:55+00:00</time>
      </trkpt>
      <trkpt lat="45.48556" lon="6.2085">
        <ele>817</ele>
        <time>2025-08-22T19:01:58+00:00</time>
      </trkpt>
      <trkpt lat="45.48566" lon="6.20865">
        <ele>817</ele>
        <time>2025-08-22T19:02:01+00:00</time>
      </trkpt>
      <trkpt lat="45.48573" lon="6.20877">
        <ele>817</ele>
        <time>2025-08-22T19:02:04+00:00</time>
      </trkpt>
      <trkpt lat="45.48588" lon="6.20892">
        <ele>818</ele>
        <time>2025-08-22T19:02:07+00:00</time>
      </trkpt>
      <trkpt lat="45.48591" lon="6.20897">
        <ele>818</ele>
        <time>2025-08-22T19:02:10+00:00</time>
      </trkpt>
      <trkpt lat="45.48595" lon="6.20902">
        <ele>818</ele>
        <time>2025-08-22T19:02:13+00:00</time>
      </trkpt>
      <trkpt lat="45.48595" lon="6.20909">
        <ele>818</ele>
        <time>2025-08-22T19:02:16+00:00</time>
      </trkpt>
      <trkpt lat="45.48585" lon="6.20922">
        <ele>819</ele>
        <time>2025-08-22T19:02:19+00:00</time>
      </trkpt>
      <trkpt lat="45.4858" lon="6.20934">
        <ele>821</ele>
        <time>2025-08-22T19:02:22+00:00</time>
      </trkpt>
      <trkpt lat="45.48584" lon="6.20942">
        <ele>820</ele>
        <time>2025-08-22T19:02:25+00:00</time>
      </trkpt>
      <trkpt lat="45.48587" lon="6.20954">
        <ele>820</ele>
        <time>2025-08-22T19:02:28+00:00</time>
      </trkpt>
      <trkpt lat="45.48597" lon="6.20976">
        <ele>820</ele>
        <time>2025-08-22T19:02:31+00:00</time>
      </trkpt>
      <trkpt lat="45.48598" lon="6.20986">
        <ele>820</ele>
        <time>2025-08-22T19:02:34+00:00</time>
      </trkpt>
      <trkpt lat="45.48596" lon="6.21003">
        <ele>821</ele>
        <time>2025-08-22T19:02:37+00:00</time>
      </trkpt>
      <trkpt lat="45.4859" lon="6.2101">
        <ele>822</ele>
        <time>2025-08-22T19:02:40+00:00</time>
      </trkpt>
      <trkpt lat="45.48589" lon="6.21018">
        <ele>822</ele>
        <time>2025-08-22T19:02:43+00:00</time>
      </trkpt>
      <trkpt lat="45.48597" lon="6.21033">
        <ele>822</ele>
        <time>2025-08-22T19:02:46+00:00</time>
      </trkpt>
      <trkpt lat="45.48604" lon="6.21042">
        <ele>821</ele>
        <time>2025-08-22T19:02:49+00:00</time>
      </trkpt>
      <trkpt lat="45.4861" lon="6.21057">
        <ele>821</ele>
        <time>2025-08-22T19:02:52+00:00</time>
      </trkpt>
      <trkpt lat="45.48611" lon="6.21068">
        <ele>820</ele>
        <time>2025-08-22T19:02:55+00:00</time>
      </trkpt>
      <trkpt lat="45.48616" lon="6.21075">
        <ele>821</ele>
        <time>2025-08-22T19:02:58+00:00</time>
      </trkpt>
      <trkpt lat="45.48618" lon="6.2109">
        <ele>821</ele>
        <time>2025-08-22T19:03:01+00:00</time>
      </trkpt>
      <trkpt lat="45.48621" lon="6.21106">
        <ele>820</ele>
        <time>2025-08-22T19:03:04+00:00</time>
      </trkpt>
      <trkpt lat="45.48621" lon="6.21113">
        <ele>821</ele>
        <time>2025-08-22T19:03:07+00:00</time>
      </trkpt>
      <trkpt lat="45.48623" lon="6.21123">
        <ele>821</ele>
        <time>2025-08-22T19:03:10+00:00</time>
      </trkpt>
      <trkpt lat="45.48618" lon="6.21129">
        <ele>822</ele>
        <time>2025-08-22T19:03:13+00:00</time>
      </trkpt>
      <trkpt lat="45.48611" lon="6.21131">
        <ele>822</ele>
        <time>2025-08-22T19:03:16+00:00</time>
      </trkpt>
      <trkpt lat="45.48599" lon="6.21138">
        <ele>823</ele>
        <time>2025-08-22T19:03:19+00:00</time>
      </trkpt>
      <trkpt lat="45.48591" lon="6.21145">
        <ele>822</ele>
        <time>2025-08-22T19:03:22+00:00</time>
      </trkpt>
      <trkpt lat="45.48583" lon="6.21155">
        <ele>823</ele>
        <time>2025-08-22T19:03:25+00:00</time>
      </trkpt>
      <trkpt lat="45.48576" lon="6.21172">
        <ele>825</ele>
        <time>2025-08-22T19:03:28+00:00</time>
      </trkpt>
      <trkpt lat="45.48565" lon="6.21205">
        <ele>825</ele>
        <time>2025-08-22T19:03:31+00:00</time>
      </trkpt>
      <trkpt lat="45.48553" lon="6.21243">
        <ele>825</ele>
        <time>2025-08-22T19:03:34+00:00</time>
      </trkpt>
      <trkpt lat="45.48551" lon="6.21251">
        <ele>825</ele>
        <time>2025-08-22T19:03:37+00:00</time>
      </trkpt>
      <trkpt lat="45.48547" lon="6.21275">
        <ele>826</ele>
        <time>2025-08-22T19:03:40+00:00</time>
      </trkpt>
      <trkpt lat="45.48542" lon="6.21297">
        <ele>826</ele>
        <time>2025-08-22T19:03:43+00:00</time>
      </trkpt>
      <trkpt lat="45.4854" lon="6.21301">
        <ele>826</ele>
        <time>2025-08-22T19:03:46+00:00</time>
      </trkpt>
      <trkpt lat="45.48537" lon="6.21304">
        <ele>826</ele>
        <time>2025-08-22T19:03:49+00:00</time>
      </trkpt>
      <trkpt lat="45.48534" lon="6.21362">
        <ele>826</ele>
        <time>2025-08-22T19:03:52+00:00</time>
      </trkpt>
      <trkpt lat="45.48531" lon="6.21402">
        <ele>825</ele>
        <time>2025-08-22T19:03:55+00:00</time>
      </trkpt>
      <trkpt lat="45.48536" lon="6.21403">
        <ele>825</ele>
        <time>2025-08-22T19:03:58+00:00</time>
      </trkpt>
      <trkpt lat="45.48536" lon="6.21404">
        <ele>825</ele>
        <time>2025-08-22T19:04:01+00:00</time>
      </trkpt>
      <trkpt lat="45.48539" lon="6.21419">
        <ele>825</ele>
        <time>2025-08-22T19:04:04+00:00</time>
      </trkpt>
      <trkpt lat="45.48546" lon="6.21435">
        <ele>825</ele>
        <time>2025-08-22T19:04:07+00:00</time>
      </trkpt>
      <trkpt lat="45.48568" lon="6.21475">
        <ele>826</ele>
        <time>2025-08-22T19:04:10+00:00</time>
      </trkpt>
      <trkpt lat="45.48573" lon="6.21503">
        <ele>829</ele>
        <time>2025-08-22T19:04:13+00:00</time>
      </trkpt>
      <trkpt lat="45.486" lon="6.21548">
        <ele>829</ele>
        <time>2025-08-22T19:04:16+00:00</time>
      </trkpt>
      <trkpt lat="45.48622" lon="6.21578">
        <ele>829</ele>
        <time>2025-08-22T19:04:19+00:00</time>
      </trkpt>
      <trkpt lat="45.4864" lon="6.21602">
        <ele>830</ele>
        <time>2025-08-22T19:04:22+00:00</time>
      </trkpt>
      <trkpt lat="45.48659" lon="6.21629">
        <ele>829</ele>
        <time>2025-08-22T19:04:25+00:00</time>
      </trkpt>
      <trkpt lat="45.48672" lon="6.21675">
        <ele>828</ele>
        <time>2025-08-22T19:04:28+00:00</time>
      </trkpt>
      <trkpt lat="45.48696" lon="6.21718">
        <ele>830</ele>
        <time>2025-08-22T19:04:31+00:00</time>
      </trkpt>
      <trkpt lat="45.48699" lon="6.2175">
        <ele>828</ele>
        <time>2025-08-22T19:04:34+00:00</time>
      </trkpt>
      <trkpt lat="45.48721" lon="6.21796">
        <ele>830</ele>
        <time>2025-08-22T19:04:37+00:00</time>
      </trkpt>
      <trkpt lat="45.48733" lon="6.21841">
        <ele>832</ele>
        <time>2025-08-22T19:04:40+00:00</time>
      </trkpt>
      <trkpt lat="45.48735" lon="6.21864">
        <ele>836</ele>
        <time>2025-08-22T19:04:43+00:00</time>
      </trkpt>
      <trkpt lat="45.48744" lon="6.21888">
        <ele>833</ele>
        <time>2025-08-22T19:04:46+00:00</time>
      </trkpt>
      <trkpt lat="45.48747" lon="6.21917">
        <ele>838</ele>
        <time>2025-08-22T19:04:49+00:00</time>
      </trkpt>
      <trkpt lat="45.48755" lon="6.21948">
        <ele>838</ele>
        <time>2025-08-22T19:04:52+00:00</time>
      </trkpt>
      <trkpt lat="45.48766" lon="6.21976">
        <ele>841</ele>
        <time>2025-08-22T19:04:55+00:00</time>
      </trkpt>
      <trkpt lat="45.48763" lon="6.22004">
        <ele>847</ele>
        <time>2025-08-22T19:04:58+00:00</time>
      </trkpt>
      <trkpt lat="45.48761" lon="6.22043">
        <ele>852</ele>
        <time>2025-08-22T19:05:01+00:00</time>
      </trkpt>
      <trkpt lat="45.48763" lon="6.22085">
        <ele>856</ele>
        <time>2025-08-22T19:05:04+00:00</time>
      </trkpt>
      <trkpt lat="45.48765" lon="6.22119">
        <ele>858</ele>
        <time>2025-08-22T19:05:07+00:00</time>
      </trkpt>
      <trkpt lat="45.48766" lon="6.22152">
        <ele>858</ele>
        <time>2025-08-22T19:05:10+00:00</time>
      </trkpt>
      <trkpt lat="45.4877" lon="6.22174">
        <ele>861</ele>
        <time>2025-08-22T19:05:13+00:00</time>
      </trkpt>
      <trkpt lat="45.48778" lon="6.2221">
        <ele>857</ele>
        <time>2025-08-22T19:05:16+00:00</time>
      </trkpt>
      <trkpt lat="45.48794" lon="6.22247">
        <ele>857</ele>
        <time>2025-08-22T19:05:19+00:00</time>
      </trkpt>
      <trkpt lat="45.48805" lon="6.22281">
        <ele>858</ele>
        <time>2025-08-22T19:05:22+00:00</time>
      </trkpt>
      <trkpt lat="45.48807" lon="6.2229">
        <ele>858</ele>
        <time>2025-08-22T19:05:25+00:00</time>
      </trkpt>
      <trkpt lat="45.48812" lon="6.22302">
        <ele>862</ele>
        <time>2025-08-22T19:05:28+00:00</time>
      </trkpt>
      <trkpt lat="45.48816" lon="6.22307">
        <ele>862</ele>
        <time>2025-08-22T19:05:31+00:00</time>
      </trkpt>
      <trkpt lat="45.48819" lon="6.22301">
        <ele>862</ele>
        <time>2025-08-22T19:05:34+00:00</time>
      </trkpt>
      <trkpt lat="45.48825" lon="6.22296">
        <ele>864</ele>
        <time>2025-08-22T19:05:37+00:00</time>
      </trkpt>
      <trkpt lat="45.48837" lon="6.22289">
        <ele>862</ele>
        <time>2025-08-22T19:05:40+00:00</time>
      </trkpt>
      <trkpt lat="45.48849" lon="6.22287">
        <ele>860</ele>
        <time>2025-08-22T19:05:43+00:00</time>
      </trkpt>
      <trkpt lat="45.48863" lon="6.2229">
        <ele>858</ele>
        <time>2025-08-22T19:05:46+00:00</time>
      </trkpt>
      <trkpt lat="45.48876" lon="6.22297">
        <ele>858</ele>
        <time>2025-08-22T19:05:49+00:00</time>
      </trkpt>
      <trkpt lat="45.48889" lon="6.22305">
        <ele>858</ele>
        <time>2025-08-22T19:05:52+00:00</time>
      </trkpt>
      <trkpt lat="45.489" lon="6.22315">
        <ele>856</ele>
        <time>2025-08-22T19:05:55+00:00</time>
      </trkpt>
      <trkpt lat="45.48907" lon="6.22324">
        <ele>855</ele>
        <time>2025-08-22T19:05:58+00:00</time>
      </trkpt>
      <trkpt lat="45.48915" lon="6.2233">
        <ele>852</ele>
        <time>2025-08-22T19:06:01+00:00</time>
      </trkpt>
      <trkpt lat="45.48927" lon="6.22334">
        <ele>848</ele>
        <time>2025-08-22T19:06:04+00:00</time>
      </trkpt>
      <trkpt lat="45.48939" lon="6.22337">
        <ele>845</ele>
        <time>2025-08-22T19:06:07+00:00</time>
      </trkpt>
      <trkpt lat="45.48951" lon="6.22346">
        <ele>842</ele>
        <time>2025-08-22T19:06:10+00:00</time>
      </trkpt>
      <trkpt lat="45.48967" lon="6.22348">
        <ele>840</ele>
        <time>2025-08-22T19:06:13+00:00</time>
      </trkpt>
      <trkpt lat="45.48972" lon="6.22354">
        <ele>842</ele>
        <time>2025-08-22T19:06:16+00:00</time>
      </trkpt>
      <trkpt lat="45.48977" lon="6.22365">
        <ele>844</ele>
        <time>2025-08-22T19:06:19+00:00</time>
      </trkpt>
      <trkpt lat="45.48981" lon="6.22381">
        <ele>844</ele>
        <time>2025-08-22T19:06:22+00:00</time>
      </trkpt>
      <trkpt lat="45.48991" lon="6.22439">
        <ele>848</ele>
        <time>2025-08-22T19:06:25+00:00</time>
      </trkpt>
      <trkpt lat="45.48993" lon="6.22457">
        <ele>851</ele>
        <time>2025-08-22T19:06:28+00:00</time>
      </trkpt>
      <trkpt lat="45.49004" lon="6.22493">
        <ele>855</ele>
        <time>2025-08-22T19:06:31+00:00</time>
      </trkpt>
      <trkpt lat="45.49015" lon="6.22529">
        <ele>860</ele>
        <time>2025-08-22T19:06:34+00:00</time>
      </trkpt>
      <trkpt lat="45.49024" lon="6.2257">
        <ele>862</ele>
        <time>2025-08-22T19:06:37+00:00</time>
      </trkpt>
      <trkpt lat="45.49032" lon="6.22578">
        <ele>864</ele>
        <time>2025-08-22T19:06:40+00:00</time>
      </trkpt>
      <trkpt lat="45.49042" lon="6.22585">
        <ele>864</ele>
        <time>2025-08-22T19:06:43+00:00</time>
      </trkpt>
      <trkpt lat="45.49052" lon="6.22596">
        <ele>865</ele>
        <time>2025-08-22T19:06:46+00:00</time>
      </trkpt>
      <trkpt lat="45.49059" lon="6.22613">
        <ele>867</ele>
        <time>2025-08-22T19:06:49+00:00</time>
      </trkpt>
      <trkpt lat="45.49061" lon="6.22612">
        <ele>865</ele>
        <time>2025-08-22T19:06:52+00:00</time>
      </trkpt>
      <trkpt lat="45.49068" lon="6.22632">
        <ele>869</ele>
        <time>2025-08-22T19:06:55+00:00</time>
      </trkpt>
      <trkpt lat="45.49067" lon="6.22644">
        <ele>866</ele>
        <time>2025-08-22T19:06:58+00:00</time>
      </trkpt>
      <trkpt lat="45.49069" lon="6.22645">
        <ele>869</ele>
        <time>2025-08-22T19:07:01+00:00</time>
      </trkpt>
      <trkpt lat="45.49072" lon="6.22656">
        <ele>864</ele>
        <time>2025-08-22T19:07:04+00:00</time>
      </trkpt>
      <trkpt lat="45.49076" lon="6.2266">
        <ele>864</ele>
        <time>2025-08-22T19:07:07+00:00</time>
      </trkpt>
      <trkpt lat="45.49079" lon="6.22669">
        <ele>866</ele>
        <time>2025-08-22T19:07:10+00:00</time>
      </trkpt>
      <trkpt lat="45.49083" lon="6.22673">
        <ele>867</ele>
        <time>2025-08-22T19:07:13+00:00</time>
      </trkpt>
      <trkpt lat="45.4909" lon="6.22677">
        <ele>867</ele>
        <time>2025-08-22T19:07:16+00:00</time>
      </trkpt>
      <trkpt lat="45.49093" lon="6.22681">
        <ele>867</ele>
        <time>2025-08-22T19:07:19+00:00</time>
      </trkpt>
      <trkpt lat="45.49099" lon="6.22683">
        <ele>867</ele>
        <time>2025-08-22T19:07:22+00:00</time>
      </trkpt>
      <trkpt lat="45.49106" lon="6.22689">
        <ele>863</ele>
        <time>2025-08-22T19:07:25+00:00</time>
      </trkpt>
      <trkpt lat="45.49109" lon="6.22696">
        <ele>867</ele>
        <time>2025-08-22T19:07:28+00:00</time>
      </trkpt>
      <trkpt lat="45.49117" lon="6.22702">
        <ele>867</ele>
        <time>2025-08-22T19:07:31+00:00</time>
      </trkpt>
      <trkpt lat="45.49129" lon="6.22715">
        <ele>868</ele>
        <time>2025-08-22T19:07:34+00:00</time>
      </trkpt>
      <trkpt lat="45.49137" lon="6.22718">
        <ele>866</ele>
        <time>2025-08-22T19:07:37+00:00</time>
      </trkpt>
      <trkpt lat="45.49143" lon="6.22724">
        <ele>866</ele>
        <time>2025-08-22T19:07:40+00:00</time>
      </trkpt>
      <trkpt lat="45.49155" lon="6.22733">
        <ele>865</ele>
        <time>2025-08-22T19:07:43+00:00</time>
      </trkpt>
      <trkpt lat="45.4916" lon="6.22738">
        <ele>865</ele>
        <time>2025-08-22T19:07:46+00:00</time>
      </trkpt>
      <trkpt lat="45.49165" lon="6.22753">
        <ele>863</ele>
        <time>2025-08-22T19:07:49+00:00</time>
      </trkpt>
      <trkpt lat="45.49168" lon="6.22758">
        <ele>863</ele>
        <time>2025-08-22T19:07:52+00:00</time>
      </trkpt>
      <trkpt lat="45.49171" lon="6.22766">
        <ele>862</ele>
        <time>2025-08-22T19:07:55+00:00</time>
      </trkpt>
      <trkpt lat="45.49178" lon="6.2277">
        <ele>862</ele>
        <time>2025-08-22T19:07:58+00:00</time>
      </trkpt>
      <trkpt lat="45.49185" lon="6.22771">
        <ele>860</ele>
        <time>2025-08-22T19:08:01+00:00</time>
      </trkpt>
      <trkpt lat="45.4919" lon="6.2277">
        <ele>859</ele>
        <time>2025-08-22T19:08:04+00:00</time>
      </trkpt>
      <trkpt lat="45.492" lon="6.22773">
        <ele>858</ele>
        <time>2025-08-22T19:08:07+00:00</time>
      </trkpt>
      <trkpt lat="45.49204" lon="6.22772">
        <ele>858</ele>
        <time>2025-08-22T19:08:10+00:00</time>
      </trkpt>
      <trkpt lat="45.49207" lon="6.22774">
        <ele>855</ele>
        <time>2025-08-22T19:08:13+00:00</time>
      </trkpt>
      <trkpt lat="45.49219" lon="6.22794">
        <ele>856</ele>
        <time>2025-08-22T19:08:16+00:00</time>
      </trkpt>
      <trkpt lat="45.49228" lon="6.22795">
        <ele>850</ele>
        <time>2025-08-22T19:08:19+00:00</time>
      </trkpt>
      <trkpt lat="45.49232" lon="6.22797">
        <ele>851</ele>
        <time>2025-08-22T19:08:22+00:00</time>
      </trkpt>
      <trkpt lat="45.49236" lon="6.22801">
        <ele>851</ele>
        <time>2025-08-22T19:08:25+00:00</time>
      </trkpt>
      <trkpt lat="45.49243" lon="6.2281">
        <ele>855</ele>
        <time>2025-08-22T19:08:28+00:00</time>
      </trkpt>
      <trkpt lat="45.49252" lon="6.22829">
        <ele>854</ele>
        <time>2025-08-22T19:08:31+00:00</time>
      </trkpt>
      <trkpt lat="45.49263" lon="6.22845">
        <ele>855</ele>
        <time>2025-08-22T19:08:34+00:00</time>
      </trkpt>
      <trkpt lat="45.4927" lon="6.22859">
        <ele>855</ele>
        <time>2025-08-22T19:08:37+00:00</time>
      </trkpt>
      <trkpt lat="45.4928" lon="6.22881">
        <ele>855</ele>
        <time>2025-08-22T19:08:40+00:00</time>
      </trkpt>
      <trkpt lat="45.49285" lon="6.22886">
        <ele>860</ele>
        <time>2025-08-22T19:08:43+00:00</time>
      </trkpt>
      <trkpt lat="45.49293" lon="6.22896">
        <ele>862</ele>
        <time>2025-08-22T19:08:46+00:00</time>
      </trkpt>
      <trkpt lat="45.49297" lon="6.22922">
        <ele>857</ele>
        <time>2025-08-22T19:08:49+00:00</time>
      </trkpt>
      <trkpt lat="45.49302" lon="6.22954">
        <ele>856</ele>
        <time>2025-08-22T19:08:52+00:00</time>
      </trkpt>
      <trkpt lat="45.49303" lon="6.22971">
        <ele>857</ele>
        <time>2025-08-22T19:08:55+00:00</time>
      </trkpt>
      <trkpt lat="45.49305" lon="6.2299">
        <ele>856</ele>
        <time>2025-08-22T19:08:58+00:00</time>
      </trkpt>
      <trkpt lat="45.49308" lon="6.23003">
        <ele>857</ele>
        <time>2025-08-22T19:09:01+00:00</time>
      </trkpt>
      <trkpt lat="45.49314" lon="6.23023">
        <ele>857</ele>
        <time>2025-08-22T19:09:04+00:00</time>
      </trkpt>
      <trkpt lat="45.49316" lon="6.23035">
        <ele>857</ele>
        <time>2025-08-22T19:09:07+00:00</time>
      </trkpt>
      <trkpt lat="45.49316" lon="6.23049">
        <ele>859</ele>
        <time>2025-08-22T19:09:10+00:00</time>
      </trkpt>
      <trkpt lat="45.49317" lon="6.23067">
        <ele>860</ele>
        <time>2025-08-22T19:09:13+00:00</time>
      </trkpt>
      <trkpt lat="45.49317" lon="6.23108">
        <ele>862</ele>
        <time>2025-08-22T19:09:16+00:00</time>
      </trkpt>
      <trkpt lat="45.49317" lon="6.23172">
        <ele>862</ele>
        <time>2025-08-22T19:09:19+00:00</time>
      </trkpt>
      <trkpt lat="45.49318" lon="6.2318">
        <ele>863</ele>
        <time>2025-08-22T19:09:22+00:00</time>
      </trkpt>
      <trkpt lat="45.49318" lon="6.23188">
        <ele>863</ele>
        <time>2025-08-22T19:09:25+00:00</time>
      </trkpt>
      <trkpt lat="45.49319" lon="6.23197">
        <ele>864</ele>
        <time>2025-08-22T19:09:28+00:00</time>
      </trkpt>
      <trkpt lat="45.49321" lon="6.23205">
        <ele>862</ele>
        <time>2025-08-22T19:09:31+00:00</time>
      </trkpt>
      <trkpt lat="45.49324" lon="6.23221">
        <ele>863</ele>
        <time>2025-08-22T19:09:34+00:00</time>
      </trkpt>
      <trkpt lat="45.49331" lon="6.23247">
        <ele>863</ele>
        <time>2025-08-22T19:09:37+00:00</time>
      </trkpt>
      <trkpt lat="45.49336" lon="6.23258">
        <ele>864</ele>
        <time>2025-08-22T19:09:40+00:00</time>
      </trkpt>
      <trkpt lat="45.49345" lon="6.23281">
        <ele>865</ele>
        <time>2025-08-22T19:09:43+00:00</time>
      </trkpt>
      <trkpt lat="45.49351" lon="6.23301">
        <ele>866</ele>
        <time>2025-08-22T19:09:46+00:00</time>
      </trkpt>
      <trkpt lat="45.49362" lon="6.23327">
        <ele>867</ele>
        <time>2025-08-22T19:09:49+00:00</time>
      </trkpt>
      <trkpt lat="45.49378" lon="6.23363">
        <ele>870</ele>
        <time>2025-08-22T19:09:52+00:00</time>
      </trkpt>
      <trkpt lat="45.49387" lon="6.23378">
        <ele>869</ele>
        <time>2025-08-22T19:09:55+00:00</time>
      </trkpt>
      <trkpt lat="45.49394" lon="6.23391">
        <ele>869</ele>
        <time>2025-08-22T19:09:58+00:00</time>
      </trkpt>
      <trkpt lat="45.49411" lon="6.23417">
        <ele>869</ele>
        <time>2025-08-22T19:10:01+00:00</time>
      </trkpt>
      <trkpt lat="45.49418" lon="6.2343">
        <ele>873</ele>
        <time>2025-08-22T19:10:04+00:00</time>
      </trkpt>
      <trkpt lat="45.49442" lon="6.23461">
        <ele>869</ele>
        <time>2025-08-22T19:10:07+00:00</time>
      </trkpt>
      <trkpt lat="45.49462" lon="6.23482">
        <ele>868</ele>
        <time>2025-08-22T19:10:10+00:00</time>
      </trkpt>
      <trkpt lat="45.49469" lon="6.23487">
        <ele>870</ele>
        <time>2025-08-22T19:10:13+00:00</time>
      </trkpt>
      <trkpt lat="45.49478" lon="6.23492">
        <ele>869</ele>
        <time>2025-08-22T19:10:16+00:00</time>
      </trkpt>
      <trkpt lat="45.49483" lon="6.23494">
        <ele>868</ele>
        <time>2025-08-22T19:10:19+00:00</time>
      </trkpt>
      <trkpt lat="45.49491" lon="6.23501">
        <ele>868</ele>
        <time>2025-08-22T19:10:22+00:00</time>
      </trkpt>
      <trkpt lat="45.49495" lon="6.23503">
        <ele>868</ele>
        <time>2025-08-22T19:10:25+00:00</time>
      </trkpt>
      <trkpt lat="45.49499" lon="6.23508">
        <ele>868</ele>
        <time>2025-08-22T19:10:28+00:00</time>
      </trkpt>
      <trkpt lat="45.49511" lon="6.23528">
        <ele>868</ele>
        <time>2025-08-22T19:10:31+00:00</time>
      </trkpt>
      <trkpt lat="45.49524" lon="6.23552">
        <ele>869</ele>
        <time>2025-08-22T19:10:34+00:00</time>
      </trkpt>
      <trkpt lat="45.49531" lon="6.23567">
        <ele>869</ele>
        <time>2025-08-22T19:10:37+00:00</time>
      </trkpt>
      <trkpt lat="45.49539" lon="6.23582">
        <ele>869</ele>
        <time>2025-08-22T19:10:40+00:00</time>
      </trkpt>
      <trkpt lat="45.49554" lon="6.23608">
        <ele>869</ele>
        <time>2025-08-22T19:10:43+00:00</time>
      </trkpt>
      <trkpt lat="45.49571" lon="6.23634">
        <ele>869</ele>
        <time>2025-08-22T19:10:46+00:00</time>
      </trkpt>
      <trkpt lat="45.49583" lon="6.23649">
        <ele>869</ele>
        <time>2025-08-22T19:10:49+00:00</time>
      </trkpt>
      <trkpt lat="45.49591" lon="6.23661">
        <ele>870</ele>
        <time>2025-08-22T19:10:52+00:00</time>
      </trkpt>
      <trkpt lat="45.49596" lon="6.23667">
        <ele>870</ele>
        <time>2025-08-22T19:10:55+00:00</time>
      </trkpt>
      <trkpt lat="45.49601" lon="6.23672">
        <ele>871</ele>
        <time>2025-08-22T19:10:58+00:00</time>
      </trkpt>
      <trkpt lat="45.4961" lon="6.23679">
        <ele>870</ele>
        <time>2025-08-22T19:11:01+00:00</time>
      </trkpt>
      <trkpt lat="45.49626" lon="6.23686">
        <ele>870</ele>
        <time>2025-08-22T19:11:04+00:00</time>
      </trkpt>
      <trkpt lat="45.49652" lon="6.23693">
        <ele>870</ele>
        <time>2025-08-22T19:11:07+00:00</time>
      </trkpt>
      <trkpt lat="45.49679" lon="6.23701">
        <ele>871</ele>
        <time>2025-08-22T19:11:10+00:00</time>
      </trkpt>
      <trkpt lat="45.49709" lon="6.23709">
        <ele>871</ele>
        <time>2025-08-22T19:11:13+00:00</time>
      </trkpt>
      <trkpt lat="45.49736" lon="6.23718">
        <ele>871</ele>
        <time>2025-08-22T19:11:16+00:00</time>
      </trkpt>
      <trkpt lat="45.49777" lon="6.23731">
        <ele>873</ele>
        <time>2025-08-22T19:11:19+00:00</time>
      </trkpt>
      <trkpt lat="45.49804" lon="6.23738">
        <ele>873</ele>
        <time>2025-08-22T19:11:22+00:00</time>
      </trkpt>
      <trkpt lat="45.49832" lon="6.23742">
        <ele>875</ele>
        <time>2025-08-22T19:11:25+00:00</time>
      </trkpt>
      <trkpt lat="45.49874" lon="6.23749">
        <ele>876</ele>
        <time>2025-08-22T19:11:28+00:00</time>
      </trkpt>
      <trkpt lat="45.49919" lon="6.23759">
        <ele>878</ele>
        <time>2025-08-22T19:11:31+00:00</time>
      </trkpt>
      <trkpt lat="45.49936" lon="6.2376">
        <ele>880</ele>
        <time>2025-08-22T19:11:34+00:00</time>
      </trkpt>
      <trkpt lat="45.49954" lon="6.2376">
        <ele>880</ele>
        <time>2025-08-22T19:11:37+00:00</time>
      </trkpt>
      <trkpt lat="45.49974" lon="6.23764">
        <ele>881</ele>
        <time>2025-08-22T19:11:40+00:00</time>
      </trkpt>
      <trkpt lat="45.49982" lon="6.23763">
        <ele>881</ele>
        <time>2025-08-22T19:11:43+00:00</time>
      </trkpt>
      <trkpt lat="45.50002" lon="6.23758">
        <ele>881</ele>
        <time>2025-08-22T19:11:46+00:00</time>
      </trkpt>
      <trkpt lat="45.50022" lon="6.2375">
        <ele>882</ele>
        <time>2025-08-22T19:11:49+00:00</time>
      </trkpt>
      <trkpt lat="45.50055" lon="6.23734">
        <ele>884</ele>
        <time>2025-08-22T19:11:52+00:00</time>
      </trkpt>
      <trkpt lat="45.50061" lon="6.23727">
        <ele>885</ele>
        <time>2025-08-22T19:11:55+00:00</time>
      </trkpt>
      <trkpt lat="45.5009" lon="6.23734">
        <ele>886</ele>
        <time>2025-08-22T19:11:58+00:00</time>
      </trkpt>
      <trkpt lat="45.5011" lon="6.23744">
        <ele>888</ele>
        <time>2025-08-22T19:12:01+00:00</time>
      </trkpt>
      <trkpt lat="45.50114" lon="6.23742">
        <ele>889</ele>
        <time>2025-08-22T19:12:04+00:00</time>
      </trkpt>
      <trkpt lat="45.50119" lon="6.23735">
        <ele>889</ele>
        <time>2025-08-22T19:12:07+00:00</time>
      </trkpt>
      <trkpt lat="45.5013" lon="6.2375">
        <ele>890</ele>
        <time>2025-08-22T19:12:10+00:00</time>
      </trkpt>
      <trkpt lat="45.50143" lon="6.23741">
        <ele>890</ele>
        <time>2025-08-22T19:12:13+00:00</time>
      </trkpt>
      <trkpt lat="45.50148" lon="6.23739">
        <ele>890</ele>
        <time>2025-08-22T19:12:16+00:00</time>
      </trkpt>
      <trkpt lat="45.50155" lon="6.23739">
        <ele>891</ele>
        <time>2025-08-22T19:12:19+00:00</time>
      </trkpt>
      <trkpt lat="45.50162" lon="6.2374">
        <ele>892</ele>
        <time>2025-08-22T19:12:22+00:00</time>
      </trkpt>
      <trkpt lat="45.50169" lon="6.23742">
        <ele>892</ele>
        <time>2025-08-22T19:12:25+00:00</time>
      </trkpt>
      <trkpt lat="45.50177" lon="6.2375">
        <ele>893</ele>
        <time>2025-08-22T19:12:28+00:00</time>
      </trkpt>
      <trkpt lat="45.50198" lon="6.23781">
        <ele>896</ele>
        <time>2025-08-22T19:12:31+00:00</time>
      </trkpt>
      <trkpt lat="45.50198" lon="6.23782">
        <ele>896</ele>
        <time>2025-08-22T19:12:34+00:00</time>
      </trkpt>
      <trkpt lat="45.50203" lon="6.23783">
        <ele>897</ele>
        <time>2025-08-22T19:12:37+00:00</time>
      </trkpt>
      <trkpt lat="45.50214" lon="6.23787">
        <ele>898</ele>
        <time>2025-08-22T19:12:40+00:00</time>
      </trkpt>
      <trkpt lat="45.50219" lon="6.2379">
        <ele>898</ele>
        <time>2025-08-22T19:12:43+00:00</time>
      </trkpt>
      <trkpt lat="45.50224" lon="6.23796">
        <ele>900</ele>
        <time>2025-08-22T19:12:46+00:00</time>
      </trkpt>
      <trkpt lat="45.50228" lon="6.23808">
        <ele>901</ele>
        <time>2025-08-22T19:12:49+00:00</time>
      </trkpt>
      <trkpt lat="45.50234" lon="6.23819">
        <ele>903</ele>
        <time>2025-08-22T19:12:52+00:00</time>
      </trkpt>
      <trkpt lat="45.50241" lon="6.23837">
        <ele>905</ele>
        <time>2025-08-22T19:12:55+00:00</time>
      </trkpt>
      <trkpt lat="45.50248" lon="6.23857">
        <ele>904</ele>
        <time>2025-08-22T19:12:58+00:00</time>
      </trkpt>
      <trkpt lat="45.50254" lon="6.23875">
        <ele>907</ele>
        <time>2025-08-22T19:13:01+00:00</time>
      </trkpt>
      <trkpt lat="45.50259" lon="6.23898">
        <ele>907</ele>
        <time>2025-08-22T19:13:04+00:00</time>
      </trkpt>
      <trkpt lat="45.50266" lon="6.2392">
        <ele>911</ele>
        <time>2025-08-22T19:13:07+00:00</time>
      </trkpt>
      <trkpt lat="45.50273" lon="6.23941">
        <ele>914</ele>
        <time>2025-08-22T19:13:10+00:00</time>
      </trkpt>
      <trkpt lat="45.50281" lon="6.23964">
        <ele>918</ele>
        <time>2025-08-22T19:13:13+00:00</time>
      </trkpt>
      <trkpt lat="45.50287" lon="6.23978">
        <ele>918</ele>
        <time>2025-08-22T19:13:16+00:00</time>
      </trkpt>
      <trkpt lat="45.50293" lon="6.23988">
        <ele>921</ele>
        <time>2025-08-22T19:13:19+00:00</time>
      </trkpt>
      <trkpt lat="45.50314" lon="6.24006">
        <ele>925</ele>
        <time>2025-08-22T19:13:22+00:00</time>
      </trkpt>
      <trkpt lat="45.5032" lon="6.24016">
        <ele>925</ele>
        <time>2025-08-22T19:13:25+00:00</time>
      </trkpt>
      <trkpt lat="45.50323" lon="6.24023">
        <ele>927</ele>
        <time>2025-08-22T19:13:28+00:00</time>
      </trkpt>
      <trkpt lat="45.50324" lon="6.24033">
        <ele>928</ele>
        <time>2025-08-22T19:13:31+00:00</time>
      </trkpt>
      <trkpt lat="45.50324" lon="6.24041">
        <ele>928</ele>
        <time>2025-08-22T19:13:34+00:00</time>
      </trkpt>
      <trkpt lat="45.50326" lon="6.24057">
        <ele>928</ele>
        <time>2025-08-22T19:13:37+00:00</time>
      </trkpt>
      <trkpt lat="45.50328" lon="6.24086">
        <ele>930</ele>
        <time>2025-08-22T19:13:40+00:00</time>
      </trkpt>
      <trkpt lat="45.50331" lon="6.241">
        <ele>934</ele>
        <time>2025-08-22T19:13:43+00:00</time>
      </trkpt>
      <trkpt lat="45.50334" lon="6.2411">
        <ele>934</ele>
        <time>2025-08-22T19:13:46+00:00</time>
      </trkpt>
      <trkpt lat="45.50336" lon="6.24122">
        <ele>934</ele>
        <time>2025-08-22T19:13:49+00:00</time>
      </trkpt>
      <trkpt lat="45.50337" lon="6.24135">
        <ele>934</ele>
        <time>2025-08-22T19:13:52+00:00</time>
      </trkpt>
      <trkpt lat="45.50337" lon="6.24155">
        <ele>937</ele>
        <time>2025-08-22T19:13:55+00:00</time>
      </trkpt>
      <trkpt lat="45.5034" lon="6.24207">
        <ele>941</ele>
        <time>2025-08-22T19:13:58+00:00</time>
      </trkpt>
      <trkpt lat="45.50338" lon="6.24241">
        <ele>943</ele>
        <time>2025-08-22T19:14:01+00:00</time>
      </trkpt>
      <trkpt lat="45.50339" lon="6.24252">
        <ele>943</ele>
        <time>2025-08-22T19:14:04+00:00</time>
      </trkpt>
      <trkpt lat="45.50349" lon="6.24255">
        <ele>947</ele>
        <time>2025-08-22T19:14:07+00:00</time>
      </trkpt>
      <trkpt lat="45.50352" lon="6.24243">
        <ele>946</ele>
        <time>2025-08-22T19:14:10+00:00</time>
      </trkpt>
      <trkpt lat="45.50352" lon="6.24223">
        <ele>950</ele>
        <time>2025-08-22T19:14:13+00:00</time>
      </trkpt>
      <trkpt lat="45.50355" lon="6.24213">
        <ele>949</ele>
        <time>2025-08-22T19:14:16+00:00</time>
      </trkpt>
      <trkpt lat="45.5036" lon="6.24202">
        <ele>948</ele>
        <time>2025-08-22T19:14:19+00:00</time>
      </trkpt>
      <trkpt lat="45.5037" lon="6.24187">
        <ele>950</ele>
        <time>2025-08-22T19:14:22+00:00</time>
      </trkpt>
      <trkpt lat="45.50398" lon="6.24159">
        <ele>957</ele>
        <time>2025-08-22T19:14:25+00:00</time>
      </trkpt>
      <trkpt lat="45.50409" lon="6.2415">
        <ele>959</ele>
        <time>2025-08-22T19:14:28+00:00</time>
      </trkpt>
      <trkpt lat="45.50413" lon="6.24146">
        <ele>961</ele>
        <time>2025-08-22T19:14:31+00:00</time>
      </trkpt>
      <trkpt lat="45.50432" lon="6.2412">
        <ele>965</ele>
        <time>2025-08-22T19:14:34+00:00</time>
      </trkpt>
      <trkpt lat="45.50437" lon="6.24107">
        <ele>965</ele>
        <time>2025-08-22T19:14:37+00:00</time>
      </trkpt>
      <trkpt lat="45.50448" lon="6.24063">
        <ele>968</ele>
        <time>2025-08-22T19:14:40+00:00</time>
      </trkpt>
      <trkpt lat="45.50448" lon="6.24041">
        <ele>970</ele>
        <time>2025-08-22T19:14:43+00:00</time>
      </trkpt>
      <trkpt lat="45.50442" lon="6.24031">
        <ele>971</ele>
        <time>2025-08-22T19:14:46+00:00</time>
      </trkpt>
      <trkpt lat="45.50437" lon="6.2402">
        <ele>972</ele>
        <time>2025-08-22T19:14:49+00:00</time>
      </trkpt>
      <trkpt lat="45.50437" lon="6.24014">
        <ele>972</ele>
        <time>2025-08-22T19:14:52+00:00</time>
      </trkpt>
      <trkpt lat="45.50436" lon="6.24011">
        <ele>972</ele>
        <time>2025-08-22T19:14:55+00:00</time>
      </trkpt>
      <trkpt lat="45.50442" lon="6.24001">
        <ele>973</ele>
        <time>2025-08-22T19:14:58+00:00</time>
      </trkpt>
      <trkpt lat="45.50451" lon="6.24003">
        <ele>975</ele>
        <time>2025-08-22T19:15:01+00:00</time>
      </trkpt>
      <trkpt lat="45.50453" lon="6.24006">
        <ele>975</ele>
        <time>2025-08-22T19:15:04+00:00</time>
      </trkpt>
      <trkpt lat="45.50453" lon="6.24029">
        <ele>972</ele>
        <time>2025-08-22T19:15:07+00:00</time>
      </trkpt>
      <trkpt lat="45.50456" lon="6.24045">
        <ele>973</ele>
        <time>2025-08-22T19:15:10+00:00</time>
      </trkpt>
      <trkpt lat="45.5046" lon="6.24054">
        <ele>972</ele>
        <time>2025-08-22T19:15:13+00:00</time>
      </trkpt>
      <trkpt lat="45.50483" lon="6.24076">
        <ele>979</ele>
        <time>2025-08-22T19:15:16+00:00</time>
      </trkpt>
      <trkpt lat="45.50517" lon="6.24112">
        <ele>982</ele>
        <time>2025-08-22T19:15:19+00:00</time>
      </trkpt>
      <trkpt lat="45.50532" lon="6.24143">
        <ele>989</ele>
        <time>2025-08-22T19:15:22+00:00</time>
      </trkpt>
      <trkpt lat="45.50536" lon="6.24165">
        <ele>989</ele>
        <time>2025-08-22T19:15:25+00:00</time>
      </trkpt>
      <trkpt lat="45.5054" lon="6.24191">
        <ele>990</ele>
        <time>2025-08-22T19:15:28+00:00</time>
      </trkpt>
      <trkpt lat="45.5056" lon="6.24237">
        <ele>997</ele>
        <time>2025-08-22T19:15:31+00:00</time>
      </trkpt>
      <trkpt lat="45.50561" lon="6.24246">
        <ele>999</ele>
        <time>2025-08-22T19:15:34+00:00</time>
      </trkpt>
      <trkpt lat="45.50559" lon="6.24256">
        <ele>997</ele>
        <time>2025-08-22T19:15:37+00:00</time>
      </trkpt>
      <trkpt lat="45.50553" lon="6.24268">
        <ele>997</ele>
        <time>2025-08-22T19:15:40+00:00</time>
      </trkpt>
      <trkpt lat="45.50541" lon="6.24288">
        <ele>998</ele>
        <time>2025-08-22T19:15:43+00:00</time>
      </trkpt>
      <trkpt lat="45.50538" lon="6.243">
        <ele>997</ele>
        <time>2025-08-22T19:15:46+00:00</time>
      </trkpt>
      <trkpt lat="45.50537" lon="6.24311">
        <ele>999</ele>
        <time>2025-08-22T19:15:49+00:00</time>
      </trkpt>
      <trkpt lat="45.50562" lon="6.24338">
        <ele>1009</ele>
        <time>2025-08-22T19:15:52+00:00</time>
      </trkpt>
      <trkpt lat="45.50569" lon="6.24349">
        <ele>1010</ele>
        <time>2025-08-22T19:15:55+00:00</time>
      </trkpt>
      <trkpt lat="45.50576" lon="6.24365">
        <ele>1016</ele>
        <time>2025-08-22T19:15:58+00:00</time>
      </trkpt>
      <trkpt lat="45.50598" lon="6.24406">
        <ele>1025</ele>
        <time>2025-08-22T19:16:01+00:00</time>
      </trkpt>
      <trkpt lat="45.50614" lon="6.24434">
        <ele>1031</ele>
        <time>2025-08-22T19:16:04+00:00</time>
      </trkpt>
      <trkpt lat="45.50631" lon="6.24467">
        <ele>1040</ele>
        <time>2025-08-22T19:16:07+00:00</time>
      </trkpt>
      <trkpt lat="45.50652" lon="6.24504">
        <ele>1050</ele>
        <time>2025-08-22T19:16:10+00:00</time>
      </trkpt>
      <trkpt lat="45.50688" lon="6.24545">
        <ele>1060</ele>
        <time>2025-08-22T19:16:13+00:00</time>
      </trkpt>
      <trkpt lat="45.50706" lon="6.24568">
        <ele>1066</ele>
        <time>2025-08-22T19:16:16+00:00</time>
      </trkpt>
      <trkpt lat="45.50715" lon="6.24574">
        <ele>1070</ele>
        <time>2025-08-22T19:16:19+00:00</time>
      </trkpt>
      <trkpt lat="45.50722" lon="6.24583">
        <ele>1073</ele>
        <time>2025-08-22T19:16:22+00:00</time>
      </trkpt>
      <trkpt lat="45.5073" lon="6.2459">
        <ele>1073</ele>
        <time>2025-08-22T19:16:25+00:00</time>
      </trkpt>
      <trkpt lat="45.50739" lon="6.24591">
        <ele>1077</ele>
        <time>2025-08-22T19:16:28+00:00</time>
      </trkpt>
      <trkpt lat="45.50748" lon="6.24593">
        <ele>1080</ele>
        <time>2025-08-22T19:16:31+00:00</time>
      </trkpt>
      <trkpt lat="45.50768" lon="6.24627">
        <ele>1087</ele>
        <time>2025-08-22T19:16:34+00:00</time>
      </trkpt>
      <trkpt lat="45.50784" lon="6.24641">
        <ele>1098</ele>
        <time>2025-08-22T19:16:37+00:00</time>
      </trkpt>
      <trkpt lat="45.50792" lon="6.24655">
        <ele>1101</ele>
        <time>2025-08-22T19:16:40+00:00</time>
      </trkpt>
      <trkpt lat="45.50798" lon="6.2467">
        <ele>1102</ele>
        <time>2025-08-22T19:16:43+00:00</time>
      </trkpt>
      <trkpt lat="45.50802" lon="6.24686">
        <ele>1110</ele>
        <time>2025-08-22T19:16:46+00:00</time>
      </trkpt>
      <trkpt lat="45.50803" lon="6.24709">
        <ele>1111</ele>
        <time>2025-08-22T19:16:49+00:00</time>
      </trkpt>
      <trkpt lat="45.50803" lon="6.2473">
        <ele>1112</ele>
        <time>2025-08-22T19:16:52+00:00</time>
      </trkpt>
      <trkpt lat="45.50804" lon="6.24746">
        <ele>1114</ele>
        <time>2025-08-22T19:16:55+00:00</time>
      </trkpt>
      <trkpt lat="45.50808" lon="6.24759">
        <ele>1115</ele>
        <time>2025-08-22T19:16:58+00:00</time>
      </trkpt>
      <trkpt lat="45.50817" lon="6.24774">
        <ele>1117</ele>
        <time>2025-08-22T19:17:01+00:00</time>
      </trkpt>
      <trkpt lat="45.50827" lon="6.24786">
        <ele>1119</ele>
        <time>2025-08-22T19:17:04+00:00</time>
      </trkpt>
      <trkpt lat="45.50835" lon="6.24794">
        <ele>1122</ele>
        <time>2025-08-22T19:17:07+00:00</time>
      </trkpt>
      <trkpt lat="45.50843" lon="6.24797">
        <ele>1125</ele>
        <time>2025-08-22T19:17:10+00:00</time>
      </trkpt>
      <trkpt lat="45.50852" lon="6.24796">
        <ele>1126</ele>
        <time>2025-08-22T19:17:13+00:00</time>
      </trkpt>
      <trkpt lat="45.50868" lon="6.24818">
        <ele>1127</ele>
        <time>2025-08-22T19:17:16+00:00</time>
      </trkpt>
      <trkpt lat="45.50877" lon="6.24839">
        <ele>1130</ele>
        <time>2025-08-22T19:17:19+00:00</time>
      </trkpt>
      <trkpt lat="45.50888" lon="6.24869">
        <ele>1135</ele>
        <time>2025-08-22T19:17:22+00:00</time>
      </trkpt>
      <trkpt lat="45.50895" lon="6.24892">
        <ele>1142</ele>
        <time>2025-08-22T19:17:25+00:00</time>
      </trkpt>
      <trkpt lat="45.50895" lon="6.24916">
        <ele>1145</ele>
        <time>2025-08-22T19:17:28+00:00</time>
      </trkpt>
      <trkpt lat="45.50919" lon="6.24972">
        <ele>1157</ele>
        <time>2025-08-22T19:17:31+00:00</time>
      </trkpt>
      <trkpt lat="45.50932" lon="6.25003">
        <ele>1169</ele>
        <time>2025-08-22T19:17:34+00:00</time>
      </trkpt>
      <trkpt lat="45.50946" lon="6.25037">
        <ele>1178</ele>
        <time>2025-08-22T19:17:37+00:00</time>
      </trkpt>
      <trkpt lat="45.50969" lon="6.25082">
        <ele>1189</ele>
        <time>2025-08-22T19:17:40+00:00</time>
      </trkpt>
      <trkpt lat="45.50981" lon="6.25125">
        <ele>1194</ele>
        <time>2025-08-22T19:17:43+00:00</time>
      </trkpt>
      <trkpt lat="45.50992" lon="6.2514">
        <ele>1203</ele>
        <time>2025-08-22T19:17:46+00:00</time>
      </trkpt>
      <trkpt lat="45.50996" lon="6.25163">
        <ele>1199</ele>
        <time>2025-08-22T19:17:49+00:00</time>
      </trkpt>
      <trkpt lat="45.50999" lon="6.25212">
        <ele>1202</ele>
        <time>2025-08-22T19:17:52+00:00</time>
      </trkpt>
      <trkpt lat="45.5101" lon="6.25234">
        <ele>1206</ele>
        <time>2025-08-22T19:17:55+00:00</time>
      </trkpt>
      <trkpt lat="45.51026" lon="6.25271">
        <ele>1213</ele>
        <time>2025-08-22T19:17:58+00:00</time>
      </trkpt>
      <trkpt lat="45.51039" lon="6.25301">
        <ele>1215</ele>
        <time>2025-08-22T19:18:01+00:00</time>
      </trkpt>
      <trkpt lat="45.51055" lon="6.25337">
        <ele>1225</ele>
        <time>2025-08-22T19:18:04+00:00</time>
      </trkpt>
      <trkpt lat="45.51063" lon="6.25379">
        <ele>1231</ele>
        <time>2025-08-22T19:18:07+00:00</time>
      </trkpt>
      <trkpt lat="45.51079" lon="6.25379">
        <ele>1231</ele>
        <time>2025-08-22T19:18:10+00:00</time>
      </trkpt>
      <trkpt lat="45.51084" lon="6.25389">
        <ele>1231</ele>
        <time>2025-08-22T19:18:13+00:00</time>
      </trkpt>
      <trkpt lat="45.51089" lon="6.25417">
        <ele>1231</ele>
        <time>2025-08-22T19:18:16+00:00</time>
      </trkpt>
      <trkpt lat="45.51093" lon="6.25445">
        <ele>1232</ele>
        <time>2025-08-22T19:18:19+00:00</time>
      </trkpt>
      <trkpt lat="45.511" lon="6.25463">
        <ele>1230</ele>
        <time>2025-08-22T19:18:22+00:00</time>
      </trkpt>
      <trkpt lat="45.51102" lon="6.25485">
        <ele>1237</ele>
        <time>2025-08-22T19:18:25+00:00</time>
      </trkpt>
      <trkpt lat="45.51101" lon="6.25523">
        <ele>1240</ele>
        <time>2025-08-22T19:18:28+00:00</time>
      </trkpt>
      <trkpt lat="45.51105" lon="6.25551">
        <ele>1240</ele>
        <time>2025-08-22T19:18:31+00:00</time>
      </trkpt>
      <trkpt lat="45.51108" lon="6.25581">
        <ele>1240</ele>
        <time>2025-08-22T19:18:34+00:00</time>
      </trkpt>
      <trkpt lat="45.51112" lon="6.25603">
        <ele>1246</ele>
        <time>2025-08-22T19:18:37+00:00</time>
      </trkpt>
      <trkpt lat="45.5112" lon="6.2562">
        <ele>1240</ele>
        <time>2025-08-22T19:18:40+00:00</time>
      </trkpt>
      <trkpt lat="45.51123" lon="6.25629">
        <ele>1245</ele>
        <time>2025-08-22T19:18:43+00:00</time>
      </trkpt>
      <trkpt lat="45.51124" lon="6.25641">
        <ele>1241</ele>
        <time>2025-08-22T19:18:46+00:00</time>
      </trkpt>
      <trkpt lat="45.51118" lon="6.25659">
        <ele>1240</ele>
        <time>2025-08-22T19:18:49+00:00</time>
      </trkpt>
      <trkpt lat="45.51111" lon="6.257">
        <ele>1239</ele>
        <time>2025-08-22T19:18:52+00:00</time>
      </trkpt>
      <trkpt lat="45.51115" lon="6.25723">
        <ele>1239</ele>
        <time>2025-08-22T19:18:55+00:00</time>
      </trkpt>
      <trkpt lat="45.51116" lon="6.25745">
        <ele>1239</ele>
        <time>2025-08-22T19:18:58+00:00</time>
      </trkpt>
      <trkpt lat="45.51114" lon="6.25764">
        <ele>1236</ele>
        <time>2025-08-22T19:19:01+00:00</time>
      </trkpt>
      <trkpt lat="45.51111" lon="6.25775">
        <ele>1239</ele>
        <time>2025-08-22T19:19:04+00:00</time>
      </trkpt>
      <trkpt lat="45.5109" lon="6.25791">
        <ele>1240</ele>
        <time>2025-08-22T19:19:07+00:00</time>
      </trkpt>
      <trkpt lat="45.51081" lon="6.25804">
        <ele>1246</ele>
        <time>2025-08-22T19:19:10+00:00</time>
      </trkpt>
      <trkpt lat="45.51079" lon="6.25815">
        <ele>1242</ele>
        <time>2025-08-22T19:19:13+00:00</time>
      </trkpt>
      <trkpt lat="45.51078" lon="6.25833">
        <ele>1236</ele>
        <time>2025-08-22T19:19:16+00:00</time>
      </trkpt>
      <trkpt lat="45.51081" lon="6.25854">
        <ele>1242</ele>
        <time>2025-08-22T19:19:19+00:00</time>
      </trkpt>
      <trkpt lat="45.51088" lon="6.25882">
        <ele>1249</ele>
        <time>2025-08-22T19:19:22+00:00</time>
      </trkpt>
      <trkpt lat="45.51091" lon="6.25907">
        <ele>1252</ele>
        <time>2025-08-22T19:19:25+00:00</time>
      </trkpt>
      <trkpt lat="45.51091" lon="6.25929">
        <ele>1252</ele>
        <time>2025-08-22T19:19:28+00:00</time>
      </trkpt>
      <trkpt lat="45.5109" lon="6.25952">
        <ele>1248</ele>
        <time>2025-08-22T19:19:31+00:00</time>
      </trkpt>
      <trkpt lat="45.51092" lon="6.25977">
        <ele>1252</ele>
        <time>2025-08-22T19:19:34+00:00</time>
      </trkpt>
      <trkpt lat="45.51095" lon="6.25989">
        <ele>1252</ele>
        <time>2025-08-22T19:19:37+00:00</time>
      </trkpt>
      <trkpt lat="45.51105" lon="6.26009">
        <ele>1258</ele>
        <time>2025-08-22T19:19:40+00:00</time>
      </trkpt>
      <trkpt lat="45.51121" lon="6.26029">
        <ele>1262</ele>
        <time>2025-08-22T19:19:43+00:00</time>
      </trkpt>
      <trkpt lat="45.51146" lon="6.26058">
        <ele>1262</ele>
        <time>2025-08-22T19:19:46+00:00</time>
      </trkpt>
      <trkpt lat="45.51153" lon="6.26062">
        <ele>1262</ele>
        <time>2025-08-22T19:19:49+00:00</time>
      </trkpt>
      <trkpt lat="45.51158" lon="6.26058">
        <ele>1264</ele>
        <time>2025-08-22T19:19:52+00:00</time>
      </trkpt>
      <trkpt lat="45.51172" lon="6.26021">
        <ele>1272</ele>
        <time>2025-08-22T19:19:55+00:00</time>
      </trkpt>
      <trkpt lat="45.5118" lon="6.26015">
        <ele>1275</ele>
        <time>2025-08-22T19:19:58+00:00</time>
      </trkpt>
      <trkpt lat="45.51191" lon="6.26015">
        <ele>1281</ele>
        <time>2025-08-22T19:20:01+00:00</time>
      </trkpt>
      <trkpt lat="45.51207" lon="6.26018">
        <ele>1283</ele>
        <time>2025-08-22T19:20:04+00:00</time>
      </trkpt>
      <trkpt lat="45.5123" lon="6.26032">
        <ele>1291</ele>
        <time>2025-08-22T19:20:07+00:00</time>
      </trkpt>
      <trkpt lat="45.51273" lon="6.26057">
        <ele>1301</ele>
        <time>2025-08-22T19:20:10+00:00</time>
      </trkpt>
      <trkpt lat="45.51289" lon="6.26063">
        <ele>1303</ele>
        <time>2025-08-22T19:20:13+00:00</time>
      </trkpt>
      <trkpt lat="45.51303" lon="6.26067">
        <ele>1306</ele>
        <time>2025-08-22T19:20:16+00:00</time>
      </trkpt>
      <trkpt lat="45.51327" lon="6.26062">
        <ele>1307</ele>
        <time>2025-08-22T19:20:19+00:00</time>
      </trkpt>
      <trkpt lat="45.51339" lon="6.26064">
        <ele>1308</ele>
        <time>2025-08-22T19:20:22+00:00</time>
      </trkpt>
      <trkpt lat="45.51346" lon="6.26071">
        <ele>1309</ele>
        <time>2025-08-22T19:20:25+00:00</time>
      </trkpt>
      <trkpt lat="45.51352" lon="6.26086">
        <ele>1311</ele>
        <time>2025-08-22T19:20:28+00:00</time>
      </trkpt>
      <trkpt lat="45.51363" lon="6.26098">
        <ele>1312</ele>
        <time>2025-08-22T19:20:31+00:00</time>
      </trkpt>
      <trkpt lat="45.51368" lon="6.26112">
        <ele>1313</ele>
        <time>2025-08-22T19:20:34+00:00</time>
      </trkpt>
      <trkpt lat="45.5138" lon="6.2613">
        <ele>1313</ele>
        <time>2025-08-22T19:20:37+00:00</time>
      </trkpt>
      <trkpt lat="45.51389" lon="6.26139">
        <ele>1313</ele>
        <time>2025-08-22T19:20:40+00:00</time>
      </trkpt>
      <trkpt lat="45.51396" lon="6.2615">
        <ele>1313</ele>
        <time>2025-08-22T19:20:43+00:00</time>
      </trkpt>
      <trkpt lat="45.51396" lon="6.26168">
        <ele>1314</ele>
        <time>2025-08-22T19:20:46+00:00</time>
      </trkpt>
      <trkpt lat="45.51395" lon="6.26185">
        <ele>1313</ele>
        <time>2025-08-22T19:20:49+00:00</time>
      </trkpt>
      <trkpt lat="45.51403" lon="6.262">
        <ele>1315</ele>
        <time>2025-08-22T19:20:52+00:00</time>
      </trkpt>
      <trkpt lat="45.51405" lon="6.26218">
        <ele>1313</ele>
        <time>2025-08-22T19:20:55+00:00</time>
      </trkpt>
      <trkpt lat="45.51412" lon="6.26229">
        <ele>1316</ele>
        <time>2025-08-22T19:20:58+00:00</time>
      </trkpt>
      <trkpt lat="45.5141" lon="6.26247">
        <ele>1317</ele>
        <time>2025-08-22T19:21:01+00:00</time>
      </trkpt>
      <trkpt lat="45.51429" lon="6.26228">
        <ele>1319</ele>
        <time>2025-08-22T19:21:04+00:00</time>
      </trkpt>
      <trkpt lat="45.51436" lon="6.26224">
        <ele>1323</ele>
        <time>2025-08-22T19:21:07+00:00</time>
      </trkpt>
      <trkpt lat="45.51441" lon="6.26222">
        <ele>1325</ele>
        <time>2025-08-22T19:21:10+00:00</time>
      </trkpt>
      <trkpt lat="45.51447" lon="6.26223">
        <ele>1325</ele>
        <time>2025-08-22T19:21:13+00:00</time>
      </trkpt>
      <trkpt lat="45.51456" lon="6.26223">
        <ele>1326</ele>
        <time>2025-08-22T19:21:16+00:00</time>
      </trkpt>
      <trkpt lat="45.51464" lon="6.26227">
        <ele>1327</ele>
        <time>2025-08-22T19:21:19+00:00</time>
      </trkpt>
      <trkpt lat="45.5147" lon="6.26233">
        <ele>1328</ele>
        <time>2025-08-22T19:21:22+00:00</time>
      </trkpt>
      <trkpt lat="45.51478" lon="6.26251">
        <ele>1330</ele>
        <time>2025-08-22T19:21:25+00:00</time>
      </trkpt>
      <trkpt lat="45.51488" lon="6.26268">
        <ele>1331</ele>
        <time>2025-08-22T19:21:28+00:00</time>
      </trkpt>
      <trkpt lat="45.51492" lon="6.26273">
        <ele>1331</ele>
        <time>2025-08-22T19:21:31+00:00</time>
      </trkpt>
      <trkpt lat="45.51496" lon="6.26276">
        <ele>1331</ele>
        <time>2025-08-22T19:21:34+00:00</time>
      </trkpt>
      <trkpt lat="45.51507" lon="6.26279">
        <ele>1331</ele>
        <time>2025-08-22T19:21:37+00:00</time>
      </trkpt>
      <trkpt lat="45.51511" lon="6.26253">
        <ele>1331</ele>
        <time>2025-08-22T19:21:40+00:00</time>
      </trkpt>
      <trkpt lat="45.51511" lon="6.26241">
        <ele>1331</ele>
        <time>2025-08-22T19:21:43+00:00</time>
      </trkpt>
      <trkpt lat="45.51507" lon="6.26224">
        <ele>1330</ele>
        <time>2025-08-22T19:21:46+00:00</time>
      </trkpt>
      <trkpt lat="45.51503" lon="6.26213">
        <ele>1331</ele>
        <time>2025-08-22T19:21:49+00:00</time>
      </trkpt>
      <trkpt lat="45.51499" lon="6.26198">
        <ele>1330</ele>
        <time>2025-08-22T19:21:52+00:00</time>
      </trkpt>
      <trkpt lat="45.51497" lon="6.26186">
        <ele>1331</ele>
        <time>2025-08-22T19:21:55+00:00</time>
      </trkpt>
      <trkpt lat="45.51497" lon="6.26168">
        <ele>1329</ele>
        <time>2025-08-22T19:21:58+00:00</time>
      </trkpt>
      <trkpt lat="45.51499" lon="6.26158">
        <ele>1329</ele>
        <time>2025-08-22T19:22:01+00:00</time>
      </trkpt>
      <trkpt lat="45.51505" lon="6.26147">
        <ele>1330</ele>
        <time>2025-08-22T19:22:04+00:00</time>
      </trkpt>
      <trkpt lat="45.51511" lon="6.26139">
        <ele>1329</ele>
        <time>2025-08-22T19:22:07+00:00</time>
      </trkpt>
      <trkpt lat="45.51524" lon="6.26124">
        <ele>1330</ele>
        <time>2025-08-22T19:22:10+00:00</time>
      </trkpt>
      <trkpt lat="45.51529" lon="6.26111">
        <ele>1329</ele>
        <time>2025-08-22T19:22:13+00:00</time>
      </trkpt>
      <trkpt lat="45.51533" lon="6.26093">
        <ele>1331</ele>
        <time>2025-08-22T19:22:16+00:00</time>
      </trkpt>
      <trkpt lat="45.51541" lon="6.26067">
        <ele>1331</ele>
        <time>2025-08-22T19:22:19+00:00</time>
      </trkpt>
      <trkpt lat="45.5155" lon="6.26036">
        <ele>1330</ele>
        <time>2025-08-22T19:22:22+00:00</time>
      </trkpt>
      <trkpt lat="45.51561" lon="6.25994">
        <ele>1329</ele>
        <time>2025-08-22T19:22:25+00:00</time>
      </trkpt>
      <trkpt lat="45.51566" lon="6.25996">
        <ele>1329</ele>
        <time>2025-08-22T19:22:28+00:00</time>
      </trkpt>
      <trkpt lat="45.51574" lon="6.26001">
        <ele>1330</ele>
        <time>2025-08-22T19:22:31+00:00</time>
      </trkpt>
      <trkpt lat="45.51581" lon="6.26007">
        <ele>1329</ele>
        <time>2025-08-22T19:22:34+00:00</time>
      </trkpt>
      <trkpt lat="45.51596" lon="6.26023">
        <ele>1330</ele>
        <time>2025-08-22T19:22:37+00:00</time>
      </trkpt>
      <trkpt lat="45.51607" lon="6.26028">
        <ele>1329</ele>
        <time>2025-08-22T19:22:40+00:00</time>
      </trkpt>
      <trkpt lat="45.51615" lon="6.2603">
        <ele>1327</ele>
        <time>2025-08-22T19:22:43+00:00</time>
      </trkpt>
      <trkpt lat="45.51636" lon="6.26031">
        <ele>1331</ele>
        <time>2025-08-22T19:22:46+00:00</time>
      </trkpt>
      <trkpt lat="45.51649" lon="6.26035">
        <ele>1331</ele>
        <time>2025-08-22T19:22:49+00:00</time>
      </trkpt>
      <trkpt lat="45.51671" lon="6.26036">
        <ele>1331</ele>
        <time>2025-08-22T19:22:52+00:00</time>
      </trkpt>
      <trkpt lat="45.51678" lon="6.26029">
        <ele>1328</ele>
        <time>2025-08-22T19:22:55+00:00</time>
      </trkpt>
      <trkpt lat="45.51684" lon="6.2602">
        <ele>1329</ele>
        <time>2025-08-22T19:22:58+00:00</time>
      </trkpt>
      <trkpt lat="45.51689" lon="6.2601">
        <ele>1331</ele>
        <time>2025-08-22T19:23:01+00:00</time>
      </trkpt>
      <trkpt lat="45.51694" lon="6.25994">
        <ele>1329</ele>
        <time>2025-08-22T19:23:04+00:00</time>
      </trkpt>
      <trkpt lat="45.51723" lon="6.25984">
        <ele>1330</ele>
        <time>2025-08-22T19:23:07+00:00</time>
      </trkpt>
      <trkpt lat="45.51734" lon="6.25984">
        <ele>1332</ele>
        <time>2025-08-22T19:23:10+00:00</time>
      </trkpt>
      <trkpt lat="45.51748" lon="6.2598">
        <ele>1330</ele>
        <time>2025-08-22T19:23:13+00:00</time>
      </trkpt>
      <trkpt lat="45.51761" lon="6.2598">
        <ele>1332</ele>
        <time>2025-08-22T19:23:16+00:00</time>
      </trkpt>
      <trkpt lat="45.5177" lon="6.25983">
        <ele>1334</ele>
        <time>2025-08-22T19:23:19+00:00</time>
      </trkpt>
      <trkpt lat="45.51788" lon="6.25993">
        <ele>1334</ele>
        <time>2025-08-22T19:23:22+00:00</time>
      </trkpt>
      <trkpt lat="45.51819" lon="6.26008">
        <ele>1334</ele>
        <time>2025-08-22T19:23:25+00:00</time>
      </trkpt>
      <trkpt lat="45.51834" lon="6.26016">
        <ele>1334</ele>
        <time>2025-08-22T19:23:28+00:00</time>
      </trkpt>
      <trkpt lat="45.51847" lon="6.2602">
        <ele>1334</ele>
        <time>2025-08-22T19:23:31+00:00</time>
      </trkpt>
      <trkpt lat="45.51859" lon="6.26018">
        <ele>1333</ele>
        <time>2025-08-22T19:23:34+00:00</time>
      </trkpt>
      <trkpt lat="45.51879" lon="6.25992">
        <ele>1335</ele>
        <time>2025-08-22T19:23:37+00:00</time>
      </trkpt>
      <trkpt lat="45.51893" lon="6.25986">
        <ele>1336</ele>
        <time>2025-08-22T19:23:40+00:00</time>
      </trkpt>
      <trkpt lat="45.51902" lon="6.25985">
        <ele>1337</ele>
        <time>2025-08-22T19:23:43+00:00</time>
      </trkpt>
      <trkpt lat="45.51911" lon="6.25986">
        <ele>1337</ele>
        <time>2025-08-22T19:23:46+00:00</time>
      </trkpt>
      <trkpt lat="45.51925" lon="6.25993">
        <ele>1339</ele>
        <time>2025-08-22T19:23:49+00:00</time>
      </trkpt>
      <trkpt lat="45.51937" lon="6.26002">
        <ele>1339</ele>
        <time>2025-08-22T19:23:52+00:00</time>
      </trkpt>
      <trkpt lat="45.5195" lon="6.26008">
        <ele>1339</ele>
        <time>2025-08-22T19:23:55+00:00</time>
      </trkpt>
      <trkpt lat="45.51977" lon="6.26006">
        <ele>1339</ele>
        <time>2025-08-22T19:23:58+00:00</time>
      </trkpt>
      <trkpt lat="45.51987" lon="6.2601">
        <ele>1340</ele>
        <time>2025-08-22T19:24:01+00:00</time>
      </trkpt>
      <trkpt lat="45.51996" lon="6.26018">
        <ele>1341</ele>
        <time>2025-08-22T19:24:04+00:00</time>
      </trkpt>
      <trkpt lat="45.52003" lon="6.26028">
        <ele>1341</ele>
        <time>2025-08-22T19:24:07+00:00</time>
      </trkpt>
      <trkpt lat="45.52018" lon="6.26052">
        <ele>1341</ele>
        <time>2025-08-22T19:24:10+00:00</time>
      </trkpt>
      <trkpt lat="45.52025" lon="6.26057">
        <ele>1340</ele>
        <time>2025-08-22T19:24:13+00:00</time>
      </trkpt>
      <trkpt lat="45.52039" lon="6.26059">
        <ele>1340</ele>
        <time>2025-08-22T19:24:16+00:00</time>
      </trkpt>
      <trkpt lat="45.52045" lon="6.26059">
        <ele>1340</ele>
        <time>2025-08-22T19:24:19+00:00</time>
      </trkpt>
      <trkpt lat="45.52053" lon="6.26053">
        <ele>1340</ele>
        <time>2025-08-22T19:24:22+00:00</time>
      </trkpt>
      <trkpt lat="45.52069" lon="6.26053">
        <ele>1339</ele>
        <time>2025-08-22T19:24:25+00:00</time>
      </trkpt>
      <trkpt lat="45.52082" lon="6.2606">
        <ele>1338</ele>
        <time>2025-08-22T19:24:28+00:00</time>
      </trkpt>
      <trkpt lat="45.52091" lon="6.26066">
        <ele>1339</ele>
        <time>2025-08-22T19:24:31+00:00</time>
      </trkpt>
      <trkpt lat="45.52108" lon="6.26069">
        <ele>1338</ele>
        <time>2025-08-22T19:24:34+00:00</time>
      </trkpt>
      <trkpt lat="45.52115" lon="6.26069">
        <ele>1339</ele>
        <time>2025-08-22T19:24:37+00:00</time>
      </trkpt>
      <trkpt lat="45.52132" lon="6.26046">
        <ele>1340</ele>
        <time>2025-08-22T19:24:40+00:00</time>
      </trkpt>
      <trkpt lat="45.5214" lon="6.26028">
        <ele>1339</ele>
        <time>2025-08-22T19:24:43+00:00</time>
      </trkpt>
      <trkpt lat="45.52153" lon="6.26007">
        <ele>1341</ele>
        <time>2025-08-22T19:24:46+00:00</time>
      </trkpt>
      <trkpt lat="45.52169" lon="6.25981">
        <ele>1342</ele>
        <time>2025-08-22T19:24:49+00:00</time>
      </trkpt>
      <trkpt lat="45.52179" lon="6.25966">
        <ele>1342</ele>
        <time>2025-08-22T19:24:52+00:00</time>
      </trkpt>
      <trkpt lat="45.52187" lon="6.25952">
        <ele>1342</ele>
        <time>2025-08-22T19:24:55+00:00</time>
      </trkpt>
      <trkpt lat="45.52199" lon="6.25937">
        <ele>1344</ele>
        <time>2025-08-22T19:24:58+00:00</time>
      </trkpt>
      <trkpt lat="45.52207" lon="6.25923">
        <ele>1343</ele>
        <time>2025-08-22T19:25:01+00:00</time>
      </trkpt>
      <trkpt lat="45.52217" lon="6.25917">
        <ele>1346</ele>
        <time>2025-08-22T19:25:04+00:00</time>
      </trkpt>
      <trkpt lat="45.52238" lon="6.25915">
        <ele>1341</ele>
        <time>2025-08-22T19:25:07+00:00</time>
      </trkpt>
      <trkpt lat="45.52264" lon="6.25916">
        <ele>1340</ele>
        <time>2025-08-22T19:25:10+00:00</time>
      </trkpt>
      <trkpt lat="45.52289" lon="6.25918">
        <ele>1338</ele>
        <time>2025-08-22T19:25:13+00:00</time>
      </trkpt>
      <trkpt lat="45.52324" lon="6.25922">
        <ele>1335</ele>
        <time>2025-08-22T19:25:16+00:00</time>
      </trkpt>
      <trkpt lat="45.52353" lon="6.25928">
        <ele>1330</ele>
        <time>2025-08-22T19:25:19+00:00</time>
      </trkpt>
      <trkpt lat="45.52375" lon="6.25944">
        <ele>1327</ele>
        <time>2025-08-22T19:25:22+00:00</time>
      </trkpt>
      <trkpt lat="45.52404" lon="6.25976">
        <ele>1317</ele>
        <time>2025-08-22T19:25:25+00:00</time>
      </trkpt>
      <trkpt lat="45.52427" lon="6.25988">
        <ele>1317</ele>
        <time>2025-08-22T19:25:28+00:00</time>
      </trkpt>
      <trkpt lat="45.52447" lon="6.25995">
        <ele>1317</ele>
        <time>2025-08-22T19:25:31+00:00</time>
      </trkpt>
      <trkpt lat="45.52465" lon="6.26005">
        <ele>1317</ele>
        <time>2025-08-22T19:25:34+00:00</time>
      </trkpt>
      <trkpt lat="45.52476" lon="6.26015">
        <ele>1318</ele>
        <time>2025-08-22T19:25:37+00:00</time>
      </trkpt>
      <trkpt lat="45.52493" lon="6.26006">
        <ele>1316</ele>
        <time>2025-08-22T19:25:40+00:00</time>
      </trkpt>
      <trkpt lat="45.52524" lon="6.25987">
        <ele>1316</ele>
        <time>2025-08-22T19:25:43+00:00</time>
      </trkpt>
      <trkpt lat="45.52548" lon="6.25966">
        <ele>1314</ele>
        <time>2025-08-22T19:25:46+00:00</time>
      </trkpt>
      <trkpt lat="45.52572" lon="6.25912">
        <ele>1310</ele>
        <time>2025-08-22T19:25:49+00:00</time>
      </trkpt>
      <trkpt lat="45.52588" lon="6.25883">
        <ele>1308</ele>
        <time>2025-08-22T19:25:52+00:00</time>
      </trkpt>
      <trkpt lat="45.52609" lon="6.25867">
        <ele>1308</ele>
        <time>2025-08-22T19:25:55+00:00</time>
      </trkpt>
      <trkpt lat="45.5263" lon="6.25852">
        <ele>1307</ele>
        <time>2025-08-22T19:25:58+00:00</time>
      </trkpt>
      <trkpt lat="45.52655" lon="6.25818">
        <ele>1297</ele>
        <time>2025-08-22T19:26:01+00:00</time>
      </trkpt>
      <trkpt lat="45.5268" lon="6.25802">
        <ele>1292</ele>
        <time>2025-08-22T19:26:04+00:00</time>
      </trkpt>
      <trkpt lat="45.52714" lon="6.2578">
        <ele>1286</ele>
        <time>2025-08-22T19:26:07+00:00</time>
      </trkpt>
      <trkpt lat="45.52743" lon="6.25771">
        <ele>1288</ele>
        <time>2025-08-22T19:26:10+00:00</time>
      </trkpt>
      <trkpt lat="45.52769" lon="6.2575">
        <ele>1290</ele>
        <time>2025-08-22T19:26:13+00:00</time>
      </trkpt>
      <trkpt lat="45.52787" lon="6.25739">
        <ele>1295</ele>
        <time>2025-08-22T19:26:16+00:00</time>
      </trkpt>
      <trkpt lat="45.52831" lon="6.25721">
        <ele>1295</ele>
        <time>2025-08-22T19:26:19+00:00</time>
      </trkpt>
      <trkpt lat="45.52859" lon="6.25718">
        <ele>1295</ele>
        <time>2025-08-22T19:26:22+00:00</time>
      </trkpt>
      <trkpt lat="45.52883" lon="6.25711">
        <ele>1296</ele>
        <time>2025-08-22T19:26:25+00:00</time>
      </trkpt>
      <trkpt lat="45.52911" lon="6.25703">
        <ele>1295</ele>
        <time>2025-08-22T19:26:28+00:00</time>
      </trkpt>
      <trkpt lat="45.52945" lon="6.25685">
        <ele>1294</ele>
        <time>2025-08-22T19:26:31+00:00</time>
      </trkpt>
      <trkpt lat="45.5297" lon="6.25671">
        <ele>1292</ele>
        <time>2025-08-22T19:26:34+00:00</time>
      </trkpt>
      <trkpt lat="45.52995" lon="6.25653">
        <ele>1291</ele>
        <time>2025-08-22T19:26:37+00:00</time>
      </trkpt>
      <trkpt lat="45.5302" lon="6.25628">
        <ele>1289</ele>
        <time>2025-08-22T19:26:40+00:00</time>
      </trkpt>
      <trkpt lat="45.53042" lon="6.25608">
        <ele>1287</ele>
        <time>2025-08-22T19:26:43+00:00</time>
      </trkpt>
      <trkpt lat="45.53058" lon="6.25598">
        <ele>1285</ele>
        <time>2025-08-22T19:26:46+00:00</time>
      </trkpt>
      <trkpt lat="45.53075" lon="6.25593">
        <ele>1281</ele>
        <time>2025-08-22T19:26:49+00:00</time>
      </trkpt>
      <trkpt lat="45.53088" lon="6.25602">
        <ele>1279</ele>
        <time>2025-08-22T19:26:52+00:00</time>
      </trkpt>
      <trkpt lat="45.531" lon="6.25609">
        <ele>1275</ele>
        <time>2025-08-22T19:26:55+00:00</time>
      </trkpt>
      <trkpt lat="45.53111" lon="6.25618">
        <ele>1264</ele>
        <time>2025-08-22T19:26:58+00:00</time>
      </trkpt>
      <trkpt lat="45.5313" lon="6.25658">
        <ele>1260</ele>
        <time>2025-08-22T19:27:01+00:00</time>
      </trkpt>
      <trkpt lat="45.53143" lon="6.2566">
        <ele>1248</ele>
        <time>2025-08-22T19:27:04+00:00</time>
      </trkpt>
      <trkpt lat="45.53156" lon="6.25664">
        <ele>1243</ele>
        <time>2025-08-22T19:27:07+00:00</time>
      </trkpt>
      <trkpt lat="45.53172" lon="6.25689">
        <ele>1232</ele>
        <time>2025-08-22T19:27:10+00:00</time>
      </trkpt>
      <trkpt lat="45.53182" lon="6.25689">
        <ele>1227</ele>
        <time>2025-08-22T19:27:13+00:00</time>
      </trkpt>
      <trkpt lat="45.53197" lon="6.25668">
        <ele>1218</ele>
        <time>2025-08-22T19:27:16+00:00</time>
      </trkpt>
      <trkpt lat="45.53211" lon="6.25672">
        <ele>1210</ele>
        <time>2025-08-22T19:27:19+00:00</time>
      </trkpt>
      <trkpt lat="45.53226" lon="6.25682">
        <ele>1205</ele>
        <time>2025-08-22T19:27:22+00:00</time>
      </trkpt>
      <trkpt lat="45.53242" lon="6.25693">
        <ele>1198</ele>
        <time>2025-08-22T19:27:25+00:00</time>
      </trkpt>
      <trkpt lat="45.53265" lon="6.25713">
        <ele>1192</ele>
        <time>2025-08-22T19:27:28+00:00</time>
      </trkpt>
      <trkpt lat="45.53287" lon="6.2573">
        <ele>1186</ele>
        <time>2025-08-22T19:27:31+00:00</time>
      </trkpt>
      <trkpt lat="45.53313" lon="6.2575">
        <ele>1173</ele>
        <time>2025-08-22T19:27:34+00:00</time>
      </trkpt>
      <trkpt lat="45.5335" lon="6.25782">
        <ele>1169</ele>
        <time>2025-08-22T19:27:37+00:00</time>
      </trkpt>
      <trkpt lat="45.53386" lon="6.25819">
        <ele>1162</ele>
        <time>2025-08-22T19:27:40+00:00</time>
      </trkpt>
      <trkpt lat="45.53404" lon="6.25828">
        <ele>1155</ele>
        <time>2025-08-22T19:27:43+00:00</time>
      </trkpt>
      <trkpt lat="45.53429" lon="6.2583">
        <ele>1148</ele>
        <time>2025-08-22T19:27:46+00:00</time>
      </trkpt>
      <trkpt lat="45.53447" lon="6.25836">
        <ele>1144</ele>
        <time>2025-08-22T19:27:49+00:00</time>
      </trkpt>
      <trkpt lat="45.53461" lon="6.25847">
        <ele>1137</ele>
        <time>2025-08-22T19:27:52+00:00</time>
      </trkpt>
      <trkpt lat="45.53476" lon="6.2586">
        <ele>1135</ele>
        <time>2025-08-22T19:27:55+00:00</time>
      </trkpt>
      <trkpt lat="45.53497" lon="6.25881">
        <ele>1133</ele>
        <time>2025-08-22T19:27:58+00:00</time>
      </trkpt>
      <trkpt lat="45.53518" lon="6.25902">
        <ele>1129</ele>
        <time>2025-08-22T19:28:01+00:00</time>
      </trkpt>
      <trkpt lat="45.5354" lon="6.25924">
        <ele>1122</ele>
        <time>2025-08-22T19:28:04+00:00</time>
      </trkpt>
      <trkpt lat="45.53554" lon="6.25941">
        <ele>1114</ele>
        <time>2025-08-22T19:28:07+00:00</time>
      </trkpt>
      <trkpt lat="45.5357" lon="6.25953">
        <ele>1112</ele>
        <time>2025-08-22T19:28:10+00:00</time>
      </trkpt>
      <trkpt lat="45.5359" lon="6.25968">
        <ele>1106</ele>
        <time>2025-08-22T19:28:13+00:00</time>
      </trkpt>
      <trkpt lat="45.53606" lon="6.25977">
        <ele>1102</ele>
        <time>2025-08-22T19:28:16+00:00</time>
      </trkpt>
      <trkpt lat="45.5363" lon="6.25986">
        <ele>1094</ele>
        <time>2025-08-22T19:28:19+00:00</time>
      </trkpt>
      <trkpt lat="45.53634" lon="6.25993">
        <ele>1093</ele>
        <time>2025-08-22T19:28:22+00:00</time>
      </trkpt>
      <trkpt lat="45.53641" lon="6.26011">
        <ele>1090</ele>
        <time>2025-08-22T19:28:25+00:00</time>
      </trkpt>
      <trkpt lat="45.5365" lon="6.26031">
        <ele>1091</ele>
        <time>2025-08-22T19:28:28+00:00</time>
      </trkpt>
      <trkpt lat="45.5366" lon="6.26044">
        <ele>1089</ele>
        <time>2025-08-22T19:28:31+00:00</time>
      </trkpt>
      <trkpt lat="45.53675" lon="6.26061">
        <ele>1086</ele>
        <time>2025-08-22T19:28:34+00:00</time>
      </trkpt>
      <trkpt lat="45.53679" lon="6.26069">
        <ele>1086</ele>
        <time>2025-08-22T19:28:37+00:00</time>
      </trkpt>
      <trkpt lat="45.5368" lon="6.26072">
        <ele>1088</ele>
        <time>2025-08-22T19:28:40+00:00</time>
      </trkpt>
      <trkpt lat="45.53679" lon="6.26077">
        <ele>1088</ele>
        <time>2025-08-22T19:28:43+00:00</time>
      </trkpt>
      <trkpt lat="45.53672" lon="6.26083">
        <ele>1086</ele>
        <time>2025-08-22T19:28:46+00:00</time>
      </trkpt>
      <trkpt lat="45.53668" lon="6.26084">
        <ele>1087</ele>
        <time>2025-08-22T19:28:49+00:00</time>
      </trkpt>
      <trkpt lat="45.53671" lon="6.26095">
        <ele>1086</ele>
        <time>2025-08-22T19:28:52+00:00</time>
      </trkpt>
      <trkpt lat="45.53684" lon="6.26103">
        <ele>1085</ele>
        <time>2025-08-22T19:28:55+00:00</time>
      </trkpt>
      <trkpt lat="45.53699" lon="6.26111">
        <ele>1082</ele>
        <time>2025-08-22T19:28:58+00:00</time>
      </trkpt>
      <trkpt lat="45.53716" lon="6.26113">
        <ele>1078</ele>
        <time>2025-08-22T19:29:01+00:00</time>
      </trkpt>
      <trkpt lat="45.53731" lon="6.2612">
        <ele>1074</ele>
        <time>2025-08-22T19:29:04+00:00</time>
      </trkpt>
      <trkpt lat="45.53745" lon="6.26128">
        <ele>1068</ele>
        <time>2025-08-22T19:29:07+00:00</time>
      </trkpt>
      <trkpt lat="45.53759" lon="6.26143">
        <ele>1060</ele>
        <time>2025-08-22T19:29:10+00:00</time>
      </trkpt>
      <trkpt lat="45.53775" lon="6.26163">
        <ele>1057</ele>
        <time>2025-08-22T19:29:13+00:00</time>
      </trkpt>
      <trkpt lat="45.53784" lon="6.26173">
        <ele>1055</ele>
        <time>2025-08-22T19:29:16+00:00</time>
      </trkpt>
      <trkpt lat="45.53805" lon="6.26191">
        <ele>1049</ele>
        <time>2025-08-22T19:29:19+00:00</time>
      </trkpt>
      <trkpt lat="45.53837" lon="6.26218">
        <ele>1041</ele>
        <time>2025-08-22T19:29:22+00:00</time>
      </trkpt>
      <trkpt lat="45.53847" lon="6.26223">
        <ele>1039</ele>
        <time>2025-08-22T19:29:25+00:00</time>
      </trkpt>
      <trkpt lat="45.5388" lon="6.26244">
        <ele>1030</ele>
        <time>2025-08-22T19:29:28+00:00</time>
      </trkpt>
      <trkpt lat="45.53901" lon="6.26263">
        <ele>1019</ele>
        <time>2025-08-22T19:29:31+00:00</time>
      </trkpt>
      <trkpt lat="45.53915" lon="6.26281">
        <ele>1013</ele>
        <time>2025-08-22T19:29:34+00:00</time>
      </trkpt>
      <trkpt lat="45.53929" lon="6.26295">
        <ele>1008</ele>
        <time>2025-08-22T19:29:37+00:00</time>
      </trkpt>
      <trkpt lat="45.53946" lon="6.26313">
        <ele>1004</ele>
        <time>2025-08-22T19:29:40+00:00</time>
      </trkpt>
      <trkpt lat="45.53962" lon="6.26334">
        <ele>999</ele>
        <time>2025-08-22T19:29:43+00:00</time>
      </trkpt>
      <trkpt lat="45.53995" lon="6.26369">
        <ele>990</ele>
        <time>2025-08-22T19:29:46+00:00</time>
      </trkpt>
      <trkpt lat="45.54005" lon="6.26386">
        <ele>986</ele>
        <time>2025-08-22T19:29:49+00:00</time>
      </trkpt>
      <trkpt lat="45.54016" lon="6.26422">
        <ele>982</ele>
        <time>2025-08-22T19:29:52+00:00</time>
      </trkpt>
      <trkpt lat="45.54026" lon="6.26441">
        <ele>979</ele>
        <time>2025-08-22T19:29:55+00:00</time>
      </trkpt>
      <trkpt lat="45.54028" lon="6.26454">
        <ele>978</ele>
        <time>2025-08-22T19:29:58+00:00</time>
      </trkpt>
      <trkpt lat="45.5404" lon="6.26477">
        <ele>974</ele>
        <time>2025-08-22T19:30:01+00:00</time>
      </trkpt>
      <trkpt lat="45.54045" lon="6.26488">
        <ele>971</ele>
        <time>2025-08-22T19:30:04+00:00</time>
      </trkpt>
      <trkpt lat="45.54058" lon="6.26492">
        <ele>967</ele>
        <time>2025-08-22T19:30:07+00:00</time>
      </trkpt>
      <trkpt lat="45.54065" lon="6.26502">
        <ele>963</ele>
        <time>2025-08-22T19:30:10+00:00</time>
      </trkpt>
      <trkpt lat="45.5407" lon="6.26512">
        <ele>962</ele>
        <time>2025-08-22T19:30:13+00:00</time>
      </trkpt>
      <trkpt lat="45.54074" lon="6.26525">
        <ele>959</ele>
        <time>2025-08-22T19:30:16+00:00</time>
      </trkpt>
      <trkpt lat="45.54073" lon="6.26541">
        <ele>954</ele>
        <time>2025-08-22T19:30:19+00:00</time>
      </trkpt>
      <trkpt lat="45.54072" lon="6.26551">
        <ele>952</ele>
        <time>2025-08-22T19:30:22+00:00</time>
      </trkpt>
      <trkpt lat="45.54065" lon="6.26569">
        <ele>948</ele>
        <time>2025-08-22T19:30:25+00:00</time>
      </trkpt>
      <trkpt lat="45.54064" lon="6.26578">
        <ele>945</ele>
        <time>2025-08-22T19:30:28+00:00</time>
      </trkpt>
      <trkpt lat="45.54064" lon="6.26592">
        <ele>941</ele>
        <time>2025-08-22T19:30:31+00:00</time>
      </trkpt>
      <trkpt lat="45.54069" lon="6.26613">
        <ele>938</ele>
        <time>2025-08-22T19:30:34+00:00</time>
      </trkpt>
      <trkpt lat="45.54073" lon="6.26625">
        <ele>937</ele>
        <time>2025-08-22T19:30:37+00:00</time>
      </trkpt>
      <trkpt lat="45.54081" lon="6.26646">
        <ele>935</ele>
        <time>2025-08-22T19:30:40+00:00</time>
      </trkpt>
      <trkpt lat="45.54087" lon="6.26667">
        <ele>930</ele>
        <time>2025-08-22T19:30:43+00:00</time>
      </trkpt>
      <trkpt lat="45.54095" lon="6.26688">
        <ele>927</ele>
        <time>2025-08-22T19:30:46+00:00</time>
      </trkpt>
      <trkpt lat="45.54096" lon="6.26692">
        <ele>925</ele>
        <time>2025-08-22T19:30:49+00:00</time>
      </trkpt>
      <trkpt lat="45.54126" lon="6.26734">
        <ele>915</ele>
        <time>2025-08-22T19:30:52+00:00</time>
      </trkpt>
      <trkpt lat="45.54148" lon="6.26766">
        <ele>908</ele>
        <time>2025-08-22T19:30:55+00:00</time>
      </trkpt>
      <trkpt lat="45.5416" lon="6.26781">
        <ele>901</ele>
        <time>2025-08-22T19:30:58+00:00</time>
      </trkpt>
      <trkpt lat="45.54172" lon="6.26798">
        <ele>896</ele>
        <time>2025-08-22T19:31:01+00:00</time>
      </trkpt>
      <trkpt lat="45.54186" lon="6.26818">
        <ele>887</ele>
        <time>2025-08-22T19:31:04+00:00</time>
      </trkpt>
      <trkpt lat="45.542" lon="6.26834">
        <ele>881</ele>
        <time>2025-08-22T19:31:07+00:00</time>
      </trkpt>
      <trkpt lat="45.54209" lon="6.26849">
        <ele>877</ele>
        <time>2025-08-22T19:31:10+00:00</time>
      </trkpt>
      <trkpt lat="45.54219" lon="6.26863">
        <ele>872</ele>
        <time>2025-08-22T19:31:13+00:00</time>
      </trkpt>
      <trkpt lat="45.54228" lon="6.26877">
        <ele>867</ele>
        <time>2025-08-22T19:31:16+00:00</time>
      </trkpt>
      <trkpt lat="45.54235" lon="6.26885">
        <ele>864</ele>
        <time>2025-08-22T19:31:19+00:00</time>
      </trkpt>
      <trkpt lat="45.54244" lon="6.26898">
        <ele>860</ele>
        <time>2025-08-22T19:31:22+00:00</time>
      </trkpt>
      <trkpt lat="45.54264" lon="6.26924">
        <ele>851</ele>
        <time>2025-08-22T19:31:25+00:00</time>
      </trkpt>
      <trkpt lat="45.54289" lon="6.26954">
        <ele>844</ele>
        <time>2025-08-22T19:31:28+00:00</time>
      </trkpt>
      <trkpt lat="45.54302" lon="6.26971">
        <ele>839</ele>
        <time>2025-08-22T19:31:31+00:00</time>
      </trkpt>
      <trkpt lat="45.54322" lon="6.26999">
        <ele>833</ele>
        <time>2025-08-22T19:31:34+00:00</time>
      </trkpt>
      <trkpt lat="45.54328" lon="6.2701">
        <ele>832</ele>
        <time>2025-08-22T19:31:37+00:00</time>
      </trkpt>
      <trkpt lat="45.54331" lon="6.27024">
        <ele>827</ele>
        <time>2025-08-22T19:31:40+00:00</time>
      </trkpt>
      <trkpt lat="45.54337" lon="6.27029">
        <ele>827</ele>
        <time>2025-08-22T19:31:43+00:00</time>
      </trkpt>
      <trkpt lat="45.54341" lon="6.27031">
        <ele>826</ele>
        <time>2025-08-22T19:31:46+00:00</time>
      </trkpt>
      <trkpt lat="45.54346" lon="6.27031">
        <ele>826</ele>
        <time>2025-08-22T19:31:49+00:00</time>
      </trkpt>
      <trkpt lat="45.5435" lon="6.27027">
        <ele>827</ele>
        <time>2025-08-22T19:31:52+00:00</time>
      </trkpt>
      <trkpt lat="45.54352" lon="6.2702">
        <ele>825</ele>
        <time>2025-08-22T19:31:55+00:00</time>
      </trkpt>
      <trkpt lat="45.54354" lon="6.2701">
        <ele>826</ele>
        <time>2025-08-22T19:31:58+00:00</time>
      </trkpt>
      <trkpt lat="45.54357" lon="6.27007">
        <ele>826</ele>
        <time>2025-08-22T19:32:01+00:00</time>
      </trkpt>
      <trkpt lat="45.54362" lon="6.27009">
        <ele>823</ele>
        <time>2025-08-22T19:32:04+00:00</time>
      </trkpt>
      <trkpt lat="45.54366" lon="6.27018">
        <ele>823</ele>
        <time>2025-08-22T19:32:07+00:00</time>
      </trkpt>
      <trkpt lat="45.54366" lon="6.27063">
        <ele>819</ele>
        <time>2025-08-22T19:32:10+00:00</time>
      </trkpt>
      <trkpt lat="45.54365" lon="6.27066">
        <ele>819</ele>
        <time>2025-08-22T19:32:13+00:00</time>
      </trkpt>
      <trkpt lat="45.54356" lon="6.27075">
        <ele>817</ele>
        <time>2025-08-22T19:32:16+00:00</time>
      </trkpt>
      <trkpt lat="45.5435" lon="6.27079">
        <ele>815</ele>
        <time>2025-08-22T19:32:19+00:00</time>
      </trkpt>
      <trkpt lat="45.54342" lon="6.27081">
        <ele>810</ele>
        <time>2025-08-22T19:32:22+00:00</time>
      </trkpt>
      <trkpt lat="45.54338" lon="6.27086">
        <ele>806</ele>
        <time>2025-08-22T19:32:25+00:00</time>
      </trkpt>
      <trkpt lat="45.54331" lon="6.27091">
        <ele>803</ele>
        <time>2025-08-22T19:32:28+00:00</time>
      </trkpt>
      <trkpt lat="45.54318" lon="6.27102">
        <ele>797</ele>
        <time>2025-08-22T19:32:31+00:00</time>
      </trkpt>
      <trkpt lat="45.54316" lon="6.27105">
        <ele>797</ele>
        <time>2025-08-22T19:32:34+00:00</time>
      </trkpt>
      <trkpt lat="45.54302" lon="6.27118">
        <ele>792</ele>
        <time>2025-08-22T19:32:37+00:00</time>
      </trkpt>
      <trkpt lat="45.54285" lon="6.27133">
        <ele>786</ele>
        <time>2025-08-22T19:32:40+00:00</time>
      </trkpt>
      <trkpt lat="45.54272" lon="6.2715">
        <ele>782</ele>
        <time>2025-08-22T19:32:43+00:00</time>
      </trkpt>
      <trkpt lat="45.54246" lon="6.2717">
        <ele>774</ele>
        <time>2025-08-22T19:32:46+00:00</time>
      </trkpt>
      <trkpt lat="45.54215" lon="6.27178">
        <ele>767</ele>
        <time>2025-08-22T19:32:49+00:00</time>
      </trkpt>
      <trkpt lat="45.54209" lon="6.27184">
        <ele>766</ele>
        <time>2025-08-22T19:32:52+00:00</time>
      </trkpt>
      <trkpt lat="45.54204" lon="6.27185">
        <ele>766</ele>
        <time>2025-08-22T19:32:55+00:00</time>
      </trkpt>
      <trkpt lat="45.5418" lon="6.27173">
        <ele>764</ele>
        <time>2025-08-22T19:32:58+00:00</time>
      </trkpt>
      <trkpt lat="45.54158" lon="6.2716">
        <ele>764</ele>
        <time>2025-08-22T19:33:01+00:00</time>
      </trkpt>
      <trkpt lat="45.54153" lon="6.27159">
        <ele>764</ele>
        <time>2025-08-22T19:33:04+00:00</time>
      </trkpt>
      <trkpt lat="45.54152" lon="6.27161">
        <ele>762</ele>
        <time>2025-08-22T19:33:07+00:00</time>
      </trkpt>
      <trkpt lat="45.54157" lon="6.27177">
        <ele>761</ele>
        <time>2025-08-22T19:33:10+00:00</time>
      </trkpt>
      <trkpt lat="45.54176" lon="6.27213">
        <ele>758</ele>
        <time>2025-08-22T19:33:13+00:00</time>
      </trkpt>
      <trkpt lat="45.54185" lon="6.27225">
        <ele>758</ele>
        <time>2025-08-22T19:33:16+00:00</time>
      </trkpt>
      <trkpt lat="45.5419" lon="6.2723">
        <ele>758</ele>
        <time>2025-08-22T19:33:19+00:00</time>
      </trkpt>
      <trkpt lat="45.54197" lon="6.27233">
        <ele>756</ele>
        <time>2025-08-22T19:33:22+00:00</time>
      </trkpt>
      <trkpt lat="45.54202" lon="6.27236">
        <ele>757</ele>
        <time>2025-08-22T19:33:25+00:00</time>
      </trkpt>
      <trkpt lat="45.54208" lon="6.27237">
        <ele>757</ele>
        <time>2025-08-22T19:33:28+00:00</time>
      </trkpt>
      <trkpt lat="45.54217" lon="6.27243">
        <ele>754</ele>
        <time>2025-08-22T19:33:31+00:00</time>
      </trkpt>
      <trkpt lat="45.54219" lon="6.27247">
        <ele>754</ele>
        <time>2025-08-22T19:33:34+00:00</time>
      </trkpt>
      <trkpt lat="45.54221" lon="6.27257">
        <ele>753</ele>
        <time>2025-08-22T19:33:37+00:00</time>
      </trkpt>
      <trkpt lat="45.54218" lon="6.27259">
        <ele>753</ele>
        <time>2025-08-22T19:33:40+00:00</time>
      </trkpt>
      <trkpt lat="45.54217" lon="6.27264">
        <ele>752</ele>
        <time>2025-08-22T19:33:43+00:00</time>
      </trkpt>
      <trkpt lat="45.54198" lon="6.27252">
        <ele>750</ele>
        <time>2025-08-22T19:33:46+00:00</time>
      </trkpt>
      <trkpt lat="45.54196" lon="6.27252">
        <ele>750</ele>
        <time>2025-08-22T19:33:49+00:00</time>
      </trkpt>
      <trkpt lat="45.54189" lon="6.27249">
        <ele>750</ele>
        <time>2025-08-22T19:33:52+00:00</time>
      </trkpt>
      <trkpt lat="45.54176" lon="6.27242">
        <ele>748</ele>
        <time>2025-08-22T19:33:55+00:00</time>
      </trkpt>
      <trkpt lat="45.54167" lon="6.27235">
        <ele>748</ele>
        <time>2025-08-22T19:33:58+00:00</time>
      </trkpt>
      <trkpt lat="45.54142" lon="6.27226">
        <ele>748</ele>
        <time>2025-08-22T19:34:01+00:00</time>
      </trkpt>
      <trkpt lat="45.54133" lon="6.27227">
        <ele>747</ele>
        <time>2025-08-22T19:34:04+00:00</time>
      </trkpt>
      <trkpt lat="45.54116" lon="6.27224">
        <ele>741</ele>
        <time>2025-08-22T19:34:07+00:00</time>
      </trkpt>
      <trkpt lat="45.54102" lon="6.27217">
        <ele>741</ele>
        <time>2025-08-22T19:34:10+00:00</time>
      </trkpt>
      <trkpt lat="45.54079" lon="6.27197">
        <ele>738</ele>
        <time>2025-08-22T19:34:13+00:00</time>
      </trkpt>
      <trkpt lat="45.54066" lon="6.27187">
        <ele>737</ele>
        <time>2025-08-22T19:34:16+00:00</time>
      </trkpt>
      <trkpt lat="45.5406" lon="6.27183">
        <ele>733</ele>
        <time>2025-08-22T19:34:19+00:00</time>
      </trkpt>
      <trkpt lat="45.54045" lon="6.27177">
        <ele>734</ele>
        <time>2025-08-22T19:34:22+00:00</time>
      </trkpt>
      <trkpt lat="45.54038" lon="6.27173">
        <ele>730</ele>
        <time>2025-08-22T19:34:25+00:00</time>
      </trkpt>
      <trkpt lat="45.54026" lon="6.27168">
        <ele>731</ele>
        <time>2025-08-22T19:34:28+00:00</time>
      </trkpt>
      <trkpt lat="45.54006" lon="6.27157">
        <ele>728</ele>
        <time>2025-08-22T19:34:31+00:00</time>
      </trkpt>
      <trkpt lat="45.53998" lon="6.27152">
        <ele>726</ele>
        <time>2025-08-22T19:34:34+00:00</time>
      </trkpt>
      <trkpt lat="45.53981" lon="6.27138">
        <ele>727</ele>
        <time>2025-08-22T19:34:37+00:00</time>
      </trkpt>
      <trkpt lat="45.53962" lon="6.2712">
        <ele>725</ele>
        <time>2025-08-22T19:34:40+00:00</time>
      </trkpt>
      <trkpt lat="45.53955" lon="6.27119">
        <ele>723</ele>
        <time>2025-08-22T19:34:43+00:00</time>
      </trkpt>
      <trkpt lat="45.53953" lon="6.27122">
        <ele>722</ele>
        <time>2025-08-22T19:34:46+00:00</time>
      </trkpt>
      <trkpt lat="45.53952" lon="6.27128">
        <ele>722</ele>
        <time>2025-08-22T19:34:49+00:00</time>
      </trkpt>
      <trkpt lat="45.53954" lon="6.27132">
        <ele>721</ele>
        <time>2025-08-22T19:34:52+00:00</time>
      </trkpt>
      <trkpt lat="45.53968" lon="6.27149">
        <ele>719</ele>
        <time>2025-08-22T19:34:55+00:00</time>
      </trkpt>
      <trkpt lat="45.53979" lon="6.27166">
        <ele>716</ele>
        <time>2025-08-22T19:34:58+00:00</time>
      </trkpt>
      <trkpt lat="45.5399" lon="6.27187">
        <ele>715</ele>
        <time>2025-08-22T19:35:01+00:00</time>
      </trkpt>
      <trkpt lat="45.53998" lon="6.27211">
        <ele>710</ele>
        <time>2025-08-22T19:35:04+00:00</time>
      </trkpt>
      <trkpt lat="45.54007" lon="6.27232">
        <ele>709</ele>
        <time>2025-08-22T19:35:07+00:00</time>
      </trkpt>
      <trkpt lat="45.54024" lon="6.27275">
        <ele>707</ele>
        <time>2025-08-22T19:35:10+00:00</time>
      </trkpt>
      <trkpt lat="45.54029" lon="6.27295">
        <ele>704</ele>
        <time>2025-08-22T19:35:13+00:00</time>
      </trkpt>
      <trkpt lat="45.54031" lon="6.27299">
        <ele>706</ele>
        <time>2025-08-22T19:35:16+00:00</time>
      </trkpt>
      <trkpt lat="45.54032" lon="6.27303">
        <ele>705</ele>
        <time>2025-08-22T19:35:19+00:00</time>
      </trkpt>
      <trkpt lat="45.54031" lon="6.27303">
        <ele>705</ele>
        <time>2025-08-22T19:35:22+00:00</time>
      </trkpt>
      <trkpt lat="45.54034" lon="6.27312">
        <ele>702</ele>
        <time>2025-08-22T19:35:25+00:00</time>
      </trkpt>
      <trkpt lat="45.54044" lon="6.27335">
        <ele>699</ele>
        <time>2025-08-22T19:35:28+00:00</time>
      </trkpt>
      <trkpt lat="45.54057" lon="6.27349">
        <ele>698</ele>
        <time>2025-08-22T19:35:31+00:00</time>
      </trkpt>
      <trkpt lat="45.54074" lon="6.27353">
        <ele>697</ele>
        <time>2025-08-22T19:35:34+00:00</time>
      </trkpt>
      <trkpt lat="45.54092" lon="6.27358">
        <ele>698</ele>
        <time>2025-08-22T19:35:37+00:00</time>
      </trkpt>
      <trkpt lat="45.5412" lon="6.27363">
        <ele>693</ele>
        <time>2025-08-22T19:35:40+00:00</time>
      </trkpt>
      <trkpt lat="45.54139" lon="6.2737">
        <ele>687</ele>
        <time>2025-08-22T19:35:43+00:00</time>
      </trkpt>
      <trkpt lat="45.5415" lon="6.27382">
        <ele>689</ele>
        <time>2025-08-22T19:35:46+00:00</time>
      </trkpt>
      <trkpt lat="45.54165" lon="6.27406">
        <ele>687</ele>
        <time>2025-08-22T19:35:49+00:00</time>
      </trkpt>
      <trkpt lat="45.54173" lon="6.27428">
        <ele>684</ele>
        <time>2025-08-22T19:35:52+00:00</time>
      </trkpt>
      <trkpt lat="45.54178" lon="6.27439">
        <ele>682</ele>
        <time>2025-08-22T19:35:55+00:00</time>
      </trkpt>
      <trkpt lat="45.54199" lon="6.27456">
        <ele>681</ele>
        <time>2025-08-22T19:35:58+00:00</time>
      </trkpt>
      <trkpt lat="45.54209" lon="6.27466">
        <ele>679</ele>
        <time>2025-08-22T19:36:01+00:00</time>
      </trkpt>
      <trkpt lat="45.54227" lon="6.27493">
        <ele>675</ele>
        <time>2025-08-22T19:36:04+00:00</time>
      </trkpt>
      <trkpt lat="45.54235" lon="6.27516">
        <ele>671</ele>
        <time>2025-08-22T19:36:07+00:00</time>
      </trkpt>
      <trkpt lat="45.54241" lon="6.2753">
        <ele>672</ele>
        <time>2025-08-22T19:36:10+00:00</time>
      </trkpt>
      <trkpt lat="45.54245" lon="6.27541">
        <ele>667</ele>
        <time>2025-08-22T19:36:13+00:00</time>
      </trkpt>
      <trkpt lat="45.54247" lon="6.27553">
        <ele>665</ele>
        <time>2025-08-22T19:36:16+00:00</time>
      </trkpt>
      <trkpt lat="45.54248" lon="6.27577">
        <ele>659</ele>
        <time>2025-08-22T19:36:19+00:00</time>
      </trkpt>
      <trkpt lat="45.5425" lon="6.27605">
        <ele>659</ele>
        <time>2025-08-22T19:36:22+00:00</time>
      </trkpt>
      <trkpt lat="45.54253" lon="6.27622">
        <ele>663</ele>
        <time>2025-08-22T19:36:25+00:00</time>
      </trkpt>
      <trkpt lat="45.5426" lon="6.27644">
        <ele>659</ele>
        <time>2025-08-22T19:36:28+00:00</time>
      </trkpt>
      <trkpt lat="45.54266" lon="6.27671">
        <ele>657</ele>
        <time>2025-08-22T19:36:31+00:00</time>
      </trkpt>
      <trkpt lat="45.54271" lon="6.27682">
        <ele>659</ele>
        <time>2025-08-22T19:36:34+00:00</time>
      </trkpt>
      <trkpt lat="45.54277" lon="6.27702">
        <ele>655</ele>
        <time>2025-08-22T19:36:37+00:00</time>
      </trkpt>
      <trkpt lat="45.54287" lon="6.27709">
        <ele>659</ele>
        <time>2025-08-22T19:36:40+00:00</time>
      </trkpt>
      <trkpt lat="45.54311" lon="6.27722">
        <ele>653</ele>
        <time>2025-08-22T19:36:43+00:00</time>
      </trkpt>
      <trkpt lat="45.54323" lon="6.27731">
        <ele>651</ele>
        <time>2025-08-22T19:36:46+00:00</time>
      </trkpt>
      <trkpt lat="45.54328" lon="6.27737">
        <ele>651</ele>
        <time>2025-08-22T19:36:49+00:00</time>
      </trkpt>
      <trkpt lat="45.54328" lon="6.27744">
        <ele>649</ele>
        <time>2025-08-22T19:36:52+00:00</time>
      </trkpt>
      <trkpt lat="45.54337" lon="6.27754">
        <ele>648</ele>
        <time>2025-08-22T19:36:55+00:00</time>
      </trkpt>
      <trkpt lat="45.54346" lon="6.2777">
        <ele>647</ele>
        <time>2025-08-22T19:36:58+00:00</time>
      </trkpt>
      <trkpt lat="45.54353" lon="6.27784">
        <ele>645</ele>
        <time>2025-08-22T19:37:01+00:00</time>
      </trkpt>
      <trkpt lat="45.54364" lon="6.27796">
        <ele>644</ele>
        <time>2025-08-22T19:37:04+00:00</time>
      </trkpt>
      <trkpt lat="45.5437" lon="6.27799">
        <ele>644</ele>
        <time>2025-08-22T19:37:07+00:00</time>
      </trkpt>
      <trkpt lat="45.54375" lon="6.27804">
        <ele>642</ele>
        <time>2025-08-22T19:37:10+00:00</time>
      </trkpt>
      <trkpt lat="45.54387" lon="6.27826">
        <ele>640</ele>
        <time>2025-08-22T19:37:13+00:00</time>
      </trkpt>
      <trkpt lat="45.54394" lon="6.27849">
        <ele>639</ele>
        <time>2025-08-22T19:37:16+00:00</time>
      </trkpt>
      <trkpt lat="45.544" lon="6.27871">
        <ele>636</ele>
        <time>2025-08-22T19:37:19+00:00</time>
      </trkpt>
      <trkpt lat="45.54402" lon="6.27887">
        <ele>635</ele>
        <time>2025-08-22T19:37:22+00:00</time>
      </trkpt>
      <trkpt lat="45.54407" lon="6.27906">
        <ele>633</ele>
        <time>2025-08-22T19:37:25+00:00</time>
      </trkpt>
      <trkpt lat="45.54416" lon="6.27921">
        <ele>633</ele>
        <time>2025-08-22T19:37:28+00:00</time>
      </trkpt>
      <trkpt lat="45.54416" lon="6.27922">
        <ele>633</ele>
        <time>2025-08-22T19:37:31+00:00</time>
      </trkpt>
      <trkpt lat="45.54419" lon="6.27928">
        <ele>633</ele>
        <time>2025-08-22T19:37:34+00:00</time>
      </trkpt>
      <trkpt lat="45.54438" lon="6.27956">
        <ele>631</ele>
        <time>2025-08-22T19:37:37+00:00</time>
      </trkpt>
      <trkpt lat="45.54444" lon="6.27966">
        <ele>627</ele>
        <time>2025-08-22T19:37:40+00:00</time>
      </trkpt>
      <trkpt lat="45.54459" lon="6.27984">
        <ele>622</ele>
        <time>2025-08-22T19:37:43+00:00</time>
      </trkpt>
      <trkpt lat="45.54475" lon="6.28002">
        <ele>619</ele>
        <time>2025-08-22T19:37:46+00:00</time>
      </trkpt>
      <trkpt lat="45.5451" lon="6.28034">
        <ele>613</ele>
        <time>2025-08-22T19:37:49+00:00</time>
      </trkpt>
      <trkpt lat="45.54547" lon="6.28075">
        <ele>610</ele>
        <time>2025-08-22T19:37:52+00:00</time>
      </trkpt>
      <trkpt lat="45.54575" lon="6.28116">
        <ele>600</ele>
        <time>2025-08-22T19:37:55+00:00</time>
      </trkpt>
      <trkpt lat="45.546" lon="6.2815">
        <ele>594</ele>
        <time>2025-08-22T19:37:58+00:00</time>
      </trkpt>
      <trkpt lat="45.54619" lon="6.28172">
        <ele>590</ele>
        <time>2025-08-22T19:38:01+00:00</time>
      </trkpt>
      <trkpt lat="45.5464" lon="6.28194">
        <ele>588</ele>
        <time>2025-08-22T19:38:04+00:00</time>
      </trkpt>
      <trkpt lat="45.54648" lon="6.28204">
        <ele>587</ele>
        <time>2025-08-22T19:38:07+00:00</time>
      </trkpt>
      <trkpt lat="45.54672" lon="6.28229">
        <ele>588</ele>
        <time>2025-08-22T19:38:10+00:00</time>
      </trkpt>
      <trkpt lat="45.5469" lon="6.28251">
        <ele>578</ele>
        <time>2025-08-22T19:38:13+00:00</time>
      </trkpt>
      <trkpt lat="45.54705" lon="6.28267">
        <ele>577</ele>
        <time>2025-08-22T19:38:16+00:00</time>
      </trkpt>
      <trkpt lat="45.54717" lon="6.28277">
        <ele>576</ele>
        <time>2025-08-22T19:38:19+00:00</time>
      </trkpt>
      <trkpt lat="45.5473" lon="6.28287">
        <ele>574</ele>
        <time>2025-08-22T19:38:22+00:00</time>
      </trkpt>
      <trkpt lat="45.54745" lon="6.28302">
        <ele>574</ele>
        <time>2025-08-22T19:38:25+00:00</time>
      </trkpt>
      <trkpt lat="45.54761" lon="6.2832">
        <ele>572</ele>
        <time>2025-08-22T19:38:28+00:00</time>
      </trkpt>
      <trkpt lat="45.54771" lon="6.2833">
        <ele>569</ele>
        <time>2025-08-22T19:38:31+00:00</time>
      </trkpt>
      <trkpt lat="45.54779" lon="6.28337">
        <ele>566</ele>
        <time>2025-08-22T19:38:34+00:00</time>
      </trkpt>
      <trkpt lat="45.5479" lon="6.28345">
        <ele>564</ele>
        <time>2025-08-22T19:38:37+00:00</time>
      </trkpt>
      <trkpt lat="45.54799" lon="6.2835">
        <ele>565</ele>
        <time>2025-08-22T19:38:40+00:00</time>
      </trkpt>
      <trkpt lat="45.54815" lon="6.28357">
        <ele>561</ele>
        <time>2025-08-22T19:38:43+00:00</time>
      </trkpt>
      <trkpt lat="45.54833" lon="6.28364">
        <ele>558</ele>
        <time>2025-08-22T19:38:46+00:00</time>
      </trkpt>
      <trkpt lat="45.54857" lon="6.28373">
        <ele>556</ele>
        <time>2025-08-22T19:38:49+00:00</time>
      </trkpt>
      <trkpt lat="45.54872" lon="6.2838">
        <ele>556</ele>
        <time>2025-08-22T19:38:52+00:00</time>
      </trkpt>
      <trkpt lat="45.54888" lon="6.28386">
        <ele>553</ele>
        <time>2025-08-22T19:38:55+00:00</time>
      </trkpt>
      <trkpt lat="45.54897" lon="6.28394">
        <ele>552</ele>
        <time>2025-08-22T19:38:58+00:00</time>
      </trkpt>
      <trkpt lat="45.54914" lon="6.28404">
        <ele>550</ele>
        <time>2025-08-22T19:39:01+00:00</time>
      </trkpt>
      <trkpt lat="45.54923" lon="6.28408">
        <ele>550</ele>
        <time>2025-08-22T19:39:04+00:00</time>
      </trkpt>
      <trkpt lat="45.54928" lon="6.28411">
        <ele>547</ele>
        <time>2025-08-22T19:39:07+00:00</time>
      </trkpt>
      <trkpt lat="45.54933" lon="6.28411">
        <ele>548</ele>
        <time>2025-08-22T19:39:10+00:00</time>
      </trkpt>
      <trkpt lat="45.54939" lon="6.28409">
        <ele>550</ele>
        <time>2025-08-22T19:39:13+00:00</time>
      </trkpt>
      <trkpt lat="45.54947" lon="6.28404">
        <ele>549</ele>
        <time>2025-08-22T19:39:16+00:00</time>
      </trkpt>
      <trkpt lat="45.54954" lon="6.28401">
        <ele>547</ele>
        <time>2025-08-22T19:39:19+00:00</time>
      </trkpt>
      <trkpt lat="45.54961" lon="6.28403">
        <ele>546</ele>
        <time>2025-08-22T19:39:22+00:00</time>
      </trkpt>
      <trkpt lat="45.54965" lon="6.28409">
        <ele>546</ele>
        <time>2025-08-22T19:39:25+00:00</time>
      </trkpt>
      <trkpt lat="45.54953" lon="6.28424">
        <ele>544</ele>
        <time>2025-08-22T19:39:28+00:00</time>
      </trkpt>
      <trkpt lat="45.54939" lon="6.28433">
        <ele>543</ele>
        <time>2025-08-22T19:39:31+00:00</time>
      </trkpt>
      <trkpt lat="45.54937" lon="6.28437">
        <ele>543</ele>
        <time>2025-08-22T19:39:34+00:00</time>
      </trkpt>
      <trkpt lat="45.54936" lon="6.28441">
        <ele>542</ele>
        <time>2025-08-22T19:39:37+00:00</time>
      </trkpt>
      <trkpt lat="45.54936" lon="6.28446">
        <ele>542</ele>
        <time>2025-08-22T19:39:40+00:00</time>
      </trkpt>
      <trkpt lat="45.54937" lon="6.28451">
        <ele>541</ele>
        <time>2025-08-22T19:39:43+00:00</time>
      </trkpt>
      <trkpt lat="45.5494" lon="6.28456">
        <ele>541</ele>
        <time>2025-08-22T19:39:46+00:00</time>
      </trkpt>
      <trkpt lat="45.54959" lon="6.28458">
        <ele>539</ele>
        <time>2025-08-22T19:39:49+00:00</time>
      </trkpt>
      <trkpt lat="45.54976" lon="6.28459">
        <ele>538</ele>
        <time>2025-08-22T19:39:52+00:00</time>
      </trkpt>
      <trkpt lat="45.5499" lon="6.28459">
        <ele>537</ele>
        <time>2025-08-22T19:39:55+00:00</time>
      </trkpt>
      <trkpt lat="45.55008" lon="6.28453">
        <ele>535</ele>
        <time>2025-08-22T19:39:58+00:00</time>
      </trkpt>
      <trkpt lat="45.55012" lon="6.28456">
        <ele>534</ele>
        <time>2025-08-22T19:40:01+00:00</time>
      </trkpt>
      <trkpt lat="45.55013" lon="6.28461">
        <ele>534</ele>
        <time>2025-08-22T19:40:04+00:00</time>
      </trkpt>
      <trkpt lat="45.55011" lon="6.2847">
        <ele>534</ele>
        <time>2025-08-22T19:40:07+00:00</time>
      </trkpt>
      <trkpt lat="45.55" lon="6.28491">
        <ele>533</ele>
        <time>2025-08-22T19:40:10+00:00</time>
      </trkpt>
      <trkpt lat="45.54989" lon="6.28507">
        <ele>532</ele>
        <time>2025-08-22T19:40:13+00:00</time>
      </trkpt>
      <trkpt lat="45.54986" lon="6.28533">
        <ele>527</ele>
        <time>2025-08-22T19:40:16+00:00</time>
      </trkpt>
      <trkpt lat="45.54981" lon="6.28565">
        <ele>519</ele>
        <time>2025-08-22T19:40:19+00:00</time>
      </trkpt>
      <trkpt lat="45.54977" lon="6.28587">
        <ele>517</ele>
        <time>2025-08-22T19:40:22+00:00</time>
      </trkpt>
      <trkpt lat="45.54962" lon="6.28613">
        <ele>506</ele>
        <time>2025-08-22T19:40:25+00:00</time>
      </trkpt>
      <trkpt lat="45.54931" lon="6.28631">
        <ele>501</ele>
        <time>2025-08-22T19:40:28+00:00</time>
      </trkpt>
      <trkpt lat="45.54906" lon="6.28638">
        <ele>501</ele>
        <time>2025-08-22T19:40:31+00:00</time>
      </trkpt>
      <trkpt lat="45.54876" lon="6.28645">
        <ele>493</ele>
        <time>2025-08-22T19:40:34+00:00</time>
      </trkpt>
      <trkpt lat="45.54844" lon="6.28649">
        <ele>488</ele>
        <time>2025-08-22T19:40:37+00:00</time>
      </trkpt>
      <trkpt lat="45.54816" lon="6.28642">
        <ele>481</ele>
        <time>2025-08-22T19:40:40+00:00</time>
      </trkpt>
      <trkpt lat="45.54772" lon="6.28621">
        <ele>469</ele>
        <time>2025-08-22T19:40:43+00:00</time>
      </trkpt>
      <trkpt lat="45.54746" lon="6.28614">
        <ele>464</ele>
        <time>2025-08-22T19:40:46+00:00</time>
      </trkpt>
      <trkpt lat="45.54735" lon="6.28607">
        <ele>464</ele>
        <time>2025-08-22T19:40:49+00:00</time>
      </trkpt>
      <trkpt lat="45.54731" lon="6.2861">
        <ele>464</ele>
        <time>2025-08-22T19:40:52+00:00</time>
      </trkpt>
      <trkpt lat="45.54728" lon="6.2861">
        <ele>462</ele>
        <time>2025-08-22T19:40:55+00:00</time>
      </trkpt>
      <trkpt lat="45.5472" lon="6.28613">
        <ele>459</ele>
        <time>2025-08-22T19:40:58+00:00</time>
      </trkpt>
      <trkpt lat="45.54712" lon="6.28618">
        <ele>459</ele>
        <time>2025-08-22T19:41:01+00:00</time>
      </trkpt>
      <trkpt lat="45.54697" lon="6.28624">
        <ele>454</ele>
        <time>2025-08-22T19:41:04+00:00</time>
      </trkpt>
      <trkpt lat="45.54692" lon="6.2863">
        <ele>454</ele>
        <time>2025-08-22T19:41:07+00:00</time>
      </trkpt>
      <trkpt lat="45.54689" lon="6.28638">
        <ele>453</ele>
        <time>2025-08-22T19:41:10+00:00</time>
      </trkpt>
      <trkpt lat="45.54677" lon="6.28656">
        <ele>449</ele>
        <time>2025-08-22T19:41:13+00:00</time>
      </trkpt>
      <trkpt lat="45.54675" lon="6.28667">
        <ele>447</ele>
        <time>2025-08-22T19:41:16+00:00</time>
      </trkpt>
      <trkpt lat="45.54676" lon="6.28681">
        <ele>443</ele>
        <time>2025-08-22T19:41:19+00:00</time>
      </trkpt>
      <trkpt lat="45.54669" lon="6.28692">
        <ele>443</ele>
        <time>2025-08-22T19:41:22+00:00</time>
      </trkpt>
      <trkpt lat="45.54666" lon="6.28701">
        <ele>441</ele>
        <time>2025-08-22T19:41:25+00:00</time>
      </trkpt>
      <trkpt lat="45.54664" lon="6.28713">
        <ele>439</ele>
        <time>2025-08-22T19:41:28+00:00</time>
      </trkpt>
      <trkpt lat="45.54664" lon="6.2872">
        <ele>439</ele>
        <time>2025-08-22T19:41:31+00:00</time>
      </trkpt>
      <trkpt lat="45.54663" lon="6.28729">
        <ele>437</ele>
        <time>2025-08-22T19:41:34+00:00</time>
      </trkpt>
      <trkpt lat="45.54663" lon="6.28742">
        <ele>433</ele>
        <time>2025-08-22T19:41:37+00:00</time>
      </trkpt>
      <trkpt lat="45.54671" lon="6.28754">
        <ele>434</ele>
        <time>2025-08-22T19:41:40+00:00</time>
      </trkpt>
      <trkpt lat="45.54684" lon="6.28768">
        <ele>434</ele>
        <time>2025-08-22T19:41:43+00:00</time>
      </trkpt>
      <trkpt lat="45.54704" lon="6.28792">
        <ele>428</ele>
        <time>2025-08-22T19:41:46+00:00</time>
      </trkpt>
      <trkpt lat="45.54727" lon="6.28822">
        <ele>423</ele>
        <time>2025-08-22T19:41:49+00:00</time>
      </trkpt>
      <trkpt lat="45.54743" lon="6.28854">
        <ele>418</ele>
        <time>2025-08-22T19:41:52+00:00</time>
      </trkpt>
      <trkpt lat="45.5476" lon="6.28884">
        <ele>406</ele>
        <time>2025-08-22T19:41:55+00:00</time>
      </trkpt>
      <trkpt lat="45.54779" lon="6.28909">
        <ele>403</ele>
        <time>2025-08-22T19:41:58+00:00</time>
      </trkpt>
      <trkpt lat="45.54798" lon="6.28937">
        <ele>399</ele>
        <time>2025-08-22T19:42:01+00:00</time>
      </trkpt>
      <trkpt lat="45.54815" lon="6.28948">
        <ele>398</ele>
        <time>2025-08-22T19:42:04+00:00</time>
      </trkpt>
      <trkpt lat="45.54825" lon="6.28958">
        <ele>396</ele>
        <time>2025-08-22T19:42:07+00:00</time>
      </trkpt>
      <trkpt lat="45.54841" lon="6.28962">
        <ele>388</ele>
        <time>2025-08-22T19:42:10+00:00</time>
      </trkpt>
      <trkpt lat="45.54848" lon="6.2896">
        <ele>394</ele>
        <time>2025-08-22T19:42:13+00:00</time>
      </trkpt>
      <trkpt lat="45.54856" lon="6.28947">
        <ele>392</ele>
        <time>2025-08-22T19:42:16+00:00</time>
      </trkpt>
      <trkpt lat="45.5486" lon="6.28936">
        <ele>393</ele>
        <time>2025-08-22T19:42:19+00:00</time>
      </trkpt>
      <trkpt lat="45.54863" lon="6.28934">
        <ele>383</ele>
        <time>2025-08-22T19:42:22+00:00</time>
      </trkpt>
      <trkpt lat="45.54873" lon="6.28937">
        <ele>381</ele>
        <time>2025-08-22T19:42:25+00:00</time>
      </trkpt>
      <trkpt lat="45.54878" lon="6.28943">
        <ele>378</ele>
        <time>2025-08-22T19:42:28+00:00</time>
      </trkpt>
      <trkpt lat="45.54879" lon="6.28948">
        <ele>378</ele>
        <time>2025-08-22T19:42:31+00:00</time>
      </trkpt>
      <trkpt lat="45.54866" lon="6.28976">
        <ele>375</ele>
        <time>2025-08-22T19:42:34+00:00</time>
      </trkpt>
      <trkpt lat="45.54848" lon="6.29007">
        <ele>365</ele>
        <time>2025-08-22T19:42:37+00:00</time>
      </trkpt>
      <trkpt lat="45.54831" lon="6.29016">
        <ele>360</ele>
        <time>2025-08-22T19:42:40+00:00</time>
      </trkpt>
      <trkpt lat="45.54825" lon="6.29029">
        <ele>357</ele>
        <time>2025-08-22T19:42:43+00:00</time>
      </trkpt>
      <trkpt lat="45.5482" lon="6.2903">
        <ele>356</ele>
        <time>2025-08-22T19:42:46+00:00</time>
      </trkpt>
      <trkpt lat="45.54803" lon="6.29038">
        <ele>354</ele>
        <time>2025-08-22T19:42:49+00:00</time>
      </trkpt>
      <trkpt lat="45.54795" lon="6.29041">
        <ele>351</ele>
        <time>2025-08-22T19:42:52+00:00</time>
      </trkpt>
      <trkpt lat="45.54777" lon="6.29045">
        <ele>350</ele>
        <time>2025-08-22T19:42:55+00:00</time>
      </trkpt>
      <trkpt lat="45.54766" lon="6.29045">
        <ele>349</ele>
        <time>2025-08-22T19:42:58+00:00</time>
      </trkpt>
      <trkpt lat="45.54756" lon="6.29044">
        <ele>347</ele>
        <time>2025-08-22T19:43:01+00:00</time>
      </trkpt>
      <trkpt lat="45.54746" lon="6.29042">
        <ele>345</ele>
        <time>2025-08-22T19:43:04+00:00</time>
      </trkpt>
      <trkpt lat="45.5473" lon="6.29036">
        <ele>343</ele>
        <time>2025-08-22T19:43:07+00:00</time>
      </trkpt>
      <trkpt lat="45.54723" lon="6.29032">
        <ele>343</ele>
        <time>2025-08-22T19:43:10+00:00</time>
      </trkpt>
      <trkpt lat="45.54719" lon="6.29032">
        <ele>343</ele>
        <time>2025-08-22T19:43:13+00:00</time>
      </trkpt>
      <trkpt lat="45.54714" lon="6.29038">
        <ele>343</ele>
        <time>2025-08-22T19:43:16+00:00</time>
      </trkpt>
      <trkpt lat="45.54713" lon="6.29041">
        <ele>342</ele>
        <time>2025-08-22T19:43:19+00:00</time>
      </trkpt>
      <trkpt lat="45.54713" lon="6.29044">
        <ele>342</ele>
        <time>2025-08-22T19:43:22+00:00</time>
      </trkpt>
      <trkpt lat="45.54714" lon="6.29049">
        <ele>342</ele>
        <time>2025-08-22T19:43:25+00:00</time>
      </trkpt>
      <trkpt lat="45.54716" lon="6.29053">
        <ele>341</ele>
        <time>2025-08-22T19:43:28+00:00</time>
      </trkpt>
      <trkpt lat="45.5472" lon="6.29057">
        <ele>341</ele>
        <time>2025-08-22T19:43:31+00:00</time>
      </trkpt>
      <trkpt lat="45.54727" lon="6.29062">
        <ele>340</ele>
        <time>2025-08-22T19:43:34+00:00</time>
      </trkpt>
      <trkpt lat="45.54735" lon="6.29066">
        <ele>340</ele>
        <time>2025-08-22T19:43:37+00:00</time>
      </trkpt>
      <trkpt lat="45.54753" lon="6.29079">
        <ele>339</ele>
        <time>2025-08-22T19:43:40+00:00</time>
      </trkpt>
      <trkpt lat="45.54759" lon="6.29082">
        <ele>338</ele>
        <time>2025-08-22T19:43:43+00:00</time>
      </trkpt>
      <trkpt lat="45.54763" lon="6.29087">
        <ele>337</ele>
        <time>2025-08-22T19:43:46+00:00</time>
      </trkpt>
      <trkpt lat="45.54765" lon="6.29096">
        <ele>336</ele>
        <time>2025-08-22T19:43:49+00:00</time>
      </trkpt>
      <trkpt lat="45.54762" lon="6.29109">
        <ele>335</ele>
        <time>2025-08-22T19:43:52+00:00</time>
      </trkpt>
      <trkpt lat="45.54757" lon="6.29123">
        <ele>334</ele>
        <time>2025-08-22T19:43:55+00:00</time>
      </trkpt>
      <trkpt lat="45.54752" lon="6.29142">
        <ele>333</ele>
        <time>2025-08-22T19:43:58+00:00</time>
      </trkpt>
      <trkpt lat="45.54747" lon="6.29156">
        <ele>333</ele>
        <time>2025-08-22T19:44:01+00:00</time>
      </trkpt>
      <trkpt lat="45.54744" lon="6.29162">
        <ele>332</ele>
        <time>2025-08-22T19:44:04+00:00</time>
      </trkpt>
      <trkpt lat="45.54741" lon="6.29166">
        <ele>332</ele>
        <time>2025-08-22T19:44:07+00:00</time>
      </trkpt>
      <trkpt lat="45.54734" lon="6.29173">
        <ele>332</ele>
        <time>2025-08-22T19:44:10+00:00</time>
      </trkpt>
      <trkpt lat="45.54722" lon="6.29183">
        <ele>331</ele>
        <time>2025-08-22T19:44:13+00:00</time>
      </trkpt>
      <trkpt lat="45.5471" lon="6.2919">
        <ele>330</ele>
        <time>2025-08-22T19:44:16+00:00</time>
      </trkpt>
      <trkpt lat="45.54687" lon="6.29199">
        <ele>330</ele>
        <time>2025-08-22T19:44:19+00:00</time>
      </trkpt>
      <trkpt lat="45.54679" lon="6.29204">
        <ele>329</ele>
        <time>2025-08-22T19:44:22+00:00</time>
      </trkpt>
      <trkpt lat="45.54671" lon="6.2921">
        <ele>329</ele>
        <time>2025-08-22T19:44:25+00:00</time>
      </trkpt>
      <trkpt lat="45.54663" lon="6.29219">
        <ele>329</ele>
        <time>2025-08-22T19:44:28+00:00</time>
      </trkpt>
      <trkpt lat="45.54655" lon="6.29234">
        <ele>329</ele>
        <time>2025-08-22T19:44:31+00:00</time>
      </trkpt>
      <trkpt lat="45.54645" lon="6.29259">
        <ele>329</ele>
        <time>2025-08-22T19:44:34+00:00</time>
      </trkpt>
      <trkpt lat="45.54635" lon="6.29281">
        <ele>327</ele>
        <time>2025-08-22T19:44:37+00:00</time>
      </trkpt>
      <trkpt lat="45.54625" lon="6.29299">
        <ele>328</ele>
        <time>2025-08-22T19:44:40+00:00</time>
      </trkpt>
      <trkpt lat="45.54612" lon="6.29316">
        <ele>327</ele>
        <time>2025-08-22T19:44:43+00:00</time>
      </trkpt>
      <trkpt lat="45.54599" lon="6.29337">
        <ele>328</ele>
        <time>2025-08-22T19:44:46+00:00</time>
      </trkpt>
      <trkpt lat="45.54594" lon="6.29347">
        <ele>328</ele>
        <time>2025-08-22T19:44:49+00:00</time>
      </trkpt>
      <trkpt lat="45.5459" lon="6.29362">
        <ele>328</ele>
        <time>2025-08-22T19:44:52+00:00</time>
      </trkpt>
      <trkpt lat="45.54587" lon="6.29382">
        <ele>328</ele>
        <time>2025-08-22T19:44:55+00:00</time>
      </trkpt>
      <trkpt lat="45.54585" lon="6.29392">
        <ele>324</ele>
        <time>2025-08-22T19:44:58+00:00</time>
      </trkpt>
      <trkpt lat="45.54584" lon="6.29404">
        <ele>322</ele>
        <time>2025-08-22T19:45:01+00:00</time>
      </trkpt>
      <trkpt lat="45.5458" lon="6.29437">
        <ele>324</ele>
        <time>2025-08-22T19:45:04+00:00</time>
      </trkpt>
      <trkpt lat="45.54579" lon="6.2944">
        <ele>321</ele>
        <time>2025-08-22T19:45:07+00:00</time>
      </trkpt>
      <trkpt lat="45.54573" lon="6.29488">
        <ele>323</ele>
        <time>2025-08-22T19:45:10+00:00</time>
      </trkpt>
      <trkpt lat="45.54569" lon="6.29524">
        <ele>323</ele>
        <time>2025-08-22T19:45:13+00:00</time>
      </trkpt>
      <trkpt lat="45.54564" lon="6.29565">
        <ele>320</ele>
        <time>2025-08-22T19:45:16+00:00</time>
      </trkpt>
      <trkpt lat="45.54558" lon="6.2963">
        <ele>320</ele>
        <time>2025-08-22T19:45:19+00:00</time>
      </trkpt>
      <trkpt lat="45.54544" lon="6.29677">
        <ele>319</ele>
        <time>2025-08-22T19:45:22+00:00</time>
      </trkpt>
      <trkpt lat="45.54522" lon="6.29731">
        <ele>319</ele>
        <time>2025-08-22T19:45:25+00:00</time>
      </trkpt>
      <trkpt lat="45.54509" lon="6.29761">
        <ele>319</ele>
        <time>2025-08-22T19:45:28+00:00</time>
      </trkpt>
      <trkpt lat="45.54506" lon="6.29763">
        <ele>319</ele>
        <time>2025-08-22T19:45:31+00:00</time>
      </trkpt>
      <trkpt lat="45.54499" lon="6.29766">
        <ele>318</ele>
        <time>2025-08-22T19:45:34+00:00</time>
      </trkpt>
      <trkpt lat="45.54474" lon="6.2979">
        <ele>318</ele>
        <time>2025-08-22T19:45:37+00:00</time>
      </trkpt>
      <trkpt lat="45.54459" lon="6.29806">
        <ele>318</ele>
        <time>2025-08-22T19:45:40+00:00</time>
      </trkpt>
      <trkpt lat="45.5444" lon="6.29823">
        <ele>318</ele>
        <time>2025-08-22T19:45:43+00:00</time>
      </trkpt>
      <trkpt lat="45.54409" lon="6.29852">
        <ele>318</ele>
        <time>2025-08-22T19:45:46+00:00</time>
      </trkpt>
      <trkpt lat="45.54392" lon="6.29865">
        <ele>318</ele>
        <time>2025-08-22T19:45:49+00:00</time>
      </trkpt>
      <trkpt lat="45.54359" lon="6.29896">
        <ele>318</ele>
        <time>2025-08-22T19:45:52+00:00</time>
      </trkpt>
      <trkpt lat="45.54341" lon="6.29919">
        <ele>318</ele>
        <time>2025-08-22T19:45:55+00:00</time>
      </trkpt>
      <trkpt lat="45.54322" lon="6.29942">
        <ele>318</ele>
        <time>2025-08-22T19:45:58+00:00</time>
      </trkpt>
      <trkpt lat="45.54302" lon="6.2997">
        <ele>318</ele>
        <time>2025-08-22T19:46:01+00:00</time>
      </trkpt>
      <trkpt lat="45.54274" lon="6.30011">
        <ele>319</ele>
        <time>2025-08-22T19:46:04+00:00</time>
      </trkpt>
      <trkpt lat="45.54244" lon="6.30056">
        <ele>319</ele>
        <time>2025-08-22T19:46:07+00:00</time>
      </trkpt>
      <trkpt lat="45.54238" lon="6.30067">
        <ele>319</ele>
        <time>2025-08-22T19:46:10+00:00</time>
      </trkpt>
      <trkpt lat="45.54256" lon="6.30089">
        <ele>319</ele>
        <time>2025-08-22T19:46:13+00:00</time>
      </trkpt>
      <trkpt lat="45.5428" lon="6.30119">
        <ele>319</ele>
        <time>2025-08-22T19:46:16+00:00</time>
      </trkpt>
      <trkpt lat="45.54304" lon="6.30145">
        <ele>319</ele>
        <time>2025-08-22T19:46:19+00:00</time>
      </trkpt>
      <trkpt lat="45.54312" lon="6.30156">
        <ele>319</ele>
        <time>2025-08-22T19:46:22+00:00</time>
      </trkpt>
      <trkpt lat="45.54326" lon="6.30174">
        <ele>319</ele>
        <time>2025-08-22T19:46:25+00:00</time>
      </trkpt>
      <trkpt lat="45.54341" lon="6.30192">
        <ele>319</ele>
        <time>2025-08-22T19:46:28+00:00</time>
      </trkpt>
      <trkpt lat="45.54342" lon="6.30215">
        <ele>320</ele>
        <time>2025-08-22T19:46:31+00:00</time>
      </trkpt>
      <trkpt lat="45.54366" lon="6.30236">
        <ele>320</ele>
        <time>2025-08-22T19:46:34+00:00</time>
      </trkpt>
      <trkpt lat="45.54389" lon="6.30249">
        <ele>320</ele>
        <time>2025-08-22T19:46:37+00:00</time>
      </trkpt>
      <trkpt lat="45.54413" lon="6.30262">
        <ele>320</ele>
        <time>2025-08-22T19:46:40+00:00</time>
      </trkpt>
      <trkpt lat="45.54447" lon="6.30269">
        <ele>320</ele>
        <time>2025-08-22T19:46:43+00:00</time>
      </trkpt>
      <trkpt lat="45.54463" lon="6.30273">
        <ele>320</ele>
        <time>2025-08-22T19:46:46+00:00</time>
      </trkpt>
      <trkpt lat="45.5447" lon="6.30281">
        <ele>320</ele>
        <time>2025-08-22T19:46:49+00:00</time>
      </trkpt>
      <trkpt lat="45.54509" lon="6.30267">
        <ele>319</ele>
        <time>2025-08-22T19:46:52+00:00</time>
      </trkpt>
      <trkpt lat="45.54522" lon="6.30259">
        <ele>319</ele>
        <time>2025-08-22T19:46:55+00:00</time>
      </trkpt>
      <trkpt lat="45.54534" lon="6.30245">
        <ele>319</ele>
        <time>2025-08-22T19:46:58+00:00</time>
      </trkpt>
      <trkpt lat="45.54542" lon="6.30233">
        <ele>319</ele>
        <time>2025-08-22T19:47:01+00:00</time>
      </trkpt>
    </trkseg>
  </trk>
</gpx>
