<?xml version="1.0" encoding="UTF-8" standalone="yes"?>
<gpx
 version="1.1"
 creator="Generated by MapOut iPhone App. See https://mapout.app"
 xmlns="http://www.topografix.com/GPX/1/1"
 xmlns:xsi="http://www.w3.org/2001/XMLSchema-instance"
 xmlns:gpxx="http://www.garmin.com/xmlschemas/GpxExtensions/v3"
 xmlns:mapout="https://mapout.app/xmlschemas/MapOutExtensions"
 xsi:schemaLocation="http://www.topografix.com/GPX/1/1 https://www.topografix.com/GPX/1/1/gpx.xsd http://www.garmin.com/xmlschemas/GpxExtensions/v3 https://www8.garmin.com/xmlschemas/GpxExtensionsv3.xsd https://mapout.app/xmlschemas/MapOutExtensions https://mapout.app/xmlschemas/MapOutExtensions.xsd">
  <metadata>
    <name>May 2026 Madeira Crossing</name>
    <author><name>Andrew</name></author>
    <time>2026-07-03T10:46:47Z</time>
    <bounds minlat="32.69927713141331" minlon="-17.16851796214708" maxlat="32.86764543200458" maxlon="-16.73626358954796"/>
  </metadata>
  <trk>
    <name>May 2026 Madeira Crossing</name>
    <extensions>
      <gpxx:TrackExtension>
        <gpxx:DisplayColor>Magenta</gpxx:DisplayColor>
      </gpxx:TrackExtension>
      <mapout:extension>
        <mapout:color>B101EB</mapout:color>
      </mapout:extension>
    </extensions>
    <trkseg>
      <trkpt lat="32.86764113199098" lon="-17.16851796214708">
        <ele>19</ele>
      </trkpt>
      <trkpt lat="32.86760852096373" lon="-17.16842394074386">
        <ele>19</ele>
      </trkpt>
      <trkpt lat="32.86760852090962" lon="-17.16842394058562">
        <ele>19</ele>
      </trkpt>
      <trkpt lat="32.86751287430861" lon="-17.16814419225633">
        <ele>19</ele>
      </trkpt>
      <trkpt lat="32.86751668891856" lon="-17.16806694640472">
        <ele>19</ele>
      </trkpt>
      <trkpt lat="32.86752050352852" lon="-17.16798874690062">
        <ele>18</ele>
      </trkpt>
      <trkpt lat="32.86764543200458" lon="-17.16730688537096">
        <ele>14</ele>
      </trkpt>
      <trkpt lat="32.86756818615297" lon="-17.16703604806407">
        <ele>14</ele>
      </trkpt>
      <trkpt lat="32.86756818615297" lon="-17.16703604806407">
        <ele>14</ele>
      </trkpt>
      <trkpt lat="32.86752431813847" lon="-17.16707419416364">
        <ele>15</ele>
      </trkpt>
      <trkpt lat="32.8675024487016" lon="-17.16706890317084">
        <ele>15</ele>
      </trkpt>
      <trkpt lat="32.86750244870387" lon="-17.1670689031738">
        <ele>15</ele>
      </trkpt>
      <trkpt lat="32.86750715239367" lon="-17.16715239366773">
        <ele>15</ele>
      </trkpt>
      <trkpt lat="32.86750715239367" lon="-17.16715239366773">
        <ele>15</ele>
      </trkpt>
      <trkpt lat="32.86753671562083" lon="-17.1671810032424">
        <ele>15</ele>
      </trkpt>
      <trkpt lat="32.86755864962808" lon="-17.16721533473201">
        <ele>15</ele>
      </trkpt>
      <trkpt lat="32.8675739080679" lon="-17.16725729544153">
        <ele>15</ele>
      </trkpt>
      <trkpt lat="32.86757486172039" lon="-17.16730020980354">
        <ele>15</ele>
      </trkpt>
      <trkpt lat="32.86755864962808" lon="-17.16738031661261">
        <ele>15</ele>
      </trkpt>
      <trkpt lat="32.86754339118826" lon="-17.16746042342169">
        <ele>16</ele>
      </trkpt>
      <trkpt lat="32.8675309937059" lon="-17.16750524508868">
        <ele>16</ele>
      </trkpt>
      <trkpt lat="32.86751096700362" lon="-17.1675376692733">
        <ele>16</ele>
      </trkpt>
      <trkpt lat="32.86751096700362" lon="-17.1675376692733">
        <ele>16</ele>
      </trkpt>
      <trkpt lat="32.86748140377647" lon="-17.16756627884797">
        <ele>17</ele>
      </trkpt>
      <trkpt lat="32.86745184054931" lon="-17.16758439824527">
        <ele>17</ele>
      </trkpt>
      <trkpt lat="32.86743086019455" lon="-17.16759202746518">
        <ele>17</ele>
      </trkpt>
      <trkpt lat="32.86737936296014" lon="-17.16759298111767">
        <ele>17</ele>
      </trkpt>
      <trkpt lat="32.86733263398818" lon="-17.16757581537287">
        <ele>17</ele>
      </trkpt>
      <trkpt lat="32.86729544154111" lon="-17.16754243753575">
        <ele>17</ele>
      </trkpt>
      <trkpt lat="32.86729544154111" lon="-17.16754243753575">
        <ele>17</ele>
      </trkpt>
      <trkpt lat="32.86726206370399" lon="-17.16747854281898">
        <ele>17</ele>
      </trkpt>
      <trkpt lat="32.86725538813657" lon="-17.16743086019453">
        <ele>17</ele>
      </trkpt>
      <trkpt lat="32.86726397100897" lon="-17.16735647530039">
        <ele>17</ele>
      </trkpt>
      <trkpt lat="32.86729162693115" lon="-17.16724585161166">
        <ele>17</ele>
      </trkpt>
      <trkpt lat="32.86729162693115" lon="-17.16724585161166">
        <ele>17</ele>
      </trkpt>
      <trkpt lat="32.86721438107954" lon="-17.16734979973296">
        <ele>17</ele>
      </trkpt>
      <trkpt lat="32.86717623497998" lon="-17.16738603852755">
        <ele>17</ele>
      </trkpt>
      <trkpt lat="32.86709231356095" lon="-17.16743467480449">
        <ele>18</ele>
      </trkpt>
      <trkpt lat="32.86701602136182" lon="-17.16745374785427">
        <ele>18</ele>
      </trkpt>
      <trkpt lat="32.86694068281518" lon="-17.16747186725156">
        <ele>19</ele>
      </trkpt>
      <trkpt lat="32.8668262445165" lon="-17.16748331108143">
        <ele>19</ele>
      </trkpt>
      <trkpt lat="32.86671180621782" lon="-17.1674947549113">
        <ele>20</ele>
      </trkpt>
      <trkpt lat="32.86659832157162" lon="-17.16748521838641">
        <ele>20</ele>
      </trkpt>
      <trkpt lat="32.86652489032997" lon="-17.16746900629409">
        <ele>21</ele>
      </trkpt>
      <trkpt lat="32.86645145908831" lon="-17.16745279420178">
        <ele>21</ele>
      </trkpt>
      <trkpt lat="32.86637898149915" lon="-17.16742895288955">
        <ele>21</ele>
      </trkpt>
      <trkpt lat="32.86630650390998" lon="-17.16740511157733">
        <ele>22</ele>
      </trkpt>
      <trkpt lat="32.86625691398055" lon="-17.16736982643523">
        <ele>22</ele>
      </trkpt>
      <trkpt lat="32.86625691398055" lon="-17.16736982643523">
        <ele>22</ele>
      </trkpt>
      <trkpt lat="32.86619874117872" lon="-17.16731260728589">
        <ele>22</ele>
      </trkpt>
      <trkpt lat="32.86611577341218" lon="-17.16720198359716">
        <ele>21</ele>
      </trkpt>
      <trkpt lat="32.86611577341218" lon="-17.16720198359716">
        <ele>21</ele>
      </trkpt>
      <trkpt lat="32.86610242227733" lon="-17.16728113675375">
        <ele>22</ele>
      </trkpt>
      <trkpt lat="32.86607381270266" lon="-17.16732309746327">
        <ele>22</ele>
      </trkpt>
      <trkpt lat="32.86605187869541" lon="-17.16734503147052">
        <ele>23</ele>
      </trkpt>
      <trkpt lat="32.8660261300782" lon="-17.16735933625786">
        <ele>23</ele>
      </trkpt>
      <trkpt lat="32.86598893763113" lon="-17.16737173374021">
        <ele>23</ele>
      </trkpt>
      <trkpt lat="32.86592313560939" lon="-17.16736505817279">
        <ele>24</ele>
      </trkpt>
      <trkpt lat="32.86592313560939" lon="-17.16736505817279">
        <ele>24</ele>
      </trkpt>
      <trkpt lat="32.86589738699219" lon="-17.16734598512301">
        <ele>24</ele>
      </trkpt>
      <trkpt lat="32.86589738699219" lon="-17.16734598512301">
        <ele>24</ele>
      </trkpt>
      <trkpt lat="32.8658611481976" lon="-17.16730020980354">
        <ele>23</ele>
      </trkpt>
      <trkpt lat="32.8658611481976" lon="-17.16730020980354">
        <ele>23</ele>
      </trkpt>
      <trkpt lat="32.86584302880031" lon="-17.16726683196642">
        <ele>23</ele>
      </trkpt>
      <trkpt lat="32.86583826053786" lon="-17.1672248712569">
        <ele>23</ele>
      </trkpt>
      <trkpt lat="32.86583826053786" lon="-17.1672248712569">
        <ele>23</ele>
      </trkpt>
      <trkpt lat="32.86584493610529" lon="-17.16715620827769">
        <ele>22</ele>
      </trkpt>
      <trkpt lat="32.86584493610529" lon="-17.16715620827769">
        <ele>22</ele>
      </trkpt>
      <trkpt lat="32.86579916078581" lon="-17.1670684722487">
        <ele>22</ele>
      </trkpt>
      <trkpt lat="32.86571047110434" lon="-17.16696357047491">
        <ele>24</ele>
      </trkpt>
      <trkpt lat="32.86571047110434" lon="-17.16696357047491">
        <ele>24</ele>
      </trkpt>
      <trkpt lat="32.86562082777036" lon="-17.16685580774364">
        <ele>25</ele>
      </trkpt>
      <trkpt lat="32.86553213808889" lon="-17.16674709135989">
        <ele>27</ele>
      </trkpt>
      <trkpt lat="32.86542437535763" lon="-17.16663074575623">
        <ele>29</ele>
      </trkpt>
      <trkpt lat="32.86537478542819" lon="-17.16658401678427">
        <ele>29</ele>
      </trkpt>
      <trkpt lat="32.86529658592409" lon="-17.16653156589738">
        <ele>30</ele>
      </trkpt>
      <trkpt lat="32.86520408163265" lon="-17.16649246614532">
        <ele>31</ele>
      </trkpt>
      <trkpt lat="32.86508582872402" lon="-17.16645432004576">
        <ele>32</ele>
      </trkpt>
      <trkpt lat="32.86497901964525" lon="-17.16642857142856">
        <ele>35</ele>
      </trkpt>
      <trkpt lat="32.86487221056647" lon="-17.16640186915886">
        <ele>39</ele>
      </trkpt>
      <trkpt lat="32.86477303070762" lon="-17.16636849132175">
        <ele>43</ele>
      </trkpt>
      <trkpt lat="32.86468052641618" lon="-17.16633320617965">
        <ele>46</ele>
      </trkpt>
      <trkpt lat="32.8646004196071" lon="-17.16629029181765">
        <ele>48</ele>
      </trkpt>
      <trkpt lat="32.86451745184056" lon="-17.16623116536333">
        <ele>49</ele>
      </trkpt>
      <trkpt lat="32.86416460041961" lon="-17.16595174518404">
        <ele>46</ele>
      </trkpt>
      <trkpt lat="32.86404444020599" lon="-17.16587926759487">
        <ele>50</ele>
      </trkpt>
      <trkpt lat="32.8639223726874" lon="-17.16582681670798">
        <ele>57</ele>
      </trkpt>
      <trkpt lat="32.8638003051688" lon="-17.16577436582108">
        <ele>63</ele>
      </trkpt>
      <trkpt lat="32.86373831775701" lon="-17.1657381270265">
        <ele>65</ele>
      </trkpt>
      <trkpt lat="32.86367633034523" lon="-17.16570188823192">
        <ele>67</ele>
      </trkpt>
      <trkpt lat="32.86338355903109" lon="-17.16547587259202">
        <ele>65</ele>
      </trkpt>
      <trkpt lat="32.86338355903109" lon="-17.16547587259202">
        <ele>65</ele>
      </trkpt>
      <trkpt lat="32.86330154491704" lon="-17.16538527560556">
        <ele>60</ele>
      </trkpt>
      <trkpt lat="32.86322048445547" lon="-17.16529372496661">
        <ele>56</ele>
      </trkpt>
      <trkpt lat="32.86281613580012" lon="-17.16493133702078">
        <ele>49</ele>
      </trkpt>
      <trkpt lat="32.86277608239558" lon="-17.16490654205606">
        <ele>51</ele>
      </trkpt>
      <trkpt lat="32.86273698264353" lon="-17.16489700553117">
        <ele>53</ele>
      </trkpt>
      <trkpt lat="32.86262540530231" lon="-17.16488842265877">
        <ele>59</ele>
      </trkpt>
      <trkpt lat="32.8625138279611" lon="-17.16487888613388">
        <ele>65</ele>
      </trkpt>
      <trkpt lat="32.86243658210948" lon="-17.16486267404157">
        <ele>71</ele>
      </trkpt>
      <trkpt lat="32.86236028991036" lon="-17.16480259393476">
        <ele>76</ele>
      </trkpt>
      <trkpt lat="32.86224489795919" lon="-17.16468720198359">
        <ele>80</ele>
      </trkpt>
      <trkpt lat="32.86212950600802" lon="-17.16457085637992">
        <ele>82</ele>
      </trkpt>
      <trkpt lat="32.862043677284" lon="-17.16452317375547">
        <ele>86</ele>
      </trkpt>
      <trkpt lat="32.86195784855999" lon="-17.16447549113102">
        <ele>90</ele>
      </trkpt>
      <trkpt lat="32.86188632462331" lon="-17.1644249475491">
        <ele>92</ele>
      </trkpt>
      <trkpt lat="32.86155445355713" lon="-17.16397959183672">
        <ele>82</ele>
      </trkpt>
      <trkpt lat="32.86132557695976" lon="-17.16368777417508">
        <ele>81</ele>
      </trkpt>
      <trkpt lat="32.86123021171085" lon="-17.16361148197596">
        <ele>84</ele>
      </trkpt>
      <trkpt lat="32.86114629029182" lon="-17.16355617013159">
        <ele>87</ele>
      </trkpt>
      <trkpt lat="32.86110146862484" lon="-17.16350753385465">
        <ele>88</ele>
      </trkpt>
      <trkpt lat="32.86106427617776" lon="-17.16341216860575">
        <ele>84</ele>
      </trkpt>
      <trkpt lat="32.86102803738319" lon="-17.16331584970435">
        <ele>81</ele>
      </trkpt>
      <trkpt lat="32.8609832157162" lon="-17.16324527942017">
        <ele>80</ele>
      </trkpt>
      <trkpt lat="32.8609393477017" lon="-17.16317470913598">
        <ele>79</ele>
      </trkpt>
      <trkpt lat="32.86087068472249" lon="-17.16310032424184">
        <ele>79</ele>
      </trkpt>
      <trkpt lat="32.86080202174328" lon="-17.16302593934769">
        <ele>78</ele>
      </trkpt>
      <trkpt lat="32.86000000000001" lon="-17.16258821285522">
        <ele>103</ele>
      </trkpt>
      <trkpt lat="32.86000000000001" lon="-17.16258821285522">
        <ele>103</ele>
      </trkpt>
      <trkpt lat="32.85986267404159" lon="-17.16251287430859">
        <ele>111</ele>
      </trkpt>
      <trkpt lat="32.85981880602709" lon="-17.16247472820903">
        <ele>114</ele>
      </trkpt>
      <trkpt lat="32.85977303070762" lon="-17.16241560175471">
        <ele>115</ele>
      </trkpt>
      <trkpt lat="32.85968910928858" lon="-17.162260156399">
        <ele>115</ele>
      </trkpt>
      <trkpt lat="32.85954319340627" lon="-17.16194290702909">
        <ele>112</ele>
      </trkpt>
      <trkpt lat="32.85954319340684" lon="-17.16194290703246">
        <ele>112</ele>
      </trkpt>
      <trkpt lat="32.85948598130842" lon="-17.16157924852183">
        <ele>99</ele>
      </trkpt>
      <trkpt lat="32.85944592790388" lon="-17.16142284951362">
        <ele>97</ele>
      </trkpt>
      <trkpt lat="32.85941159641428" lon="-17.16132653061223">
        <ele>96</ele>
      </trkpt>
      <trkpt lat="32.85936963570476" lon="-17.16123497997329">
        <ele>96</ele>
      </trkpt>
      <trkpt lat="32.8593219530803" lon="-17.16114915124927">
        <ele>97</ele>
      </trkpt>
      <trkpt lat="32.85910070570285" lon="-17.160824909403">
        <ele>102</ele>
      </trkpt>
      <trkpt lat="32.85900438680146" lon="-17.16061033759297">
        <ele>98</ele>
      </trkpt>
      <trkpt lat="32.85900438680146" lon="-17.16061033759297">
        <ele>98</ele>
      </trkpt>
      <trkpt lat="32.85896337974443" lon="-17.16049589929429">
        <ele>95</ele>
      </trkpt>
      <trkpt lat="32.85892332633989" lon="-17.16038050734311">
        <ele>92</ele>
      </trkpt>
      <trkpt lat="32.85892332633989" lon="-17.16038050734311">
        <ele>92</ele>
      </trkpt>
      <trkpt lat="32.85880793438871" lon="-17.16011920656112">
        <ele>88</ele>
      </trkpt>
      <trkpt lat="32.85878027846653" lon="-17.16006961663169">
        <ele>88</ele>
      </trkpt>
      <trkpt lat="32.85872878123213" lon="-17.15999999999999">
        <ele>89</ele>
      </trkpt>
      <trkpt lat="32.85872878123213" lon="-17.16000000000001">
        <ele>89</ele>
      </trkpt>
      <trkpt lat="32.85866870112532" lon="-17.15994182719817">
        <ele>91</ele>
      </trkpt>
      <trkpt lat="32.85856856761397" lon="-17.15988365439634">
        <ele>96</ele>
      </trkpt>
      <trkpt lat="32.85835932779604" lon="-17.15982969947474">
        <ele>110</ele>
      </trkpt>
      <trkpt lat="32.85835781041389" lon="-17.15982738889949">
        <ele>110</ele>
      </trkpt>
      <trkpt lat="32.85831584970438" lon="-17.15976349418273">
        <ele>111</ele>
      </trkpt>
      <trkpt lat="32.85828819378219" lon="-17.15969864581347">
        <ele>112</ele>
      </trkpt>
      <trkpt lat="32.8582614915125" lon="-17.15959755864963">
        <ele>110</ele>
      </trkpt>
      <trkpt lat="32.85823478924281" lon="-17.15951649818807">
        <ele>110</ele>
      </trkpt>
      <trkpt lat="32.85820808697311" lon="-17.15943448407401">
        <ele>109</ele>
      </trkpt>
      <trkpt lat="32.85815182147626" lon="-17.15935151630746">
        <ele>113</ele>
      </trkpt>
      <trkpt lat="32.85809555597941" lon="-17.15926854854092">
        <ele>117</ele>
      </trkpt>
      <trkpt lat="32.85806885370972" lon="-17.1591827198169">
        <ele>116</ele>
      </trkpt>
      <trkpt lat="32.85804310509251" lon="-17.1590959374404">
        <ele>115</ele>
      </trkpt>
      <trkpt lat="32.85800019073051" lon="-17.15902727446119">
        <ele>118</ele>
      </trkpt>
      <trkpt lat="32.8579572763685" lon="-17.15895765782949">
        <ele>121</ele>
      </trkpt>
      <trkpt lat="32.85787526225445" lon="-17.1588527560557">
        <ele>127</ele>
      </trkpt>
      <trkpt lat="32.85783902345986" lon="-17.15878218577151">
        <ele>129</ele>
      </trkpt>
      <trkpt lat="32.85780278466527" lon="-17.15871066183483">
        <ele>131</ele>
      </trkpt>
      <trkpt lat="32.85778275796301" lon="-17.15864199885562">
        <ele>131</ele>
      </trkpt>
      <trkpt lat="32.85776273126073" lon="-17.15857238222392">
        <ele>130</ele>
      </trkpt>
      <trkpt lat="32.85768453175664" lon="-17.15818615296586">
        <ele>114</ele>
      </trkpt>
      <trkpt lat="32.85763017356476" lon="-17.15770074384895">
        <ele>62</ele>
      </trkpt>
      <trkpt lat="32.85763208086974" lon="-17.15763875643716">
        <ele>54</ele>
      </trkpt>
      <trkpt lat="32.8576187297349" lon="-17.15753194735839">
        <ele>42</ele>
      </trkpt>
      <trkpt lat="32.85758058363533" lon="-17.15742513827962">
        <ele>38</ele>
      </trkpt>
      <trkpt lat="32.85751096700363" lon="-17.15731737554836">
        <ele>39</ele>
      </trkpt>
      <trkpt lat="32.85744135037194" lon="-17.15720865916461">
        <ele>45</ele>
      </trkpt>
      <trkpt lat="32.8572611100515" lon="-17.15689967575816">
        <ele>59</ele>
      </trkpt>
      <trkpt lat="32.85719721533474" lon="-17.15682433721152">
        <ele>64</ele>
      </trkpt>
      <trkpt lat="32.85713332061798" lon="-17.1567480450124">
        <ele>68</ele>
      </trkpt>
      <trkpt lat="32.85702269692925" lon="-17.1566269311463">
        <ele>76</ele>
      </trkpt>
      <trkpt lat="32.85691207324052" lon="-17.1565048636277">
        <ele>81</ele>
      </trkpt>
      <trkpt lat="32.8568262445165" lon="-17.15642761777609">
        <ele>86</ele>
      </trkpt>
      <trkpt lat="32.8568262445165" lon="-17.15642761777609">
        <ele>86</ele>
      </trkpt>
      <trkpt lat="32.85668701125311" lon="-17.15617680717147">
        <ele>83</ele>
      </trkpt>
      <trkpt lat="32.85658497043678" lon="-17.15602136181576">
        <ele>77</ele>
      </trkpt>
      <trkpt lat="32.85658497043678" lon="-17.15602136181576">
        <ele>77</ele>
      </trkpt>
      <trkpt lat="32.85656303642953" lon="-17.1559221819569">
        <ele>71</ele>
      </trkpt>
      <trkpt lat="32.85628838451269" lon="-17.15535475872593">
        <ele>49</ele>
      </trkpt>
      <trkpt lat="32.85628838451269" lon="-17.15535475872593">
        <ele>49</ele>
      </trkpt>
      <trkpt lat="32.85624642380318" lon="-17.15525748617204">
        <ele>45</ele>
      </trkpt>
      <trkpt lat="32.85620446309365" lon="-17.15515925996568">
        <ele>42</ele>
      </trkpt>
      <trkpt lat="32.85620446309365" lon="-17.15515925996568">
        <ele>42</ele>
      </trkpt>
      <trkpt lat="32.85619301926379" lon="-17.15512016021362">
        <ele>41</ele>
      </trkpt>
      <trkpt lat="32.8561748998665" lon="-17.15508582872402">
        <ele>40</ele>
      </trkpt>
      <trkpt lat="32.85614915124929" lon="-17.15505721914935">
        <ele>39</ele>
      </trkpt>
      <trkpt lat="32.85611672706467" lon="-17.15503623879459">
        <ele>40</ele>
      </trkpt>
      <trkpt lat="32.85611672706467" lon="-17.15503623879459">
        <ele>40</ele>
      </trkpt>
      <trkpt lat="32.85606999809271" lon="-17.15504577531948">
        <ele>42</ele>
      </trkpt>
      <trkpt lat="32.85602613007821" lon="-17.15506294106428">
        <ele>45</ele>
      </trkpt>
      <trkpt lat="32.85595842075148" lon="-17.15511062368873">
        <ele>50</ele>
      </trkpt>
      <trkpt lat="32.85561892046539" lon="-17.15546633606714">
        <ele>67</ele>
      </trkpt>
      <trkpt lat="32.85553309174138" lon="-17.15554739652871">
        <ele>68</ele>
      </trkpt>
      <trkpt lat="32.85548636276941" lon="-17.15558649628076">
        <ele>69</ele>
      </trkpt>
      <trkpt lat="32.85541197787527" lon="-17.15562082777037">
        <ele>69</ele>
      </trkpt>
      <trkpt lat="32.85537287812322" lon="-17.15563227160024">
        <ele>68</ele>
      </trkpt>
      <trkpt lat="32.85529181766165" lon="-17.15563322525272">
        <ele>66</ele>
      </trkpt>
      <trkpt lat="32.85498188060271" lon="-17.15552736982644">
        <ele>55</ele>
      </trkpt>
      <trkpt lat="32.85486934960901" lon="-17.15549303833684">
        <ele>50</ele>
      </trkpt>
      <trkpt lat="32.85482357428954" lon="-17.15549017737937">
        <ele>49</ele>
      </trkpt>
      <trkpt lat="32.85477684531757" lon="-17.15549685294679">
        <ele>48</ele>
      </trkpt>
      <trkpt lat="32.85473202365059" lon="-17.15551306503911">
        <ele>47</ele>
      </trkpt>
      <trkpt lat="32.85469197024605" lon="-17.15553690635133">
        <ele>47</ele>
      </trkpt>
      <trkpt lat="32.85460614152204" lon="-17.15561224489797">
        <ele>48</ele>
      </trkpt>
      <trkpt lat="32.85452126645051" lon="-17.1556875834446">
        <ele>49</ele>
      </trkpt>
      <trkpt lat="32.85446404730117" lon="-17.15572382223918">
        <ele>49</ele>
      </trkpt>
      <trkpt lat="32.85443925233646" lon="-17.15573621972154">
        <ele>49</ele>
      </trkpt>
      <trkpt lat="32.85438489414458" lon="-17.15573908067901">
        <ele>48</ele>
      </trkpt>
      <trkpt lat="32.85433530421516" lon="-17.1557133320618">
        <ele>46</ele>
      </trkpt>
      <trkpt lat="32.85431241655542" lon="-17.1556875834446">
        <ele>44</ele>
      </trkpt>
      <trkpt lat="32.85428666793821" lon="-17.15561987411788">
        <ele>40</ele>
      </trkpt>
      <trkpt lat="32.85428571428572" lon="-17.15558172801832">
        <ele>38</ele>
      </trkpt>
      <trkpt lat="32.85429525081062" lon="-17.15553499904635">
        <ele>36</ele>
      </trkpt>
      <trkpt lat="32.85433244325768" lon="-17.15545679954225">
        <ele>33</ele>
      </trkpt>
      <trkpt lat="32.85437058935725" lon="-17.15537860003815">
        <ele>30</ele>
      </trkpt>
      <trkpt lat="32.85440396719437" lon="-17.15529372496663">
        <ele>27</ele>
      </trkpt>
      <trkpt lat="32.85442017928668" lon="-17.15521171085257">
        <ele>24</ele>
      </trkpt>
      <trkpt lat="32.85443734503148" lon="-17.15512969673851">
        <ele>21</ele>
      </trkpt>
      <trkpt lat="32.85454701506772" lon="-17.15467671180622">
        <ele>18</ele>
      </trkpt>
      <trkpt lat="32.85456322716003" lon="-17.1545918367347">
        <ele>18</ele>
      </trkpt>
      <trkpt lat="32.85456036620256" lon="-17.15453843219531">
        <ele>18</ele>
      </trkpt>
      <trkpt lat="32.85455178333017" lon="-17.15450314705322">
        <ele>18</ele>
      </trkpt>
      <trkpt lat="32.85450696166318" lon="-17.15444115964143">
        <ele>19</ele>
      </trkpt>
      <trkpt lat="32.85450696166318" lon="-17.15444115964143">
        <ele>19</ele>
      </trkpt>
      <trkpt lat="32.85416078580966" lon="-17.15409689109289">
        <ele>39</ele>
      </trkpt>
      <trkpt lat="32.85416078580966" lon="-17.15409689109289">
        <ele>39</ele>
      </trkpt>
      <trkpt lat="32.85411787144766" lon="-17.15404920846844">
        <ele>46</ele>
      </trkpt>
      <trkpt lat="32.85409498378792" lon="-17.15401296967386">
        <ele>51</ele>
      </trkpt>
      <trkpt lat="32.85408258630556" lon="-17.15397196261683">
        <ele>55</ele>
      </trkpt>
      <trkpt lat="32.85408258630556" lon="-17.15397196261683">
        <ele>55</ele>
      </trkpt>
      <trkpt lat="32.85404253290102" lon="-17.15397863818425">
        <ele>60</ele>
      </trkpt>
      <trkpt lat="32.85393477016976" lon="-17.15401964524128">
        <ele>70</ele>
      </trkpt>
      <trkpt lat="32.85385943162313" lon="-17.15405683768835">
        <ele>76</ele>
      </trkpt>
      <trkpt lat="32.85379458325387" lon="-17.15409879839787">
        <ele>80</ele>
      </trkpt>
      <trkpt lat="32.85367633034523" lon="-17.15421514400153">
        <ele>85</ele>
      </trkpt>
      <trkpt lat="32.85363627694069" lon="-17.15430097272554">
        <ele>84</ele>
      </trkpt>
      <trkpt lat="32.85362101850087" lon="-17.15437249666222">
        <ele>81</ele>
      </trkpt>
      <trkpt lat="32.85361434293344" lon="-17.1544611863437">
        <ele>75</ele>
      </trkpt>
      <trkpt lat="32.85362006484838" lon="-17.15452412740798">
        <ele>71</ele>
      </trkpt>
      <trkpt lat="32.85362578676331" lon="-17.15458611481976">
        <ele>66</ele>
      </trkpt>
      <trkpt lat="32.85362578676331" lon="-17.15458611481976">
        <ele>66</ele>
      </trkpt>
      <trkpt lat="32.85351611672707" lon="-17.15458897577723">
        <ele>75</ele>
      </trkpt>
      <trkpt lat="32.85346938775511" lon="-17.15460328056457">
        <ele>78</ele>
      </trkpt>
      <trkpt lat="32.85346938775511" lon="-17.15460328056457">
        <ele>78</ele>
      </trkpt>
      <trkpt lat="32.85341407591075" lon="-17.15470246042343">
        <ele>75</ele>
      </trkpt>
      <trkpt lat="32.85335876406639" lon="-17.15480164028229">
        <ele>71</ele>
      </trkpt>
      <trkpt lat="32.85322243217497" lon="-17.15511771322457">
        <ele>60</ele>
      </trkpt>
      <trkpt lat="32.85322243216002" lon="-17.15511771325919">
        <ele>60</ele>
      </trkpt>
      <trkpt lat="32.85316040434866" lon="-17.15508106046157">
        <ele>66</ele>
      </trkpt>
      <trkpt lat="32.85314705321382" lon="-17.15504100705703">
        <ele>69</ele>
      </trkpt>
      <trkpt lat="32.85313370207897" lon="-17.15460423421706">
        <ele>105</ele>
      </trkpt>
      <trkpt lat="32.85313370207897" lon="-17.15460423421706">
        <ele>105</ele>
      </trkpt>
      <trkpt lat="32.8531902441341" lon="-17.15447945835981">
        <ele>111</ele>
      </trkpt>
      <trkpt lat="32.85319024414025" lon="-17.15447945834622">
        <ele>111</ele>
      </trkpt>
      <trkpt lat="32.85317280183102" lon="-17.15440968910929">
        <ele>118</ele>
      </trkpt>
      <trkpt lat="32.85313560938395" lon="-17.15446690825864">
        <ele>117</ele>
      </trkpt>
      <trkpt lat="32.85314609956133" lon="-17.15414457371734">
        <ele>143</ele>
      </trkpt>
      <trkpt lat="32.85312035094412" lon="-17.1541226397101">
        <ele>147</ele>
      </trkpt>
      <trkpt lat="32.85305931718483" lon="-17.15418176616442">
        <ele>146</ele>
      </trkpt>
      <trkpt lat="32.85282567232501" lon="-17.15450886896815">
        <ele>137</ele>
      </trkpt>
      <trkpt lat="32.85274938012589" lon="-17.15462998283426">
        <ele>133</ele>
      </trkpt>
      <trkpt lat="32.85267308792677" lon="-17.15475109670037">
        <ele>129</ele>
      </trkpt>
      <trkpt lat="32.85247377455656" lon="-17.1551049017738">
        <ele>119</ele>
      </trkpt>
      <trkpt lat="32.85228685866871" lon="-17.15538527560557">
        <ele>117</ele>
      </trkpt>
      <trkpt lat="32.85219912263972" lon="-17.15549017737937">
        <ele>118</ele>
      </trkpt>
      <trkpt lat="32.85208468434104" lon="-17.1555569330536">
        <ele>122</ele>
      </trkpt>
      <trkpt lat="32.85201697501432" lon="-17.15562082777037">
        <ele>123</ele>
      </trkpt>
      <trkpt lat="32.85195021934008" lon="-17.15568472248713">
        <ele>123</ele>
      </trkpt>
      <trkpt lat="32.85185485409118" lon="-17.15567804691971">
        <ele>130</ele>
      </trkpt>
      <trkpt lat="32.85182815182149" lon="-17.15561892046539">
        <ele>136</ele>
      </trkpt>
      <trkpt lat="32.85182815182149" lon="-17.15561892046539">
        <ele>136</ele>
      </trkpt>
      <trkpt lat="32.85171752813276" lon="-17.15567995422469">
        <ele>139</ele>
      </trkpt>
      <trkpt lat="32.8516355140187" lon="-17.15573812702652">
        <ele>140</ele>
      </trkpt>
      <trkpt lat="32.8516355140187" lon="-17.15573812702652">
        <ele>140</ele>
      </trkpt>
      <trkpt lat="32.85160785809652" lon="-17.15569807362198">
        <ele>144</ele>
      </trkpt>
      <trkpt lat="32.85155159259966" lon="-17.15572382223918">
        <ele>146</ele>
      </trkpt>
      <trkpt lat="32.8515144001526" lon="-17.15577627312608">
        <ele>144</ele>
      </trkpt>
      <trkpt lat="32.8514962807553" lon="-17.15586591646005">
        <ele>142</ele>
      </trkpt>
      <trkpt lat="32.85148960518788" lon="-17.15597367919131">
        <ele>143</ele>
      </trkpt>
      <trkpt lat="32.85148388327294" lon="-17.15608144192257">
        <ele>145</ele>
      </trkpt>
      <trkpt lat="32.8515401487698" lon="-17.1563570474919">
        <ele>146</ele>
      </trkpt>
      <trkpt lat="32.8515144001526" lon="-17.15643906160595">
        <ele>148</ele>
      </trkpt>
      <trkpt lat="32.85123307266833" lon="-17.15667461377075">
        <ele>158</ele>
      </trkpt>
      <trkpt lat="32.851131031852" lon="-17.1567661644097">
        <ele>159</ele>
      </trkpt>
      <trkpt lat="32.85102899103568" lon="-17.15685771504864">
        <ele>161</ele>
      </trkpt>
      <trkpt lat="32.85100419607096" lon="-17.15693782185772">
        <ele>160</ele>
      </trkpt>
      <trkpt lat="32.85098035475873" lon="-17.1570179286668">
        <ele>159</ele>
      </trkpt>
      <trkpt lat="32.8509050162121" lon="-17.15711806217815">
        <ele>160</ele>
      </trkpt>
      <trkpt lat="32.85083063131795" lon="-17.15721724203701">
        <ele>160</ele>
      </trkpt>
      <trkpt lat="32.8507400343315" lon="-17.15728590501622">
        <ele>163</ele>
      </trkpt>
      <trkpt lat="32.85065515925997" lon="-17.1573307266832">
        <ele>166</ele>
      </trkpt>
      <trkpt lat="32.85057028418845" lon="-17.15737554835019">
        <ele>168</ele>
      </trkpt>
      <trkpt lat="32.85045775319475" lon="-17.1574089261873">
        <ele>172</ele>
      </trkpt>
      <trkpt lat="32.85034522220104" lon="-17.15744135037193">
        <ele>175</ele>
      </trkpt>
      <trkpt lat="32.85009727255389" lon="-17.1575481594507">
        <ele>181</ele>
      </trkpt>
      <trkpt lat="32.84983501811941" lon="-17.15785905016213">
        <ele>183</ele>
      </trkpt>
      <trkpt lat="32.84973011634561" lon="-17.1579658592409">
        <ele>184</ele>
      </trkpt>
      <trkpt lat="32.84966336067138" lon="-17.15800305168797">
        <ele>186</ele>
      </trkpt>
      <trkpt lat="32.84957562464239" lon="-17.15802212473775">
        <ele>188</ele>
      </trkpt>
      <trkpt lat="32.84957562464239" lon="-17.15802212473775">
        <ele>188</ele>
      </trkpt>
      <trkpt lat="32.84948312035095" lon="-17.15801831012779">
        <ele>191</ele>
      </trkpt>
      <trkpt lat="32.84948312035095" lon="-17.15801831012779">
        <ele>191</ele>
      </trkpt>
      <trkpt lat="32.84940015258441" lon="-17.1579830249857">
        <ele>195</ele>
      </trkpt>
      <trkpt lat="32.8493314896052" lon="-17.15791245470151">
        <ele>198</ele>
      </trkpt>
      <trkpt lat="32.84924661453367" lon="-17.1578437917223">
        <ele>202</ele>
      </trkpt>
      <trkpt lat="32.8491655540721" lon="-17.15779229448789">
        <ele>206</ele>
      </trkpt>
      <trkpt lat="32.8491655540721" lon="-17.15779229448789">
        <ele>206</ele>
      </trkpt>
      <trkpt lat="32.84908067900058" lon="-17.15776273126074">
        <ele>208</ele>
      </trkpt>
      <trkpt lat="32.84895479687203" lon="-17.15776177760825">
        <ele>211</ele>
      </trkpt>
      <trkpt lat="32.84881460995614" lon="-17.15779229448789">
        <ele>213</ele>
      </trkpt>
      <trkpt lat="32.84864295250811" lon="-17.15783902345986">
        <ele>216</ele>
      </trkpt>
      <trkpt lat="32.84852374594698" lon="-17.15781613580012">
        <ele>219</ele>
      </trkpt>
      <trkpt lat="32.84835876406638" lon="-17.15779801640283">
        <ele>223</ele>
      </trkpt>
      <trkpt lat="32.84835876406638" lon="-17.15779801640283">
        <ele>223</ele>
      </trkpt>
      <trkpt lat="32.84826435246997" lon="-17.15773698264353">
        <ele>227</ele>
      </trkpt>
      <trkpt lat="32.84816994087355" lon="-17.15767594888423">
        <ele>232</ele>
      </trkpt>
      <trkpt lat="32.84809746328439" lon="-17.15762445164982">
        <ele>235</ele>
      </trkpt>
      <trkpt lat="32.84802593934771" lon="-17.15757295441542">
        <ele>238</ele>
      </trkpt>
      <trkpt lat="32.84795250810605" lon="-17.15752813274843">
        <ele>241</ele>
      </trkpt>
      <trkpt lat="32.8478790768644" lon="-17.15748235742896">
        <ele>245</ele>
      </trkpt>
      <trkpt lat="32.84776845317567" lon="-17.15749284760634">
        <ele>247</ele>
      </trkpt>
      <trkpt lat="32.84767690253673" lon="-17.15753194735839">
        <ele>250</ele>
      </trkpt>
      <trkpt lat="32.84765878313943" lon="-17.15762540530231">
        <ele>250</ele>
      </trkpt>
      <trkpt lat="32.84766736601183" lon="-17.1576873927141">
        <ele>249</ele>
      </trkpt>
      <trkpt lat="32.84767690253673" lon="-17.15774938012589">
        <ele>248</ele>
      </trkpt>
      <trkpt lat="32.84765020026703" lon="-17.15786286477208">
        <ele>248</ele>
      </trkpt>
      <trkpt lat="32.84762445164983" lon="-17.15797539576579">
        <ele>249</ele>
      </trkpt>
      <trkpt lat="32.84760633225254" lon="-17.15830822048446">
        <ele>248</ele>
      </trkpt>
      <trkpt lat="32.84757772267786" lon="-17.15836639328629">
        <ele>248</ele>
      </trkpt>
      <trkpt lat="32.84753385466337" lon="-17.15839977112341">
        <ele>250</ele>
      </trkpt>
      <trkpt lat="32.84743658210949" lon="-17.15844554644288">
        <ele>253</ele>
      </trkpt>
      <trkpt lat="32.84736219721535" lon="-17.15848559984742">
        <ele>255</ele>
      </trkpt>
      <trkpt lat="32.84728876597369" lon="-17.15852565325196">
        <ele>258</ele>
      </trkpt>
      <trkpt lat="32.84728876597369" lon="-17.15852565325196">
        <ele>258</ele>
      </trkpt>
      <trkpt lat="32.84731737554836" lon="-17.15841407591074">
        <ele>259</ele>
      </trkpt>
      <trkpt lat="32.84734598512303" lon="-17.15830154491704">
        <ele>259</ele>
      </trkpt>
      <trkpt lat="32.84734598512303" lon="-17.15830154491704">
        <ele>259</ele>
      </trkpt>
      <trkpt lat="32.8468786954034" lon="-17.15821285523556">
        <ele>277</ele>
      </trkpt>
      <trkpt lat="32.8468786954034" lon="-17.15821285523556">
        <ele>277</ele>
      </trkpt>
      <trkpt lat="32.84672897196263" lon="-17.15812607285906">
        <ele>283</ele>
      </trkpt>
      <trkpt lat="32.8465830631318" lon="-17.15791722296396">
        <ele>286</ele>
      </trkpt>
      <trkpt lat="32.84637039862675" lon="-17.15766069044441">
        <ele>292</ele>
      </trkpt>
      <trkpt lat="32.84632653061225" lon="-17.15738413122259">
        <ele>296</ele>
      </trkpt>
      <trkpt lat="32.84631508678238" lon="-17.15710566469579">
        <ele>303</ele>
      </trkpt>
      <trkpt lat="32.8462178142285" lon="-17.15682338355904">
        <ele>315</ele>
      </trkpt>
      <trkpt lat="32.84619492656876" lon="-17.15671562082778">
        <ele>320</ele>
      </trkpt>
      <trkpt lat="32.84619492656876" lon="-17.15671562082778">
        <ele>320</ele>
      </trkpt>
      <trkpt lat="32.84619015830632" lon="-17.15659546061416">
        <ele>324</ele>
      </trkpt>
      <trkpt lat="32.84618539004388" lon="-17.15647434674805">
        <ele>328</ele>
      </trkpt>
      <trkpt lat="32.84624260919322" lon="-17.15637993515164">
        <ele>327</ele>
      </trkpt>
      <trkpt lat="32.84624260919322" lon="-17.15637993515164">
        <ele>327</ele>
      </trkpt>
      <trkpt lat="32.84631604043487" lon="-17.15622067518597">
        <ele>328</ele>
      </trkpt>
      <trkpt lat="32.84644859813085" lon="-17.15602899103567">
        <ele>327</ele>
      </trkpt>
      <trkpt lat="32.84662597749381" lon="-17.15585065802022">
        <ele>323</ele>
      </trkpt>
      <trkpt lat="32.84660404348656" lon="-17.15562082777037">
        <ele>335</ele>
      </trkpt>
      <trkpt lat="32.84676044249476" lon="-17.15545775319474">
        <ele>340</ele>
      </trkpt>
      <trkpt lat="32.84699122639711" lon="-17.15540244135038">
        <ele>343</ele>
      </trkpt>
      <trkpt lat="32.8471228304406" lon="-17.15534903681099">
        <ele>346</ele>
      </trkpt>
      <trkpt lat="32.84715811558269" lon="-17.15531947358383">
        <ele>348</ele>
      </trkpt>
      <trkpt lat="32.84714285714286" lon="-17.15528991035667">
        <ele>349</ele>
      </trkpt>
      <trkpt lat="32.84685580774367" lon="-17.15523078390235">
        <ele>351</ele>
      </trkpt>
      <trkpt lat="32.84685580774367" lon="-17.15523078390235">
        <ele>351</ele>
      </trkpt>
      <trkpt lat="32.84695689490751" lon="-17.15520217432768">
        <ele>353</ele>
      </trkpt>
      <trkpt lat="32.84705798207134" lon="-17.15517261110052">
        <ele>355</ele>
      </trkpt>
      <trkpt lat="32.84705798207134" lon="-17.15517261110052">
        <ele>355</ele>
      </trkpt>
      <trkpt lat="32.84700839214191" lon="-17.15473202365059">
        <ele>369</ele>
      </trkpt>
      <trkpt lat="32.84697024604235" lon="-17.15448693496091">
        <ele>375</ele>
      </trkpt>
      <trkpt lat="32.84689395384323" lon="-17.15430192637803">
        <ele>379</ele>
      </trkpt>
      <trkpt lat="32.84680526416174" lon="-17.15414934197979">
        <ele>381</ele>
      </trkpt>
      <trkpt lat="32.84652107572002" lon="-17.15396719435438">
        <ele>382</ele>
      </trkpt>
      <trkpt lat="32.84621576657806" lon="-17.15348942050629">
        <ele>386</ele>
      </trkpt>
      <trkpt lat="32.84621576653122" lon="-17.15348942044717">
        <ele>386</ele>
      </trkpt>
      <trkpt lat="32.84567423230975" lon="-17.15383463665841">
        <ele>390</ele>
      </trkpt>
      <trkpt lat="32.84567423230975" lon="-17.15383463665841">
        <ele>390</ele>
      </trkpt>
      <trkpt lat="32.8455311844364" lon="-17.15395384321954">
        <ele>395</ele>
      </trkpt>
      <trkpt lat="32.84526320808698" lon="-17.15411501049018">
        <ele>406</ele>
      </trkpt>
      <trkpt lat="32.84503814609957" lon="-17.15429429715812">
        <ele>415</ele>
      </trkpt>
      <trkpt lat="32.84491798588595" lon="-17.15452317375549">
        <ele>418</ele>
      </trkpt>
      <trkpt lat="32.84485599847417" lon="-17.15458802212475">
        <ele>421</ele>
      </trkpt>
      <trkpt lat="32.84476826244517" lon="-17.1546347510967">
        <ele>424</ele>
      </trkpt>
      <trkpt lat="32.84461186343697" lon="-17.15466049971391">
        <ele>430</ele>
      </trkpt>
      <trkpt lat="32.84451745184056" lon="-17.15473011634561">
        <ele>434</ele>
      </trkpt>
      <trkpt lat="32.84426473393096" lon="-17.15497329773031">
        <ele>443</ele>
      </trkpt>
      <trkpt lat="32.84416269311464" lon="-17.15506198741179">
        <ele>446</ele>
      </trkpt>
      <trkpt lat="32.84416269311464" lon="-17.15506198741179">
        <ele>446</ele>
      </trkpt>
      <trkpt lat="32.84408067900058" lon="-17.15511634560367">
        <ele>450</ele>
      </trkpt>
      <trkpt lat="32.84406255960329" lon="-17.15515449170323">
        <ele>451</ele>
      </trkpt>
      <trkpt lat="32.84402155254626" lon="-17.15517737936296">
        <ele>452</ele>
      </trkpt>
      <trkpt lat="32.84391951172994" lon="-17.15520694259013">
        <ele>457</ele>
      </trkpt>
      <trkpt lat="32.84387373641046" lon="-17.15527369826436">
        <ele>459</ele>
      </trkpt>
      <trkpt lat="32.84383082204845" lon="-17.15527274461187">
        <ele>461</ele>
      </trkpt>
      <trkpt lat="32.8437392714095" lon="-17.15535189776846">
        <ele>464</ele>
      </trkpt>
      <trkpt lat="32.84368872782759" lon="-17.15535475872593">
        <ele>467</ele>
      </trkpt>
      <trkpt lat="32.8436181575434" lon="-17.15532710280375">
        <ele>470</ele>
      </trkpt>
      <trkpt lat="32.84358764066375" lon="-17.15537192447073">
        <ele>471</ele>
      </trkpt>
      <trkpt lat="32.84348464619494" lon="-17.15533282471868">
        <ele>476</ele>
      </trkpt>
      <trkpt lat="32.84338260537861" lon="-17.15529372496663">
        <ele>481</ele>
      </trkpt>
      <trkpt lat="32.84310318519933" lon="-17.15560270837307">
        <ele>490</ele>
      </trkpt>
      <trkpt lat="32.84301640282282" lon="-17.1556704176998">
        <ele>493</ele>
      </trkpt>
      <trkpt lat="32.84295918367348" lon="-17.15566469578486">
        <ele>495</ele>
      </trkpt>
      <trkpt lat="32.84288193782186" lon="-17.15575815372879">
        <ele>498</ele>
      </trkpt>
      <trkpt lat="32.84282090406257" lon="-17.15585351897769">
        <ele>500</ele>
      </trkpt>
      <trkpt lat="32.84276082395576" lon="-17.1559479305741">
        <ele>502</ele>
      </trkpt>
      <trkpt lat="32.84264543200459" lon="-17.15604234217052">
        <ele>506</ele>
      </trkpt>
      <trkpt lat="32.84255102040817" lon="-17.15610146862484">
        <ele>509</ele>
      </trkpt>
      <trkpt lat="32.84244230402442" lon="-17.15609193209995">
        <ele>514</ele>
      </trkpt>
      <trkpt lat="32.84233454129316" lon="-17.15608239557506">
        <ele>518</ele>
      </trkpt>
      <trkpt lat="32.84200839214191" lon="-17.15597367919131">
        <ele>532</ele>
      </trkpt>
      <trkpt lat="32.84189776845319" lon="-17.15594506961664">
        <ele>537</ele>
      </trkpt>
      <trkpt lat="32.84178809841695" lon="-17.15591646004196">
        <ele>542</ele>
      </trkpt>
      <trkpt lat="32.84150581728019" lon="-17.15574957085639">
        <ele>552</ele>
      </trkpt>
      <trkpt lat="32.84145050543583" lon="-17.15562750333779">
        <ele>554</ele>
      </trkpt>
      <trkpt lat="32.84137325958422" lon="-17.15556742323098">
        <ele>557</ele>
      </trkpt>
      <trkpt lat="32.84129696738509" lon="-17.15550638947168">
        <ele>560</ele>
      </trkpt>
      <trkpt lat="32.84118539004388" lon="-17.15548827007439">
        <ele>563</ele>
      </trkpt>
      <trkpt lat="32.84111768071715" lon="-17.15552164791151">
        <ele>566</ele>
      </trkpt>
      <trkpt lat="32.84100514972345" lon="-17.15550448216671">
        <ele>569</ele>
      </trkpt>
      <trkpt lat="32.84095555979402" lon="-17.1555397673088">
        <ele>571</ele>
      </trkpt>
      <trkpt lat="32.84087449933245" lon="-17.1555397673088">
        <ele>574</ele>
      </trkpt>
      <trkpt lat="32.84079343887088" lon="-17.1555397673088">
        <ele>576</ele>
      </trkpt>
      <trkpt lat="32.84067232500477" lon="-17.15552069425902">
        <ele>578</ele>
      </trkpt>
      <trkpt lat="32.840565515926" lon="-17.15548254815945">
        <ele>580</ele>
      </trkpt>
      <trkpt lat="32.840565515926" lon="-17.15548254815945">
        <ele>580</ele>
      </trkpt>
      <trkpt lat="32.84051211138662" lon="-17.15562845699028">
        <ele>581</ele>
      </trkpt>
      <trkpt lat="32.84047682624453" lon="-17.15603757390807">
        <ele>581</ele>
      </trkpt>
      <trkpt lat="32.8403309174137" lon="-17.15624642380317">
        <ele>584</ele>
      </trkpt>
      <trkpt lat="32.84011729925616" lon="-17.15639042532901">
        <ele>589</ele>
      </trkpt>
      <trkpt lat="32.84000000000001" lon="-17.15652107572001">
        <ele>591</ele>
      </trkpt>
      <trkpt lat="32.84" lon="-17.15652107572001">
        <ele>591</ele>
      </trkpt>
      <trkpt lat="32.83994278085066" lon="-17.15658401678429">
        <ele>593</ele>
      </trkpt>
      <trkpt lat="32.83967480450124" lon="-17.15677951554454">
        <ele>598</ele>
      </trkpt>
      <trkpt lat="32.83967480450124" lon="-17.15677951554454">
        <ele>598</ele>
      </trkpt>
      <trkpt lat="32.83937249666221" lon="-17.15680240320428">
        <ele>604</ele>
      </trkpt>
      <trkpt lat="32.83918367346939" lon="-17.15689490749572">
        <ele>608</ele>
      </trkpt>
      <trkpt lat="32.83895670417699" lon="-17.15706847224872">
        <ele>614</ele>
      </trkpt>
      <trkpt lat="32.83878886133893" lon="-17.1571218767881">
        <ele>618</ele>
      </trkpt>
      <trkpt lat="32.83878886133893" lon="-17.1571218767881">
        <ele>618</ele>
      </trkpt>
      <trkpt lat="32.83857619683387" lon="-17.1573307266832">
        <ele>624</ele>
      </trkpt>
      <trkpt lat="32.83828533282472" lon="-17.1579830249857">
        <ele>630</ele>
      </trkpt>
      <trkpt lat="32.83812225824909" lon="-17.15829391569713">
        <ele>634</ele>
      </trkpt>
      <trkpt lat="32.83810223154682" lon="-17.15859050162122">
        <ele>634</ele>
      </trkpt>
      <trkpt lat="32.83806885370971" lon="-17.15869063513256">
        <ele>635</ele>
      </trkpt>
      <trkpt lat="32.83802784665268" lon="-17.15869349609003">
        <ele>636</ele>
      </trkpt>
      <trkpt lat="32.83778371161549" lon="-17.1585046728972">
        <ele>641</ele>
      </trkpt>
      <trkpt lat="32.83771409498379" lon="-17.15837879076865">
        <ele>642</ele>
      </trkpt>
      <trkpt lat="32.83728781232119" lon="-17.15812607285906">
        <ele>648</ele>
      </trkpt>
      <trkpt lat="32.83693782185772" lon="-17.15774175090598">
        <ele>653</ele>
      </trkpt>
      <trkpt lat="32.83662216288384" lon="-17.15735552164792">
        <ele>659</ele>
      </trkpt>
      <trkpt lat="32.83653442685485" lon="-17.15718863246234">
        <ele>660</ele>
      </trkpt>
      <trkpt lat="32.83650677093267" lon="-17.15697119969484">
        <ele>661</ele>
      </trkpt>
      <trkpt lat="32.83641331298875" lon="-17.15686820522602">
        <ele>662</ele>
      </trkpt>
      <trkpt lat="32.83628266259775" lon="-17.15682529086401">
        <ele>664</ele>
      </trkpt>
      <trkpt lat="32.83614152202937" lon="-17.15682910547397">
        <ele>666</ele>
      </trkpt>
      <trkpt lat="32.83614152202937" lon="-17.15682910547397">
        <ele>666</ele>
      </trkpt>
      <trkpt lat="32.83587926759488" lon="-17.15705035285143">
        <ele>669</ele>
      </trkpt>
      <trkpt lat="32.83588880411978" lon="-17.15766736601183">
        <ele>668</ele>
      </trkpt>
      <trkpt lat="32.8358430288003" lon="-17.15777894335305">
        <ele>669</ele>
      </trkpt>
      <trkpt lat="32.83567613961472" lon="-17.15796109097845">
        <ele>672</ele>
      </trkpt>
      <trkpt lat="32.83563284713986" lon="-17.15821856727634">
        <ele>673</ele>
      </trkpt>
      <trkpt lat="32.83563284718169" lon="-17.15821856713537">
        <ele>673</ele>
      </trkpt>
      <trkpt lat="32.83548922372687" lon="-17.15821476254053">
        <ele>676</ele>
      </trkpt>
      <trkpt lat="32.83483120350944" lon="-17.15793534236125">
        <ele>684</ele>
      </trkpt>
      <trkpt lat="32.83444306694641" lon="-17.15784951363723">
        <ele>687</ele>
      </trkpt>
      <trkpt lat="32.83420465382414" lon="-17.15785523555217">
        <ele>689</ele>
      </trkpt>
      <trkpt lat="32.83399294297158" lon="-17.15793534236125">
        <ele>693</ele>
      </trkpt>
      <trkpt lat="32.83349227541483" lon="-17.15822525271792">
        <ele>703</ele>
      </trkpt>
      <trkpt lat="32.83333492275415" lon="-17.15823574289529">
        <ele>706</ele>
      </trkpt>
      <trkpt lat="32.83300114438298" lon="-17.15816612626359">
        <ele>709</ele>
      </trkpt>
      <trkpt lat="32.83276368491322" lon="-17.15820236505818">
        <ele>712</ele>
      </trkpt>
      <trkpt lat="32.83276368491322" lon="-17.15820236505818">
        <ele>712</ele>
      </trkpt>
      <trkpt lat="32.83276654587068" lon="-17.15810699980927">
        <ele>711</ele>
      </trkpt>
      <trkpt lat="32.83263971008964" lon="-17.15805836353233">
        <ele>713</ele>
      </trkpt>
      <trkpt lat="32.8324690062941" lon="-17.15787430860195">
        <ele>715</ele>
      </trkpt>
      <trkpt lat="32.8324690062941" lon="-17.15787430860195">
        <ele>715</ele>
      </trkpt>
      <trkpt lat="32.8310347129506" lon="-17.15921895861149">
        <ele>732</ele>
      </trkpt>
      <trkpt lat="32.8309565134465" lon="-17.15927236315087">
        <ele>733</ele>
      </trkpt>
      <trkpt lat="32.83089738699218" lon="-17.15929906542057">
        <ele>734</ele>
      </trkpt>
      <trkpt lat="32.83083539958039" lon="-17.15931432386039">
        <ele>735</ele>
      </trkpt>
      <trkpt lat="32.83077245851612" lon="-17.15931909212284">
        <ele>737</ele>
      </trkpt>
      <trkpt lat="32.83070856379935" lon="-17.1593133702079">
        <ele>738</ele>
      </trkpt>
      <trkpt lat="32.83064657638757" lon="-17.15929715811559">
        <ele>740</ele>
      </trkpt>
      <trkpt lat="32.83059221819569" lon="-17.15927331680336">
        <ele>741</ele>
      </trkpt>
      <trkpt lat="32.83054072096128" lon="-17.15924089261874">
        <ele>743</ele>
      </trkpt>
      <trkpt lat="32.83049303833683" lon="-17.1592008392142">
        <ele>744</ele>
      </trkpt>
      <trkpt lat="32.83045012397482" lon="-17.15915411024223">
        <ele>745</ele>
      </trkpt>
      <trkpt lat="32.83041293152775" lon="-17.15909975205036">
        <ele>746</ele>
      </trkpt>
      <trkpt lat="32.8303824146481" lon="-17.15904157924853">
        <ele>747</ele>
      </trkpt>
      <trkpt lat="32.83018596223536" lon="-17.15846938775511">
        <ele>754</ele>
      </trkpt>
      <trkpt lat="32.82999589859291" lon="-17.1578349499627">
        <ele>760</ele>
      </trkpt>
      <trkpt lat="32.82999523173756" lon="-17.1578352088499">
        <ele>760</ele>
      </trkpt>
      <trkpt lat="32.82966622162883" lon="-17.15796299828343">
        <ele>766</ele>
      </trkpt>
      <trkpt lat="32.82920656112913" lon="-17.15800305168797">
        <ele>775</ele>
      </trkpt>
      <trkpt lat="32.82920656112913" lon="-17.15800305168797">
        <ele>775</ele>
      </trkpt>
      <trkpt lat="32.82910642761777" lon="-17.15801926378028">
        <ele>778</ele>
      </trkpt>
      <trkpt lat="32.82883177570093" lon="-17.15803738317758">
        <ele>784</ele>
      </trkpt>
      <trkpt lat="32.82845317566279" lon="-17.15808315849705">
        <ele>794</ele>
      </trkpt>
      <trkpt lat="32.82803833683005" lon="-17.15812130459661">
        <ele>804</ele>
      </trkpt>
      <trkpt lat="32.82764638565706" lon="-17.15836734693878">
        <ele>813</ele>
      </trkpt>
      <trkpt lat="32.82741274079725" lon="-17.15845126835782">
        <ele>818</ele>
      </trkpt>
      <trkpt lat="32.82710280373831" lon="-17.15837116154874">
        <ele>825</ele>
      </trkpt>
      <trkpt lat="32.82676044249475" lon="-17.15832157161931">
        <ele>832</ele>
      </trkpt>
      <trkpt lat="32.82655826816708" lon="-17.15823383559032">
        <ele>836</ele>
      </trkpt>
      <trkpt lat="32.82630936486744" lon="-17.15817852374595">
        <ele>839</ele>
      </trkpt>
      <trkpt lat="32.82611577341217" lon="-17.15809460232692">
        <ele>843</ele>
      </trkpt>
      <trkpt lat="32.82596414266641" lon="-17.1579572763685">
        <ele>847</ele>
      </trkpt>
      <trkpt lat="32.82591741369445" lon="-17.1579305740988">
        <ele>848</ele>
      </trkpt>
      <trkpt lat="32.82591741369445" lon="-17.1579305740988">
        <ele>848</ele>
      </trkpt>
      <trkpt lat="32.82560461567805" lon="-17.15792866679383">
        <ele>854</ele>
      </trkpt>
      <trkpt lat="32.82554644287622" lon="-17.15795536906352">
        <ele>855</ele>
      </trkpt>
      <trkpt lat="32.82546728971963" lon="-17.1579744421133">
        <ele>857</ele>
      </trkpt>
      <trkpt lat="32.82538813656303" lon="-17.15799256151059">
        <ele>859</ele>
      </trkpt>
      <trkpt lat="32.82530707610147" lon="-17.15797730307077">
        <ele>861</ele>
      </trkpt>
      <trkpt lat="32.8252174327675" lon="-17.15793915697121">
        <ele>863</ele>
      </trkpt>
      <trkpt lat="32.82517642571047" lon="-17.15795536906352">
        <ele>864</ele>
      </trkpt>
      <trkpt lat="32.82514495517833" lon="-17.15800400534046">
        <ele>865</ele>
      </trkpt>
      <trkpt lat="32.82505912645432" lon="-17.15825576959756">
        <ele>866</ele>
      </trkpt>
      <trkpt lat="32.82504768262445" lon="-17.15833873736411">
        <ele>866</ele>
      </trkpt>
      <trkpt lat="32.82503623879458" lon="-17.15842170513066">
        <ele>864</ele>
      </trkpt>
      <trkpt lat="32.82506961663169" lon="-17.15851897768454">
        <ele>861</ele>
      </trkpt>
      <trkpt lat="32.8251039481213" lon="-17.15861529658593">
        <ele>858</ele>
      </trkpt>
      <trkpt lat="32.82505912645432" lon="-17.15870684722488">
        <ele>857</ele>
      </trkpt>
      <trkpt lat="32.82494373450314" lon="-17.15876692733169">
        <ele>858</ele>
      </trkpt>
      <trkpt lat="32.82487983978638" lon="-17.15880698073623">
        <ele>859</ele>
      </trkpt>
      <trkpt lat="32.82481594506962" lon="-17.15884703414077">
        <ele>860</ele>
      </trkpt>
      <trkpt lat="32.82473393095556" lon="-17.1588441731833">
        <ele>862</ele>
      </trkpt>
      <trkpt lat="32.82465287049399" lon="-17.15884035857334">
        <ele>864</ele>
      </trkpt>
      <trkpt lat="32.8245823002098" lon="-17.15883177570094">
        <ele>866</ele>
      </trkpt>
      <trkpt lat="32.8245126835781" lon="-17.15882319282854">
        <ele>868</ele>
      </trkpt>
      <trkpt lat="32.8244955178333" lon="-17.15888994850277">
        <ele>867</ele>
      </trkpt>
      <trkpt lat="32.82456704176997" lon="-17.15921132939157">
        <ele>862</ele>
      </trkpt>
      <trkpt lat="32.82456036620255" lon="-17.15945832538624">
        <ele>859</ele>
      </trkpt>
      <trkpt lat="32.82453461758535" lon="-17.15955464428763">
        <ele>858</ele>
      </trkpt>
      <trkpt lat="32.82450982262063" lon="-17.15965096318902">
        <ele>857</ele>
      </trkpt>
      <trkpt lat="32.82433721152012" lon="-17.16000000000001">
        <ele>858</ele>
      </trkpt>
      <trkpt lat="32.82433721152012" lon="-17.15999999999999">
        <ele>858</ele>
      </trkpt>
      <trkpt lat="32.82419607095174" lon="-17.16021743276749">
        <ele>859</ele>
      </trkpt>
      <trkpt lat="32.82419607095174" lon="-17.16021743276749">
        <ele>859</ele>
      </trkpt>
      <trkpt lat="32.82413312988746" lon="-17.16013637230592">
        <ele>862</ele>
      </trkpt>
      <trkpt lat="32.82407114247568" lon="-17.16005435819186">
        <ele>866</ele>
      </trkpt>
      <trkpt lat="32.82407591073812" lon="-17.15999999999999">
        <ele>867</ele>
      </trkpt>
      <trkpt lat="32.82407591073812" lon="-17.16000000000001">
        <ele>867</ele>
      </trkpt>
      <trkpt lat="32.82408067900057" lon="-17.15993324432577">
        <ele>868</ele>
      </trkpt>
      <trkpt lat="32.82408544726302" lon="-17.15986648865154">
        <ele>869</ele>
      </trkpt>
      <trkpt lat="32.82405683768835" lon="-17.15979305740989">
        <ele>871</ele>
      </trkpt>
      <trkpt lat="32.82402822811368" lon="-17.15971962616823">
        <ele>873</ele>
      </trkpt>
      <trkpt lat="32.82403681098607" lon="-17.15964142666413">
        <ele>873</ele>
      </trkpt>
      <trkpt lat="32.82404539385848" lon="-17.15956227350754">
        <ele>874</ele>
      </trkpt>
      <trkpt lat="32.82398531375167" lon="-17.15946309364868">
        <ele>877</ele>
      </trkpt>
      <trkpt lat="32.82389280946023" lon="-17.15949074957086">
        <ele>880</ele>
      </trkpt>
      <trkpt lat="32.82386706084303" lon="-17.15946595460615">
        <ele>881</ele>
      </trkpt>
      <trkpt lat="32.8238432195308" lon="-17.15940396719436">
        <ele>882</ele>
      </trkpt>
      <trkpt lat="32.82381460995613" lon="-17.15935628456991">
        <ele>884</ele>
      </trkpt>
      <trkpt lat="32.82377074194164" lon="-17.15932576769026">
        <ele>885</ele>
      </trkpt>
      <trkpt lat="32.82374594697692" lon="-17.15932481403777">
        <ele>886</ele>
      </trkpt>
      <trkpt lat="32.82372210566469" lon="-17.15931146290292">
        <ele>887</ele>
      </trkpt>
      <trkpt lat="32.82369921800495" lon="-17.15925805836354">
        <ele>888</ele>
      </trkpt>
      <trkpt lat="32.82369921800495" lon="-17.15925805836354">
        <ele>888</ele>
      </trkpt>
      <trkpt lat="32.82365319193261" lon="-17.15912118501753">
        <ele>889</ele>
      </trkpt>
      <trkpt lat="32.82365153538051" lon="-17.15911882510014">
        <ele>889</ele>
      </trkpt>
      <trkpt lat="32.82306313179478" lon="-17.15828056456228">
        <ele>892</ele>
      </trkpt>
      <trkpt lat="32.82291531565897" lon="-17.15815372878124">
        <ele>894</ele>
      </trkpt>
      <trkpt lat="32.82281899675758" lon="-17.15811272172421">
        <ele>895</ele>
      </trkpt>
      <trkpt lat="32.82242704558459" lon="-17.15801354186535">
        <ele>899</ele>
      </trkpt>
      <trkpt lat="32.82197024604234" lon="-17.1579658592409">
        <ele>904</ele>
      </trkpt>
      <trkpt lat="32.82173850848751" lon="-17.15799446881557">
        <ele>907</ele>
      </trkpt>
      <trkpt lat="32.82131985504482" lon="-17.15778752622545">
        <ele>911</ele>
      </trkpt>
      <trkpt lat="32.82119015830631" lon="-17.15762445164982">
        <ele>912</ele>
      </trkpt>
      <trkpt lat="32.82110146862483" lon="-17.15758058363533">
        <ele>913</ele>
      </trkpt>
      <trkpt lat="32.82105664695785" lon="-17.15752145718101">
        <ele>913</ele>
      </trkpt>
      <trkpt lat="32.82105664695785" lon="-17.15752145718101">
        <ele>913</ele>
      </trkpt>
      <trkpt lat="32.82096128170895" lon="-17.15762445164982">
        <ele>916</ele>
      </trkpt>
      <trkpt lat="32.82086687011253" lon="-17.15772744611864">
        <ele>918</ele>
      </trkpt>
      <trkpt lat="32.82077341216861" lon="-17.15777703604807">
        <ele>919</ele>
      </trkpt>
      <trkpt lat="32.82067995422468" lon="-17.1578266259775">
        <ele>921</ele>
      </trkpt>
      <trkpt lat="32.820608430288" lon="-17.15779420179287">
        <ele>921</ele>
      </trkpt>
      <trkpt lat="32.82053786000381" lon="-17.15776177760825">
        <ele>922</ele>
      </trkpt>
      <trkpt lat="32.82053786000381" lon="-17.15776177760825">
        <ele>922</ele>
      </trkpt>
      <trkpt lat="32.8203738317757" lon="-17.15773793629602">
        <ele>923</ele>
      </trkpt>
      <trkpt lat="32.82010299446881" lon="-17.15778657257296">
        <ele>926</ele>
      </trkpt>
      <trkpt lat="32.82" lon="-17.15781136753768">
        <ele>927</ele>
      </trkpt>
      <trkpt lat="32.82" lon="-17.15781136753768">
        <ele>927</ele>
      </trkpt>
      <trkpt lat="32.81985504482167" lon="-17.15784569902728">
        <ele>928</ele>
      </trkpt>
      <trkpt lat="32.81959183673469" lon="-17.15786286477208">
        <ele>928</ele>
      </trkpt>
      <trkpt lat="32.81959183673469" lon="-17.15786286477208">
        <ele>928</ele>
      </trkpt>
      <trkpt lat="32.819391569712" lon="-17.15776273126074">
        <ele>929</ele>
      </trkpt>
      <trkpt lat="32.81930288003052" lon="-17.15759774938013">
        <ele>929</ele>
      </trkpt>
      <trkpt lat="32.8191474346748" lon="-17.1575224108335">
        <ele>930</ele>
      </trkpt>
      <trkpt lat="32.81908640091551" lon="-17.15736982643525">
        <ele>933</ele>
      </trkpt>
      <trkpt lat="32.81901964524128" lon="-17.15733835590311">
        <ele>933</ele>
      </trkpt>
      <trkpt lat="32.81901487697883" lon="-17.15730116345604">
        <ele>934</ele>
      </trkpt>
      <trkpt lat="32.81903013541866" lon="-17.15723154682434">
        <ele>935</ele>
      </trkpt>
      <trkpt lat="32.81896147243945" lon="-17.15715239366775">
        <ele>936</ele>
      </trkpt>
      <trkpt lat="32.81873641045203" lon="-17.15684531756628">
        <ele>941</ele>
      </trkpt>
      <trkpt lat="32.81824527942018" lon="-17.15651821476255">
        <ele>950</ele>
      </trkpt>
      <trkpt lat="32.81774556551593" lon="-17.15625023841313">
        <ele>958</ele>
      </trkpt>
      <trkpt lat="32.81743276749953" lon="-17.1559307648293">
        <ele>966</ele>
      </trkpt>
      <trkpt lat="32.81737936296014" lon="-17.15589834064468">
        <ele>966</ele>
      </trkpt>
      <trkpt lat="32.81732309746329" lon="-17.15589166507725">
        <ele>966</ele>
      </trkpt>
      <trkpt lat="32.81719626168225" lon="-17.15582586305551">
        <ele>967</ele>
      </trkpt>
      <trkpt lat="32.81698741178715" lon="-17.15567804691971">
        <ele>968</ele>
      </trkpt>
      <trkpt lat="32.81698741178715" lon="-17.15567804691971">
        <ele>968</ele>
      </trkpt>
      <trkpt lat="32.81679477398436" lon="-17.15567423230975">
        <ele>968</ele>
      </trkpt>
      <trkpt lat="32.81679477398436" lon="-17.15567423230975">
        <ele>968</ele>
      </trkpt>
      <trkpt lat="32.81670513065039" lon="-17.15555884035858">
        <ele>968</ele>
      </trkpt>
      <trkpt lat="32.81661644096891" lon="-17.15544344840741">
        <ele>969</ele>
      </trkpt>
      <trkpt lat="32.81652012206752" lon="-17.15539481213046">
        <ele>970</ele>
      </trkpt>
      <trkpt lat="32.81642475681862" lon="-17.15534617585352">
        <ele>970</ele>
      </trkpt>
      <trkpt lat="32.81638184245661" lon="-17.15527274461187">
        <ele>971</ele>
      </trkpt>
      <trkpt lat="32.8163389280946" lon="-17.15519835971773">
        <ele>971</ele>
      </trkpt>
      <trkpt lat="32.81625405302308" lon="-17.15510776273127">
        <ele>972</ele>
      </trkpt>
      <trkpt lat="32.81618539004387" lon="-17.15507343124166">
        <ele>973</ele>
      </trkpt>
      <trkpt lat="32.81616250238413" lon="-17.154957085638">
        <ele>974</ele>
      </trkpt>
      <trkpt lat="32.81616822429907" lon="-17.1549046347511">
        <ele>975</ele>
      </trkpt>
      <trkpt lat="32.81614438298684" lon="-17.15483692542438">
        <ele>976</ele>
      </trkpt>
      <trkpt lat="32.81612054167461" lon="-17.15476826244517">
        <ele>977</ele>
      </trkpt>
      <trkpt lat="32.81609479305741" lon="-17.1547224871257">
        <ele>978</ele>
      </trkpt>
      <trkpt lat="32.81608621018501" lon="-17.15465191684151">
        <ele>980</ele>
      </trkpt>
      <trkpt lat="32.81608621018501" lon="-17.15465191684151">
        <ele>980</ele>
      </trkpt>
      <trkpt lat="32.81609479305741" lon="-17.15456990272745">
        <ele>981</ele>
      </trkpt>
      <trkpt lat="32.81610242227732" lon="-17.15455655159261">
        <ele>981</ele>
      </trkpt>
      <trkpt lat="32.81617585351898" lon="-17.15449361052833">
        <ele>982</ele>
      </trkpt>
      <trkpt lat="32.8161920656113" lon="-17.15447167652108">
        <ele>982</ele>
      </trkpt>
      <trkpt lat="32.81621590692352" lon="-17.15442590120161">
        <ele>983</ele>
      </trkpt>
      <trkpt lat="32.81623593362579" lon="-17.15433721152013">
        <ele>984</ele>
      </trkpt>
      <trkpt lat="32.81622544344841" lon="-17.15430764829297">
        <ele>984</ele>
      </trkpt>
      <trkpt lat="32.81620637039863" lon="-17.15428285332825">
        <ele>985</ele>
      </trkpt>
      <trkpt lat="32.81613389280946" lon="-17.1542437535762">
        <ele>986</ele>
      </trkpt>
      <trkpt lat="32.8160614152203" lon="-17.15420370017166">
        <ele>988</ele>
      </trkpt>
      <trkpt lat="32.81601373259584" lon="-17.15416173946215">
        <ele>990</ele>
      </trkpt>
      <trkpt lat="32.8159917985886" lon="-17.15411882510014">
        <ele>991</ele>
      </trkpt>
      <trkpt lat="32.81598989128362" lon="-17.15409689109289">
        <ele>992</ele>
      </trkpt>
      <trkpt lat="32.81601850085829" lon="-17.15405874499333">
        <ele>993</ele>
      </trkpt>
      <trkpt lat="32.81611863436964" lon="-17.1540177379363">
        <ele>993</ele>
      </trkpt>
      <trkpt lat="32.81613389280946" lon="-17.15400438680145">
        <ele>994</ele>
      </trkpt>
      <trkpt lat="32.81616440968911" lon="-17.15394335304216">
        <ele>995</ele>
      </trkpt>
      <trkpt lat="32.81618062178143" lon="-17.15392714094984">
        <ele>996</ele>
      </trkpt>
      <trkpt lat="32.81621781422849" lon="-17.1539052069426">
        <ele>996</ele>
      </trkpt>
      <trkpt lat="32.81630936486744" lon="-17.15386896814801">
        <ele>996</ele>
      </trkpt>
      <trkpt lat="32.81634083539958" lon="-17.15384512683579">
        <ele>996</ele>
      </trkpt>
      <trkpt lat="32.81640568376883" lon="-17.15380984169369">
        <ele>997</ele>
      </trkpt>
      <trkpt lat="32.81646481022316" lon="-17.15374976158688">
        <ele>998</ele>
      </trkpt>
      <trkpt lat="32.81648292962045" lon="-17.15371638374977">
        <ele>999</ele>
      </trkpt>
      <trkpt lat="32.81648388327294" lon="-17.15370207896243">
        <ele>1000</ele>
      </trkpt>
      <trkpt lat="32.81647911501049" lon="-17.15369063513256">
        <ele>1000</ele>
      </trkpt>
      <trkpt lat="32.8164524127408" lon="-17.15368968148007">
        <ele>1001</ele>
      </trkpt>
      <trkpt lat="32.81641522029373" lon="-17.15371543009728">
        <ele>1000</ele>
      </trkpt>
      <trkpt lat="32.81632080869731" lon="-17.15372115201221">
        <ele>1001</ele>
      </trkpt>
      <trkpt lat="32.8162788479878" lon="-17.15370398626741">
        <ele>1002</ele>
      </trkpt>
      <trkpt lat="32.81616631699409" lon="-17.15369063513256">
        <ele>1004</ele>
      </trkpt>
      <trkpt lat="32.81615582681671" lon="-17.1536877741751">
        <ele>1004</ele>
      </trkpt>
      <trkpt lat="32.81613675376693" lon="-17.15366679382034">
        <ele>1005</ele>
      </trkpt>
      <trkpt lat="32.8160518786954" lon="-17.15363150867824">
        <ele>1008</ele>
      </trkpt>
      <trkpt lat="32.81599465954606" lon="-17.15362483311082">
        <ele>1009</ele>
      </trkpt>
      <trkpt lat="32.81597463284379" lon="-17.15361148197598">
        <ele>1009</ele>
      </trkpt>
      <trkpt lat="32.81594888422659" lon="-17.15360576006104">
        <ele>1010</ele>
      </trkpt>
      <trkpt lat="32.81592027465192" lon="-17.15360576006104">
        <ele>1010</ele>
      </trkpt>
      <trkpt lat="32.81590120160214" lon="-17.15359145527371">
        <ele>1011</ele>
      </trkpt>
      <trkpt lat="32.81590215525463" lon="-17.15357619683388">
        <ele>1012</ele>
      </trkpt>
      <trkpt lat="32.81590978447454" lon="-17.15356093839405">
        <ele>1012</ele>
      </trkpt>
      <trkpt lat="32.81625977493802" lon="-17.15332347892429">
        <ele>1016</ele>
      </trkpt>
      <trkpt lat="32.81631985504482" lon="-17.15323192828534">
        <ele>1018</ele>
      </trkpt>
      <trkpt lat="32.81632843791723" lon="-17.15319664314324">
        <ele>1019</ele>
      </trkpt>
      <trkpt lat="32.81631699408736" lon="-17.15317947739844">
        <ele>1020</ele>
      </trkpt>
      <trkpt lat="32.81630555025749" lon="-17.15317566278848">
        <ele>1020</ele>
      </trkpt>
      <trkpt lat="32.81597177188632" lon="-17.15325767690254">
        <ele>1022</ele>
      </trkpt>
      <trkpt lat="32.8159393477017" lon="-17.15325576959756">
        <ele>1023</ele>
      </trkpt>
      <trkpt lat="32.81560080106809" lon="-17.15316040434866">
        <ele>1028</ele>
      </trkpt>
      <trkpt lat="32.81489223726874" lon="-17.15282567232501">
        <ele>1035</ele>
      </trkpt>
      <trkpt lat="32.81461567804692" lon="-17.15253004005341">
        <ele>1035</ele>
      </trkpt>
      <trkpt lat="32.81451935914553" lon="-17.15222105664697">
        <ele>1038</ele>
      </trkpt>
      <trkpt lat="32.81454606141522" lon="-17.15197024604235">
        <ele>1044</ele>
      </trkpt>
      <trkpt lat="32.81460232691207" lon="-17.15187106618349">
        <ele>1048</ele>
      </trkpt>
      <trkpt lat="32.81465954606142" lon="-17.15177093267214">
        <ele>1052</ele>
      </trkpt>
      <trkpt lat="32.81483787907687" lon="-17.15150963189015">
        <ele>1062</ele>
      </trkpt>
      <trkpt lat="32.81483787907687" lon="-17.15150963189015">
        <ele>1062</ele>
      </trkpt>
      <trkpt lat="32.8149485027656" lon="-17.15136372305932">
        <ele>1066</ele>
      </trkpt>
      <trkpt lat="32.81497139042533" lon="-17.15130173564754">
        <ele>1067</ele>
      </trkpt>
      <trkpt lat="32.81499713904253" lon="-17.1511653633416">
        <ele>1067</ele>
      </trkpt>
      <trkpt lat="32.81493133702079" lon="-17.15094411596415">
        <ele>1067</ele>
      </trkpt>
      <trkpt lat="32.81483978638185" lon="-17.15080392904826">
        <ele>1067</ele>
      </trkpt>
      <trkpt lat="32.81461567804692" lon="-17.15062178142286">
        <ele>1068</ele>
      </trkpt>
      <trkpt lat="32.81449361052832" lon="-17.15056837688347">
        <ele>1068</ele>
      </trkpt>
      <trkpt lat="32.814260919321" lon="-17.15052546252146">
        <ele>1067</ele>
      </trkpt>
      <trkpt lat="32.81406732786573" lon="-17.15045012397483">
        <ele>1066</ele>
      </trkpt>
      <trkpt lat="32.81397768453176" lon="-17.1503833683006">
        <ele>1066</ele>
      </trkpt>
      <trkpt lat="32.81385752431814" lon="-17.1502174327675">
        <ele>1068</ele>
      </trkpt>
      <trkpt lat="32.81385752431814" lon="-17.1502174327675">
        <ele>1068</ele>
      </trkpt>
      <trkpt lat="32.81371924470723" lon="-17.15020980354759">
        <ele>1068</ele>
      </trkpt>
      <trkpt lat="32.81359813084112" lon="-17.15017928666794">
        <ele>1068</ele>
      </trkpt>
      <trkpt lat="32.81313847034141" lon="-17.149826435247">
        <ele>1073</ele>
      </trkpt>
      <trkpt lat="32.81313847034141" lon="-17.149826435247">
        <ele>1073</ele>
      </trkpt>
      <trkpt lat="32.8130173564753" lon="-17.14938966240702">
        <ele>1078</ele>
      </trkpt>
      <trkpt lat="32.81292962044631" lon="-17.14932767499524">
        <ele>1080</ele>
      </trkpt>
      <trkpt lat="32.81286667938203" lon="-17.1491045203128">
        <ele>1085</ele>
      </trkpt>
      <trkpt lat="32.8126873927141" lon="-17.14899294297159">
        <ele>1088</ele>
      </trkpt>
      <trkpt lat="32.81243753576197" lon="-17.14888994850277">
        <ele>1090</ele>
      </trkpt>
      <trkpt lat="32.8123393095556" lon="-17.14883368300592">
        <ele>1090</ele>
      </trkpt>
      <trkpt lat="32.8123393095556" lon="-17.14883368300592">
        <ele>1090</ele>
      </trkpt>
      <trkpt lat="32.81223726873927" lon="-17.14875262254435">
        <ele>1090</ele>
      </trkpt>
      <trkpt lat="32.81212473774557" lon="-17.14864676711807">
        <ele>1092</ele>
      </trkpt>
      <trkpt lat="32.81156399008201" lon="-17.14806217814229">
        <ele>1102</ele>
      </trkpt>
      <trkpt lat="32.81144192256342" lon="-17.14794487888614">
        <ele>1104</ele>
      </trkpt>
      <trkpt lat="32.81131127217242" lon="-17.14716002288766">
        <ele>1109</ele>
      </trkpt>
      <trkpt lat="32.81131127217242" lon="-17.14716002288766">
        <ele>1109</ele>
      </trkpt>
      <trkpt lat="32.8112874308602" lon="-17.14707324051116">
        <ele>1109</ele>
      </trkpt>
      <trkpt lat="32.81111386610719" lon="-17.14671657448027">
        <ele>1113</ele>
      </trkpt>
      <trkpt lat="32.81102326912073" lon="-17.14658973869922">
        <ele>1114</ele>
      </trkpt>
      <trkpt lat="32.81088975777227" lon="-17.14648579057792">
        <ele>1115</ele>
      </trkpt>
      <trkpt lat="32.81074480259394" lon="-17.14642952508107">
        <ele>1115</ele>
      </trkpt>
      <trkpt lat="32.81064562273508" lon="-17.14641617394622">
        <ele>1115</ele>
      </trkpt>
      <trkpt lat="32.81056742323098" lon="-17.14639710089644">
        <ele>1115</ele>
      </trkpt>
      <trkpt lat="32.81041483883273" lon="-17.14629792103758">
        <ele>1115</ele>
      </trkpt>
      <trkpt lat="32.81030707610147" lon="-17.14617966812894">
        <ele>1115</ele>
      </trkpt>
      <trkpt lat="32.81021075720008" lon="-17.14603566660309">
        <ele>1116</ele>
      </trkpt>
      <trkpt lat="32.81006008010681" lon="-17.14572382223918">
        <ele>1116</ele>
      </trkpt>
      <trkpt lat="32.80969292389853" lon="-17.14479496471486">
        <ele>1120</ele>
      </trkpt>
      <trkpt lat="32.80940205988938" lon="-17.14427713141332">
        <ele>1122</ele>
      </trkpt>
      <trkpt lat="32.80930669464048" lon="-17.14402822811368">
        <ele>1123</ele>
      </trkpt>
      <trkpt lat="32.80922863649954" lon="-17.14393508310517">
        <ele>1124</ele>
      </trkpt>
      <trkpt lat="32.80922863646862" lon="-17.14393508311608">
        <ele>1124</ele>
      </trkpt>
      <trkpt lat="32.80924279992371" lon="-17.14387087545299">
        <ele>1124</ele>
      </trkpt>
      <trkpt lat="32.80925710471104" lon="-17.14380507343125">
        <ele>1125</ele>
      </trkpt>
      <trkpt lat="32.80927903871829" lon="-17.14373831775702">
        <ele>1126</ele>
      </trkpt>
      <trkpt lat="32.80930192637803" lon="-17.14367156208278">
        <ele>1126</ele>
      </trkpt>
      <trkpt lat="32.80939633797444" lon="-17.14360671371353">
        <ele>1127</ele>
      </trkpt>
      <trkpt lat="32.80947549113103" lon="-17.14352374594698">
        <ele>1129</ele>
      </trkpt>
      <trkpt lat="32.80955464428762" lon="-17.14344077818044">
        <ele>1130</ele>
      </trkpt>
      <trkpt lat="32.80957943925234" lon="-17.14337688346367">
        <ele>1131</ele>
      </trkpt>
      <trkpt lat="32.80960423421705" lon="-17.14331203509442">
        <ele>1131</ele>
      </trkpt>
      <trkpt lat="32.80962426091932" lon="-17.14322143810796">
        <ele>1132</ele>
      </trkpt>
      <trkpt lat="32.80964524127408" lon="-17.14312988746901">
        <ele>1133</ele>
      </trkpt>
      <trkpt lat="32.8097396528705" lon="-17.1430173564753">
        <ele>1135</ele>
      </trkpt>
      <trkpt lat="32.80974537478543" lon="-17.14295441541103">
        <ele>1135</ele>
      </trkpt>
      <trkpt lat="32.80976158687774" lon="-17.14285809650964">
        <ele>1136</ele>
      </trkpt>
      <trkpt lat="32.80977875262255" lon="-17.14276082395576">
        <ele>1137</ele>
      </trkpt>
      <trkpt lat="32.80968243372116" lon="-17.1424260919321">
        <ele>1141</ele>
      </trkpt>
      <trkpt lat="32.80961472439444" lon="-17.14209326721343">
        <ele>1145</ele>
      </trkpt>
      <trkpt lat="32.80958706847225" lon="-17.1420093457944">
        <ele>1146</ele>
      </trkpt>
      <trkpt lat="32.80956036620256" lon="-17.14192542437536">
        <ele>1147</ele>
      </trkpt>
      <trkpt lat="32.80951840549304" lon="-17.14185580774366">
        <ele>1148</ele>
      </trkpt>
      <trkpt lat="32.80951840549304" lon="-17.14185580774366">
        <ele>1148</ele>
      </trkpt>
      <trkpt lat="32.80957085637993" lon="-17.14174995231738">
        <ele>1150</ele>
      </trkpt>
      <trkpt lat="32.80966049971391" lon="-17.14164791150105">
        <ele>1151</ele>
      </trkpt>
      <trkpt lat="32.80990844936105" lon="-17.14152965859241">
        <ele>1153</ele>
      </trkpt>
      <trkpt lat="32.81005721914934" lon="-17.1415134465001">
        <ele>1154</ele>
      </trkpt>
      <trkpt lat="32.81026511539196" lon="-17.14141617394622">
        <ele>1156</ele>
      </trkpt>
      <trkpt lat="32.81026532632714" lon="-17.14141607521055">
        <ele>1156</ele>
      </trkpt>
      <trkpt lat="32.81015163074576" lon="-17.14131508678238">
        <ele>1157</ele>
      </trkpt>
      <trkpt lat="32.81003147053214" lon="-17.14109288575244">
        <ele>1160</ele>
      </trkpt>
      <trkpt lat="32.81003147053214" lon="-17.14109288575244">
        <ele>1160</ele>
      </trkpt>
      <trkpt lat="32.81002098035476" lon="-17.14101563990083">
        <ele>1161</ele>
      </trkpt>
      <trkpt lat="32.81006389471677" lon="-17.14091932099943">
        <ele>1162</ele>
      </trkpt>
      <trkpt lat="32.81016116727065" lon="-17.14086019454511">
        <ele>1163</ele>
      </trkpt>
      <trkpt lat="32.81028037383178" lon="-17.14091169177952">
        <ele>1163</ele>
      </trkpt>
      <trkpt lat="32.81035952698837" lon="-17.14092408926188">
        <ele>1163</ele>
      </trkpt>
      <trkpt lat="32.81043868014496" lon="-17.14093553309175">
        <ele>1163</ele>
      </trkpt>
      <trkpt lat="32.81074289528896" lon="-17.1409221819569">
        <ele>1164</ele>
      </trkpt>
      <trkpt lat="32.81074289528896" lon="-17.1409221819569">
        <ele>1164</ele>
      </trkpt>
      <trkpt lat="32.81061033759298" lon="-17.14082014114057">
        <ele>1165</ele>
      </trkpt>
      <trkpt lat="32.81031756627885" lon="-17.14043009727256">
        <ele>1171</ele>
      </trkpt>
      <trkpt lat="32.81031756627885" lon="-17.14043009727256">
        <ele>1171</ele>
      </trkpt>
      <trkpt lat="32.81043009727256" lon="-17.14004577531948">
        <ele>1180</ele>
      </trkpt>
      <trkpt lat="32.81041960709518" lon="-17.14">
        <ele>1181</ele>
      </trkpt>
      <trkpt lat="32.81041960709518" lon="-17.14">
        <ele>1181</ele>
      </trkpt>
      <trkpt lat="32.81031756627885" lon="-17.13954987602517">
        <ele>1182</ele>
      </trkpt>
      <trkpt lat="32.81037192447072" lon="-17.13893286286477">
        <ele>1181</ele>
      </trkpt>
      <trkpt lat="32.81037192447072" lon="-17.13893286286477">
        <ele>1181</ele>
      </trkpt>
      <trkpt lat="32.81019263780279" lon="-17.1382948693496">
        <ele>1181</ele>
      </trkpt>
      <trkpt lat="32.81010585542629" lon="-17.1376082395575">
        <ele>1182</ele>
      </trkpt>
      <trkpt lat="32.81011157734122" lon="-17.13748235742895">
        <ele>1181</ele>
      </trkpt>
      <trkpt lat="32.8101478161358" lon="-17.13728209040625">
        <ele>1178</ele>
      </trkpt>
      <trkpt lat="32.81012778943353" lon="-17.13714476444783">
        <ele>1178</ele>
      </trkpt>
      <trkpt lat="32.810130650391" lon="-17.13684627121877">
        <ele>1176</ele>
      </trkpt>
      <trkpt lat="32.81010299446882" lon="-17.13663265306122">
        <ele>1177</ele>
      </trkpt>
      <trkpt lat="32.80999237078009" lon="-17.13637421323669">
        <ele>1187</ele>
      </trkpt>
      <trkpt lat="32.80998950982262" lon="-17.13625977493801">
        <ele>1189</ele>
      </trkpt>
      <trkpt lat="32.80994087354568" lon="-17.13623879458325">
        <ele>1190</ele>
      </trkpt>
      <trkpt lat="32.80990177379363" lon="-17.1359736791913">
        <ele>1196</ele>
      </trkpt>
      <trkpt lat="32.80993229067328" lon="-17.13584779706274">
        <ele>1198</ele>
      </trkpt>
      <trkpt lat="32.80999523173756" lon="-17.13574384894144">
        <ele>1199</ele>
      </trkpt>
      <trkpt lat="32.81007915315659" lon="-17.13566564943734">
        <ele>1197</ele>
      </trkpt>
      <trkpt lat="32.81016593553309" lon="-17.13540530230783">
        <ele>1199</ele>
      </trkpt>
      <trkpt lat="32.81025843982453" lon="-17.13524508868968">
        <ele>1198</ele>
      </trkpt>
      <trkpt lat="32.81030612244898" lon="-17.13500286095746">
        <ele>1201</ele>
      </trkpt>
      <trkpt lat="32.81030612244898" lon="-17.13500286095746">
        <ele>1201</ele>
      </trkpt>
      <trkpt lat="32.81031375166889" lon="-17.1347997329773">
        <ele>1200</ele>
      </trkpt>
      <trkpt lat="32.81031375166889" lon="-17.1347997329773">
        <ele>1200</ele>
      </trkpt>
      <trkpt lat="32.81033568567614" lon="-17.13472439443067">
        <ele>1199</ele>
      </trkpt>
      <trkpt lat="32.81028323478925" lon="-17.13441922563418">
        <ele>1202</ele>
      </trkpt>
      <trkpt lat="32.81031470532138" lon="-17.13437058935723">
        <ele>1200</ele>
      </trkpt>
      <trkpt lat="32.81022029372497" lon="-17.13426854854091">
        <ele>1207</ele>
      </trkpt>
      <trkpt lat="32.81023269120733" lon="-17.13419416364676">
        <ele>1206</ele>
      </trkpt>
      <trkpt lat="32.81024604234217" lon="-17.13411977875262">
        <ele>1204</ele>
      </trkpt>
      <trkpt lat="32.81021552546252" lon="-17.13400152584398">
        <ele>1205</ele>
      </trkpt>
      <trkpt lat="32.81018500858288" lon="-17.13388327293534">
        <ele>1206</ele>
      </trkpt>
      <trkpt lat="32.81012778943353" lon="-17.13381174899866">
        <ele>1210</ele>
      </trkpt>
      <trkpt lat="32.81007152393668" lon="-17.13374022506198">
        <ele>1214</ele>
      </trkpt>
      <trkpt lat="32.81005721914934" lon="-17.13367346938775">
        <ele>1214</ele>
      </trkpt>
      <trkpt lat="32.8100438680145" lon="-17.13360576006103">
        <ele>1214</ele>
      </trkpt>
      <trkpt lat="32.81005435819188" lon="-17.13352660690444">
        <ele>1213</ele>
      </trkpt>
      <trkpt lat="32.81006580202175" lon="-17.13344745374785">
        <ele>1211</ele>
      </trkpt>
      <trkpt lat="32.80998950982262" lon="-17.1330602708373">
        <ele>1210</ele>
      </trkpt>
      <trkpt lat="32.81003337783712" lon="-17.13296776654587">
        <ele>1206</ele>
      </trkpt>
      <trkpt lat="32.81000381460996" lon="-17.1328952889567">
        <ele>1207</ele>
      </trkpt>
      <trkpt lat="32.80996662216289" lon="-17.13250905969864">
        <ele>1201</ele>
      </trkpt>
      <trkpt lat="32.80999237078009" lon="-17.1324432576769">
        <ele>1199</ele>
      </trkpt>
      <trkpt lat="32.81001811939729" lon="-17.13237650200266">
        <ele>1197</ele>
      </trkpt>
      <trkpt lat="32.81002956322716" lon="-17.13226206370398">
        <ele>1194</ele>
      </trkpt>
      <trkpt lat="32.81004100705703" lon="-17.13214667175281">
        <ele>1192</ele>
      </trkpt>
      <trkpt lat="32.81006866297921" lon="-17.13208754529849">
        <ele>1190</ele>
      </trkpt>
      <trkpt lat="32.81003147053214" lon="-17.13201602136181">
        <ele>1190</ele>
      </trkpt>
      <trkpt lat="32.80999427808507" lon="-17.13194354377265">
        <ele>1190</ele>
      </trkpt>
      <trkpt lat="32.80991226397101" lon="-17.1318777417509">
        <ele>1190</ele>
      </trkpt>
      <trkpt lat="32.80983024985695" lon="-17.13181098607667">
        <ele>1190</ele>
      </trkpt>
      <trkpt lat="32.80978161358001" lon="-17.13173946213999">
        <ele>1189</ele>
      </trkpt>
      <trkpt lat="32.80978065992753" lon="-17.13167842838069">
        <ele>1188</ele>
      </trkpt>
      <trkpt lat="32.80974823574289" lon="-17.13159450696166">
        <ele>1187</ele>
      </trkpt>
      <trkpt lat="32.80971485790578" lon="-17.13158687774175">
        <ele>1188</ele>
      </trkpt>
      <trkpt lat="32.80957753194736" lon="-17.13134369635704">
        <ele>1186</ele>
      </trkpt>
      <trkpt lat="32.80957943925234" lon="-17.13123974823574">
        <ele>1185</ele>
      </trkpt>
      <trkpt lat="32.80958134655732" lon="-17.13113484646194">
        <ele>1183</ele>
      </trkpt>
      <trkpt lat="32.80975300400534" lon="-17.13083635323288">
        <ele>1178</ele>
      </trkpt>
      <trkpt lat="32.80980640854473" lon="-17.13075815372878">
        <ele>1177</ele>
      </trkpt>
      <trkpt lat="32.809869349609" lon="-17.13072000762921">
        <ele>1176</ele>
      </trkpt>
      <trkpt lat="32.80993229067328" lon="-17.13068186152966">
        <ele>1175</ele>
      </trkpt>
      <trkpt lat="32.80995803929049" lon="-17.13062941064276">
        <ele>1174</ele>
      </trkpt>
      <trkpt lat="32.80986458134656" lon="-17.13051497234407">
        <ele>1173</ele>
      </trkpt>
      <trkpt lat="32.80986458134656" lon="-17.13051497234407">
        <ele>1173</ele>
      </trkpt>
      <trkpt lat="32.80954320045775" lon="-17.13038527560557">
        <ele>1174</ele>
      </trkpt>
      <trkpt lat="32.80932386038528" lon="-17.1301993133702">
        <ele>1173</ele>
      </trkpt>
      <trkpt lat="32.80918367346939" lon="-17.13001144382986">
        <ele>1171</ele>
      </trkpt>
      <trkpt lat="32.80905016212093" lon="-17.12985409116917">
        <ele>1172</ele>
      </trkpt>
      <trkpt lat="32.80899580392905" lon="-17.12965382414648">
        <ele>1172</ele>
      </trkpt>
      <trkpt lat="32.80899580392905" lon="-17.12965382414648">
        <ele>1172</ele>
      </trkpt>
      <trkpt lat="32.80883749761587" lon="-17.12965287049399">
        <ele>1173</ele>
      </trkpt>
      <trkpt lat="32.80853995803929" lon="-17.12958420751478">
        <ele>1176</ele>
      </trkpt>
      <trkpt lat="32.80835113484646" lon="-17.12958325386229">
        <ele>1178</ele>
      </trkpt>
      <trkpt lat="32.80794392523364" lon="-17.12960041960709">
        <ele>1182</ele>
      </trkpt>
      <trkpt lat="32.80794392523364" lon="-17.12960041960709">
        <ele>1182</ele>
      </trkpt>
      <trkpt lat="32.80768071714667" lon="-17.12977684531756">
        <ele>1184</ele>
      </trkpt>
      <trkpt lat="32.80728209040626" lon="-17.12986839595651">
        <ele>1175</ele>
      </trkpt>
      <trkpt lat="32.80697310699981" lon="-17.13008964333396">
        <ele>1166</ele>
      </trkpt>
      <trkpt lat="32.80672611100515" lon="-17.13044058744993">
        <ele>1167</ele>
      </trkpt>
      <trkpt lat="32.8065134465001" lon="-17.1308783139424">
        <ele>1165</ele>
      </trkpt>
      <trkpt lat="32.80627217242037" lon="-17.13119397291626">
        <ele>1157</ele>
      </trkpt>
      <trkpt lat="32.80627217242037" lon="-17.13119397291626">
        <ele>1157</ele>
      </trkpt>
      <trkpt lat="32.80598989128362" lon="-17.13135323288193">
        <ele>1150</ele>
      </trkpt>
      <trkpt lat="32.80571905397673" lon="-17.1314171275987">
        <ele>1150</ele>
      </trkpt>
      <trkpt lat="32.80552069425902" lon="-17.13152489032996">
        <ele>1161</ele>
      </trkpt>
      <trkpt lat="32.80537192447073" lon="-17.13163932862864">
        <ele>1171</ele>
      </trkpt>
      <trkpt lat="32.8052956322716" lon="-17.13169654777798">
        <ele>1174</ele>
      </trkpt>
      <trkpt lat="32.80496185390044" lon="-17.131782376502">
        <ele>1181</ele>
      </trkpt>
      <trkpt lat="32.80496185390044" lon="-17.131782376502">
        <ele>1181</ele>
      </trkpt>
      <trkpt lat="32.80452508106046" lon="-17.13174804501239">
        <ele>1194</ele>
      </trkpt>
      <trkpt lat="32.80452508106046" lon="-17.13174804501239">
        <ele>1194</ele>
      </trkpt>
      <trkpt lat="32.80441159641427" lon="-17.13173946213999">
        <ele>1198</ele>
      </trkpt>
      <trkpt lat="32.80441159641427" lon="-17.13173946213999">
        <ele>1198</ele>
      </trkpt>
      <trkpt lat="32.80426664123593" lon="-17.13148388327293">
        <ele>1194</ele>
      </trkpt>
      <trkpt lat="32.80415792485218" lon="-17.13137612054167">
        <ele>1194</ele>
      </trkpt>
      <trkpt lat="32.80260061033759" lon="-17.130304215144">
        <ele>1182</ele>
      </trkpt>
      <trkpt lat="32.80243753576197" lon="-17.13025367156208">
        <ele>1183</ele>
      </trkpt>
      <trkpt lat="32.8022267785619" lon="-17.13022696929238">
        <ele>1185</ele>
      </trkpt>
      <trkpt lat="32.80199694831204" lon="-17.13015258439824">
        <ele>1185</ele>
      </trkpt>
      <trkpt lat="32.80185962235362" lon="-17.13008487507152">
        <ele>1186</ele>
      </trkpt>
      <trkpt lat="32.80174136944498" lon="-17.13005435819187">
        <ele>1187</ele>
      </trkpt>
      <trkpt lat="32.80140854472631" lon="-17.13005626549685">
        <ele>1192</ele>
      </trkpt>
      <trkpt lat="32.80127217242038" lon="-17.13002288765973">
        <ele>1193</ele>
      </trkpt>
      <trkpt lat="32.80086877741751" lon="-17.12978828914743">
        <ele>1193</ele>
      </trkpt>
      <trkpt lat="32.80076387564372" lon="-17.12977493801258">
        <ele>1194</ele>
      </trkpt>
      <trkpt lat="32.80065897386992" lon="-17.12979401106237">
        <ele>1196</ele>
      </trkpt>
      <trkpt lat="32.80043772649247" lon="-17.12987697882891">
        <ele>1200</ele>
      </trkpt>
      <trkpt lat="32.80008868968148" lon="-17.1300257486172">
        <ele>1204</ele>
      </trkpt>
      <trkpt lat="32.8" lon="-17.13007247758916">
        <ele>1205</ele>
      </trkpt>
      <trkpt lat="32.8" lon="-17.13007247758916">
        <ele>1205</ele>
      </trkpt>
      <trkpt lat="32.79950123974825" lon="-17.13033187106618">
        <ele>1202</ele>
      </trkpt>
      <trkpt lat="32.79938775510205" lon="-17.13035952698836">
        <ele>1201</ele>
      </trkpt>
      <trkpt lat="32.79913408353996" lon="-17.13035285142094">
        <ele>1200</ele>
      </trkpt>
      <trkpt lat="32.79899389662408" lon="-17.13029372496662">
        <ele>1200</ele>
      </trkpt>
      <trkpt lat="32.79877837116155" lon="-17.13008964333396">
        <ele>1199</ele>
      </trkpt>
      <trkpt lat="32.7985924089262" lon="-17.12994945641808">
        <ele>1198</ele>
      </trkpt>
      <trkpt lat="32.79842075147817" lon="-17.12989986648865">
        <ele>1198</ele>
      </trkpt>
      <trkpt lat="32.79824337211521" lon="-17.12980640854472">
        <ele>1198</ele>
      </trkpt>
      <trkpt lat="32.79783425519742" lon="-17.12951935914552">
        <ele>1198</ele>
      </trkpt>
      <trkpt lat="32.79772744611864" lon="-17.12946786191112">
        <ele>1197</ele>
      </trkpt>
      <trkpt lat="32.79760537860005" lon="-17.12946213999618">
        <ele>1196</ele>
      </trkpt>
      <trkpt lat="32.79752622544346" lon="-17.12950505435819">
        <ele>1195</ele>
      </trkpt>
      <trkpt lat="32.79740320427237" lon="-17.12964428762159">
        <ele>1191</ele>
      </trkpt>
      <trkpt lat="32.79715811558269" lon="-17.13001430478733">
        <ele>1186</ele>
      </trkpt>
      <trkpt lat="32.79709517451841" lon="-17.13007057028418">
        <ele>1185</ele>
      </trkpt>
      <trkpt lat="32.79709517451841" lon="-17.13007057028418">
        <ele>1185</ele>
      </trkpt>
      <trkpt lat="32.79695021934008" lon="-17.13020122067518">
        <ele>1184</ele>
      </trkpt>
      <trkpt lat="32.79682242990655" lon="-17.13034426854854">
        <ele>1185</ele>
      </trkpt>
      <trkpt lat="32.79677188632463" lon="-17.13038336830059">
        <ele>1186</ele>
      </trkpt>
      <trkpt lat="32.79640282281137" lon="-17.13058554262826">
        <ele>1194</ele>
      </trkpt>
      <trkpt lat="32.79633225252719" lon="-17.13059507915315">
        <ele>1195</ele>
      </trkpt>
      <trkpt lat="32.79620827770361" lon="-17.13058077436582">
        <ele>1196</ele>
      </trkpt>
      <trkpt lat="32.79615391951174" lon="-17.13055216479114">
        <ele>1196</ele>
      </trkpt>
      <trkpt lat="32.79601563990083" lon="-17.13040244135037">
        <ele>1192</ele>
      </trkpt>
      <trkpt lat="32.79587736028991" lon="-17.13029372496662">
        <ele>1188</ele>
      </trkpt>
      <trkpt lat="32.79571714667176" lon="-17.13023173755483">
        <ele>1189</ele>
      </trkpt>
      <trkpt lat="32.79553213808889" lon="-17.13021266450505">
        <ele>1192</ele>
      </trkpt>
      <trkpt lat="32.79533759298113" lon="-17.13022220102994">
        <ele>1196</ele>
      </trkpt>
      <trkpt lat="32.79489986648866" lon="-17.13014018691588">
        <ele>1203</ele>
      </trkpt>
      <trkpt lat="32.79454415411025" lon="-17.13005626549685">
        <ele>1213</ele>
      </trkpt>
      <trkpt lat="32.79431527751288" lon="-17.12993801258821">
        <ele>1215</ele>
      </trkpt>
      <trkpt lat="32.79422468052642" lon="-17.12987030326149">
        <ele>1215</ele>
      </trkpt>
      <trkpt lat="32.79416173946215" lon="-17.12979687201983">
        <ele>1213</ele>
      </trkpt>
      <trkpt lat="32.79404920846844" lon="-17.12954224680526">
        <ele>1201</ele>
      </trkpt>
      <trkpt lat="32.79374690062942" lon="-17.12934197978256">
        <ele>1203</ele>
      </trkpt>
      <trkpt lat="32.79360576006104" lon="-17.12927903871829">
        <ele>1206</ele>
      </trkpt>
      <trkpt lat="32.79344459279039" lon="-17.12913217623498">
        <ele>1207</ele>
      </trkpt>
      <trkpt lat="32.79330822048446" lon="-17.12903776463856">
        <ele>1210</ele>
      </trkpt>
      <trkpt lat="32.79324718672516" lon="-17.12895479687202">
        <ele>1210</ele>
      </trkpt>
      <trkpt lat="32.79320236505818" lon="-17.12885561701315">
        <ele>1208</ele>
      </trkpt>
      <trkpt lat="32.79296967385086" lon="-17.12847415601754">
        <ele>1204</ele>
      </trkpt>
      <trkpt lat="32.79280755292772" lon="-17.12835399580392">
        <ele>1207</ele>
      </trkpt>
      <trkpt lat="32.79263589547969" lon="-17.12830726683196">
        <ele>1212</ele>
      </trkpt>
      <trkpt lat="32.79251954987603" lon="-17.12823860385275">
        <ele>1213</ele>
      </trkpt>
      <trkpt lat="32.79233358764067" lon="-17.12806408544726">
        <ele>1211</ele>
      </trkpt>
      <trkpt lat="32.79221056646958" lon="-17.12789338165172">
        <ele>1208</ele>
      </trkpt>
      <trkpt lat="32.79209898912837" lon="-17.12780755292771">
        <ele>1208</ele>
      </trkpt>
      <trkpt lat="32.79196833873737" lon="-17.12774175090597">
        <ele>1209</ele>
      </trkpt>
      <trkpt lat="32.79183387373642" lon="-17.12770265115391">
        <ele>1213</ele>
      </trkpt>
      <trkpt lat="32.79129601373261" lon="-17.12772553881365">
        <ele>1228</ele>
      </trkpt>
      <trkpt lat="32.79106332252528" lon="-17.12777417509059">
        <ele>1235</ele>
      </trkpt>
      <trkpt lat="32.79106332252528" lon="-17.12777417509059">
        <ele>1235</ele>
      </trkpt>
      <trkpt lat="32.7910442494755" lon="-17.12766545870684">
        <ele>1233</ele>
      </trkpt>
      <trkpt lat="32.79091455273699" lon="-17.12718004958992">
        <ele>1224</ele>
      </trkpt>
      <trkpt lat="32.79032424184628" lon="-17.12644192256341">
        <ele>1227</ele>
      </trkpt>
      <trkpt lat="32.79022029372497" lon="-17.12638947167652">
        <ele>1230</ele>
      </trkpt>
      <trkpt lat="32.79011634560367" lon="-17.12633606713713">
        <ele>1233</ele>
      </trkpt>
      <trkpt lat="32.78985885943163" lon="-17.12607476635513">
        <ele>1237</ele>
      </trkpt>
      <trkpt lat="32.78957371733741" lon="-17.12570284188441">
        <ele>1235</ele>
      </trkpt>
      <trkpt lat="32.78954320045776" lon="-17.12558744993324">
        <ele>1232</ele>
      </trkpt>
      <trkpt lat="32.78955941255008" lon="-17.12555407209612">
        <ele>1230</ele>
      </trkpt>
      <trkpt lat="32.78955082967767" lon="-17.12547491893953">
        <ele>1227</ele>
      </trkpt>
      <trkpt lat="32.78952031279803" lon="-17.12542056074766">
        <ele>1226</ele>
      </trkpt>
      <trkpt lat="32.78946881556362" lon="-17.12541102422277">
        <ele>1226</ele>
      </trkpt>
      <trkpt lat="32.78935533091742" lon="-17.12543963379744">
        <ele>1230</ele>
      </trkpt>
      <trkpt lat="32.78924184627122" lon="-17.12546728971962">
        <ele>1233</ele>
      </trkpt>
      <trkpt lat="32.78924184627122" lon="-17.12546728971962">
        <ele>1233</ele>
      </trkpt>
      <trkpt lat="32.78928476063323" lon="-17.12537478542819">
        <ele>1228</ele>
      </trkpt>
      <trkpt lat="32.78932862864773" lon="-17.12528228113675">
        <ele>1223</ele>
      </trkpt>
      <trkpt lat="32.78942113293916" lon="-17.12521361815754">
        <ele>1219</ele>
      </trkpt>
      <trkpt lat="32.78951459088309" lon="-17.12514400152584">
        <ele>1215</ele>
      </trkpt>
      <trkpt lat="32.78963951935915" lon="-17.1247911501049">
        <ele>1196</ele>
      </trkpt>
      <trkpt lat="32.7897482357429" lon="-17.1246862483311">
        <ele>1192</ele>
      </trkpt>
      <trkpt lat="32.78979496471486" lon="-17.12459279038718">
        <ele>1188</ele>
      </trkpt>
      <trkpt lat="32.78984264733931" lon="-17.12449933244325">
        <ele>1185</ele>
      </trkpt>
      <trkpt lat="32.78988651535381" lon="-17.12450219340072">
        <ele>1187</ele>
      </trkpt>
      <trkpt lat="32.78999046347511" lon="-17.12461186343696">
        <ele>1194</ele>
      </trkpt>
      <trkpt lat="32.79005054358193" lon="-17.12450219340072">
        <ele>1188</ele>
      </trkpt>
      <trkpt lat="32.79004196070952" lon="-17.1244087354568">
        <ele>1185</ele>
      </trkpt>
      <trkpt lat="32.79003433148961" lon="-17.12431432386038">
        <ele>1182</ele>
      </trkpt>
      <trkpt lat="32.7901392332634" lon="-17.12430860194545">
        <ele>1177</ele>
      </trkpt>
      <trkpt lat="32.79020408163266" lon="-17.12427522410833">
        <ele>1174</ele>
      </trkpt>
      <trkpt lat="32.79026893000191" lon="-17.12424089261873">
        <ele>1170</ele>
      </trkpt>
      <trkpt lat="32.7903395002861" lon="-17.12418748807934">
        <ele>1166</ele>
      </trkpt>
      <trkpt lat="32.79041007057029" lon="-17.12413312988746">
        <ele>1161</ele>
      </trkpt>
      <trkpt lat="32.79041197787527" lon="-17.12408353995804">
        <ele>1158</ele>
      </trkpt>
      <trkpt lat="32.79032328819379" lon="-17.1240339500286">
        <ele>1157</ele>
      </trkpt>
      <trkpt lat="32.79023459851231" lon="-17.12398436009918">
        <ele>1156</ele>
      </trkpt>
      <trkpt lat="32.79016688918558" lon="-17.12388804119778">
        <ele>1151</ele>
      </trkpt>
      <trkpt lat="32.79010013351135" lon="-17.1237907686439">
        <ele>1145</ele>
      </trkpt>
      <trkpt lat="32.78999523173756" lon="-17.12376120541674">
        <ele>1145</ele>
      </trkpt>
      <trkpt lat="32.78989891283617" lon="-17.1237907686439">
        <ele>1142</ele>
      </trkpt>
      <trkpt lat="32.78987697882892" lon="-17.12377264924661">
        <ele>1139</ele>
      </trkpt>
      <trkpt lat="32.789914171276" lon="-17.12373641045203">
        <ele>1139</ele>
      </trkpt>
      <trkpt lat="32.78992847606333" lon="-17.12364676711806">
        <ele>1132</ele>
      </trkpt>
      <trkpt lat="32.78992752241084" lon="-17.12353518977684">
        <ele>1123</ele>
      </trkpt>
      <trkpt lat="32.78995803929049" lon="-17.12345603662025">
        <ele>1118</ele>
      </trkpt>
      <trkpt lat="32.78998855617014" lon="-17.12337688346366">
        <ele>1114</ele>
      </trkpt>
      <trkpt lat="32.78995613198551" lon="-17.12327484264733">
        <ele>1104</ele>
      </trkpt>
      <trkpt lat="32.78992370780088" lon="-17.12317280183101">
        <ele>1096</ele>
      </trkpt>
      <trkpt lat="32.78986267404159" lon="-17.12307839023459">
        <ele>1086</ele>
      </trkpt>
      <trkpt lat="32.78986553499905" lon="-17.12303642952508">
        <ele>1084</ele>
      </trkpt>
      <trkpt lat="32.78989795918368" lon="-17.12303261491512">
        <ele>1085</ele>
      </trkpt>
      <trkpt lat="32.78995899294298" lon="-17.1230688537097">
        <ele>1090</ele>
      </trkpt>
      <trkpt lat="32.79002098035477" lon="-17.1231041388518">
        <ele>1095</ele>
      </trkpt>
      <trkpt lat="32.79027846652681" lon="-17.12313465573145">
        <ele>1098</ele>
      </trkpt>
      <trkpt lat="32.79035380507344" lon="-17.12323192828533">
        <ele>1105</ele>
      </trkpt>
      <trkpt lat="32.79041674613772" lon="-17.12326053786">
        <ele>1107</ele>
      </trkpt>
      <trkpt lat="32.79048064085448" lon="-17.12328914743467">
        <ele>1109</ele>
      </trkpt>
      <trkpt lat="32.79056837688347" lon="-17.12329200839214">
        <ele>1110</ele>
      </trkpt>
      <trkpt lat="32.79063131794775" lon="-17.12327674995231">
        <ele>1109</ele>
      </trkpt>
      <trkpt lat="32.79069425901202" lon="-17.12326149151249">
        <ele>1108</ele>
      </trkpt>
      <trkpt lat="32.79080392904826" lon="-17.12321380888804">
        <ele>1106</ele>
      </trkpt>
      <trkpt lat="32.79081918748808" lon="-17.1231651726111">
        <ele>1103</ele>
      </trkpt>
      <trkpt lat="32.79054739652871" lon="-17.12304596604997">
        <ele>1093</ele>
      </trkpt>
      <trkpt lat="32.7906437154301" lon="-17.12302975395765">
        <ele>1093</ele>
      </trkpt>
      <trkpt lat="32.79055502574862" lon="-17.12293248140377">
        <ele>1086</ele>
      </trkpt>
      <trkpt lat="32.79061605950792" lon="-17.12290864009154">
        <ele>1085</ele>
      </trkpt>
      <trkpt lat="32.79067709326722" lon="-17.12288384512683">
        <ele>1084</ele>
      </trkpt>
      <trkpt lat="32.79075529277132" lon="-17.12280659927522">
        <ele>1079</ele>
      </trkpt>
      <trkpt lat="32.79078580965097" lon="-17.12275033377837">
        <ele>1076</ele>
      </trkpt>
      <trkpt lat="32.79089452603472" lon="-17.1226606904444">
        <ele>1068</ele>
      </trkpt>
      <trkpt lat="32.7908964333397" lon="-17.12262921991226">
        <ele>1065</ele>
      </trkpt>
      <trkpt lat="32.79080869731071" lon="-17.12260347129505">
        <ele>1066</ele>
      </trkpt>
      <trkpt lat="32.79072096128171" lon="-17.12257772267785">
        <ele>1064</ele>
      </trkpt>
      <trkpt lat="32.7906437154301" lon="-17.12249094030135">
        <ele>1057</ele>
      </trkpt>
      <trkpt lat="32.79056646957849" lon="-17.12240320427236">
        <ele>1050</ele>
      </trkpt>
      <trkpt lat="32.79045966049972" lon="-17.12235552164791">
        <ele>1045</ele>
      </trkpt>
      <trkpt lat="32.79035285142095" lon="-17.12230688537097">
        <ele>1040</ele>
      </trkpt>
      <trkpt lat="32.79005340453939" lon="-17.12207037955369">
        <ele>1019</ele>
      </trkpt>
      <trkpt lat="32.7900619874118" lon="-17.12202365058172">
        <ele>1016</ele>
      </trkpt>
      <trkpt lat="32.79015163074576" lon="-17.12201316040434">
        <ele>1015</ele>
      </trkpt>
      <trkpt lat="32.79000476826245" lon="-17.12168128933816">
        <ele>989</ele>
      </trkpt>
      <trkpt lat="32.78999809269503" lon="-17.12156971199694">
        <ele>980</ele>
      </trkpt>
      <trkpt lat="32.7899914171276" lon="-17.12145718100324">
        <ele>970</ele>
      </trkpt>
      <trkpt lat="32.79003051687965" lon="-17.12115201220675">
        <ele>946</ele>
      </trkpt>
      <trkpt lat="32.79010776273127" lon="-17.12116536334159">
        <ele>948</ele>
      </trkpt>
      <trkpt lat="32.79018500858288" lon="-17.12117871447644">
        <ele>950</ele>
      </trkpt>
      <trkpt lat="32.7902088498951" lon="-17.12093076482929">
        <ele>931</ele>
      </trkpt>
      <trkpt lat="32.79023173755484" lon="-17.12101754720579">
        <ele>938</ele>
      </trkpt>
      <trkpt lat="32.7902441350372" lon="-17.12101945451077">
        <ele>939</ele>
      </trkpt>
      <trkpt lat="32.79029181766165" lon="-17.12093171848178">
        <ele>933</ele>
      </trkpt>
      <trkpt lat="32.79033854663361" lon="-17.12089643333969">
        <ele>931</ele>
      </trkpt>
      <trkpt lat="32.79054930383369" lon="-17.12119683387373">
        <ele>957</ele>
      </trkpt>
      <trkpt lat="32.79060366202557" lon="-17.12122067518596">
        <ele>959</ele>
      </trkpt>
      <trkpt lat="32.79068090787717" lon="-17.12119397291626">
        <ele>958</ele>
      </trkpt>
      <trkpt lat="32.79075815372879" lon="-17.12116727064657">
        <ele>958</ele>
      </trkpt>
      <trkpt lat="32.79085065802023" lon="-17.12108811748998">
        <ele>953</ele>
      </trkpt>
      <trkpt lat="32.79094316231166" lon="-17.12100896433339">
        <ele>947</ele>
      </trkpt>
      <trkpt lat="32.79095269883655" lon="-17.12095365248903">
        <ele>943</ele>
      </trkpt>
      <trkpt lat="32.79090215525463" lon="-17.12097463284379">
        <ele>945</ele>
      </trkpt>
      <trkpt lat="32.79082872401298" lon="-17.12094506961663">
        <ele>944</ele>
      </trkpt>
      <trkpt lat="32.79086400915507" lon="-17.12091836734693">
        <ele>942</ele>
      </trkpt>
      <trkpt lat="32.79085161167271" lon="-17.12087354567995">
        <ele>940</ele>
      </trkpt>
      <trkpt lat="32.790826816708" lon="-17.12086877741751">
        <ele>939</ele>
      </trkpt>
      <trkpt lat="32.79084779706276" lon="-17.12082777036047">
        <ele>937</ele>
      </trkpt>
      <trkpt lat="32.79121304596605" lon="-17.12070856379935">
        <ele>922</ele>
      </trkpt>
      <trkpt lat="32.79125786763304" lon="-17.12070665649437">
        <ele>922</ele>
      </trkpt>
      <trkpt lat="32.79131699408736" lon="-17.12074289528895">
        <ele>923</ele>
      </trkpt>
      <trkpt lat="32.79134369635705" lon="-17.12081632653061">
        <ele>928</ele>
      </trkpt>
      <trkpt lat="32.79137135227923" lon="-17.12088880411977">
        <ele>933</ele>
      </trkpt>
      <trkpt lat="32.79141712759871" lon="-17.12094888422658">
        <ele>937</ele>
      </trkpt>
      <trkpt lat="32.79145813465574" lon="-17.12093076482929">
        <ele>935</ele>
      </trkpt>
      <trkpt lat="32.79148006866298" lon="-17.12090215525462">
        <ele>932</ele>
      </trkpt>
      <trkpt lat="32.7914619492657" lon="-17.12083730688537">
        <ele>928</ele>
      </trkpt>
      <trkpt lat="32.79144478352089" lon="-17.12077150486362">
        <ele>923</ele>
      </trkpt>
      <trkpt lat="32.7915134465001" lon="-17.12081632653061">
        <ele>925</ele>
      </trkpt>
      <trkpt lat="32.79158210947931" lon="-17.1208601945451">
        <ele>928</ele>
      </trkpt>
      <trkpt lat="32.79167747472822" lon="-17.12085065802021">
        <ele>925</ele>
      </trkpt>
      <trkpt lat="32.79177379362961" lon="-17.12084112149532">
        <ele>918</ele>
      </trkpt>
      <trkpt lat="32.79177665458707" lon="-17.12078580965096">
        <ele>914</ele>
      </trkpt>
      <trkpt lat="32.79170036238795" lon="-17.12076101468625">
        <ele>917</ele>
      </trkpt>
      <trkpt lat="32.7917747472821" lon="-17.12069711996948">
        <ele>908</ele>
      </trkpt>
      <trkpt lat="32.79184913217624" lon="-17.12063227160023">
        <ele>900</ele>
      </trkpt>
      <trkpt lat="32.79189967575816" lon="-17.12070284188441">
        <ele>902</ele>
      </trkpt>
      <trkpt lat="32.79195117299257" lon="-17.1207734121686">
        <ele>903</ele>
      </trkpt>
      <trkpt lat="32.79202746519169" lon="-17.12081251192065">
        <ele>901</ele>
      </trkpt>
      <trkpt lat="32.79210375739081" lon="-17.1208516116727">
        <ele>899</ele>
      </trkpt>
      <trkpt lat="32.79211234026322" lon="-17.12078867060843">
        <ele>895</ele>
      </trkpt>
      <trkpt lat="32.79207514781614" lon="-17.1207123784093">
        <ele>893</ele>
      </trkpt>
      <trkpt lat="32.79203795536907" lon="-17.12063513255769">
        <ele>890</ele>
      </trkpt>
      <trkpt lat="32.79209994278086" lon="-17.12063703986267">
        <ele>887</ele>
      </trkpt>
      <trkpt lat="32.79216193019264" lon="-17.12063894716765">
        <ele>884</ele>
      </trkpt>
      <trkpt lat="32.79222868586687" lon="-17.12061129124547">
        <ele>879</ele>
      </trkpt>
      <trkpt lat="32.7922353614343" lon="-17.12057409879839">
        <ele>877</ele>
      </trkpt>
      <trkpt lat="32.79216383749763" lon="-17.12052927713141">
        <ele>878</ele>
      </trkpt>
      <trkpt lat="32.79210566469579" lon="-17.12043295823002">
        <ele>875</ele>
      </trkpt>
      <trkpt lat="32.79204749189396" lon="-17.12033568567614">
        <ele>872</ele>
      </trkpt>
      <trkpt lat="32.79205607476636" lon="-17.12029753957657">
        <ele>870</ele>
      </trkpt>
      <trkpt lat="32.79230688537098" lon="-17.12035094411596">
        <ele>862</ele>
      </trkpt>
      <trkpt lat="32.79237364104521" lon="-17.12032805645622">
        <ele>858</ele>
      </trkpt>
      <trkpt lat="32.79244039671944" lon="-17.120304215144">
        <ele>854</ele>
      </trkpt>
      <trkpt lat="32.7925052450887" lon="-17.12022124737745">
        <ele>847</ele>
      </trkpt>
      <trkpt lat="32.79244611863437" lon="-17.1201563990082">
        <ele>846</ele>
      </trkpt>
      <trkpt lat="32.79238794583254" lon="-17.12009059698645">
        <ele>845</ele>
      </trkpt>
      <trkpt lat="32.79266831966432" lon="-17.12009345794392">
        <ele>831</ele>
      </trkpt>
      <trkpt lat="32.79257867633035" lon="-17.11999999999999">
        <ele>833</ele>
      </trkpt>
      <trkpt lat="32.79257867633035" lon="-17.11999999999999">
        <ele>833</ele>
      </trkpt>
      <trkpt lat="32.79252145718101" lon="-17.11994087354567">
        <ele>833</ele>
      </trkpt>
      <trkpt lat="32.79253671562083" lon="-17.1199027274461">
        <ele>830</ele>
      </trkpt>
      <trkpt lat="32.79264447835209" lon="-17.11991607858095">
        <ele>824</ele>
      </trkpt>
      <trkpt lat="32.79275319473584" lon="-17.1199294297158">
        <ele>819</ele>
      </trkpt>
      <trkpt lat="32.79286763303453" lon="-17.11996471485789">
        <ele>814</ele>
      </trkpt>
      <trkpt lat="32.7929830249857" lon="-17.11999999999999">
        <ele>810</ele>
      </trkpt>
      <trkpt lat="32.7929830249857" lon="-17.11999999999999">
        <ele>810</ele>
      </trkpt>
      <trkpt lat="32.79327293534237" lon="-17.12008773602899">
        <ele>795</ele>
      </trkpt>
      <trkpt lat="32.79357238222392" lon="-17.12032042723631">
        <ele>783</ele>
      </trkpt>
      <trkpt lat="32.79371733740226" lon="-17.12007629219912">
        <ele>769</ele>
      </trkpt>
      <trkpt lat="32.79369158878505" lon="-17.11999999999999">
        <ele>769</ele>
      </trkpt>
      <trkpt lat="32.79369158878505" lon="-17.11999999999999">
        <ele>769</ele>
      </trkpt>
      <trkpt lat="32.79365058172802" lon="-17.11987983978637">
        <ele>768</ele>
      </trkpt>
      <trkpt lat="32.793609574671" lon="-17.11975872592026">
        <ele>766</ele>
      </trkpt>
      <trkpt lat="32.7935227922945" lon="-17.11970532138087">
        <ele>768</ele>
      </trkpt>
      <trkpt lat="32.79343600991799" lon="-17.119650963189">
        <ele>771</ele>
      </trkpt>
      <trkpt lat="32.79336925424376" lon="-17.11954606141521">
        <ele>771</ele>
      </trkpt>
      <trkpt lat="32.79330345222202" lon="-17.11944115964141">
        <ele>770</ele>
      </trkpt>
      <trkpt lat="32.79327674995233" lon="-17.11936963570474">
        <ele>768</ele>
      </trkpt>
      <trkpt lat="32.79325004768263" lon="-17.11929715811557">
        <ele>767</ele>
      </trkpt>
      <trkpt lat="32.79319664314325" lon="-17.11901201602135">
        <ele>760</ele>
      </trkpt>
      <trkpt lat="32.79320427236316" lon="-17.11889853137515">
        <ele>757</ele>
      </trkpt>
      <trkpt lat="32.79321285523556" lon="-17.11878504672896">
        <ele>754</ele>
      </trkpt>
      <trkpt lat="32.79333396910167" lon="-17.11884512683577">
        <ele>751</ele>
      </trkpt>
      <trkpt lat="32.79341312225826" lon="-17.11883082204843">
        <ele>747</ele>
      </trkpt>
      <trkpt lat="32.79349227541484" lon="-17.11881556360861">
        <ele>743</ele>
      </trkpt>
      <trkpt lat="32.79426473393096" lon="-17.11922086591645">
        <ele>715</ele>
      </trkpt>
      <trkpt lat="32.79451172992562" lon="-17.11924852183863">
        <ele>704</ele>
      </trkpt>
      <trkpt lat="32.79461949265689" lon="-17.11898436009917">
        <ele>692</ele>
      </trkpt>
      <trkpt lat="32.7946786191112" lon="-17.11903013541864">
        <ele>691</ele>
      </trkpt>
      <trkpt lat="32.79477875262255" lon="-17.11901487697881">
        <ele>686</ele>
      </trkpt>
      <trkpt lat="32.79487983978639" lon="-17.1189986648865">
        <ele>681</ele>
      </trkpt>
      <trkpt lat="32.79492847606333" lon="-17.11907781804309">
        <ele>680</ele>
      </trkpt>
      <trkpt lat="32.79504672897197" lon="-17.11899485027654">
        <ele>672</ele>
      </trkpt>
      <trkpt lat="32.79506198741179" lon="-17.11908830822047">
        <ele>673</ele>
      </trkpt>
      <trkpt lat="32.79507724585162" lon="-17.11918081251191">
        <ele>673</ele>
      </trkpt>
      <trkpt lat="32.79516784283808" lon="-17.11922086591645">
        <ele>667</ele>
      </trkpt>
      <trkpt lat="32.79525939347702" lon="-17.11925996566849">
        <ele>661</ele>
      </trkpt>
      <trkpt lat="32.79528228113676" lon="-17.11932481403775">
        <ele>660</ele>
      </trkpt>
      <trkpt lat="32.79530612244898" lon="-17.11938870875451">
        <ele>659</ele>
      </trkpt>
      <trkpt lat="32.79534331489606" lon="-17.11941541102421">
        <ele>656</ele>
      </trkpt>
      <trkpt lat="32.79536810986077" lon="-17.11939443066945">
        <ele>654</ele>
      </trkpt>
      <trkpt lat="32.79537860003816" lon="-17.11935151630744">
        <ele>653</ele>
      </trkpt>
      <trkpt lat="32.79535952698837" lon="-17.11926091932099">
        <ele>654</ele>
      </trkpt>
      <trkpt lat="32.79534140759108" lon="-17.11916936868204">
        <ele>654</ele>
      </trkpt>
      <trkpt lat="32.79535189776846" lon="-17.11909975205034">
        <ele>652</ele>
      </trkpt>
      <trkpt lat="32.79540625596034" lon="-17.11903967194353">
        <ele>647</ele>
      </trkpt>
      <trkpt lat="32.79541388518025" lon="-17.11913026892999">
        <ele>648</ele>
      </trkpt>
      <trkpt lat="32.79549017737937" lon="-17.11920465382413">
        <ele>643</ele>
      </trkpt>
      <trkpt lat="32.79555121113867" lon="-17.11920942208658">
        <ele>639</ele>
      </trkpt>
      <trkpt lat="32.79561319855046" lon="-17.11921323669653">
        <ele>634</ele>
      </trkpt>
      <trkpt lat="32.79560652298303" lon="-17.11915124928474">
        <ele>635</ele>
      </trkpt>
      <trkpt lat="32.79582967766547" lon="-17.11888613389279">
        <ele>617</ele>
      </trkpt>
      <trkpt lat="32.79585733358765" lon="-17.11879744421131">
        <ele>615</ele>
      </trkpt>
      <trkpt lat="32.79588594316232" lon="-17.11870780087735">
        <ele>613</ele>
      </trkpt>
      <trkpt lat="32.79594697692161" lon="-17.11860194545106">
        <ele>609</ele>
      </trkpt>
      <trkpt lat="32.79600801068091" lon="-17.11849609002478">
        <ele>605</ele>
      </trkpt>
      <trkpt lat="32.79598130841122" lon="-17.11820999427807">
        <ele>605</ele>
      </trkpt>
      <trkpt lat="32.79594411596415" lon="-17.11813370207895">
        <ele>606</ele>
      </trkpt>
      <trkpt lat="32.79590787716957" lon="-17.11805740987982">
        <ele>608</ele>
      </trkpt>
      <trkpt lat="32.79594220865917" lon="-17.11804691970245">
        <ele>606</ele>
      </trkpt>
      <trkpt lat="32.79599465954607" lon="-17.11808411214952">
        <ele>603</ele>
      </trkpt>
      <trkpt lat="32.79608048827008" lon="-17.11810604615676">
        <ele>598</ele>
      </trkpt>
      <trkpt lat="32.79616727064658" lon="-17.11812702651152">
        <ele>593</ele>
      </trkpt>
      <trkpt lat="32.79624547015068" lon="-17.11811558268166">
        <ele>589</ele>
      </trkpt>
      <trkpt lat="32.79632366965478" lon="-17.1181031851993">
        <ele>584</ele>
      </trkpt>
      <trkpt lat="32.79631604043487" lon="-17.11818615296584">
        <ele>586</ele>
      </trkpt>
      <trkpt lat="32.79630936486745" lon="-17.1182681670799">
        <ele>587</ele>
      </trkpt>
      <trkpt lat="32.79632843791723" lon="-17.1183549494564">
        <ele>587</ele>
      </trkpt>
      <trkpt lat="32.79641998855617" lon="-17.11839595651343">
        <ele>583</ele>
      </trkpt>
      <trkpt lat="32.79649723440779" lon="-17.11839118825099">
        <ele>579</ele>
      </trkpt>
      <trkpt lat="32.7965744802594" lon="-17.11838641998854">
        <ele>575</ele>
      </trkpt>
      <trkpt lat="32.79668415029564" lon="-17.11830154491702">
        <ele>569</ele>
      </trkpt>
      <trkpt lat="32.79673946214" lon="-17.11820617966811">
        <ele>566</ele>
      </trkpt>
      <trkpt lat="32.79679477398437" lon="-17.11810986076672">
        <ele>564</ele>
      </trkpt>
      <trkpt lat="32.79689109288576" lon="-17.11811081441921">
        <ele>563</ele>
      </trkpt>
      <trkpt lat="32.79695498760253" lon="-17.11814133129886">
        <ele>564</ele>
      </trkpt>
      <trkpt lat="32.79701602136182" lon="-17.11811081441921">
        <ele>563</ele>
      </trkpt>
      <trkpt lat="32.79767404157926" lon="-17.11711615487315">
        <ele>539</ele>
      </trkpt>
      <trkpt lat="32.79850085828725" lon="-17.11636753766926">
        <ele>511</ele>
      </trkpt>
      <trkpt lat="32.79894621399963" lon="-17.11634941827197">
        <ele>504</ele>
      </trkpt>
      <trkpt lat="32.79921705130651" lon="-17.11587259202745">
        <ele>489</ele>
      </trkpt>
      <trkpt lat="32.79977398436011" lon="-17.1156160595079">
        <ele>481</ele>
      </trkpt>
      <trkpt lat="32.79988651535381" lon="-17.11559126454318">
        <ele>479</ele>
      </trkpt>
      <trkpt lat="32.8" lon="-17.11556551592598">
        <ele>478</ele>
      </trkpt>
      <trkpt lat="32.8" lon="-17.11556551592598">
        <ele>478</ele>
      </trkpt>
      <trkpt lat="32.80039576578295" lon="-17.11547587259201">
        <ele>474</ele>
      </trkpt>
      <trkpt lat="32.80055979401106" lon="-17.11557219149341">
        <ele>473</ele>
      </trkpt>
      <trkpt lat="32.80055979401106" lon="-17.11557219149341">
        <ele>473</ele>
      </trkpt>
      <trkpt lat="32.80083158497044" lon="-17.11569044440204">
        <ele>470</ele>
      </trkpt>
      <trkpt lat="32.80083158497044" lon="-17.11569044440204">
        <ele>470</ele>
      </trkpt>
      <trkpt lat="32.80092027465192" lon="-17.11548636276939">
        <ele>468</ele>
      </trkpt>
      <trkpt lat="32.80108334922755" lon="-17.11530421514399">
        <ele>466</ele>
      </trkpt>
      <trkpt lat="32.80108334922755" lon="-17.11530421514399">
        <ele>466</ele>
      </trkpt>
      <trkpt lat="32.80212855235553" lon="-17.11579916078579">
        <ele>454</ele>
      </trkpt>
      <trkpt lat="32.80218481785238" lon="-17.11579534617584">
        <ele>454</ele>
      </trkpt>
      <trkpt lat="32.80225061987412" lon="-17.11575720007628">
        <ele>454</ele>
      </trkpt>
      <trkpt lat="32.80225061987412" lon="-17.11575720007628">
        <ele>454</ele>
      </trkpt>
      <trkpt lat="32.80234598512303" lon="-17.11566946404729">
        <ele>455</ele>
      </trkpt>
      <trkpt lat="32.80244135037193" lon="-17.11558077436581">
        <ele>456</ele>
      </trkpt>
      <trkpt lat="32.80244135037193" lon="-17.11558077436581">
        <ele>456</ele>
      </trkpt>
      <trkpt lat="32.80248903299638" lon="-17.11550066755673">
        <ele>458</ele>
      </trkpt>
      <trkpt lat="32.80248903299638" lon="-17.11550066755673">
        <ele>458</ele>
      </trkpt>
      <trkpt lat="32.8025567423231" lon="-17.11552736982642">
        <ele>457</ele>
      </trkpt>
      <trkpt lat="32.80292962044631" lon="-17.11559126454318">
        <ele>452</ele>
      </trkpt>
      <trkpt lat="32.80305073431242" lon="-17.11557695975585">
        <ele>451</ele>
      </trkpt>
      <trkpt lat="32.80313274842648" lon="-17.11555788670607">
        <ele>450</ele>
      </trkpt>
      <trkpt lat="32.80322429906542" lon="-17.11551878695402">
        <ele>450</ele>
      </trkpt>
      <trkpt lat="32.80402441350372" lon="-17.1152250619874">
        <ele>448</ele>
      </trkpt>
      <trkpt lat="32.80413122258249" lon="-17.1151897768453">
        <ele>448</ele>
      </trkpt>
      <trkpt lat="32.80423803166126" lon="-17.11515449170321">
        <ele>447</ele>
      </trkpt>
      <trkpt lat="32.80427903871829" lon="-17.11514876978827">
        <ele>447</ele>
      </trkpt>
      <trkpt lat="32.80431813847034" lon="-17.11514972344076">
        <ele>446</ele>
      </trkpt>
      <trkpt lat="32.80489032996376" lon="-17.11525843982451">
        <ele>441</ele>
      </trkpt>
      <trkpt lat="32.80500095365249" lon="-17.1153204272363">
        <ele>440</ele>
      </trkpt>
      <trkpt lat="32.80508582872402" lon="-17.11538622925804">
        <ele>439</ele>
      </trkpt>
      <trkpt lat="32.80517165744803" lon="-17.11545203127979">
        <ele>439</ele>
      </trkpt>
      <trkpt lat="32.80525843982453" lon="-17.11548159450695">
        <ele>438</ele>
      </trkpt>
      <trkpt lat="32.80534617585352" lon="-17.11551115773411">
        <ele>438</ele>
      </trkpt>
      <trkpt lat="32.80587545298494" lon="-17.11554358191873">
        <ele>436</ele>
      </trkpt>
      <trkpt lat="32.80598130841122" lon="-17.11552736982642">
        <ele>437</ele>
      </trkpt>
      <trkpt lat="32.80607190539767" lon="-17.1155025748617">
        <ele>437</ele>
      </trkpt>
      <trkpt lat="32.80617966812893" lon="-17.11544630936485">
        <ele>437</ele>
      </trkpt>
      <trkpt lat="32.80617966812893" lon="-17.11544630936485">
        <ele>437</ele>
      </trkpt>
      <trkpt lat="32.80637135227923" lon="-17.11540053404538">
        <ele>437</ele>
      </trkpt>
      <trkpt lat="32.80728495136373" lon="-17.1153642952508">
        <ele>438</ele>
      </trkpt>
      <trkpt lat="32.80748521838643" lon="-17.11534140759106">
        <ele>438</ele>
      </trkpt>
      <trkpt lat="32.80800781995041" lon="-17.11520122067517">
        <ele>437</ele>
      </trkpt>
      <trkpt lat="32.80858191874881" lon="-17.11516688918557">
        <ele>435</ele>
      </trkpt>
      <trkpt lat="32.80888231928286" lon="-17.11515639900819">
        <ele>436</ele>
      </trkpt>
      <trkpt lat="32.8091131031852" lon="-17.1151201602136">
        <ele>436</ele>
      </trkpt>
      <trkpt lat="32.80925710471104" lon="-17.11508773602898">
        <ele>435</ele>
      </trkpt>
      <trkpt lat="32.80983311081442" lon="-17.11485027655921">
        <ele>433</ele>
      </trkpt>
      <trkpt lat="32.80996185390044" lon="-17.11478352088497">
        <ele>432</ele>
      </trkpt>
      <trkpt lat="32.81037860003815" lon="-17.11448979591835">
        <ele>432</ele>
      </trkpt>
      <trkpt lat="32.81080774365822" lon="-17.11420274651915">
        <ele>432</ele>
      </trkpt>
      <trkpt lat="32.81090978447454" lon="-17.11410642761776">
        <ele>432</ele>
      </trkpt>
      <trkpt lat="32.81103375929811" lon="-17.11392523364485">
        <ele>433</ele>
      </trkpt>
      <trkpt lat="32.81130364295251" lon="-17.11337020789623">
        <ele>436</ele>
      </trkpt>
      <trkpt lat="32.81146767118062" lon="-17.1130164028228">
        <ele>435</ele>
      </trkpt>
      <trkpt lat="32.81162216288385" lon="-17.1126511539195">
        <ele>433</ele>
      </trkpt>
      <trkpt lat="32.81175090596987" lon="-17.11236601182528">
        <ele>428</ele>
      </trkpt>
      <trkpt lat="32.81185580774366" lon="-17.11218577150485">
        <ele>424</ele>
      </trkpt>
      <trkpt lat="32.81193305359528" lon="-17.11207037955367">
        <ele>422</ele>
      </trkpt>
      <trkpt lat="32.81193305359528" lon="-17.11207037955367">
        <ele>422</ele>
      </trkpt>
      <trkpt lat="32.81189872210567" lon="-17.1119549876025">
        <ele>421</ele>
      </trkpt>
      <trkpt lat="32.81186534426855" lon="-17.11183864199884">
        <ele>420</ele>
      </trkpt>
      <trkpt lat="32.81185580774366" lon="-17.11150581728017">
        <ele>414</ele>
      </trkpt>
      <trkpt lat="32.81183768834637" lon="-17.11141998855615">
        <ele>412</ele>
      </trkpt>
      <trkpt lat="32.81185580774366" lon="-17.11135037192446">
        <ele>411</ele>
      </trkpt>
      <trkpt lat="32.81187392714095" lon="-17.11128075529276">
        <ele>409</ele>
      </trkpt>
      <trkpt lat="32.81191874880793" lon="-17.11116250238411">
        <ele>408</ele>
      </trkpt>
      <trkpt lat="32.81192923898531" lon="-17.11108621018499">
        <ele>406</ele>
      </trkpt>
      <trkpt lat="32.8119397291627" lon="-17.11100991798587">
        <ele>405</ele>
      </trkpt>
      <trkpt lat="32.81194735838261" lon="-17.11088975777225">
        <ele>403</ele>
      </trkpt>
      <trkpt lat="32.81195498760252" lon="-17.11076959755863">
        <ele>405</ele>
      </trkpt>
      <trkpt lat="32.8119998092695" lon="-17.1106770932672">
        <ele>409</ele>
      </trkpt>
      <trkpt lat="32.81204558458898" lon="-17.11058363532327">
        <ele>413</ele>
      </trkpt>
      <trkpt lat="32.81205893572383" lon="-17.11048731642188">
        <ele>416</ele>
      </trkpt>
      <trkpt lat="32.81207228685867" lon="-17.110390043868">
        <ele>419</ele>
      </trkpt>
      <trkpt lat="32.81227064657639" lon="-17.10997139042532">
        <ele>426</ele>
      </trkpt>
      <trkpt lat="32.8123831775701" lon="-17.10995041007056">
        <ele>423</ele>
      </trkpt>
      <trkpt lat="32.81249666221629" lon="-17.10992847606331">
        <ele>420</ele>
      </trkpt>
      <trkpt lat="32.81261396147244" lon="-17.10983215716191">
        <ele>430</ele>
      </trkpt>
      <trkpt lat="32.81289338165173" lon="-17.10978924279991">
        <ele>428</ele>
      </trkpt>
      <trkpt lat="32.81299256151059" lon="-17.10981117680716">
        <ele>422</ele>
      </trkpt>
      <trkpt lat="32.81309174136945" lon="-17.10987507152392">
        <ele>414</ele>
      </trkpt>
      <trkpt lat="32.8131909212283" lon="-17.10993896624069">
        <ele>406</ele>
      </trkpt>
      <trkpt lat="32.81356952126645" lon="-17.11004672897195">
        <ele>390</ele>
      </trkpt>
      <trkpt lat="32.81364104520313" lon="-17.11001430478732">
        <ele>388</ele>
      </trkpt>
      <trkpt lat="32.8137135227923" lon="-17.10998188060269">
        <ele>386</ele>
      </trkpt>
      <trkpt lat="32.81377646385657" lon="-17.10997139042532">
        <ele>384</ele>
      </trkpt>
      <trkpt lat="32.81383940492085" lon="-17.10996090024793">
        <ele>382</ele>
      </trkpt>
      <trkpt lat="32.81390329963762" lon="-17.10992847606331">
        <ele>380</ele>
      </trkpt>
      <trkpt lat="32.81396624070189" lon="-17.10985409116916">
        <ele>379</ele>
      </trkpt>
      <trkpt lat="32.81402918176617" lon="-17.10977875262253">
        <ele>377</ele>
      </trkpt>
      <trkpt lat="32.81413694449743" lon="-17.10978924279991">
        <ele>371</ele>
      </trkpt>
      <trkpt lat="32.81425424375358" lon="-17.10985313751667">
        <ele>367</ele>
      </trkpt>
      <trkpt lat="32.81436296013733" lon="-17.10987507152392">
        <ele>364</ele>
      </trkpt>
      <trkpt lat="32.81488556170132" lon="-17.10977112340262">
        <ele>352</ele>
      </trkpt>
      <trkpt lat="32.81488556170132" lon="-17.10977112340262">
        <ele>352</ele>
      </trkpt>
      <trkpt lat="32.81496376120542" lon="-17.10972153347319">
        <ele>350</ele>
      </trkpt>
      <trkpt lat="32.81538241464811" lon="-17.10958039290481">
        <ele>346</ele>
      </trkpt>
      <trkpt lat="32.81570665649438" lon="-17.10949074957084">
        <ele>343</ele>
      </trkpt>
      <trkpt lat="32.8160175472058" lon="-17.10945737173373">
        <ele>339</ele>
      </trkpt>
      <trkpt lat="32.81629887469006" lon="-17.10945355712377">
        <ele>335</ele>
      </trkpt>
      <trkpt lat="32.81629887469006" lon="-17.10945355712377">
        <ele>335</ele>
      </trkpt>
      <trkpt lat="32.81654587068473" lon="-17.10915792485217">
        <ele>332</ele>
      </trkpt>
      <trkpt lat="32.81672515735266" lon="-17.10917795155444">
        <ele>328</ele>
      </trkpt>
      <trkpt lat="32.81692828533283" lon="-17.1092418462712">
        <ele>324</ele>
      </trkpt>
      <trkpt lat="32.81707228685867" lon="-17.1092685485409">
        <ele>322</ele>
      </trkpt>
      <trkpt lat="32.81720770551211" lon="-17.10925233644858">
        <ele>319</ele>
      </trkpt>
      <trkpt lat="32.81747377455655" lon="-17.10915124928475">
        <ele>316</ele>
      </trkpt>
      <trkpt lat="32.81764257104711" lon="-17.10907018882318">
        <ele>318</ele>
      </trkpt>
      <trkpt lat="32.81782471867252" lon="-17.10902345985122">
        <ele>315</ele>
      </trkpt>
      <trkpt lat="32.81799828342552" lon="-17.10890902155253">
        <ele>316</ele>
      </trkpt>
      <trkpt lat="32.81799828342552" lon="-17.10890902155253">
        <ele>316</ele>
      </trkpt>
      <trkpt lat="32.8178876597368" lon="-17.10857619683386">
        <ele>341</ele>
      </trkpt>
      <trkpt lat="32.8178876597368" lon="-17.10857619683386">
        <ele>341</ele>
      </trkpt>
      <trkpt lat="32.81790959374404" lon="-17.10848464619491">
        <ele>346</ele>
      </trkpt>
      <trkpt lat="32.81796299828343" lon="-17.10839691016592">
        <ele>347</ele>
      </trkpt>
      <trkpt lat="32.81801640282281" lon="-17.10830917413693">
        <ele>350</ele>
      </trkpt>
      <trkpt lat="32.81806408544727" lon="-17.10821380888803">
        <ele>355</ele>
      </trkpt>
      <trkpt lat="32.81811272172421" lon="-17.10811844363912">
        <ele>361</ele>
      </trkpt>
      <trkpt lat="32.81822811367538" lon="-17.10800209803546">
        <ele>363</ele>
      </trkpt>
      <trkpt lat="32.81820331871067" lon="-17.10796967385084">
        <ele>367</ele>
      </trkpt>
      <trkpt lat="32.81809937058936" lon="-17.10792771314131">
        <ele>379</ele>
      </trkpt>
      <trkpt lat="32.81802593934771" lon="-17.10794297158114">
        <ele>383</ele>
      </trkpt>
      <trkpt lat="32.81795250810605" lon="-17.10795727636848">
        <ele>388</ele>
      </trkpt>
      <trkpt lat="32.81786858668701" lon="-17.10801354186533">
        <ele>389</ele>
      </trkpt>
      <trkpt lat="32.81776654587069" lon="-17.10801258821284">
        <ele>396</ele>
      </trkpt>
      <trkpt lat="32.81770074384895" lon="-17.10806027083729">
        <ele>397</ele>
      </trkpt>
      <trkpt lat="32.81761682242991" lon="-17.10802403204271">
        <ele>407</ele>
      </trkpt>
      <trkpt lat="32.81762826625977" lon="-17.10800781995039">
        <ele>407</ele>
      </trkpt>
      <trkpt lat="32.81766450505436" lon="-17.10802212473773">
        <ele>403</ele>
      </trkpt>
      <trkpt lat="32.81769788289148" lon="-17.10800209803546">
        <ele>403</ele>
      </trkpt>
      <trkpt lat="32.81773793629602" lon="-17.10793724966621">
        <ele>406</ele>
      </trkpt>
      <trkpt lat="32.81774175090597" lon="-17.10789528895669">
        <ele>410</ele>
      </trkpt>
      <trkpt lat="32.81772553881366" lon="-17.10788765973678">
        <ele>412</ele>
      </trkpt>
      <trkpt lat="32.81771886324623" lon="-17.10790005721913">
        <ele>411</ele>
      </trkpt>
      <trkpt lat="32.81770551211139" lon="-17.10790768643905">
        <ele>411</ele>
      </trkpt>
      <trkpt lat="32.81768357810414" lon="-17.10790577913407">
        <ele>413</ele>
      </trkpt>
      <trkpt lat="32.81760347129507" lon="-17.10784474537477">
        <ele>426</ele>
      </trkpt>
      <trkpt lat="32.8175653251955" lon="-17.10782948693495">
        <ele>430</ele>
      </trkpt>
      <trkpt lat="32.81753099370589" lon="-17.10783139423992">
        <ele>433</ele>
      </trkpt>
      <trkpt lat="32.81742609193211" lon="-17.10792675948883">
        <ele>427</ele>
      </trkpt>
      <trkpt lat="32.81736696547778" lon="-17.10802307839022">
        <ele>417</ele>
      </trkpt>
      <trkpt lat="32.8172782757963" lon="-17.10804978065991">
        <ele>416</ele>
      </trkpt>
      <trkpt lat="32.81741083349227" lon="-17.10778466526796">
        <ele>442</ele>
      </trkpt>
      <trkpt lat="32.81749094030135" lon="-17.10770837306884">
        <ele>448</ele>
      </trkpt>
      <trkpt lat="32.81749761586878" lon="-17.10767976349417">
        <ele>451</ele>
      </trkpt>
      <trkpt lat="32.81745565515926" lon="-17.10763589547967">
        <ele>456</ele>
      </trkpt>
      <trkpt lat="32.81738413122258" lon="-17.10767118062177">
        <ele>454</ele>
      </trkpt>
      <trkpt lat="32.81731260728591" lon="-17.10770551211137">
        <ele>452</ele>
      </trkpt>
      <trkpt lat="32.81724012969674" lon="-17.10778657257294">
        <ele>445</ele>
      </trkpt>
      <trkpt lat="32.81716765210757" lon="-17.1077636849132">
        <ele>449</ele>
      </trkpt>
      <trkpt lat="32.817086591646" lon="-17.10777703604805">
        <ele>450</ele>
      </trkpt>
      <trkpt lat="32.81700648483693" lon="-17.10778943353041">
        <ele>450</ele>
      </trkpt>
      <trkpt lat="32.81690921228304" lon="-17.10785142094219">
        <ele>445</ele>
      </trkpt>
      <trkpt lat="32.8168348273889" lon="-17.10792675948883">
        <ele>437</ele>
      </trkpt>
      <trkpt lat="32.81673469387756" lon="-17.10793057409878">
        <ele>438</ele>
      </trkpt>
      <trkpt lat="32.8169044440206" lon="-17.10761205416745">
        <ele>474</ele>
      </trkpt>
      <trkpt lat="32.81681003242419" lon="-17.10762159069234">
        <ele>475</ele>
      </trkpt>
      <trkpt lat="32.81671657448026" lon="-17.10763112721723">
        <ele>476</ele>
      </trkpt>
      <trkpt lat="32.81673469387756" lon="-17.10754720579819">
        <ele>486</ele>
      </trkpt>
      <trkpt lat="32.81675376692733" lon="-17.10746328437916">
        <ele>494</ele>
      </trkpt>
      <trkpt lat="32.81678333015449" lon="-17.10742609193208">
        <ele>495</ele>
      </trkpt>
      <trkpt lat="32.81678809841694" lon="-17.10735170703794">
        <ele>499</ele>
      </trkpt>
      <trkpt lat="32.81676902536716" lon="-17.1073374022506">
        <ele>501</ele>
      </trkpt>
      <trkpt lat="32.81674423040244" lon="-17.10735170703794">
        <ele>501</ele>
      </trkpt>
      <trkpt lat="32.81667079916079" lon="-17.10742609193208">
        <ele>499</ele>
      </trkpt>
      <trkpt lat="32.81668128933817" lon="-17.10734026320807">
        <ele>504</ele>
      </trkpt>
      <trkpt lat="32.81669177951554" lon="-17.10725443448406">
        <ele>509</ele>
      </trkpt>
      <trkpt lat="32.81668510394812" lon="-17.10720484455463">
        <ele>512</ele>
      </trkpt>
      <trkpt lat="32.81659546061415" lon="-17.10717623497996">
        <ele>515</ele>
      </trkpt>
      <trkpt lat="32.81654205607477" lon="-17.10720198359716">
        <ele>513</ele>
      </trkpt>
      <trkpt lat="32.81658687774176" lon="-17.10710947930573">
        <ele>520</ele>
      </trkpt>
      <trkpt lat="32.81654205607477" lon="-17.10707037955368">
        <ele>523</ele>
      </trkpt>
      <trkpt lat="32.81647243944307" lon="-17.10711329391568">
        <ele>520</ele>
      </trkpt>
      <trkpt lat="32.8164867442304" lon="-17.10704176997901">
        <ele>525</ele>
      </trkpt>
      <trkpt lat="32.81650104901774" lon="-17.10697024604233">
        <ele>531</ele>
      </trkpt>
      <trkpt lat="32.81649532710281" lon="-17.10686439061605">
        <ele>539</ele>
      </trkpt>
      <trkpt lat="32.8165306122449" lon="-17.10680621781421">
        <ele>543</ele>
      </trkpt>
      <trkpt lat="32.81658401678428" lon="-17.10678714476443">
        <ele>543</ele>
      </trkpt>
      <trkpt lat="32.81655731451459" lon="-17.10672325004767">
        <ele>548</ele>
      </trkpt>
      <trkpt lat="32.81644669082586" lon="-17.10666412359335">
        <ele>557</ele>
      </trkpt>
      <trkpt lat="32.81654300972725" lon="-17.10658878504671">
        <ele>553</ele>
      </trkpt>
      <trkpt lat="32.81654396337974" lon="-17.106563990082">
        <ele>554</ele>
      </trkpt>
      <trkpt lat="32.81624260919321" lon="-17.10642380316611">
        <ele>568</ele>
      </trkpt>
      <trkpt lat="32.81615868777418" lon="-17.10650581728017">
        <ele>571</ele>
      </trkpt>
      <trkpt lat="32.81607476635514" lon="-17.10658783139423">
        <ele>574</ele>
      </trkpt>
      <trkpt lat="32.81607476635514" lon="-17.10649151249283">
        <ele>575</ele>
      </trkpt>
      <trkpt lat="32.81607572000763" lon="-17.10639519359144">
        <ele>576</ele>
      </trkpt>
      <trkpt lat="32.81610146862484" lon="-17.10629029181765">
        <ele>577</ele>
      </trkpt>
      <trkpt lat="32.81615201220676" lon="-17.10619206561127">
        <ele>576</ele>
      </trkpt>
      <trkpt lat="32.81605378600038" lon="-17.1061815754339">
        <ele>581</ele>
      </trkpt>
      <trkpt lat="32.81599847415602" lon="-17.10620446309363">
        <ele>583</ele>
      </trkpt>
      <trkpt lat="32.81595746709899" lon="-17.10624165554071">
        <ele>585</ele>
      </trkpt>
      <trkpt lat="32.81588880411978" lon="-17.10628075529276">
        <ele>587</ele>
      </trkpt>
      <trkpt lat="32.81584016784284" lon="-17.10634178905206">
        <ele>588</ele>
      </trkpt>
      <trkpt lat="32.81584493610529" lon="-17.10625786763302">
        <ele>590</ele>
      </trkpt>
      <trkpt lat="32.81582014114057" lon="-17.10620064848368">
        <ele>592</ele>
      </trkpt>
      <trkpt lat="32.81581918748808" lon="-17.10609956131984">
        <ele>594</ele>
      </trkpt>
      <trkpt lat="32.81578771695595" lon="-17.10609002479495">
        <ele>596</ele>
      </trkpt>
      <trkpt lat="32.81577055121114" lon="-17.1060595079153">
        <ele>598</ele>
      </trkpt>
      <trkpt lat="32.81576959755865" lon="-17.10601754720578">
        <ele>599</ele>
      </trkpt>
      <trkpt lat="32.81581632653062" lon="-17.10597367919129">
        <ele>597</ele>
      </trkpt>
      <trkpt lat="32.8158001144383" lon="-17.10593648674422">
        <ele>598</ele>
      </trkpt>
      <trkpt lat="32.81576387564372" lon="-17.10591073812701">
        <ele>601</ele>
      </trkpt>
      <trkpt lat="32.81569235170704" lon="-17.10591073812701">
        <ele>606</ele>
      </trkpt>
      <trkpt lat="32.81564466908259" lon="-17.10594602326911">
        <ele>608</ele>
      </trkpt>
      <trkpt lat="32.81568186152966" lon="-17.10586687011252">
        <ele>608</ele>
      </trkpt>
      <trkpt lat="32.81571905397674" lon="-17.10578676330344">
        <ele>606</ele>
      </trkpt>
      <trkpt lat="32.81577245851612" lon="-17.10570856379934">
        <ele>603</ele>
      </trkpt>
      <trkpt lat="32.81580583635323" lon="-17.10560270837306">
        <ele>601</ele>
      </trkpt>
      <trkpt lat="32.8157657829487" lon="-17.10552164791149">
        <ele>604</ele>
      </trkpt>
      <trkpt lat="32.81569711996949" lon="-17.10547205798206">
        <ele>608</ele>
      </trkpt>
      <trkpt lat="32.81562941064276" lon="-17.10542151440014">
        <ele>612</ele>
      </trkpt>
      <trkpt lat="32.81559698645814" lon="-17.10544726301734">
        <ele>614</ele>
      </trkpt>
      <trkpt lat="32.81562464238032" lon="-17.1054854091169">
        <ele>613</ele>
      </trkpt>
      <trkpt lat="32.81552927713142" lon="-17.10554739652869">
        <ele>618</ele>
      </trkpt>
      <trkpt lat="32.815434865535" lon="-17.10560843028799">
        <ele>624</ele>
      </trkpt>
      <trkpt lat="32.81540625596033" lon="-17.10568281518213">
        <ele>626</ele>
      </trkpt>
      <trkpt lat="32.81531279801641" lon="-17.10575720007628">
        <ele>633</ele>
      </trkpt>
      <trkpt lat="32.8152345985123" lon="-17.10575624642379">
        <ele>638</ele>
      </trkpt>
      <trkpt lat="32.81517261110051" lon="-17.10572000762921">
        <ele>642</ele>
      </trkpt>
      <trkpt lat="32.81511062368873" lon="-17.10568376883462">
        <ele>645</ele>
      </trkpt>
      <trkpt lat="32.81520503528515" lon="-17.10560461567803">
        <ele>638</ele>
      </trkpt>
      <trkpt lat="32.81519645241274" lon="-17.10556742323096">
        <ele>638</ele>
      </trkpt>
      <trkpt lat="32.81514114056838" lon="-17.10555311844362">
        <ele>641</ele>
      </trkpt>
      <trkpt lat="32.81504005340454" lon="-17.10555693305358">
        <ele>647</ele>
      </trkpt>
      <trkpt lat="32.81494468815564" lon="-17.1054682433721">
        <ele>651</ele>
      </trkpt>
      <trkpt lat="32.81487411787145" lon="-17.10543295823001">
        <ele>655</ele>
      </trkpt>
      <trkpt lat="32.81480354758726" lon="-17.10539767308791">
        <ele>659</ele>
      </trkpt>
      <trkpt lat="32.81470341407591" lon="-17.1054157924852">
        <ele>666</ele>
      </trkpt>
      <trkpt lat="32.8144440205989" lon="-17.10565897386991">
        <ele>687</ele>
      </trkpt>
      <trkpt lat="32.81441827198169" lon="-17.10555311844362">
        <ele>686</ele>
      </trkpt>
      <trkpt lat="32.81439347701698" lon="-17.10544630936485">
        <ele>686</ele>
      </trkpt>
      <trkpt lat="32.81430860194546" lon="-17.10540911691778">
        <ele>690</ele>
      </trkpt>
      <trkpt lat="32.81429906542056" lon="-17.10550257486171">
        <ele>693</ele>
      </trkpt>
      <trkpt lat="32.81429048254816" lon="-17.10559507915314">
        <ele>695</ele>
      </trkpt>
      <trkpt lat="32.81425710471105" lon="-17.1056685103948">
        <ele>698</ele>
      </trkpt>
      <trkpt lat="32.81416650772459" lon="-17.10571905397672">
        <ele>705</ele>
      </trkpt>
      <trkpt lat="32.81407686439062" lon="-17.10576959755863">
        <ele>710</ele>
      </trkpt>
      <trkpt lat="32.81409879839786" lon="-17.10569330535951">
        <ele>708</ele>
      </trkpt>
      <trkpt lat="32.81412073240512" lon="-17.1056160595079">
        <ele>705</ele>
      </trkpt>
      <trkpt lat="32.81403204272363" lon="-17.10551974060651">
        <ele>707</ele>
      </trkpt>
      <trkpt lat="32.81381937821858" lon="-17.10581441922562">
        <ele>723</ele>
      </trkpt>
      <trkpt lat="32.81374499332443" lon="-17.10582300209802">
        <ele>726</ele>
      </trkpt>
      <trkpt lat="32.81367156208278" lon="-17.10583063131793">
        <ele>730</ele>
      </trkpt>
      <trkpt lat="32.81358001144383" lon="-17.10578390234597">
        <ele>733</ele>
      </trkpt>
      <trkpt lat="32.81350371924471" lon="-17.10568376883462">
        <ele>734</ele>
      </trkpt>
      <trkpt lat="32.81302975395766" lon="-17.10573145145908">
        <ele>752</ele>
      </trkpt>
      <trkpt lat="32.8127484264734" lon="-17.10562178142283">
        <ele>759</ele>
      </trkpt>
      <trkpt lat="32.8123650581728" lon="-17.10571714667174">
        <ele>773</ele>
      </trkpt>
      <trkpt lat="32.81227350753386" lon="-17.10576769025366">
        <ele>777</ele>
      </trkpt>
      <trkpt lat="32.8121829105474" lon="-17.10581728018309">
        <ele>781</ele>
      </trkpt>
      <trkpt lat="32.81212950600801" lon="-17.10580679000571">
        <ele>783</ele>
      </trkpt>
      <trkpt lat="32.81216288384513" lon="-17.10573049780658">
        <ele>781</ele>
      </trkpt>
      <trkpt lat="32.81133797444212" lon="-17.10530516879648">
        <ele>820</ele>
      </trkpt>
      <trkpt lat="32.81092790387183" lon="-17.10512588212854">
        <ele>847</ele>
      </trkpt>
      <trkpt lat="32.81099656685104" lon="-17.10505435819186">
        <ele>845</ele>
      </trkpt>
      <trkpt lat="32.81107667366012" lon="-17.10503528514208">
        <ele>840</ele>
      </trkpt>
      <trkpt lat="32.81115773412169" lon="-17.1050162120923">
        <ele>835</ele>
      </trkpt>
      <trkpt lat="32.81115487316422" lon="-17.10492656875833">
        <ele>834</ele>
      </trkpt>
      <trkpt lat="32.81107667366012" lon="-17.10486648865152">
        <ele>838</ele>
      </trkpt>
      <trkpt lat="32.81099942780851" lon="-17.10480640854471">
        <ele>842</ele>
      </trkpt>
      <trkpt lat="32.81091455273698" lon="-17.10480640854471">
        <ele>848</ele>
      </trkpt>
      <trkpt lat="32.81082967766546" lon="-17.10480640854471">
        <ele>854</ele>
      </trkpt>
      <trkpt lat="32.81080202174328" lon="-17.10473106999808">
        <ele>855</ele>
      </trkpt>
      <trkpt lat="32.81068853709709" lon="-17.10475014304786">
        <ele>861</ele>
      </trkpt>
      <trkpt lat="32.81057600610337" lon="-17.10476826244515">
        <ele>867</ele>
      </trkpt>
      <trkpt lat="32.81057028418844" lon="-17.10483883272934">
        <ele>868</ele>
      </trkpt>
      <trkpt lat="32.81022506198742" lon="-17.10496185390042">
        <ele>885</ele>
      </trkpt>
      <trkpt lat="32.81027560556933" lon="-17.10485027655921">
        <ele>883</ele>
      </trkpt>
      <trkpt lat="32.81032710280374" lon="-17.10473869921799">
        <ele>881</ele>
      </trkpt>
      <trkpt lat="32.81022696929239" lon="-17.10464619492656">
        <ele>887</ele>
      </trkpt>
      <trkpt lat="32.81014495517834" lon="-17.10462712187677">
        <ele>891</ele>
      </trkpt>
      <trkpt lat="32.81006294106428" lon="-17.10460804882699">
        <ele>896</ele>
      </trkpt>
      <trkpt lat="32.81" lon="-17.10454033950027">
        <ele>901</ele>
      </trkpt>
      <trkpt lat="32.80998950982262" lon="-17.10447835208848">
        <ele>902</ele>
      </trkpt>
      <trkpt lat="32.80997901964524" lon="-17.1044163646767">
        <ele>904</ele>
      </trkpt>
      <trkpt lat="32.80990749570856" lon="-17.10439156971198">
        <ele>909</ele>
      </trkpt>
      <trkpt lat="32.80993324432577" lon="-17.10451268357809">
        <ele>906</ele>
      </trkpt>
      <trkpt lat="32.80992370780088" lon="-17.10462235361433">
        <ele>905</ele>
      </trkpt>
      <trkpt lat="32.80991417127599" lon="-17.10473106999808">
        <ele>904</ele>
      </trkpt>
      <trkpt lat="32.80957371733741" lon="-17.10483883272934">
        <ele>922</ele>
      </trkpt>
      <trkpt lat="32.80946786191112" lon="-17.10490654205606">
        <ele>926</ele>
      </trkpt>
      <trkpt lat="32.80942494754912" lon="-17.10497425138278">
        <ele>927</ele>
      </trkpt>
      <trkpt lat="32.8093572382224" lon="-17.10498950982261">
        <ele>930</ele>
      </trkpt>
      <trkpt lat="32.80928952889568" lon="-17.10500381460994">
        <ele>933</ele>
      </trkpt>
      <trkpt lat="32.80919893190921" lon="-17.10490177379361">
        <ele>942</ele>
      </trkpt>
      <trkpt lat="32.80910928857524" lon="-17.10479973297729">
        <ele>948</ele>
      </trkpt>
      <trkpt lat="32.80880698073622" lon="-17.10477112340262">
        <ele>954</ele>
      </trkpt>
      <trkpt lat="32.80870112530994" lon="-17.10479591836733">
        <ele>954</ele>
      </trkpt>
      <trkpt lat="32.80859622353615" lon="-17.10481975967956">
        <ele>955</ele>
      </trkpt>
      <trkpt lat="32.80832729353424" lon="-17.10481785237458">
        <ele>959</ele>
      </trkpt>
      <trkpt lat="32.80825576959756" lon="-17.10478638184244">
        <ele>962</ele>
      </trkpt>
      <trkpt lat="32.80817947739844" lon="-17.10472439443065">
        <ele>965</ele>
      </trkpt>
      <trkpt lat="32.8081041388518" lon="-17.10466240701887">
        <ele>969</ele>
      </trkpt>
      <trkpt lat="32.80799732977303" lon="-17.10463856570664">
        <ele>971</ele>
      </trkpt>
      <trkpt lat="32.80800400534046" lon="-17.1045899294297">
        <ele>973</ele>
      </trkpt>
      <trkpt lat="32.80834255197406" lon="-17.10451840549302">
        <ele>974</ele>
      </trkpt>
      <trkpt lat="32.80841026130079" lon="-17.1044592790387">
        <ele>975</ele>
      </trkpt>
      <trkpt lat="32.80847224871257" lon="-17.10439061605949">
        <ele>977</ele>
      </trkpt>
      <trkpt lat="32.80853423612436" lon="-17.10432195308028">
        <ele>978</ele>
      </trkpt>
      <trkpt lat="32.80856284569903" lon="-17.10423230974632">
        <ele>981</ele>
      </trkpt>
      <trkpt lat="32.80853805073431" lon="-17.10413599084492">
        <ele>984</ele>
      </trkpt>
      <trkpt lat="32.80854091169178" lon="-17.10405874499331">
        <ele>983</ele>
      </trkpt>
      <trkpt lat="32.80847034140759" lon="-17.10398245279419">
        <ele>984</ele>
      </trkpt>
      <trkpt lat="32.80841407591074" lon="-17.10396528704938">
        <ele>986</ele>
      </trkpt>
      <trkpt lat="32.80837306885371" lon="-17.10398340644668">
        <ele>988</ele>
      </trkpt>
      <trkpt lat="32.80830249856952" lon="-17.10396719435436">
        <ele>989</ele>
      </trkpt>
      <trkpt lat="32.80823383559031" lon="-17.10391569711996">
        <ele>990</ele>
      </trkpt>
      <trkpt lat="32.8081651726111" lon="-17.10386419988555">
        <ele>992</ele>
      </trkpt>
      <trkpt lat="32.8080783902346" lon="-17.10384417318328">
        <ele>994</ele>
      </trkpt>
      <trkpt lat="32.80799256151059" lon="-17.10382414648101">
        <ele>996</ele>
      </trkpt>
      <trkpt lat="32.8079219912264" lon="-17.10376025176424">
        <ele>998</ele>
      </trkpt>
      <trkpt lat="32.80781232119016" lon="-17.10372496662215">
        <ele>1002</ele>
      </trkpt>
      <trkpt lat="32.80773698264353" lon="-17.10361720389089">
        <ele>1006</ele>
      </trkpt>
      <trkpt lat="32.80763208086973" lon="-17.1035294678619">
        <ele>1011</ele>
      </trkpt>
      <trkpt lat="32.80752717909594" lon="-17.10344077818042">
        <ele>1016</ele>
      </trkpt>
      <trkpt lat="32.80745851611673" lon="-17.10336257867631">
        <ele>1020</ele>
      </trkpt>
      <trkpt lat="32.80738985313752" lon="-17.10328342551973">
        <ele>1023</ele>
      </trkpt>
      <trkpt lat="32.80738413122258" lon="-17.10320808697309">
        <ele>1024</ele>
      </trkpt>
      <trkpt lat="32.80737936296014" lon="-17.10313179477397">
        <ele>1024</ele>
      </trkpt>
      <trkpt lat="32.80732309746329" lon="-17.10304596604996">
        <ele>1026</ele>
      </trkpt>
      <trkpt lat="32.80722010299447" lon="-17.10303738317755">
        <ele>1028</ele>
      </trkpt>
      <trkpt lat="32.80711806217815" lon="-17.10302784665267">
        <ele>1031</ele>
      </trkpt>
      <trkpt lat="32.8070961281709" lon="-17.10291054739652">
        <ele>1032</ele>
      </trkpt>
      <trkpt lat="32.80704749189395" lon="-17.10288670608429">
        <ele>1033</ele>
      </trkpt>
      <trkpt lat="32.80705130650392" lon="-17.10283139423992">
        <ele>1033</ele>
      </trkpt>
      <trkpt lat="32.80699218004959" lon="-17.1027465191684">
        <ele>1035</ele>
      </trkpt>
      <trkpt lat="32.80691398054549" lon="-17.10271314133129">
        <ele>1037</ele>
      </trkpt>
      <trkpt lat="32.80683578104139" lon="-17.10267880984168">
        <ele>1039</ele>
      </trkpt>
      <trkpt lat="32.80673374022506" lon="-17.10260919320998">
        <ele>1042</ele>
      </trkpt>
      <trkpt lat="32.80663265306123" lon="-17.10253862292579">
        <ele>1044</ele>
      </trkpt>
      <trkpt lat="32.80656685103948" lon="-17.10242037001715">
        <ele>1045</ele>
      </trkpt>
      <trkpt lat="32.80647148579058" lon="-17.10234598512301">
        <ele>1047</ele>
      </trkpt>
      <trkpt lat="32.80637707419417" lon="-17.10227064657637">
        <ele>1049</ele>
      </trkpt>
      <trkpt lat="32.80627312607286" lon="-17.10215239366773">
        <ele>1052</ele>
      </trkpt>
      <trkpt lat="32.80616154873164" lon="-17.10208754529848">
        <ele>1054</ele>
      </trkpt>
      <trkpt lat="32.80583444592791" lon="-17.10195212664503">
        <ele>1061</ele>
      </trkpt>
      <trkpt lat="32.80546919702461" lon="-17.10184722487124">
        <ele>1069</ele>
      </trkpt>
      <trkpt lat="32.8053738317757" lon="-17.1017900057219">
        <ele>1071</ele>
      </trkpt>
      <trkpt lat="32.80493991989319" lon="-17.1015983215716">
        <ele>1082</ele>
      </trkpt>
      <trkpt lat="32.80432099942781" lon="-17.10122258249093">
        <ele>1102</ele>
      </trkpt>
      <trkpt lat="32.80432099942781" lon="-17.10122258249093">
        <ele>1102</ele>
      </trkpt>
      <trkpt lat="32.80402536715621" lon="-17.10116631699407">
        <ele>1111</ele>
      </trkpt>
      <trkpt lat="32.80382891474347" lon="-17.1010251764257">
        <ele>1118</ele>
      </trkpt>
      <trkpt lat="32.80369826435247" lon="-17.10096223536142">
        <ele>1122</ele>
      </trkpt>
      <trkpt lat="32.80307552927713" lon="-17.10080583635322">
        <ele>1140</ele>
      </trkpt>
      <trkpt lat="32.80284474537478" lon="-17.10077531947357">
        <ele>1146</ele>
      </trkpt>
      <trkpt lat="32.80255483501812" lon="-17.10001049017736">
        <ele>1160</ele>
      </trkpt>
      <trkpt lat="32.8023307266832" lon="-17.10008106046155">
        <ele>1165</ele>
      </trkpt>
      <trkpt lat="32.80203700171658" lon="-17.10063703986266">
        <ele>1172</ele>
      </trkpt>
      <trkpt lat="32.80166412359336" lon="-17.10054167461375">
        <ele>1184</ele>
      </trkpt>
      <trkpt lat="32.80139519359146" lon="-17.1005464428762">
        <ele>1190</ele>
      </trkpt>
      <trkpt lat="32.80101182529086" lon="-17.10045679954223">
        <ele>1195</ele>
      </trkpt>
      <trkpt lat="32.80073431241656" lon="-17.10045489223726">
        <ele>1200</ele>
      </trkpt>
      <trkpt lat="32.80063131794774" lon="-17.10047873354948">
        <ele>1204</ele>
      </trkpt>
      <trkpt lat="32.80020122067519" lon="-17.10065515925995">
        <ele>1224</ele>
      </trkpt>
      <trkpt lat="32.80010967003624" lon="-17.10073621972152">
        <ele>1230</ele>
      </trkpt>
      <trkpt lat="32.8" lon="-17.10087831394238">
        <ele>1239</ele>
      </trkpt>
      <trkpt lat="32.8" lon="-17.10087831394238">
        <ele>1239</ele>
      </trkpt>
      <trkpt lat="32.79997234407782" lon="-17.10091359908448">
        <ele>1240</ele>
      </trkpt>
      <trkpt lat="32.79956513446501" lon="-17.10119206561128">
        <ele>1259</ele>
      </trkpt>
      <trkpt lat="32.79901583063133" lon="-17.10190825863054">
        <ele>1285</ele>
      </trkpt>
      <trkpt lat="32.79894907495709" lon="-17.10196929238984">
        <ele>1285</ele>
      </trkpt>
      <trkpt lat="32.79885561701317" lon="-17.1020246042342">
        <ele>1287</ele>
      </trkpt>
      <trkpt lat="32.79877932481404" lon="-17.10197310699979">
        <ele>1290</ele>
      </trkpt>
      <trkpt lat="32.79870780087737" lon="-17.10175758153727">
        <ele>1296</ele>
      </trkpt>
      <trkpt lat="32.79860385275606" lon="-17.10158592408925">
        <ele>1299</ele>
      </trkpt>
      <trkpt lat="32.79851420942209" lon="-17.10150200267021">
        <ele>1301</ele>
      </trkpt>
      <trkpt lat="32.79816707991608" lon="-17.10130268930001">
        <ele>1307</ele>
      </trkpt>
      <trkpt lat="32.79772458516118" lon="-17.1009727255388">
        <ele>1312</ele>
      </trkpt>
      <trkpt lat="32.79721247377456" lon="-17.10067900057218">
        <ele>1320</ele>
      </trkpt>
      <trkpt lat="32.79689490749571" lon="-17.10045584588974">
        <ele>1323</ele>
      </trkpt>
      <trkpt lat="32.79656208277704" lon="-17.10029658592407">
        <ele>1329</ele>
      </trkpt>
      <trkpt lat="32.79630268930003" lon="-17.10009155063893">
        <ele>1335</ele>
      </trkpt>
      <trkpt lat="32.79615773412169" lon="-17.09999999999998">
        <ele>1338</ele>
      </trkpt>
      <trkpt lat="32.79615773412169" lon="-17.1">
        <ele>1338</ele>
      </trkpt>
      <trkpt lat="32.79539576578296" lon="-17.09940778180431">
        <ele>1361</ele>
      </trkpt>
      <trkpt lat="32.79506770932673" lon="-17.09908163265306">
        <ele>1373</ele>
      </trkpt>
      <trkpt lat="32.79458897577723" lon="-17.09867346938776">
        <ele>1391</ele>
      </trkpt>
      <trkpt lat="32.79405683768835" lon="-17.09838355903109">
        <ele>1409</ele>
      </trkpt>
      <trkpt lat="32.79376025176426" lon="-17.09825576959756">
        <ele>1414</ele>
      </trkpt>
      <trkpt lat="32.79364009155064" lon="-17.09822525271791">
        <ele>1417</ele>
      </trkpt>
      <trkpt lat="32.79338928094603" lon="-17.09822334541294">
        <ele>1423</ele>
      </trkpt>
      <trkpt lat="32.79319664314325" lon="-17.09818233835591">
        <ele>1425</ele>
      </trkpt>
      <trkpt lat="32.79307171466718" lon="-17.09818138470342">
        <ele>1426</ele>
      </trkpt>
      <trkpt lat="32.79263971008965" lon="-17.09829391569712">
        <ele>1433</ele>
      </trkpt>
      <trkpt lat="32.79225920274653" lon="-17.09834541293153">
        <ele>1437</ele>
      </trkpt>
      <trkpt lat="32.79176521075721" lon="-17.09835208849896">
        <ele>1442</ele>
      </trkpt>
      <trkpt lat="32.79153538050735" lon="-17.09831680335686">
        <ele>1444</ele>
      </trkpt>
      <trkpt lat="32.79112626358955" lon="-17.09829105473966">
        <ele>1450</ele>
      </trkpt>
      <trkpt lat="32.79075243181385" lon="-17.09816040434866">
        <ele>1457</ele>
      </trkpt>
      <trkpt lat="32.79063131794775" lon="-17.09813560938395">
        <ele>1459</ele>
      </trkpt>
      <trkpt lat="32.7902002670227" lon="-17.09813656303643">
        <ele>1466</ele>
      </trkpt>
      <trkpt lat="32.78980164028228" lon="-17.0982004577532">
        <ele>1471</ele>
      </trkpt>
      <trkpt lat="32.78945069616633" lon="-17.09830154491704">
        <ele>1475</ele>
      </trkpt>
      <trkpt lat="32.78929906542056" lon="-17.09831012778944">
        <ele>1477</ele>
      </trkpt>
      <trkpt lat="32.78899008201412" lon="-17.09840453938585">
        <ele>1477</ele>
      </trkpt>
      <trkpt lat="32.78843887087546" lon="-17.09853805073432">
        <ele>1479</ele>
      </trkpt>
      <trkpt lat="32.78843887087546" lon="-17.09853805073432">
        <ele>1479</ele>
      </trkpt>
      <trkpt lat="32.78835876406638" lon="-17.09856093839405">
        <ele>1479</ele>
      </trkpt>
      <trkpt lat="32.78827961090979" lon="-17.09858382605379">
        <ele>1478</ele>
      </trkpt>
      <trkpt lat="32.78820713332063" lon="-17.09866297921038">
        <ele>1476</ele>
      </trkpt>
      <trkpt lat="32.7881918748808" lon="-17.09877360289911">
        <ele>1474</ele>
      </trkpt>
      <trkpt lat="32.78817757009347" lon="-17.09888327293535">
        <ele>1471</ele>
      </trkpt>
      <trkpt lat="32.78815945069617" lon="-17.09894716765211">
        <ele>1470</ele>
      </trkpt>
      <trkpt lat="32.78814228495137" lon="-17.09901010871639">
        <ele>1468</ele>
      </trkpt>
      <trkpt lat="32.78809555597941" lon="-17.09907972534809">
        <ele>1467</ele>
      </trkpt>
      <trkpt lat="32.78804882700744" lon="-17.0991483883273">
        <ele>1466</ele>
      </trkpt>
      <trkpt lat="32.78797062750334" lon="-17.09920560747664">
        <ele>1464</ele>
      </trkpt>
      <trkpt lat="32.78789242799925" lon="-17.09926187297349">
        <ele>1462</ele>
      </trkpt>
      <trkpt lat="32.78783806980737" lon="-17.09928380698074">
        <ele>1462</ele>
      </trkpt>
      <trkpt lat="32.78779992370781" lon="-17.09937726492467">
        <ele>1459</ele>
      </trkpt>
      <trkpt lat="32.78776177760825" lon="-17.09947072286859">
        <ele>1457</ele>
      </trkpt>
      <trkpt lat="32.78766927331681" lon="-17.09957562464238">
        <ele>1455</ele>
      </trkpt>
      <trkpt lat="32.78755102040817" lon="-17.09963093648675">
        <ele>1456</ele>
      </trkpt>
      <trkpt lat="32.78743658210949" lon="-17.09964428762159">
        <ele>1456</ele>
      </trkpt>
      <trkpt lat="32.78732309746329" lon="-17.09965668510395">
        <ele>1453</ele>
      </trkpt>
      <trkpt lat="32.78732309746329" lon="-17.09965668510395">
        <ele>1453</ele>
      </trkpt>
      <trkpt lat="32.78701125309938" lon="-17.0996347510967">
        <ele>1447</ele>
      </trkpt>
      <trkpt lat="32.78675376692734" lon="-17.09966336067138">
        <ele>1442</ele>
      </trkpt>
      <trkpt lat="32.78656112912455" lon="-17.09963570474919">
        <ele>1438</ele>
      </trkpt>
      <trkpt lat="32.78631222582491" lon="-17.09952508106047">
        <ele>1434</ele>
      </trkpt>
      <trkpt lat="32.78541102422278" lon="-17.09894716765211">
        <ele>1423</ele>
      </trkpt>
      <trkpt lat="32.78512874308603" lon="-17.09885466336068">
        <ele>1421</ele>
      </trkpt>
      <trkpt lat="32.78502384131223" lon="-17.09884608048827">
        <ele>1419</ele>
      </trkpt>
      <trkpt lat="32.78479401106237" lon="-17.09886801449552">
        <ele>1418</ele>
      </trkpt>
      <trkpt lat="32.78448216669846" lon="-17.09887087545299">
        <ele>1418</ele>
      </trkpt>
      <trkpt lat="32.78397863818425" lon="-17.09892904825482">
        <ele>1418</ele>
      </trkpt>
      <trkpt lat="32.78385943162312" lon="-17.09890139233264">
        <ele>1418</ele>
      </trkpt>
      <trkpt lat="32.78367442304025" lon="-17.09878123211902">
        <ele>1420</ele>
      </trkpt>
      <trkpt lat="32.78354567995423" lon="-17.09873545679955">
        <ele>1421</ele>
      </trkpt>
      <trkpt lat="32.78335208849896" lon="-17.09870112530994">
        <ele>1421</ele>
      </trkpt>
      <trkpt lat="32.78313274842648" lon="-17.09873545679955">
        <ele>1422</ele>
      </trkpt>
      <trkpt lat="32.78281422849514" lon="-17.09891378981499">
        <ele>1423</ele>
      </trkpt>
      <trkpt lat="32.78260823955751" lon="-17.09896910165936">
        <ele>1424</ele>
      </trkpt>
      <trkpt lat="32.78260823955751" lon="-17.09896910165936">
        <ele>1424</ele>
      </trkpt>
      <trkpt lat="32.78228781232119" lon="-17.09853137516689">
        <ele>1429</ele>
      </trkpt>
      <trkpt lat="32.78208182338356" lon="-17.09820427236316">
        <ele>1434</ele>
      </trkpt>
      <trkpt lat="32.78205893572383" lon="-17.09812702651154">
        <ele>1434</ele>
      </trkpt>
      <trkpt lat="32.78207705512112" lon="-17.09799923707801">
        <ele>1435</ele>
      </trkpt>
      <trkpt lat="32.78220007629221" lon="-17.09774270455846">
        <ele>1436</ele>
      </trkpt>
      <trkpt lat="32.78219912263972" lon="-17.09762254434484">
        <ele>1437</ele>
      </trkpt>
      <trkpt lat="32.78214953271029" lon="-17.09755960328057">
        <ele>1438</ele>
      </trkpt>
      <trkpt lat="32.7819216097654" lon="-17.097478542819">
        <ele>1439</ele>
      </trkpt>
      <trkpt lat="32.78186343696358" lon="-17.0974346748045">
        <ele>1440</ele>
      </trkpt>
      <trkpt lat="32.78180335685677" lon="-17.09735933625787">
        <ele>1441</ele>
      </trkpt>
      <trkpt lat="32.78176330345223" lon="-17.09727732214381">
        <ele>1442</ele>
      </trkpt>
      <trkpt lat="32.78148865153538" lon="-17.0965048636277">
        <ele>1447</ele>
      </trkpt>
      <trkpt lat="32.78113866107191" lon="-17.09589071142476">
        <ele>1452</ele>
      </trkpt>
      <trkpt lat="32.78096128170895" lon="-17.09553404539386">
        <ele>1455</ele>
      </trkpt>
      <trkpt lat="32.78069235170705" lon="-17.09493324432577">
        <ele>1459</ele>
      </trkpt>
      <trkpt lat="32.78061415220294" lon="-17.09480354758726">
        <ele>1459</ele>
      </trkpt>
      <trkpt lat="32.78043391188252" lon="-17.09456608811749">
        <ele>1461</ele>
      </trkpt>
      <trkpt lat="32.78043391188252" lon="-17.09456608811749">
        <ele>1461</ele>
      </trkpt>
      <trkpt lat="32.78000000000001" lon="-17.09406255960328">
        <ele>1464</ele>
      </trkpt>
      <trkpt lat="32.77999999999999" lon="-17.09406255960328">
        <ele>1464</ele>
      </trkpt>
      <trkpt lat="32.77985504482167" lon="-17.09389376311272">
        <ele>1464</ele>
      </trkpt>
      <trkpt lat="32.77961758535189" lon="-17.09357047491894">
        <ele>1465</ele>
      </trkpt>
      <trkpt lat="32.77937535761968" lon="-17.09330726683197">
        <ele>1467</ele>
      </trkpt>
      <trkpt lat="32.77928476063322" lon="-17.09323860385276">
        <ele>1467</ele>
      </trkpt>
      <trkpt lat="32.77890997520503" lon="-17.09301926378028">
        <ele>1471</ele>
      </trkpt>
      <trkpt lat="32.77859526988365" lon="-17.09275987030327">
        <ele>1474</ele>
      </trkpt>
      <trkpt lat="32.77843124165554" lon="-17.09272077055121">
        <ele>1475</ele>
      </trkpt>
      <trkpt lat="32.77824623307266" lon="-17.09270074384894">
        <ele>1475</ele>
      </trkpt>
      <trkpt lat="32.77814514590883" lon="-17.09266927331681">
        <ele>1475</ele>
      </trkpt>
      <trkpt lat="32.77773698264352" lon="-17.09244230402442">
        <ele>1475</ele>
      </trkpt>
      <trkpt lat="32.77759393477017" lon="-17.0923917604425">
        <ele>1476</ele>
      </trkpt>
      <trkpt lat="32.777347892428" lon="-17.09235933625787">
        <ele>1476</ele>
      </trkpt>
      <trkpt lat="32.77724775891664" lon="-17.09229734884608">
        <ele>1475</ele>
      </trkpt>
      <trkpt lat="32.77720293724966" lon="-17.09223726873928">
        <ele>1475</ele>
      </trkpt>
      <trkpt lat="32.77706370398626" lon="-17.0919568949075">
        <ele>1476</ele>
      </trkpt>
      <trkpt lat="32.77691970246042" lon="-17.0916173946214">
        <ele>1477</ele>
      </trkpt>
      <trkpt lat="32.77671466717528" lon="-17.09123307266832">
        <ele>1481</ele>
      </trkpt>
      <trkpt lat="32.77648006866298" lon="-17.09089261872974">
        <ele>1482</ele>
      </trkpt>
      <trkpt lat="32.77629792103757" lon="-17.09056646957849">
        <ele>1482</ele>
      </trkpt>
      <trkpt lat="32.77610146862483" lon="-17.09033854663361">
        <ele>1481</ele>
      </trkpt>
      <trkpt lat="32.77599847415601" lon="-17.09018405493039">
        <ele>1482</ele>
      </trkpt>
      <trkpt lat="32.77589071142475" lon="-17.08994182719817">
        <ele>1483</ele>
      </trkpt>
      <trkpt lat="32.77566374213237" lon="-17.08954033950029">
        <ele>1486</ele>
      </trkpt>
      <trkpt lat="32.77546156780469" lon="-17.08909403013542">
        <ele>1489</ele>
      </trkpt>
      <trkpt lat="32.7750696166317" lon="-17.08841407591074">
        <ele>1494</ele>
      </trkpt>
      <trkpt lat="32.77494564180812" lon="-17.08816994087355">
        <ele>1496</ele>
      </trkpt>
      <trkpt lat="32.77475109670036" lon="-17.08750619874118">
        <ele>1502</ele>
      </trkpt>
      <trkpt lat="32.77444020598893" lon="-17.08686629792104">
        <ele>1504</ele>
      </trkpt>
      <trkpt lat="32.77436105283235" lon="-17.08667461377075">
        <ele>1505</ele>
      </trkpt>
      <trkpt lat="32.77425042914361" lon="-17.08615582681671">
        <ele>1506</ele>
      </trkpt>
      <trkpt lat="32.77407209612817" lon="-17.08568567613962">
        <ele>1506</ele>
      </trkpt>
      <trkpt lat="32.77393763112721" lon="-17.08538622925806">
        <ele>1506</ele>
      </trkpt>
      <trkpt lat="32.77346843410261" lon="-17.08444306694641">
        <ele>1510</ele>
      </trkpt>
      <trkpt lat="32.77333110814419" lon="-17.08419893190922">
        <ele>1512</ele>
      </trkpt>
      <trkpt lat="32.7729906542056" lon="-17.08383177570094">
        <ele>1518</ele>
      </trkpt>
      <trkpt lat="32.77284665267976" lon="-17.08378218577151">
        <ele>1520</ele>
      </trkpt>
      <trkpt lat="32.77284665267976" lon="-17.08378218577151">
        <ele>1520</ele>
      </trkpt>
      <trkpt lat="32.77262159069235" lon="-17.08369254243754">
        <ele>1522</ele>
      </trkpt>
      <trkpt lat="32.77238127026511" lon="-17.08354472630174">
        <ele>1524</ele>
      </trkpt>
      <trkpt lat="32.77232214381079" lon="-17.08348369254244">
        <ele>1524</ele>
      </trkpt>
      <trkpt lat="32.77226492466145" lon="-17.08339023459851">
        <ele>1524</ele>
      </trkpt>
      <trkpt lat="32.77201506770933" lon="-17.08274461186344">
        <ele>1528</ele>
      </trkpt>
      <trkpt lat="32.77201888231928" lon="-17.08265592218196">
        <ele>1529</ele>
      </trkpt>
      <trkpt lat="32.77209422086591" lon="-17.08230974632844">
        <ele>1533</ele>
      </trkpt>
      <trkpt lat="32.77211234026321" lon="-17.08203795536907">
        <ele>1535</ele>
      </trkpt>
      <trkpt lat="32.77208182338355" lon="-17.08168128933817">
        <ele>1537</ele>
      </trkpt>
      <trkpt lat="32.77202078962426" lon="-17.08143906160596">
        <ele>1539</ele>
      </trkpt>
      <trkpt lat="32.77176139614724" lon="-17.08073621972154">
        <ele>1542</ele>
      </trkpt>
      <trkpt lat="32.77149818806026" lon="-17.08003719244708">
        <ele>1547</ele>
      </trkpt>
      <trkpt lat="32.77147911501049" lon="-17.08">
        <ele>1547</ele>
      </trkpt>
      <trkpt lat="32.77147911501049" lon="-17.07999999999999">
        <ele>1547</ele>
      </trkpt>
      <trkpt lat="32.7711825290864" lon="-17.0794430669464">
        <ele>1552</ele>
      </trkpt>
      <trkpt lat="32.77105473965287" lon="-17.07923898531374">
        <ele>1553</ele>
      </trkpt>
      <trkpt lat="32.77078390234598" lon="-17.07890806790005">
        <ele>1553</ele>
      </trkpt>
      <trkpt lat="32.77052832347892" lon="-17.07865058172801">
        <ele>1552</ele>
      </trkpt>
      <trkpt lat="32.77030040053404" lon="-17.07838737364104">
        <ele>1550</ele>
      </trkpt>
      <trkpt lat="32.77022792294488" lon="-17.07832633988174">
        <ele>1549</ele>
      </trkpt>
      <trkpt lat="32.7701649818806" lon="-17.07828819378218">
        <ele>1548</ele>
      </trkpt>
      <trkpt lat="32.7701649818806" lon="-17.07828819378218">
        <ele>1548</ele>
      </trkpt>
      <trkpt lat="32.77107953461758" lon="-17.07763017356475">
        <ele>1567</ele>
      </trkpt>
      <trkpt lat="32.7711300781995" lon="-17.07752241083348">
        <ele>1569</ele>
      </trkpt>
      <trkpt lat="32.77112721724203" lon="-17.07737650200266">
        <ele>1572</ele>
      </trkpt>
      <trkpt lat="32.77080011443829" lon="-17.0764600419607">
        <ele>1584</ele>
      </trkpt>
      <trkpt lat="32.77080011443829" lon="-17.0764600419607">
        <ele>1584</ele>
      </trkpt>
      <trkpt lat="32.77065134465001" lon="-17.07637039862673">
        <ele>1583</ele>
      </trkpt>
      <trkpt lat="32.77027655922181" lon="-17.07601277894335">
        <ele>1582</ele>
      </trkpt>
      <trkpt lat="32.77008296776654" lon="-17.07578962426091">
        <ele>1583</ele>
      </trkpt>
      <trkpt lat="32.76998474156017" lon="-17.07559603280564">
        <ele>1583</ele>
      </trkpt>
      <trkpt lat="32.76989032996376" lon="-17.0753728781232">
        <ele>1583</ele>
      </trkpt>
      <trkpt lat="32.76985599847415" lon="-17.07522220102994">
        <ele>1583</ele>
      </trkpt>
      <trkpt lat="32.76984360099179" lon="-17.07507819950409">
        <ele>1584</ele>
      </trkpt>
      <trkpt lat="32.76987602517642" lon="-17.07482929620446">
        <ele>1584</ele>
      </trkpt>
      <trkpt lat="32.76995994659546" lon="-17.07454606141521">
        <ele>1585</ele>
      </trkpt>
      <trkpt lat="32.76995994659546" lon="-17.07454606141521">
        <ele>1585</ele>
      </trkpt>
      <trkpt lat="32.7701563990082" lon="-17.074042532901">
        <ele>1581</ele>
      </trkpt>
      <trkpt lat="32.77028704939919" lon="-17.07352469959946">
        <ele>1578</ele>
      </trkpt>
      <trkpt lat="32.77032042723631" lon="-17.07316326530611">
        <ele>1575</ele>
      </trkpt>
      <trkpt lat="32.7703127980164" lon="-17.07297825672324">
        <ele>1573</ele>
      </trkpt>
      <trkpt lat="32.77035761968338" lon="-17.07261110051497">
        <ele>1569</ele>
      </trkpt>
      <trkpt lat="32.77030707610147" lon="-17.07241750905969">
        <ele>1568</ele>
      </trkpt>
      <trkpt lat="32.77030707610147" lon="-17.07241750905969">
        <ele>1568</ele>
      </trkpt>
      <trkpt lat="32.77020122067518" lon="-17.07234121686057">
        <ele>1570</ele>
      </trkpt>
      <trkpt lat="32.76995327102804" lon="-17.07197406065229">
        <ele>1573</ele>
      </trkpt>
      <trkpt lat="32.76985885943162" lon="-17.07186439061605">
        <ele>1573</ele>
      </trkpt>
      <trkpt lat="32.76961567804692" lon="-17.07133225252717">
        <ele>1577</ele>
      </trkpt>
      <trkpt lat="32.76954987602517" lon="-17.0712340263208">
        <ele>1578</ele>
      </trkpt>
      <trkpt lat="32.769477398436" lon="-17.07115964142666">
        <ele>1579</ele>
      </trkpt>
      <trkpt lat="32.76940492084684" lon="-17.07108430288002">
        <ele>1580</ele>
      </trkpt>
      <trkpt lat="32.76925615105855" lon="-17.07082681670799">
        <ele>1581</ele>
      </trkpt>
      <trkpt lat="32.76921895861148" lon="-17.07073908067899">
        <ele>1581</ele>
      </trkpt>
      <trkpt lat="32.76918176616441" lon="-17.07065039099751">
        <ele>1580</ele>
      </trkpt>
      <trkpt lat="32.76912836162502" lon="-17.07058268167079">
        <ele>1581</ele>
      </trkpt>
      <trkpt lat="32.76907591073812" lon="-17.07051401869158">
        <ele>1581</ele>
      </trkpt>
      <trkpt lat="32.76900534045394" lon="-17.07045107762731">
        <ele>1582</ele>
      </trkpt>
      <trkpt lat="32.76893477016974" lon="-17.07038718291054">
        <ele>1583</ele>
      </trkpt>
      <trkpt lat="32.76855807743658" lon="-17.06998664886515">
        <ele>1590</ele>
      </trkpt>
      <trkpt lat="32.7682691207324" lon="-17.06976063322525">
        <ele>1587</ele>
      </trkpt>
      <trkpt lat="32.76796395193591" lon="-17.06965859240892">
        <ele>1587</ele>
      </trkpt>
      <trkpt lat="32.76789338165172" lon="-17.06960137325958">
        <ele>1586</ele>
      </trkpt>
      <trkpt lat="32.76773316803357" lon="-17.06932672134274">
        <ele>1585</ele>
      </trkpt>
      <trkpt lat="32.76764447835208" lon="-17.06921037573908">
        <ele>1586</ele>
      </trkpt>
      <trkpt lat="32.76755578867061" lon="-17.06909403013541">
        <ele>1586</ele>
      </trkpt>
      <trkpt lat="32.76744421132939" lon="-17.06899294297158">
        <ele>1586</ele>
      </trkpt>
      <trkpt lat="32.7673393095556" lon="-17.06893572382223">
        <ele>1585</ele>
      </trkpt>
      <trkpt lat="32.76723536143429" lon="-17.06890234598512">
        <ele>1584</ele>
      </trkpt>
      <trkpt lat="32.76713236696548" lon="-17.068868968148">
        <ele>1583</ele>
      </trkpt>
      <trkpt lat="32.76708086973107" lon="-17.06879744421132">
        <ele>1583</ele>
      </trkpt>
      <trkpt lat="32.76703700171657" lon="-17.06853995803928">
        <ele>1581</ele>
      </trkpt>
      <trkpt lat="32.7669826435247" lon="-17.06846938775509">
        <ele>1581</ele>
      </trkpt>
      <trkpt lat="32.76693305359527" lon="-17.06846366584016">
        <ele>1581</ele>
      </trkpt>
      <trkpt lat="32.76688060270837" lon="-17.06850658020217">
        <ele>1582</ele>
      </trkpt>
      <trkpt lat="32.76682338355903" lon="-17.06858477970627">
        <ele>1583</ele>
      </trkpt>
      <trkpt lat="32.76676711806218" lon="-17.06866202555788">
        <ele>1583</ele>
      </trkpt>
      <trkpt lat="32.76669559412549" lon="-17.06866774747282">
        <ele>1583</ele>
      </trkpt>
      <trkpt lat="32.76665363341598" lon="-17.06860385275605">
        <ele>1583</ele>
      </trkpt>
      <trkpt lat="32.76664791150105" lon="-17.06852374594697">
        <ele>1584</ele>
      </trkpt>
      <trkpt lat="32.7666870112531" lon="-17.06843696357047">
        <ele>1584</ele>
      </trkpt>
      <trkpt lat="32.76675853518977" lon="-17.06831584970436">
        <ele>1583</ele>
      </trkpt>
      <trkpt lat="32.76668415029563" lon="-17.06828342551973">
        <ele>1583</ele>
      </trkpt>
      <trkpt lat="32.76659164600419" lon="-17.06831584970436">
        <ele>1583</ele>
      </trkpt>
      <trkpt lat="32.76652393667747" lon="-17.06832443257676">
        <ele>1583</ele>
      </trkpt>
      <trkpt lat="32.76658878504672" lon="-17.06826339881746">
        <ele>1583</ele>
      </trkpt>
      <trkpt lat="32.76663265306122" lon="-17.06816707991607">
        <ele>1582</ele>
      </trkpt>
      <trkpt lat="32.76666316994087" lon="-17.0680774365821">
        <ele>1582</ele>
      </trkpt>
      <trkpt lat="32.76662216288384" lon="-17.06800972725538">
        <ele>1581</ele>
      </trkpt>
      <trkpt lat="32.76652393667747" lon="-17.06798874690062">
        <ele>1580</ele>
      </trkpt>
      <trkpt lat="32.76646099561319" lon="-17.06792008392141">
        <ele>1580</ele>
      </trkpt>
      <trkpt lat="32.76639805454892" lon="-17.0678514209422">
        <ele>1579</ele>
      </trkpt>
      <trkpt lat="32.76633797444211" lon="-17.06776845317566">
        <ele>1578</ele>
      </trkpt>
      <trkpt lat="32.76627884798779" lon="-17.06768453175662">
        <ele>1578</ele>
      </trkpt>
      <trkpt lat="32.76597844745374" lon="-17.06739176044249">
        <ele>1576</ele>
      </trkpt>
      <trkpt lat="32.76567900057218" lon="-17.0669731069998">
        <ele>1576</ele>
      </trkpt>
      <trkpt lat="32.76564562273507" lon="-17.06690062941064">
        <ele>1576</ele>
      </trkpt>
      <trkpt lat="32.76561224489795" lon="-17.06682719816898">
        <ele>1576</ele>
      </trkpt>
      <trkpt lat="32.76555788670608" lon="-17.06674613770741">
        <ele>1576</ele>
      </trkpt>
      <trkpt lat="32.7655035285142" lon="-17.06666412359336">
        <ele>1575</ele>
      </trkpt>
      <trkpt lat="32.76548159450696" lon="-17.06657448025939">
        <ele>1574</ele>
      </trkpt>
      <trkpt lat="32.76545966049971" lon="-17.06648388327293">
        <ele>1572</ele>
      </trkpt>
      <trkpt lat="32.76541769979019" lon="-17.06637993515162">
        <ele>1571</ele>
      </trkpt>
      <trkpt lat="32.76537097081823" lon="-17.06631890139233">
        <ele>1571</ele>
      </trkpt>
      <trkpt lat="32.76532519549875" lon="-17.06625691398054">
        <ele>1571</ele>
      </trkpt>
      <trkpt lat="32.76529181766164" lon="-17.06617966812893">
        <ele>1571</ele>
      </trkpt>
      <trkpt lat="32.76530326149151" lon="-17.06606427617776">
        <ele>1569</ele>
      </trkpt>
      <trkpt lat="32.76531565897387" lon="-17.06594793057409">
        <ele>1568</ele>
      </trkpt>
      <trkpt lat="32.76530230783902" lon="-17.06589071142475">
        <ele>1567</ele>
      </trkpt>
      <trkpt lat="32.76523555216479" lon="-17.0657991607858">
        <ele>1569</ele>
      </trkpt>
      <trkpt lat="32.76496090024794" lon="-17.06552355521647">
        <ele>1580</ele>
      </trkpt>
      <trkpt lat="32.76490463475109" lon="-17.0654510776273">
        <ele>1580</ele>
      </trkpt>
      <trkpt lat="32.76484836925424" lon="-17.06537764638565">
        <ele>1581</ele>
      </trkpt>
      <trkpt lat="32.76477493801259" lon="-17.06530898340644">
        <ele>1582</ele>
      </trkpt>
      <trkpt lat="32.76470246042341" lon="-17.06524032042723">
        <ele>1582</ele>
      </trkpt>
      <trkpt lat="32.7644783520885" lon="-17.0647644478352">
        <ele>1582</ele>
      </trkpt>
      <trkpt lat="32.76438870875452" lon="-17.06440873545679">
        <ele>1580</ele>
      </trkpt>
      <trkpt lat="32.76435723822239" lon="-17.06433530421514">
        <ele>1581</ele>
      </trkpt>
      <trkpt lat="32.76408544726301" lon="-17.06386801449551">
        <ele>1581</ele>
      </trkpt>
      <trkpt lat="32.76385084875071" lon="-17.06355235552164">
        <ele>1579</ele>
      </trkpt>
      <trkpt lat="32.76362387945832" lon="-17.06320427236314">
        <ele>1578</ele>
      </trkpt>
      <trkpt lat="32.76354281899675" lon="-17.06314133129887">
        <ele>1579</ele>
      </trkpt>
      <trkpt lat="32.76343600991798" lon="-17.06309078771695">
        <ele>1581</ele>
      </trkpt>
      <trkpt lat="32.76334159832157" lon="-17.06306122448979">
        <ele>1583</ele>
      </trkpt>
      <trkpt lat="32.76323192828533" lon="-17.06305454892237">
        <ele>1583</ele>
      </trkpt>
      <trkpt lat="32.76312321190158" lon="-17.06304787335494">
        <ele>1583</ele>
      </trkpt>
      <trkpt lat="32.76312321190158" lon="-17.06304787335494">
        <ele>1583</ele>
      </trkpt>
      <trkpt lat="32.76302689300019" lon="-17.06297921037573">
        <ele>1582</ele>
      </trkpt>
      <trkpt lat="32.76294678619111" lon="-17.06288861338927">
        <ele>1581</ele>
      </trkpt>
      <trkpt lat="32.76286667938203" lon="-17.06279801640282">
        <ele>1580</ele>
      </trkpt>
      <trkpt lat="32.762782757963" lon="-17.06272267785618">
        <ele>1580</ele>
      </trkpt>
      <trkpt lat="32.76269883654396" lon="-17.06264638565706">
        <ele>1579</ele>
      </trkpt>
      <trkpt lat="32.76240511157734" lon="-17.06222105664695">
        <ele>1573</ele>
      </trkpt>
      <trkpt lat="32.76240129696738" lon="-17.06211043295822">
        <ele>1571</ele>
      </trkpt>
      <trkpt lat="32.76231451459088" lon="-17.06209040625595">
        <ele>1570</ele>
      </trkpt>
      <trkpt lat="32.76221914934197" lon="-17.06208849895097">
        <ele>1570</ele>
      </trkpt>
      <trkpt lat="32.76212473774556" lon="-17.06208563799351">
        <ele>1570</ele>
      </trkpt>
      <trkpt lat="32.76214190349037" lon="-17.06202269692923">
        <ele>1569</ele>
      </trkpt>
      <trkpt lat="32.76216002288766" lon="-17.06195880221247">
        <ele>1568</ele>
      </trkpt>
      <trkpt lat="32.76209803547587" lon="-17.06198931909212">
        <ele>1568</ele>
      </trkpt>
      <trkpt lat="32.76203604806408" lon="-17.06201983597176">
        <ele>1568</ele>
      </trkpt>
      <trkpt lat="32.76173755483502" lon="-17.06211520122067">
        <ele>1569</ele>
      </trkpt>
      <trkpt lat="32.76189586114819" lon="-17.06185771504863">
        <ele>1565</ele>
      </trkpt>
      <trkpt lat="32.76189586114819" lon="-17.06178905206942">
        <ele>1564</ele>
      </trkpt>
      <trkpt lat="32.76182624451649" lon="-17.06179191302689">
        <ele>1564</ele>
      </trkpt>
      <trkpt lat="32.76178046919702" lon="-17.06177188632462">
        <ele>1563</ele>
      </trkpt>
      <trkpt lat="32.76178905206942" lon="-17.0616860576006">
        <ele>1562</ele>
      </trkpt>
      <trkpt lat="32.76184245660881" lon="-17.06160213618157">
        <ele>1560</ele>
      </trkpt>
      <trkpt lat="32.76189586114819" lon="-17.06151726111004">
        <ele>1559</ele>
      </trkpt>
      <trkpt lat="32.76192733168033" lon="-17.06141903490368">
        <ele>1558</ele>
      </trkpt>
      <trkpt lat="32.76187964905588" lon="-17.06136276940682">
        <ele>1557</ele>
      </trkpt>
      <trkpt lat="32.76180431050925" lon="-17.06137135227922">
        <ele>1557</ele>
      </trkpt>
      <trkpt lat="32.7617299256151" lon="-17.06137898149914">
        <ele>1557</ele>
      </trkpt>
      <trkpt lat="32.76165267976349" lon="-17.06131031851993">
        <ele>1557</ele>
      </trkpt>
      <trkpt lat="32.76161644096891" lon="-17.06122735075338">
        <ele>1556</ele>
      </trkpt>
      <trkpt lat="32.76158020217432" lon="-17.06114342933434">
        <ele>1555</ele>
      </trkpt>
      <trkpt lat="32.76149341979782" lon="-17.06080202174327">
        <ele>1552</ele>
      </trkpt>
      <trkpt lat="32.76144096891093" lon="-17.06070284188441">
        <ele>1551</ele>
      </trkpt>
      <trkpt lat="32.76136276940682" lon="-17.06061796681289">
        <ele>1550</ele>
      </trkpt>
      <trkpt lat="32.76098989128361" lon="-17.06039481213045">
        <ele>1550</ele>
      </trkpt>
      <trkpt lat="32.76069235170704" lon="-17.06025271790959">
        <ele>1551</ele>
      </trkpt>
      <trkpt lat="32.76060461567804" lon="-17.06024794964714">
        <ele>1552</ele>
      </trkpt>
      <trkpt lat="32.76027179095937" lon="-17.06035094411596">
        <ele>1556</ele>
      </trkpt>
      <trkpt lat="32.76027179095937" lon="-17.06035094411596">
        <ele>1556</ele>
      </trkpt>
      <trkpt lat="32.76021838641999" lon="-17.06034331489604">
        <ele>1557</ele>
      </trkpt>
      <trkpt lat="32.76010871638375" lon="-17.060347129506">
        <ele>1558</ele>
      </trkpt>
      <trkpt lat="32.76" lon="-17.06034999046347">
        <ele>1559</ele>
      </trkpt>
      <trkpt lat="32.76" lon="-17.06034999046347">
        <ele>1559</ele>
      </trkpt>
      <trkpt lat="32.75953461758535" lon="-17.06029658592408">
        <ele>1559</ele>
      </trkpt>
      <trkpt lat="32.75942685485409" lon="-17.06025653251954">
        <ele>1558</ele>
      </trkpt>
      <trkpt lat="32.75920274651917" lon="-17.06012778943352">
        <ele>1557</ele>
      </trkpt>
      <trkpt lat="32.75903395002861" lon="-17.06006103375929">
        <ele>1557</ele>
      </trkpt>
      <trkpt lat="32.75893858477971" lon="-17.06003719244707">
        <ele>1557</ele>
      </trkpt>
      <trkpt lat="32.75870970818234" lon="-17.06002670226968">
        <ele>1557</ele>
      </trkpt>
      <trkpt lat="32.75862006484837" lon="-17.05999999999999">
        <ele>1557</ele>
      </trkpt>
      <trkpt lat="32.75862006484837" lon="-17.05999999999998">
        <ele>1557</ele>
      </trkpt>
      <trkpt lat="32.75835876406637" lon="-17.05991893953842">
        <ele>1557</ele>
      </trkpt>
      <trkpt lat="32.75830249856952" lon="-17.05986934960898">
        <ele>1557</ele>
      </trkpt>
      <trkpt lat="32.75824527942018" lon="-17.05984646194925">
        <ele>1556</ele>
      </trkpt>
      <trkpt lat="32.75820141140569" lon="-17.05973488460803">
        <ele>1555</ele>
      </trkpt>
      <trkpt lat="32.75819187488079" lon="-17.05967003623878">
        <ele>1555</ele>
      </trkpt>
      <trkpt lat="32.75818329200839" lon="-17.05960518786952">
        <ele>1555</ele>
      </trkpt>
      <trkpt lat="32.7581480068663" lon="-17.0595460614152">
        <ele>1555</ele>
      </trkpt>
      <trkpt lat="32.75809460232691" lon="-17.05951363723058">
        <ele>1554</ele>
      </trkpt>
      <trkpt lat="32.75798683959565" lon="-17.05947739843599">
        <ele>1555</ele>
      </trkpt>
      <trkpt lat="32.75795250810604" lon="-17.05943734503145">
        <ele>1555</ele>
      </trkpt>
      <trkpt lat="32.75792389853137" lon="-17.0593639137898">
        <ele>1555</ele>
      </trkpt>
      <trkpt lat="32.75791231284541" lon="-17.05933315179603">
        <ele>1555</ele>
      </trkpt>
      <trkpt lat="32.75791231283268" lon="-17.05933315178147">
        <ele>1555</ele>
      </trkpt>
      <trkpt lat="32.75791531565898" lon="-17.05933339691015">
        <ele>1555</ele>
      </trkpt>
      <trkpt lat="32.75791531565898" lon="-17.05933339691015">
        <ele>1555</ele>
      </trkpt>
      <trkpt lat="32.75810127789433" lon="-17.05933148960517">
        <ele>1554</ele>
      </trkpt>
      <trkpt lat="32.7584522220103" lon="-17.05917699790195">
        <ele>1551</ele>
      </trkpt>
      <trkpt lat="32.75853614342933" lon="-17.05917985885942">
        <ele>1551</ele>
      </trkpt>
      <trkpt lat="32.7585828724013" lon="-17.05911977875261">
        <ele>1550</ele>
      </trkpt>
      <trkpt lat="32.75874213236697" lon="-17.0590244135037">
        <ele>1549</ele>
      </trkpt>
      <trkpt lat="32.75894335304215" lon="-17.05893572382222">
        <ele>1547</ele>
      </trkpt>
      <trkpt lat="32.75942304024414" lon="-17.05882128552354">
        <ele>1540</ele>
      </trkpt>
      <trkpt lat="32.75959279038718" lon="-17.05876311272171">
        <ele>1536</ele>
      </trkpt>
      <trkpt lat="32.759869349609" lon="-17.05873068853708">
        <ele>1531</ele>
      </trkpt>
      <trkpt lat="32.75993801258821" lon="-17.05870970818232">
        <ele>1530</ele>
      </trkpt>
      <trkpt lat="32.76" lon="-17.0586763303452">
        <ele>1528</ele>
      </trkpt>
      <trkpt lat="32.76" lon="-17.0586763303452">
        <ele>1528</ele>
      </trkpt>
      <trkpt lat="32.76011729925614" lon="-17.05861148197595">
        <ele>1522</ele>
      </trkpt>
      <trkpt lat="32.76018310127789" lon="-17.05860957467097">
        <ele>1520</ele>
      </trkpt>
      <trkpt lat="32.76018310127789" lon="-17.05860957467097">
        <ele>1520</ele>
      </trkpt>
      <trkpt lat="32.7602775128743" lon="-17.05864104520311">
        <ele>1517</ele>
      </trkpt>
      <trkpt lat="32.76037287812321" lon="-17.05867251573525">
        <ele>1515</ele>
      </trkpt>
      <trkpt lat="32.76042246805264" lon="-17.05867442304023">
        <ele>1514</ele>
      </trkpt>
      <trkpt lat="32.76044821666984" lon="-17.05866202555787">
        <ele>1512</ele>
      </trkpt>
      <trkpt lat="32.76045775319473" lon="-17.05863723059316">
        <ele>1511</ele>
      </trkpt>
      <trkpt lat="32.76041579248521" lon="-17.05860385275604">
        <ele>1511</ele>
      </trkpt>
      <trkpt lat="32.76034617585351" lon="-17.05851420942207">
        <ele>1511</ele>
      </trkpt>
      <trkpt lat="32.7602775128743" lon="-17.05842361243561">
        <ele>1511</ele>
      </trkpt>
      <trkpt lat="32.76024032042723" lon="-17.05831108144191">
        <ele>1509</ele>
      </trkpt>
      <trkpt lat="32.76020312798016" lon="-17.0581985504482">
        <ele>1510</ele>
      </trkpt>
      <trkpt lat="32.760173564753" lon="-17.05813465573144">
        <ele>1511</ele>
      </trkpt>
      <trkpt lat="32.76014495517833" lon="-17.05807076101467">
        <ele>1511</ele>
      </trkpt>
      <trkpt lat="32.76016879649055" lon="-17.05800114438297">
        <ele>1509</ele>
      </trkpt>
      <trkpt lat="32.76022410833492" lon="-17.05802593934768">
        <ele>1507</ele>
      </trkpt>
      <trkpt lat="32.76025843982453" lon="-17.0579639519359">
        <ele>1504</ele>
      </trkpt>
      <trkpt lat="32.76029277131413" lon="-17.05790101087162">
        <ele>1502</ele>
      </trkpt>
      <trkpt lat="32.76041293152775" lon="-17.05788670608429">
        <ele>1495</ele>
      </trkpt>
      <trkpt lat="32.76041293152775" lon="-17.05788670608429">
        <ele>1495</ele>
      </trkpt>
      <trkpt lat="32.76072191493419" lon="-17.05820045775318">
        <ele>1484</ele>
      </trkpt>
      <trkpt lat="32.76085924089261" lon="-17.05849513637229">
        <ele>1488</ele>
      </trkpt>
      <trkpt lat="32.76143143238603" lon="-17.05916173946212">
        <ele>1493</ele>
      </trkpt>
      <trkpt lat="32.76149818806027" lon="-17.0591893953843">
        <ele>1491</ele>
      </trkpt>
      <trkpt lat="32.76156589738699" lon="-17.05921705130649">
        <ele>1489</ele>
      </trkpt>
      <trkpt lat="32.76165077245851" lon="-17.05921228304404">
        <ele>1484</ele>
      </trkpt>
      <trkpt lat="32.76175376692733" lon="-17.0591808125119">
        <ele>1479</ele>
      </trkpt>
      <trkpt lat="32.76185866870112" lon="-17.0592075147816">
        <ele>1478</ele>
      </trkpt>
      <trkpt lat="32.76196452412741" lon="-17.05923421705129">
        <ele>1476</ele>
      </trkpt>
      <trkpt lat="32.76221533473202" lon="-17.05910356666029">
        <ele>1459</ele>
      </trkpt>
      <trkpt lat="32.76232214381079" lon="-17.05900534045392">
        <ele>1448</ele>
      </trkpt>
      <trkpt lat="32.76236887278275" lon="-17.05901296967383">
        <ele>1447</ele>
      </trkpt>
      <trkpt lat="32.76239557505244" lon="-17.05906732786571">
        <ele>1451</ele>
      </trkpt>
      <trkpt lat="32.76240415792485" lon="-17.05913217623496">
        <ele>1456</ele>
      </trkpt>
      <trkpt lat="32.76238794583254" lon="-17.05922086591644">
        <ele>1463</ele>
      </trkpt>
      <trkpt lat="32.76236410452031" lon="-17.05930669464045">
        <ele>1470</ele>
      </trkpt>
      <trkpt lat="32.76235933625787" lon="-17.05939538432193">
        <ele>1476</ele>
      </trkpt>
      <trkpt lat="32.76242799923708" lon="-17.05950505435818">
        <ele>1482</ele>
      </trkpt>
      <trkpt lat="32.76245851611672" lon="-17.05956418081249">
        <ele>1486</ele>
      </trkpt>
      <trkpt lat="32.76247091359908" lon="-17.05960232691206">
        <ele>1488</ele>
      </trkpt>
      <trkpt lat="32.76253671562083" lon="-17.05964524127406">
        <ele>1489</ele>
      </trkpt>
      <trkpt lat="32.76261586877742" lon="-17.05967098989127">
        <ele>1488</ele>
      </trkpt>
      <trkpt lat="32.76261586877742" lon="-17.05967098989127">
        <ele>1488</ele>
      </trkpt>
      <trkpt lat="32.76264161739461" lon="-17.05968720198358">
        <ele>1488</ele>
      </trkpt>
      <trkpt lat="32.76264161739461" lon="-17.05968720198358">
        <ele>1488</ele>
      </trkpt>
      <trkpt lat="32.7626692733168" lon="-17.05970246042341">
        <ele>1488</ele>
      </trkpt>
      <trkpt lat="32.76272363150868" lon="-17.05970818233834">
        <ele>1487</ele>
      </trkpt>
      <trkpt lat="32.76278943353041" lon="-17.05970627503336">
        <ele>1484</ele>
      </trkpt>
      <trkpt lat="32.76285618920465" lon="-17.05970436772838">
        <ele>1482</ele>
      </trkpt>
      <trkpt lat="32.76291436200648" lon="-17.05965763875642">
        <ele>1475</ele>
      </trkpt>
      <trkpt lat="32.76297825672324" lon="-17.05961949265686">
        <ele>1469</ele>
      </trkpt>
      <trkpt lat="32.7630431050925" lon="-17.0595813465573">
        <ele>1462</ele>
      </trkpt>
      <trkpt lat="32.76311462902918" lon="-17.05959088308219">
        <ele>1460</ele>
      </trkpt>
      <trkpt lat="32.76318710661835" lon="-17.05959946595459">
        <ele>1458</ele>
      </trkpt>
      <trkpt lat="32.76376120541674" lon="-17.05944878886132">
        <ele>1430</ele>
      </trkpt>
      <trkpt lat="32.76400534045393" lon="-17.05931909212281">
        <ele>1421</ele>
      </trkpt>
      <trkpt lat="32.76406637421324" lon="-17.05926187297347">
        <ele>1418</ele>
      </trkpt>
      <trkpt lat="32.76415792485218" lon="-17.05926091932098">
        <ele>1419</ele>
      </trkpt>
      <trkpt lat="32.76415792485218" lon="-17.05926091932098">
        <ele>1419</ele>
      </trkpt>
      <trkpt lat="32.76416746137707" lon="-17.05897386992178">
        <ele>1399</ele>
      </trkpt>
      <trkpt lat="32.76429048254816" lon="-17.05891951172991">
        <ele>1395</ele>
      </trkpt>
      <trkpt lat="32.76453461758535" lon="-17.05887373641043">
        <ele>1393</ele>
      </trkpt>
      <trkpt lat="32.76470246042341" lon="-17.05887373641043">
        <ele>1394</ele>
      </trkpt>
      <trkpt lat="32.7648168987221" lon="-17.05904634751095">
        <ele>1400</ele>
      </trkpt>
      <trkpt lat="32.76500095365248" lon="-17.05911882510012">
        <ele>1400</ele>
      </trkpt>
      <trkpt lat="32.76512302117108" lon="-17.05923707800876">
        <ele>1392</ele>
      </trkpt>
      <trkpt lat="32.76534426854854" lon="-17.05921895861146">
        <ele>1375</ele>
      </trkpt>
      <trkpt lat="32.76555788670608" lon="-17.05904634751095">
        <ele>1356</ele>
      </trkpt>
      <trkpt lat="32.76561129124546" lon="-17.05883749761585">
        <ele>1348</ele>
      </trkpt>
      <trkpt lat="32.76581823383559" lon="-17.05882891474345">
        <ele>1331</ele>
      </trkpt>
      <trkpt lat="32.76612340263208" lon="-17.05878313942398">
        <ele>1317</ele>
      </trkpt>
      <trkpt lat="32.76627598703032" lon="-17.05871066183481">
        <ele>1311</ele>
      </trkpt>
      <trkpt lat="32.76668128933816" lon="-17.05848369254242">
        <ele>1295</ele>
      </trkpt>
      <trkpt lat="32.76681861529658" lon="-17.05848369254242">
        <ele>1290</ele>
      </trkpt>
      <trkpt lat="32.76702460423422" lon="-17.05859240892617">
        <ele>1282</ele>
      </trkpt>
      <trkpt lat="32.7671123402632" lon="-17.05856093839403">
        <ele>1279</ele>
      </trkpt>
      <trkpt lat="32.76725443448407" lon="-17.05852851420941">
        <ele>1274</ele>
      </trkpt>
      <trkpt lat="32.76741464810222" lon="-17.05859240892617">
        <ele>1268</ele>
      </trkpt>
      <trkpt lat="32.76741464810222" lon="-17.05859240892617">
        <ele>1268</ele>
      </trkpt>
      <trkpt lat="32.76745374785428" lon="-17.05852756055691">
        <ele>1267</ele>
      </trkpt>
      <trkpt lat="32.76749284760633" lon="-17.05846175853517">
        <ele>1266</ele>
      </trkpt>
      <trkpt lat="32.76753290101087" lon="-17.05835399580391">
        <ele>1265</ele>
      </trkpt>
      <trkpt lat="32.76761205416746" lon="-17.05827293534234">
        <ele>1261</ele>
      </trkpt>
      <trkpt lat="32.76771123402632" lon="-17.05824718672514">
        <ele>1258</ele>
      </trkpt>
      <trkpt lat="32.76779229448788" lon="-17.05817470913597">
        <ele>1253</ele>
      </trkpt>
      <trkpt lat="32.76785046728972" lon="-17.05809269502192">
        <ele>1250</ele>
      </trkpt>
      <trkpt lat="32.76795823002097" lon="-17.05807934388707">
        <ele>1247</ele>
      </trkpt>
      <trkpt lat="32.76803642952508" lon="-17.05800591264542">
        <ele>1244</ele>
      </trkpt>
      <trkpt lat="32.76809364867442" lon="-17.05792103757389">
        <ele>1241</ele>
      </trkpt>
      <trkpt lat="32.76820617966813" lon="-17.05782376502001">
        <ele>1237</ele>
      </trkpt>
      <trkpt lat="32.76831966431432" lon="-17.05772553881364">
        <ele>1234</ele>
      </trkpt>
      <trkpt lat="32.76838355903109" lon="-17.05761968338736">
        <ele>1232</ele>
      </trkpt>
      <trkpt lat="32.7684169368682" lon="-17.05750047682623">
        <ele>1230</ele>
      </trkpt>
      <trkpt lat="32.76849990463474" lon="-17.05744325767689">
        <ele>1226</ele>
      </trkpt>
      <trkpt lat="32.76859431623116" lon="-17.05742799923706">
        <ele>1223</ele>
      </trkpt>
      <trkpt lat="32.76867156208277" lon="-17.05737078008772">
        <ele>1220</ele>
      </trkpt>
      <trkpt lat="32.76874976158688" lon="-17.05731260728589">
        <ele>1218</ele>
      </trkpt>
      <trkpt lat="32.76885275605569" lon="-17.05727446118633">
        <ele>1215</ele>
      </trkpt>
      <trkpt lat="32.76892904825481" lon="-17.05722296395192">
        <ele>1213</ele>
      </trkpt>
      <trkpt lat="32.76900534045394" lon="-17.05717146671751">
        <ele>1211</ele>
      </trkpt>
      <trkpt lat="32.76908258630554" lon="-17.05715430097271">
        <ele>1210</ele>
      </trkpt>
      <trkpt lat="32.76908258630554" lon="-17.05715430097271">
        <ele>1210</ele>
      </trkpt>
      <trkpt lat="32.76919225634178" lon="-17.05706656494372">
        <ele>1208</ele>
      </trkpt>
      <trkpt lat="32.76952317375548" lon="-17.05689967575814">
        <ele>1200</ele>
      </trkpt>
      <trkpt lat="32.76958802212474" lon="-17.05682147625404">
        <ele>1199</ele>
      </trkpt>
      <trkpt lat="32.76958802212474" lon="-17.05682147625404">
        <ele>1199</ele>
      </trkpt>
      <trkpt lat="32.76961281708945" lon="-17.05675662788478">
        <ele>1198</ele>
      </trkpt>
      <trkpt lat="32.76964524127408" lon="-17.05640568376882">
        <ele>1191</ele>
      </trkpt>
      <trkpt lat="32.76964524127408" lon="-17.05640568376882">
        <ele>1191</ele>
      </trkpt>
      <trkpt lat="32.769608048827" lon="-17.05612817089451">
        <ele>1186</ele>
      </trkpt>
      <trkpt lat="32.76960137325958" lon="-17.05584970436771">
        <ele>1181</ele>
      </trkpt>
      <trkpt lat="32.76963570474918" lon="-17.05581060461566">
        <ele>1179</ele>
      </trkpt>
      <trkpt lat="32.76963570474918" lon="-17.05581060461566">
        <ele>1179</ele>
      </trkpt>
      <trkpt lat="32.7696252145718" lon="-17.05570665649435">
        <ele>1174</ele>
      </trkpt>
      <trkpt lat="32.76964142666412" lon="-17.05560652298301">
        <ele>1169</ele>
      </trkpt>
      <trkpt lat="32.76965763875643" lon="-17.05550543581917">
        <ele>1164</ele>
      </trkpt>
      <trkpt lat="32.76963093648674" lon="-17.05545298493227">
        <ele>1162</ele>
      </trkpt>
      <trkpt lat="32.76951840549303" lon="-17.05538909021551">
        <ele>1160</ele>
      </trkpt>
      <trkpt lat="32.76941064276178" lon="-17.05535857333586">
        <ele>1160</ele>
      </trkpt>
      <trkpt lat="32.7693305359527" lon="-17.05537192447071">
        <ele>1161</ele>
      </trkpt>
      <trkpt lat="32.7692170513065" lon="-17.05541197787525">
        <ele>1164</ele>
      </trkpt>
      <trkpt lat="32.76913503719244" lon="-17.05544440205987">
        <ele>1165</ele>
      </trkpt>
      <trkpt lat="32.76905397673087" lon="-17.05547587259201">
        <ele>1162</ele>
      </trkpt>
      <trkpt lat="32.76898722105664" lon="-17.05554072096126">
        <ele>1162</ele>
      </trkpt>
      <trkpt lat="32.7689214190349" lon="-17.05560556933052">
        <ele>1163</ele>
      </trkpt>
      <trkpt lat="32.76874403967194" lon="-17.0559116917795">
        <ele>1172</ele>
      </trkpt>
      <trkpt lat="32.76847320236505" lon="-17.05606046156779">
        <ele>1170</ele>
      </trkpt>
      <trkpt lat="32.76841121495327" lon="-17.05609002479495">
        <ele>1170</ele>
      </trkpt>
      <trkpt lat="32.76835018119397" lon="-17.05611863436962">
        <ele>1170</ele>
      </trkpt>
      <trkpt lat="32.76824051115773" lon="-17.05614247568185">
        <ele>1170</ele>
      </trkpt>
      <trkpt lat="32.76813179477398" lon="-17.05616536334158">
        <ele>1170</ele>
      </trkpt>
      <trkpt lat="32.76801258821285" lon="-17.0562159069235">
        <ele>1172</ele>
      </trkpt>
      <trkpt lat="32.76789338165172" lon="-17.05626645050542">
        <ele>1174</ele>
      </trkpt>
      <trkpt lat="32.76778752622544" lon="-17.0563723059317">
        <ele>1180</ele>
      </trkpt>
      <trkpt lat="32.76771981689872" lon="-17.05647816135798">
        <ele>1186</ele>
      </trkpt>
      <trkpt lat="32.76765306122449" lon="-17.05658306313178">
        <ele>1193</ele>
      </trkpt>
      <trkpt lat="32.76755102040816" lon="-17.05668224299064">
        <ele>1198</ele>
      </trkpt>
      <trkpt lat="32.76744993324432" lon="-17.05678046919701">
        <ele>1204</ele>
      </trkpt>
      <trkpt lat="32.7673822239176" lon="-17.05674232309745">
        <ele>1204</ele>
      </trkpt>
      <trkpt lat="32.76710185008582" lon="-17.05670894526033">
        <ele>1208</ele>
      </trkpt>
      <trkpt lat="32.76710185008582" lon="-17.05670894526033">
        <ele>1208</ele>
      </trkpt>
      <trkpt lat="32.76703986267404" lon="-17.05669940873544">
        <ele>1209</ele>
      </trkpt>
      <trkpt lat="32.76697787526225" lon="-17.05668987221055">
        <ele>1210</ele>
      </trkpt>
      <trkpt lat="32.76697787526225" lon="-17.05668987221055">
        <ele>1210</ele>
      </trkpt>
      <trkpt lat="32.76690825863055" lon="-17.05668415029562">
        <ele>1211</ele>
      </trkpt>
      <trkpt lat="32.76683959565134" lon="-17.05667747472819">
        <ele>1212</ele>
      </trkpt>
      <trkpt lat="32.76675758153728" lon="-17.05663074575623">
        <ele>1212</ele>
      </trkpt>
      <trkpt lat="32.76666984550829" lon="-17.05656685103946">
        <ele>1210</ele>
      </trkpt>
      <trkpt lat="32.76665649437344" lon="-17.05653251954986">
        <ele>1209</ele>
      </trkpt>
      <trkpt lat="32.76665840167843" lon="-17.05650486362768">
        <ele>1208</ele>
      </trkpt>
      <trkpt lat="32.76674136944497" lon="-17.05646862483309">
        <ele>1204</ele>
      </trkpt>
      <trkpt lat="32.76677856189204" lon="-17.0564590883082">
        <ele>1202</ele>
      </trkpt>
      <trkpt lat="32.76678619111195" lon="-17.05644478352087">
        <ele>1201</ele>
      </trkpt>
      <trkpt lat="32.76678142284951" lon="-17.05642857142855">
        <ele>1201</ele>
      </trkpt>
      <trkpt lat="32.76672229639519" lon="-17.05641235933624">
        <ele>1202</ele>
      </trkpt>
      <trkpt lat="32.76663074575625" lon="-17.05616059507913">
        <ele>1192</ele>
      </trkpt>
      <trkpt lat="32.76663074575625" lon="-17.05616059507913">
        <ele>1192</ele>
      </trkpt>
      <trkpt lat="32.76651630745756" lon="-17.05614342933433">
        <ele>1195</ele>
      </trkpt>
      <trkpt lat="32.76652489032996" lon="-17.05610719053975">
        <ele>1193</ele>
      </trkpt>
      <trkpt lat="32.76654014876978" lon="-17.05609097844744">
        <ele>1192</ele>
      </trkpt>
      <trkpt lat="32.76654014876978" lon="-17.05609097844744">
        <ele>1192</ele>
      </trkpt>
      <trkpt lat="32.76660499713904" lon="-17.05602517642569">
        <ele>1187</ele>
      </trkpt>
      <trkpt lat="32.76661167270646" lon="-17.05595842075146">
        <ele>1183</ele>
      </trkpt>
      <trkpt lat="32.76660690444402" lon="-17.05589738699216">
        <ele>1180</ele>
      </trkpt>
      <trkpt lat="32.76660213618157" lon="-17.05583539958037">
        <ele>1178</ele>
      </trkpt>
      <trkpt lat="32.7665649437345" lon="-17.05571905397671">
        <ele>1176</ele>
      </trkpt>
      <trkpt lat="32.76652870493992" lon="-17.05560175472056">
        <ele>1174</ele>
      </trkpt>
      <trkpt lat="32.76652393667747" lon="-17.05550448216668">
        <ele>1172</ele>
      </trkpt>
      <trkpt lat="32.76647911501048" lon="-17.05542056074765">
        <ele>1171</ele>
      </trkpt>
      <trkpt lat="32.76643524699599" lon="-17.05533663932861">
        <ele>1171</ele>
      </trkpt>
      <trkpt lat="32.76639805454892" lon="-17.05531089071141">
        <ele>1171</ele>
      </trkpt>
      <trkpt lat="32.76637230593172" lon="-17.05524699599464">
        <ele>1170</ele>
      </trkpt>
      <trkpt lat="32.76634655731451" lon="-17.05518214762539">
        <ele>1169</ele>
      </trkpt>
      <trkpt lat="32.76628075529277" lon="-17.05511825290862">
        <ele>1169</ele>
      </trkpt>
      <trkpt lat="32.76625596032805" lon="-17.05510204081631">
        <ele>1169</ele>
      </trkpt>
      <trkpt lat="32.76624642380316" lon="-17.05507533854662">
        <ele>1169</ele>
      </trkpt>
      <trkpt lat="32.76625596032805" lon="-17.05505245088688">
        <ele>1168</ele>
      </trkpt>
      <trkpt lat="32.76628075529277" lon="-17.05503528514208">
        <ele>1167</ele>
      </trkpt>
      <trkpt lat="32.76639328628647" lon="-17.0549809269502">
        <ele>1163</ele>
      </trkpt>
      <trkpt lat="32.76641235933625" lon="-17.05492180049588">
        <ele>1160</ele>
      </trkpt>
      <trkpt lat="32.7664085447263" lon="-17.0548331108144">
        <ele>1158</ele>
      </trkpt>
      <trkpt lat="32.76642094220865" lon="-17.05475014304785">
        <ele>1155</ele>
      </trkpt>
      <trkpt lat="32.76647720770551" lon="-17.05462998283424">
        <ele>1151</ele>
      </trkpt>
      <trkpt lat="32.76645813465573" lon="-17.05457467098988">
        <ele>1150</ele>
      </trkpt>
      <trkpt lat="32.7664171275987" lon="-17.05451840549302">
        <ele>1148</ele>
      </trkpt>
      <trkpt lat="32.76637325958421" lon="-17.05449933244324">
        <ele>1147</ele>
      </trkpt>
      <trkpt lat="32.76630173564752" lon="-17.05448121304595">
        <ele>1146</ele>
      </trkpt>
      <trkpt lat="32.76619397291626" lon="-17.05437345031469">
        <ele>1141</ele>
      </trkpt>
      <trkpt lat="32.7661472439443" lon="-17.05434865534997">
        <ele>1139</ele>
      </trkpt>
      <trkpt lat="32.7660776273126" lon="-17.05435723822238">
        <ele>1139</ele>
      </trkpt>
      <trkpt lat="32.76600991798588" lon="-17.05437345031469">
        <ele>1139</ele>
      </trkpt>
      <trkpt lat="32.76597749380125" lon="-17.05441636467669">
        <ele>1141</ele>
      </trkpt>
      <trkpt lat="32.76597749380125" lon="-17.05445546442875">
        <ele>1143</ele>
      </trkpt>
      <trkpt lat="32.76599561319855" lon="-17.05452603471293">
        <ele>1147</ele>
      </trkpt>
      <trkpt lat="32.76597749380125" lon="-17.05455845889756">
        <ele>1149</ele>
      </trkpt>
      <trkpt lat="32.76588880411978" lon="-17.05461663169939">
        <ele>1152</ele>
      </trkpt>
      <trkpt lat="32.76577436582109" lon="-17.05464333396909">
        <ele>1150</ele>
      </trkpt>
      <trkpt lat="32.76574384894144" lon="-17.0547024604234">
        <ele>1152</ele>
      </trkpt>
      <trkpt lat="32.76574670989891" lon="-17.05476921609764">
        <ele>1156</ele>
      </trkpt>
      <trkpt lat="32.7657219149342" lon="-17.05478638184244">
        <ele>1156</ele>
      </trkpt>
      <trkpt lat="32.76564848369254" lon="-17.05477779897004">
        <ele>1151</ele>
      </trkpt>
      <trkpt lat="32.76563513255769" lon="-17.0547549113103">
        <ele>1149</ele>
      </trkpt>
      <trkpt lat="32.76559317184817" lon="-17.05470913599083">
        <ele>1143</ele>
      </trkpt>
      <trkpt lat="32.76557314514591" lon="-17.05470055311843">
        <ele>1141</ele>
      </trkpt>
      <trkpt lat="32.76554167461376" lon="-17.05470722868585">
        <ele>1140</ele>
      </trkpt>
      <trkpt lat="32.7654863627694" lon="-17.05477493801257">
        <ele>1141</ele>
      </trkpt>
      <trkpt lat="32.76544726301735" lon="-17.05485313751667">
        <ele>1143</ele>
      </trkpt>
      <trkpt lat="32.76542914362006" lon="-17.05494945641806">
        <ele>1148</ele>
      </trkpt>
      <trkpt lat="32.76542723631508" lon="-17.05507057028417">
        <ele>1155</ele>
      </trkpt>
      <trkpt lat="32.76543963379744" lon="-17.05517737936294">
        <ele>1162</ele>
      </trkpt>
      <trkpt lat="32.76537955369063" lon="-17.0552851420942">
        <ele>1165</ele>
      </trkpt>
      <trkpt lat="32.76531947358382" lon="-17.05539195117298">
        <ele>1169</ele>
      </trkpt>
      <trkpt lat="32.76526320808697" lon="-17.05547968720197">
        <ele>1173</ele>
      </trkpt>
      <trkpt lat="32.76522887659736" lon="-17.05551974060651">
        <ele>1174</ele>
      </trkpt>
      <trkpt lat="32.76520026702269" lon="-17.05562559603279">
        <ele>1181</ele>
      </trkpt>
      <trkpt lat="32.76517928666794" lon="-17.05564848369253">
        <ele>1182</ele>
      </trkpt>
      <trkpt lat="32.76515258439824" lon="-17.05565515925995">
        <ele>1182</ele>
      </trkpt>
      <trkpt lat="32.76509250429143" lon="-17.05562559603279">
        <ele>1178</ele>
      </trkpt>
      <trkpt lat="32.76502479496471" lon="-17.05554358191873">
        <ele>1170</ele>
      </trkpt>
      <trkpt lat="32.76500286095747" lon="-17.0555550257486">
        <ele>1170</ele>
      </trkpt>
      <trkpt lat="32.7649818806027" lon="-17.05557886706083">
        <ele>1172</ele>
      </trkpt>
      <trkpt lat="32.76489795918367" lon="-17.05563990082013">
        <ele>1176</ele>
      </trkpt>
      <trkpt lat="32.76485313751669" lon="-17.05566469578484">
        <ele>1178</ele>
      </trkpt>
      <trkpt lat="32.76475491131031" lon="-17.05563036429523">
        <ele>1174</ele>
      </trkpt>
      <trkpt lat="32.76468338737364" lon="-17.05552260156397">
        <ele>1166</ele>
      </trkpt>
      <trkpt lat="32.76459851230211" lon="-17.05541293152773">
        <ele>1157</ele>
      </trkpt>
      <trkpt lat="32.76455750524509" lon="-17.05534140759106">
        <ele>1152</ele>
      </trkpt>
      <trkpt lat="32.76451649818806" lon="-17.05526893000189">
        <ele>1147</ele>
      </trkpt>
      <trkpt lat="32.7644783520885" lon="-17.05524699599464">
        <ele>1146</ele>
      </trkpt>
      <trkpt lat="32.76442685485409" lon="-17.05520598893762">
        <ele>1143</ele>
      </trkpt>
      <trkpt lat="32.76437726492465" lon="-17.05518024032041">
        <ele>1142</ele>
      </trkpt>
      <trkpt lat="32.76433435056265" lon="-17.0551983597177">
        <ele>1143</ele>
      </trkpt>
      <trkpt lat="32.76425710471104" lon="-17.05524413503717">
        <ele>1146</ele>
      </trkpt>
      <trkpt lat="32.76418939538432" lon="-17.05527274461184">
        <ele>1148</ele>
      </trkpt>
      <trkpt lat="32.76411024222773" lon="-17.055390043868">
        <ele>1155</ele>
      </trkpt>
      <trkpt lat="32.76407209612817" lon="-17.05547205798205">
        <ele>1160</ele>
      </trkpt>
      <trkpt lat="32.76403490368109" lon="-17.05555311844362">
        <ele>1164</ele>
      </trkpt>
      <trkpt lat="32.76402250619874" lon="-17.05563703986266">
        <ele>1168</ele>
      </trkpt>
      <trkpt lat="32.7639910356666" lon="-17.05562654968528">
        <ele>1167</ele>
      </trkpt>
      <trkpt lat="32.76396147243944" lon="-17.05563990082013">
        <ele>1168</ele>
      </trkpt>
      <trkpt lat="32.76396337974442" lon="-17.05567232500475">
        <ele>1169</ele>
      </trkpt>
      <trkpt lat="32.76394049208468" lon="-17.05574289528894">
        <ele>1172</ele>
      </trkpt>
      <trkpt lat="32.76387182910547" lon="-17.05580202174326">
        <ele>1173</ele>
      </trkpt>
      <trkpt lat="32.76379362960137" lon="-17.05589834064465">
        <ele>1175</ele>
      </trkpt>
      <trkpt lat="32.76372973488461" lon="-17.05591646004194">
        <ele>1175</ele>
      </trkpt>
      <trkpt lat="32.76365534999046" lon="-17.05592313560937">
        <ele>1173</ele>
      </trkpt>
      <trkpt lat="32.76357715048636" lon="-17.05601182529085">
        <ele>1176</ele>
      </trkpt>
      <trkpt lat="32.76353232881937" lon="-17.05611291245468">
        <ele>1180</ele>
      </trkpt>
      <trkpt lat="32.76348369254244" lon="-17.05616727064656">
        <ele>1182</ele>
      </trkpt>
      <trkpt lat="32.76344936105283" lon="-17.05618348273887">
        <ele>1182</ele>
      </trkpt>
      <trkpt lat="32.76343600991798" lon="-17.05619778752621">
        <ele>1182</ele>
      </trkpt>
      <trkpt lat="32.76343600991798" lon="-17.05622639710088">
        <ele>1184</ele>
      </trkpt>
      <trkpt lat="32.76341502956323" lon="-17.05626168224297">
        <ele>1185</ele>
      </trkpt>
      <trkpt lat="32.76341502956323" lon="-17.05626168224297">
        <ele>1185</ele>
      </trkpt>
      <trkpt lat="32.76339214190349" lon="-17.05626549685293">
        <ele>1185</ele>
      </trkpt>
      <trkpt lat="32.76339214190349" lon="-17.05626549685293">
        <ele>1185</ele>
      </trkpt>
      <trkpt lat="32.76334827388899" lon="-17.056259774938">
        <ele>1184</ele>
      </trkpt>
      <trkpt lat="32.76327674995231" lon="-17.05622925805835">
        <ele>1184</ele>
      </trkpt>
      <trkpt lat="32.76320522601564" lon="-17.0561987411787">
        <ele>1186</ele>
      </trkpt>
      <trkpt lat="32.76313084112149" lon="-17.05614724394429">
        <ele>1187</ele>
      </trkpt>
      <trkpt lat="32.76305645622735" lon="-17.05609479305739">
        <ele>1189</ele>
      </trkpt>
      <trkpt lat="32.76298493229067" lon="-17.05602326912071">
        <ele>1190</ele>
      </trkpt>
      <trkpt lat="32.76292294487888" lon="-17.05601945451076">
        <ele>1194</ele>
      </trkpt>
      <trkpt lat="32.76286191111959" lon="-17.0560156399008">
        <ele>1197</ele>
      </trkpt>
      <trkpt lat="32.76280087736028" lon="-17.05600324241844">
        <ele>1200</ele>
      </trkpt>
      <trkpt lat="32.76273984360099" lon="-17.05599084493609">
        <ele>1203</ele>
      </trkpt>
      <trkpt lat="32.76267880984169" lon="-17.05593648674421">
        <ele>1206</ele>
      </trkpt>
      <trkpt lat="32.76259679572763" lon="-17.0559288575243">
        <ele>1211</ele>
      </trkpt>
      <trkpt lat="32.76259679572763" lon="-17.0559288575243">
        <ele>1211</ele>
      </trkpt>
      <trkpt lat="32.76257772267785" lon="-17.05587831394238">
        <ele>1211</ele>
      </trkpt>
      <trkpt lat="32.76257772267785" lon="-17.05587831394238">
        <ele>1211</ele>
      </trkpt>
      <trkpt lat="32.76258916650772" lon="-17.05586019454509">
        <ele>1210</ele>
      </trkpt>
      <trkpt lat="32.76260537860004" lon="-17.05580965096317">
        <ele>1209</ele>
      </trkpt>
      <trkpt lat="32.76259202746519" lon="-17.05577531947357">
        <ele>1211</ele>
      </trkpt>
      <trkpt lat="32.76260347129506" lon="-17.05573908067898">
        <ele>1210</ele>
      </trkpt>
      <trkpt lat="32.76262635895479" lon="-17.05571714667174">
        <ele>1209</ele>
      </trkpt>
      <trkpt lat="32.76272839977112" lon="-17.05566374213235">
        <ele>1203</ele>
      </trkpt>
      <trkpt lat="32.76277512874308" lon="-17.05560938394047">
        <ele>1200</ele>
      </trkpt>
      <trkpt lat="32.76281995041007" lon="-17.05553309174135">
        <ele>1198</ele>
      </trkpt>
      <trkpt lat="32.76284855998474" lon="-17.0554682433721">
        <ele>1197</ele>
      </trkpt>
      <trkpt lat="32.7628781232119" lon="-17.05540244135036">
        <ele>1195</ele>
      </trkpt>
      <trkpt lat="32.76290101087164" lon="-17.05528991035665">
        <ele>1195</ele>
      </trkpt>
      <trkpt lat="32.76290864009155" lon="-17.05519263780277">
        <ele>1195</ele>
      </trkpt>
      <trkpt lat="32.76291626931146" lon="-17.0550944115964">
        <ele>1196</ele>
      </trkpt>
      <trkpt lat="32.76294011062368" lon="-17.05499999999998">
        <ele>1195</ele>
      </trkpt>
      <trkpt lat="32.7629906542056" lon="-17.05492942971579">
        <ele>1192</ele>
      </trkpt>
      <trkpt lat="32.76304119778752" lon="-17.0548588594316">
        <ele>1189</ele>
      </trkpt>
      <trkpt lat="32.76308220484455" lon="-17.05477112340262">
        <ele>1187</ele>
      </trkpt>
      <trkpt lat="32.76310699980927" lon="-17.05466145336637">
        <ele>1186</ele>
      </trkpt>
      <trkpt lat="32.76310890711424" lon="-17.05455845889756">
        <ele>1186</ele>
      </trkpt>
      <trkpt lat="32.76308888041197" lon="-17.05445641808123">
        <ele>1188</ele>
      </trkpt>
      <trkpt lat="32.7630688537097" lon="-17.05435437726491">
        <ele>1191</ele>
      </trkpt>
      <trkpt lat="32.76299160785809" lon="-17.05429620446308">
        <ele>1196</ele>
      </trkpt>
      <trkpt lat="32.76295155445355" lon="-17.05421705130649">
        <ele>1199</ele>
      </trkpt>
      <trkpt lat="32.76297062750334" lon="-17.05416173946212">
        <ele>1199</ele>
      </trkpt>
      <trkpt lat="32.76324432576769" lon="-17.05409975205034">
        <ele>1182</ele>
      </trkpt>
      <trkpt lat="32.76324241846271" lon="-17.05401773793628">
        <ele>1184</ele>
      </trkpt>
      <trkpt lat="32.76332443257677" lon="-17.0539032996376">
        <ele>1182</ele>
      </trkpt>
      <trkpt lat="32.76331108144192" lon="-17.05383177570092">
        <ele>1185</ele>
      </trkpt>
      <trkpt lat="32.76331489605187" lon="-17.05377932481402">
        <ele>1186</ele>
      </trkpt>
      <trkpt lat="32.76336067137134" lon="-17.05367823765018">
        <ele>1185</ele>
      </trkpt>
      <trkpt lat="32.76338069807362" lon="-17.05361243562844">
        <ele>1186</ele>
      </trkpt>
      <trkpt lat="32.76340072477588" lon="-17.0535466336067">
        <ele>1186</ele>
      </trkpt>
      <trkpt lat="32.76340072477588" lon="-17.0535466336067">
        <ele>1186</ele>
      </trkpt>
      <trkpt lat="32.76344173183291" lon="-17.05344459279037">
        <ele>1186</ele>
      </trkpt>
      <trkpt lat="32.76347034140759" lon="-17.05335399580391">
        <ele>1186</ele>
      </trkpt>
      <trkpt lat="32.76347320236506" lon="-17.05327102803736">
        <ele>1187</ele>
      </trkpt>
      <trkpt lat="32.76347701697501" lon="-17.05318710661833">
        <ele>1188</ele>
      </trkpt>
      <trkpt lat="32.76349132176234" lon="-17.05313370207895">
        <ele>1188</ele>
      </trkpt>
      <trkpt lat="32.76351802403204" lon="-17.05307362197214">
        <ele>1186</ele>
      </trkpt>
      <trkpt lat="32.76351802403204" lon="-17.05307362197214">
        <ele>1186</ele>
      </trkpt>
      <trkpt lat="32.76356379935151" lon="-17.05297539576577">
        <ele>1184</ele>
      </trkpt>
      <trkpt lat="32.76356379935151" lon="-17.05297539576577">
        <ele>1184</ele>
      </trkpt>
      <trkpt lat="32.76365916460042" lon="-17.05271314133128">
        <ele>1178</ele>
      </trkpt>
      <trkpt lat="32.76375548350181" lon="-17.05240320427234">
        <ele>1170</ele>
      </trkpt>
      <trkpt lat="32.76383654396338" lon="-17.05236696547776">
        <ele>1164</ele>
      </trkpt>
      <trkpt lat="32.76387755102041" lon="-17.05229162693113">
        <ele>1161</ele>
      </trkpt>
      <trkpt lat="32.76396433339691" lon="-17.0522506198741">
        <ele>1155</ele>
      </trkpt>
      <trkpt lat="32.76396242609193" lon="-17.05223154682432">
        <ele>1155</ele>
      </trkpt>
      <trkpt lat="32.76386515353805" lon="-17.05222296395192">
        <ele>1162</ele>
      </trkpt>
      <trkpt lat="32.76385847797062" lon="-17.05219721533471">
        <ele>1162</ele>
      </trkpt>
      <trkpt lat="32.76392523364485" lon="-17.05207991607856">
        <ele>1159</ele>
      </trkpt>
      <trkpt lat="32.76399198931909" lon="-17.05196166316992">
        <ele>1157</ele>
      </trkpt>
      <trkpt lat="32.76402822811367" lon="-17.05187011253098">
        <ele>1156</ele>
      </trkpt>
      <trkpt lat="32.76403776463856" lon="-17.05182910547395">
        <ele>1156</ele>
      </trkpt>
      <trkpt lat="32.76400724775891" lon="-17.05179954224679">
        <ele>1158</ele>
      </trkpt>
      <trkpt lat="32.76397673087926" lon="-17.0517814228495">
        <ele>1159</ele>
      </trkpt>
      <trkpt lat="32.76396910165935" lon="-17.05174327674994">
        <ele>1160</ele>
      </trkpt>
      <trkpt lat="32.76397768453175" lon="-17.05167461377073">
        <ele>1160</ele>
      </trkpt>
      <trkpt lat="32.76403490368109" lon="-17.05160595079152">
        <ele>1159</ele>
      </trkpt>
      <trkpt lat="32.76405493038337" lon="-17.05156494373449">
        <ele>1158</ele>
      </trkpt>
      <trkpt lat="32.76403108907114" lon="-17.05150390997519">
        <ele>1159</ele>
      </trkpt>
      <trkpt lat="32.76395956513446" lon="-17.05141331298873">
        <ele>1158</ele>
      </trkpt>
      <trkpt lat="32.76395002860957" lon="-17.05133511348463">
        <ele>1157</ele>
      </trkpt>
      <trkpt lat="32.76395765782949" lon="-17.05122735075337">
        <ele>1156</ele>
      </trkpt>
      <trkpt lat="32.76396528704939" lon="-17.05111958802211">
        <ele>1156</ele>
      </trkpt>
      <trkpt lat="32.76395288956704" lon="-17.05102040816325">
        <ele>1154</ele>
      </trkpt>
      <trkpt lat="32.76395765782949" lon="-17.05094411596412">
        <ele>1154</ele>
      </trkpt>
      <trkpt lat="32.76396337974442" lon="-17.050867823765">
        <ele>1153</ele>
      </trkpt>
      <trkpt lat="32.76395670417699" lon="-17.0507982071333">
        <ele>1151</ele>
      </trkpt>
      <trkpt lat="32.76394239938966" lon="-17.05073717337401">
        <ele>1147</ele>
      </trkpt>
      <trkpt lat="32.76394239938966" lon="-17.05073717337401">
        <ele>1147</ele>
      </trkpt>
      <trkpt lat="32.76407877169559" lon="-17.05033568567612">
        <ele>1137</ele>
      </trkpt>
      <trkpt lat="32.76411501049017" lon="-17.05012206751858">
        <ele>1130</ele>
      </trkpt>
      <trkpt lat="32.76427617776082" lon="-17.04986648865152">
        <ele>1116</ele>
      </trkpt>
      <trkpt lat="32.76431909212283" lon="-17.04973106999807">
        <ele>1107</ele>
      </trkpt>
      <trkpt lat="32.76430955559793" lon="-17.04969673850847">
        <ele>1105</ele>
      </trkpt>
      <trkpt lat="32.76435056265496" lon="-17.0495813465573">
        <ele>1097</ele>
      </trkpt>
      <trkpt lat="32.76435056265496" lon="-17.0495813465573">
        <ele>1097</ele>
      </trkpt>
      <trkpt lat="32.76439538432195" lon="-17.04953938584778">
        <ele>1094</ele>
      </trkpt>
      <trkpt lat="32.76441541102422" lon="-17.0495117299256">
        <ele>1092</ele>
      </trkpt>
      <trkpt lat="32.76443162311653" lon="-17.0494592790387">
        <ele>1089</ele>
      </trkpt>
      <trkpt lat="32.76448216669845" lon="-17.04936009917984">
        <ele>1084</ele>
      </trkpt>
      <trkpt lat="32.76451363723059" lon="-17.04932481403775">
        <ele>1082</ele>
      </trkpt>
      <trkpt lat="32.76453080297539" lon="-17.04921037573907">
        <ele>1076</ele>
      </trkpt>
      <trkpt lat="32.76454510776273" lon="-17.04914552736981">
        <ele>1074</ele>
      </trkpt>
      <trkpt lat="32.76456036620255" lon="-17.04908067900055">
        <ele>1074</ele>
      </trkpt>
      <trkpt lat="32.76456894907496" lon="-17.04902155254624">
        <ele>1074</ele>
      </trkpt>
      <trkpt lat="32.76456608811748" lon="-17.0489814991417">
        <ele>1073</ele>
      </trkpt>
      <trkpt lat="32.7645823002098" lon="-17.04893381651724">
        <ele>1073</ele>
      </trkpt>
      <trkpt lat="32.76461377074194" lon="-17.04887469006292">
        <ele>1074</ele>
      </trkpt>
      <trkpt lat="32.7646261682243" lon="-17.04882128552354">
        <ele>1074</ele>
      </trkpt>
      <trkpt lat="32.7646261682243" lon="-17.04882128552354">
        <ele>1074</ele>
      </trkpt>
      <trkpt lat="32.76465382414648" lon="-17.04883845126834">
        <ele>1075</ele>
      </trkpt>
      <trkpt lat="32.76467003623879" lon="-17.0488336830059">
        <ele>1076</ele>
      </trkpt>
      <trkpt lat="32.76467480450123" lon="-17.04881842456607">
        <ele>1076</ele>
      </trkpt>
      <trkpt lat="32.76467289719626" lon="-17.04875739080677">
        <ele>1076</ele>
      </trkpt>
      <trkpt lat="32.76465859240892" lon="-17.04871543009726">
        <ele>1075</ele>
      </trkpt>
      <trkpt lat="32.76467385084874" lon="-17.04866965477778">
        <ele>1076</ele>
      </trkpt>
      <trkpt lat="32.76470055311844" lon="-17.04863532328818">
        <ele>1077</ele>
      </trkpt>
      <trkpt lat="32.76469959946595" lon="-17.04858191874879">
        <ele>1077</ele>
      </trkpt>
      <trkpt lat="32.76476254053023" lon="-17.04848464619491">
        <ele>1081</ele>
      </trkpt>
      <trkpt lat="32.76477112340262" lon="-17.04839691016592">
        <ele>1082</ele>
      </trkpt>
      <trkpt lat="32.76481117680716" lon="-17.04830822048444">
        <ele>1084</ele>
      </trkpt>
      <trkpt lat="32.7648607667366" lon="-17.0482853328247">
        <ele>1086</ele>
      </trkpt>
      <trkpt lat="32.76489319092122" lon="-17.04825767690252">
        <ele>1087</ele>
      </trkpt>
      <trkpt lat="32.76489414457372" lon="-17.04822811367536">
        <ele>1086</ele>
      </trkpt>
      <trkpt lat="32.76491893953843" lon="-17.0481546824337">
        <ele>1084</ele>
      </trkpt>
      <trkpt lat="32.76491512492847" lon="-17.04803929048253">
        <ele>1078</ele>
      </trkpt>
      <trkpt lat="32.76489319092122" lon="-17.0479639519359">
        <ele>1072</ele>
      </trkpt>
      <trkpt lat="32.76489414457372" lon="-17.04795823002096">
        <ele>1072</ele>
      </trkpt>
      <trkpt lat="32.76493515163074" lon="-17.04793057409878">
        <ele>1074</ele>
      </trkpt>
      <trkpt lat="32.76494468815563" lon="-17.04791054739651">
        <ele>1074</ele>
      </trkpt>
      <trkpt lat="32.76493705893572" lon="-17.04787907686437">
        <ele>1071</ele>
      </trkpt>
      <trkpt lat="32.76493991989319" lon="-17.04786000381459">
        <ele>1071</ele>
      </trkpt>
      <trkpt lat="32.76493324432576" lon="-17.04781327484263">
        <ele>1068</ele>
      </trkpt>
      <trkpt lat="32.7649561319855" lon="-17.04779420179285">
        <ele>1069</ele>
      </trkpt>
      <trkpt lat="32.76496376120541" lon="-17.04772553881364">
        <ele>1066</ele>
      </trkpt>
      <trkpt lat="32.76499427808506" lon="-17.04760919320998">
        <ele>1062</ele>
      </trkpt>
      <trkpt lat="32.76499427808506" lon="-17.04760919320998">
        <ele>1062</ele>
      </trkpt>
      <trkpt lat="32.76506294106427" lon="-17.04746233072667">
        <ele>1055</ele>
      </trkpt>
      <trkpt lat="32.76506294106427" lon="-17.04746233072667">
        <ele>1055</ele>
      </trkpt>
      <trkpt lat="32.7650781995041" lon="-17.04740892618728">
        <ele>1053</ele>
      </trkpt>
      <trkpt lat="32.76511729925615" lon="-17.04736505817278">
        <ele>1051</ele>
      </trkpt>
      <trkpt lat="32.76511443829868" lon="-17.04734407781802">
        <ele>1050</ele>
      </trkpt>
      <trkpt lat="32.76510204081632" lon="-17.04732119015829">
        <ele>1050</ele>
      </trkpt>
      <trkpt lat="32.76510299446881" lon="-17.04728495136371">
        <ele>1049</ele>
      </trkpt>
      <trkpt lat="32.76509155063894" lon="-17.04723250047681">
        <ele>1047</ele>
      </trkpt>
      <trkpt lat="32.76510108716383" lon="-17.04720102994467">
        <ele>1046</ele>
      </trkpt>
      <trkpt lat="32.7650867823765" lon="-17.04713236696546">
        <ele>1044</ele>
      </trkpt>
      <trkpt lat="32.76507343124165" lon="-17.04706370398625">
        <ele>1042</ele>
      </trkpt>
      <trkpt lat="32.76513255769597" lon="-17.04705988937629">
        <ele>1042</ele>
      </trkpt>
      <trkpt lat="32.76514018691589" lon="-17.04704844554643">
        <ele>1041</ele>
      </trkpt>
      <trkpt lat="32.76508487507152" lon="-17.04697882891473">
        <ele>1040</ele>
      </trkpt>
      <trkpt lat="32.76509059698645" lon="-17.0469464047301">
        <ele>1039</ele>
      </trkpt>
      <trkpt lat="32.76511443829868" lon="-17.04690444402058">
        <ele>1037</ele>
      </trkpt>
      <trkpt lat="32.76511825290864" lon="-17.04685485409115">
        <ele>1036</ele>
      </trkpt>
      <trkpt lat="32.76516021361815" lon="-17.04677379362958">
        <ele>1033</ele>
      </trkpt>
      <trkpt lat="32.76517165744802" lon="-17.04671371352277">
        <ele>1031</ele>
      </trkpt>
      <trkpt lat="32.76517451840549" lon="-17.04662025557885">
        <ele>1028</ele>
      </trkpt>
      <trkpt lat="32.76518882319282" lon="-17.04658210947929">
        <ele>1026</ele>
      </trkpt>
      <trkpt lat="32.76521171085256" lon="-17.04658306313178">
        <ele>1026</ele>
      </trkpt>
      <trkpt lat="32.76521552546252" lon="-17.04657829486933">
        <ele>1025</ele>
      </trkpt>
      <trkpt lat="32.76517737936295" lon="-17.0465554072096">
        <ele>1024</ele>
      </trkpt>
      <trkpt lat="32.76517165744802" lon="-17.04651821476252">
        <ele>1023</ele>
      </trkpt>
      <trkpt lat="32.76519168415029" lon="-17.0464772077055">
        <ele>1021</ele>
      </trkpt>
      <trkpt lat="32.76519168415029" lon="-17.04646194926567">
        <ele>1020</ele>
      </trkpt>
      <trkpt lat="32.76517451840549" lon="-17.04643524699598">
        <ele>1019</ele>
      </trkpt>
      <trkpt lat="32.76517833301545" lon="-17.04642571047109">
        <ele>1018</ele>
      </trkpt>
      <trkpt lat="32.76518691588785" lon="-17.0464247568186">
        <ele>1018</ele>
      </trkpt>
      <trkpt lat="32.76519454510776" lon="-17.04644001525842">
        <ele>1019</ele>
      </trkpt>
      <trkpt lat="32.76522315468243" lon="-17.04651916841501">
        <ele>1023</ele>
      </trkpt>
      <trkpt lat="32.76523364485981" lon="-17.04652584398244">
        <ele>1023</ele>
      </trkpt>
      <trkpt lat="32.76524413503719" lon="-17.0465201220675">
        <ele>1023</ele>
      </trkpt>
      <trkpt lat="32.76524699599466" lon="-17.04650390997519">
        <ele>1022</ele>
      </trkpt>
      <trkpt lat="32.76521838641998" lon="-17.04640377646384">
        <ele>1017</ele>
      </trkpt>
      <trkpt lat="32.76518405493038" lon="-17.04637612054166">
        <ele>1016</ele>
      </trkpt>
      <trkpt lat="32.76517070379553" lon="-17.04635132557694">
        <ele>1015</ele>
      </trkpt>
      <trkpt lat="32.76518405493038" lon="-17.04627312607284">
        <ele>1011</ele>
      </trkpt>
      <trkpt lat="32.76518405493038" lon="-17.04619206561127">
        <ele>1007</ele>
      </trkpt>
      <trkpt lat="32.76519835971771" lon="-17.04615964142665">
        <ele>1006</ele>
      </trkpt>
      <trkpt lat="32.76520217432767" lon="-17.0460938394049">
        <ele>1003</ele>
      </trkpt>
      <trkpt lat="32.76521838641998" lon="-17.04599084493609">
        <ele>999</ele>
      </trkpt>
      <trkpt lat="32.7652345985123" lon="-17.04588689681478">
        <ele>994</ele>
      </trkpt>
      <trkpt lat="32.76521266450505" lon="-17.04579629982833">
        <ele>989</ele>
      </trkpt>
      <trkpt lat="32.7651907304978" lon="-17.04570570284187">
        <ele>984</ele>
      </trkpt>
      <trkpt lat="32.76518786954033" lon="-17.04562941064275">
        <ele>980</ele>
      </trkpt>
      <trkpt lat="32.76518596223536" lon="-17.04555311844362">
        <ele>976</ele>
      </trkpt>
      <trkpt lat="32.765173564753" lon="-17.04546919702459">
        <ele>972</ele>
      </trkpt>
      <trkpt lat="32.76516116727064" lon="-17.04538432195306">
        <ele>967</ele>
      </trkpt>
      <trkpt lat="32.765173564753" lon="-17.04511825290862">
        <ele>954</ele>
      </trkpt>
      <trkpt lat="32.76514876978828" lon="-17.04503528514208">
        <ele>950</ele>
      </trkpt>
      <trkpt lat="32.76512492847606" lon="-17.04495136372304">
        <ele>945</ele>
      </trkpt>
      <trkpt lat="32.76512969673851" lon="-17.04493610528322">
        <ele>945</ele>
      </trkpt>
      <trkpt lat="32.76515163074576" lon="-17.0449198931909">
        <ele>944</ele>
      </trkpt>
      <trkpt lat="32.76517165744802" lon="-17.04486362769405">
        <ele>941</ele>
      </trkpt>
      <trkpt lat="32.76518119397291" lon="-17.04481022315467">
        <ele>939</ele>
      </trkpt>
      <trkpt lat="32.76518786954033" lon="-17.04473297730305">
        <ele>935</ele>
      </trkpt>
      <trkpt lat="32.765173564753" lon="-17.04465191684148">
        <ele>930</ele>
      </trkpt>
      <trkpt lat="32.76516021361815" lon="-17.04457085637992">
        <ele>926</ele>
      </trkpt>
      <trkpt lat="32.76516021361815" lon="-17.04457085637992">
        <ele>926</ele>
      </trkpt>
      <trkpt lat="32.76493610528323" lon="-17.04478924279991">
        <ele>932</ele>
      </trkpt>
      <trkpt lat="32.76467957276368" lon="-17.04516307457561">
        <ele>933</ele>
      </trkpt>
      <trkpt lat="32.76441922563418" lon="-17.04528704939918">
        <ele>921</ele>
      </trkpt>
      <trkpt lat="32.76434674804501" lon="-17.04534903681097">
        <ele>918</ele>
      </trkpt>
      <trkpt lat="32.76423707800877" lon="-17.04548636276939">
        <ele>916</ele>
      </trkpt>
      <trkpt lat="32.76396910165935" lon="-17.04589357238221">
        <ele>925</ele>
      </trkpt>
      <trkpt lat="32.76392427999237" lon="-17.0460070570284">
        <ele>928</ele>
      </trkpt>
      <trkpt lat="32.7638432195308" lon="-17.04630841121494">
        <ele>934</ele>
      </trkpt>
      <trkpt lat="32.76367442304024" lon="-17.04661930192636">
        <ele>934</ele>
      </trkpt>
      <trkpt lat="32.76354281899675" lon="-17.04677856189203">
        <ele>931</ele>
      </trkpt>
      <trkpt lat="32.76344745374785" lon="-17.04686725157351">
        <ele>928</ele>
      </trkpt>
      <trkpt lat="32.76341502956323" lon="-17.04697882891473">
        <ele>929</ele>
      </trkpt>
      <trkpt lat="32.76328056456227" lon="-17.04733072668318">
        <ele>934</ele>
      </trkpt>
      <trkpt lat="32.76315849704368" lon="-17.04782853328246">
        <ele>950</ele>
      </trkpt>
      <trkpt lat="32.76279515544535" lon="-17.0477551020408">
        <ele>952</ele>
      </trkpt>
      <trkpt lat="32.76270932672134" lon="-17.04783044058743">
        <ele>954</ele>
      </trkpt>
      <trkpt lat="32.76241655540721" lon="-17.04802212473773">
        <ele>957</ele>
      </trkpt>
      <trkpt lat="32.76230211710852" lon="-17.04814133129886">
        <ele>959</ele>
      </trkpt>
      <trkpt lat="32.76221628838451" lon="-17.04818519931335">
        <ele>961</ele>
      </trkpt>
      <trkpt lat="32.76198645813465" lon="-17.04823574289527">
        <ele>965</ele>
      </trkpt>
      <trkpt lat="32.76198645813465" lon="-17.04823574289527">
        <ele>965</ele>
      </trkpt>
      <trkpt lat="32.76200267022696" lon="-17.04857905779132">
        <ele>979</ele>
      </trkpt>
      <trkpt lat="32.76207705512111" lon="-17.04878600038144">
        <ele>988</ele>
      </trkpt>
      <trkpt lat="32.76208373068853" lon="-17.04885847797061">
        <ele>992</ele>
      </trkpt>
      <trkpt lat="32.76205226015639" lon="-17.0488765973679">
        <ele>994</ele>
      </trkpt>
      <trkpt lat="32.76192542437536" lon="-17.04884703414074">
        <ele>998</ele>
      </trkpt>
      <trkpt lat="32.76192542437536" lon="-17.04884703414074">
        <ele>998</ele>
      </trkpt>
      <trkpt lat="32.761347510967" lon="-17.04879267594887">
        <ele>1011</ele>
      </trkpt>
      <trkpt lat="32.761347510967" lon="-17.04879267594887">
        <ele>1011</ele>
      </trkpt>
      <trkpt lat="32.76127980164028" lon="-17.0488155636086">
        <ele>1013</ele>
      </trkpt>
      <trkpt lat="32.76120637039863" lon="-17.04889662407017">
        <ele>1021</ele>
      </trkpt>
      <trkpt lat="32.76094411596414" lon="-17.04895098226205">
        <ele>1028</ele>
      </trkpt>
      <trkpt lat="32.76057505245088" lon="-17.04918462712186">
        <ele>1053</ele>
      </trkpt>
      <trkpt lat="32.76018882319283" lon="-17.04933816517259">
        <ele>1075</ele>
      </trkpt>
      <trkpt lat="32.76015163074575" lon="-17.04922086591644">
        <ele>1065</ele>
      </trkpt>
      <trkpt lat="32.76013732595842" lon="-17.04915601754719">
        <ele>1059</ele>
      </trkpt>
      <trkpt lat="32.76027655922181" lon="-17.04889567041768">
        <ele>1038</ele>
      </trkpt>
      <trkpt lat="32.76037097081823" lon="-17.04859431623115">
        <ele>1013</ele>
      </trkpt>
      <trkpt lat="32.76012778943353" lon="-17.04820141140567">
        <ele>1003</ele>
      </trkpt>
      <trkpt lat="32.76" lon="-17.04821666984549">
        <ele>1006</ele>
      </trkpt>
      <trkpt lat="32.76" lon="-17.04821666984549">
        <ele>1006</ele>
      </trkpt>
      <trkpt lat="32.75983883272935" lon="-17.04823574289527">
        <ele>1013</ele>
      </trkpt>
      <trkpt lat="32.75944974251383" lon="-17.0481813847034">
        <ele>1029</ele>
      </trkpt>
      <trkpt lat="32.75921514400152" lon="-17.04810127789432">
        <ele>1038</ele>
      </trkpt>
      <trkpt lat="32.75894430669464" lon="-17.04808601945449">
        <ele>1037</ele>
      </trkpt>
      <trkpt lat="32.75835018119398" lon="-17.04781995041006">
        <ele>1016</ele>
      </trkpt>
      <trkpt lat="32.75808315849704" lon="-17.04784569902726">
        <ele>1021</ele>
      </trkpt>
      <trkpt lat="32.75804024413504" lon="-17.04782853328246">
        <ele>1021</ele>
      </trkpt>
      <trkpt lat="32.75781804310509" lon="-17.0476511539195">
        <ele>1017</ele>
      </trkpt>
      <trkpt lat="32.75781804310509" lon="-17.0476511539195">
        <ele>1017</ele>
      </trkpt>
      <trkpt lat="32.75231737554835" lon="-17.04114247568184">
        <ele>1071</ele>
      </trkpt>
      <trkpt lat="32.75231737554835" lon="-17.04114247568184">
        <ele>1071</ele>
      </trkpt>
      <trkpt lat="32.75230307076102" lon="-17.04112149532709">
        <ele>1070</ele>
      </trkpt>
      <trkpt lat="32.75229925615106" lon="-17.04108334922752">
        <ele>1068</ele>
      </trkpt>
      <trkpt lat="32.75229639519359" lon="-17.04099942780849">
        <ele>1062</ele>
      </trkpt>
      <trkpt lat="32.75229353423612" lon="-17.04091550638945">
        <ele>1057</ele>
      </trkpt>
      <trkpt lat="32.75228590501622" lon="-17.04082395575051">
        <ele>1052</ele>
      </trkpt>
      <trkpt lat="32.7522782757963" lon="-17.04073145145907">
        <ele>1048</ele>
      </trkpt>
      <trkpt lat="32.7522429906542" lon="-17.04061415220292">
        <ele>1044</ele>
      </trkpt>
      <trkpt lat="32.7522086591646" lon="-17.04049685294677">
        <ele>1041</ele>
      </trkpt>
      <trkpt lat="32.75211520122068" lon="-17.04042723631507">
        <ele>1043</ele>
      </trkpt>
      <trkpt lat="32.75202174327675" lon="-17.04035761968337">
        <ele>1045</ele>
      </trkpt>
      <trkpt lat="32.75192542437536" lon="-17.04032996376119">
        <ele>1048</ele>
      </trkpt>
      <trkpt lat="32.75183005912645" lon="-17.04030135418652">
        <ele>1052</ele>
      </trkpt>
      <trkpt lat="32.75180717146672" lon="-17.04028228113674">
        <ele>1053</ele>
      </trkpt>
      <trkpt lat="32.75179382033187" lon="-17.04024413503717">
        <ele>1052</ele>
      </trkpt>
      <trkpt lat="32.75178523745947" lon="-17.0401897768453">
        <ele>1051</ele>
      </trkpt>
      <trkpt lat="32.75178523745947" lon="-17.0401897768453">
        <ele>1051</ele>
      </trkpt>
      <trkpt lat="32.7518176616441" lon="-17.04009536524889">
        <ele>1046</ele>
      </trkpt>
      <trkpt lat="32.75185008582872" lon="-17.03999999999998">
        <ele>1041</ele>
      </trkpt>
      <trkpt lat="32.75185008582872" lon="-17.04">
        <ele>1041</ele>
      </trkpt>
      <trkpt lat="32.75187297348846" lon="-17.03993419797826">
        <ele>1043</ele>
      </trkpt>
      <trkpt lat="32.7518958611482" lon="-17.03986744230403">
        <ele>1045</ele>
      </trkpt>
      <trkpt lat="32.7518958611482" lon="-17.03986744230403">
        <ele>1045</ele>
      </trkpt>
      <trkpt lat="32.75192828533282" lon="-17.0397568186153">
        <ele>1048</ele>
      </trkpt>
      <trkpt lat="32.75196070951745" lon="-17.03964619492657">
        <ele>1051</ele>
      </trkpt>
      <trkpt lat="32.7520083921419" lon="-17.03953366393286">
        <ele>1051</ele>
      </trkpt>
      <trkpt lat="32.75205607476636" lon="-17.03942017928667">
        <ele>1050</ele>
      </trkpt>
      <trkpt lat="32.75212855235552" lon="-17.03917318329201">
        <ele>1050</ele>
      </trkpt>
      <trkpt lat="32.75215716193019" lon="-17.03909498378791">
        <ele>1049</ele>
      </trkpt>
      <trkpt lat="32.75218577150486" lon="-17.03901583063132">
        <ele>1048</ele>
      </trkpt>
      <trkpt lat="32.75250715239367" lon="-17.03839977112341">
        <ele>1040</ele>
      </trkpt>
      <trkpt lat="32.75248140377646" lon="-17.03837116154873">
        <ele>1044</ele>
      </trkpt>
      <trkpt lat="32.75264257104711" lon="-17.0379391569712">
        <ele>1018</ele>
      </trkpt>
      <trkpt lat="32.75265878313942" lon="-17.03787430860195">
        <ele>1015</ele>
      </trkpt>
      <trkpt lat="32.75267499523174" lon="-17.0378085065802">
        <ele>1012</ele>
      </trkpt>
      <trkpt lat="32.75267213427427" lon="-17.0377474728209">
        <ele>1011</ele>
      </trkpt>
      <trkpt lat="32.75262445164982" lon="-17.03767404157925">
        <ele>1011</ele>
      </trkpt>
      <trkpt lat="32.75257772267786" lon="-17.03759965668511">
        <ele>1012</ele>
      </trkpt>
      <trkpt lat="32.75260347129506" lon="-17.03753671562083">
        <ele>1008</ele>
      </trkpt>
      <trkpt lat="32.75254243753576" lon="-17.03746519168415">
        <ele>1008</ele>
      </trkpt>
      <trkpt lat="32.75248235742895" lon="-17.03739271409498">
        <ele>1008</ele>
      </trkpt>
      <trkpt lat="32.75239271409498" lon="-17.037347892428">
        <ele>1012</ele>
      </trkpt>
      <trkpt lat="32.75230879267595" lon="-17.03731546824337">
        <ele>1016</ele>
      </trkpt>
      <trkpt lat="32.7522258249094" lon="-17.03728304405875">
        <ele>1020</ele>
      </trkpt>
      <trkpt lat="32.75212092313561" lon="-17.0372086591646">
        <ele>1023</ele>
      </trkpt>
      <trkpt lat="32.75201888231928" lon="-17.03709040625596">
        <ele>1024</ele>
      </trkpt>
      <trkpt lat="32.75191779515544" lon="-17.03697215334732">
        <ele>1024</ele>
      </trkpt>
      <trkpt lat="32.75185676139615" lon="-17.03688441731833">
        <ele>1023</ele>
      </trkpt>
      <trkpt lat="32.75182815182148" lon="-17.03679572763685">
        <ele>1020</ele>
      </trkpt>
      <trkpt lat="32.75179954224681" lon="-17.03670608430288">
        <ele>1017</ele>
      </trkpt>
      <trkpt lat="32.7517737936296" lon="-17.03658497043677">
        <ele>1017</ele>
      </trkpt>
      <trkpt lat="32.75173850848751" lon="-17.03650581728018">
        <ele>1020</ele>
      </trkpt>
      <trkpt lat="32.75170322334542" lon="-17.03642571047111">
        <ele>1024</ele>
      </trkpt>
      <trkpt lat="32.75168605760061" lon="-17.03637135227923">
        <ele>1025</ele>
      </trkpt>
      <trkpt lat="32.75169177951555" lon="-17.03629029181766">
        <ele>1026</ele>
      </trkpt>
      <trkpt lat="32.75173660118253" lon="-17.03618634369636">
        <ele>1025</ele>
      </trkpt>
      <trkpt lat="32.7518262445165" lon="-17.03607572000763">
        <ele>1020</ele>
      </trkpt>
      <trkpt lat="32.75190062941064" lon="-17.03600419607095">
        <ele>1017</ele>
      </trkpt>
      <trkpt lat="32.75197501430479" lon="-17.03593171848179">
        <ele>1013</ele>
      </trkpt>
      <trkpt lat="32.75240606522983" lon="-17.03555788670609">
        <ele>997</ele>
      </trkpt>
      <trkpt lat="32.75245184054931" lon="-17.03548636276941">
        <ele>997</ele>
      </trkpt>
      <trkpt lat="32.75245374785428" lon="-17.03542437535762">
        <ele>998</ele>
      </trkpt>
      <trkpt lat="32.75243658210948" lon="-17.03531184436391">
        <ele>1003</ele>
      </trkpt>
      <trkpt lat="32.75242037001716" lon="-17.03519835971772">
        <ele>1008</ele>
      </trkpt>
      <trkpt lat="32.75242799923708" lon="-17.03512111386611">
        <ele>1010</ele>
      </trkpt>
      <trkpt lat="32.75245374785428" lon="-17.03506866297921">
        <ele>1010</ele>
      </trkpt>
      <trkpt lat="32.75250715239367" lon="-17.03500572191493">
        <ele>1009</ele>
      </trkpt>
      <trkpt lat="32.75259393477017" lon="-17.03497901964524">
        <ele>1008</ele>
      </trkpt>
      <trkpt lat="32.75268167079916" lon="-17.03495136372306">
        <ele>1007</ele>
      </trkpt>
      <trkpt lat="32.75275319473584" lon="-17.03493991989319">
        <ele>1006</ele>
      </trkpt>
      <trkpt lat="32.75286286477208" lon="-17.03489509822621">
        <ele>1005</ele>
      </trkpt>
      <trkpt lat="32.75297253480831" lon="-17.03492466145337">
        <ele>998</ele>
      </trkpt>
      <trkpt lat="32.7530612244898" lon="-17.03481117680717">
        <ele>1003</ele>
      </trkpt>
      <trkpt lat="32.75307934388709" lon="-17.03474632843792">
        <ele>1007</ele>
      </trkpt>
      <trkpt lat="32.75309746328438" lon="-17.03468052641617">
        <ele>1011</ele>
      </trkpt>
      <trkpt lat="32.75331775700935" lon="-17.03424661453366">
        <ele>1024</ele>
      </trkpt>
      <trkpt lat="32.75365248903299" lon="-17.03349322906733">
        <ele>1049</ele>
      </trkpt>
      <trkpt lat="32.75365248903299" lon="-17.03349322906733">
        <ele>1049</ele>
      </trkpt>
      <trkpt lat="32.75365534999047" lon="-17.03337688346367">
        <ele>1055</ele>
      </trkpt>
      <trkpt lat="32.75362864772077" lon="-17.03330345222201">
        <ele>1061</ele>
      </trkpt>
      <trkpt lat="32.75360194545108" lon="-17.03322906732787">
        <ele>1067</ele>
      </trkpt>
      <trkpt lat="32.75360194545108" lon="-17.03322906732787">
        <ele>1067</ele>
      </trkpt>
      <trkpt lat="32.75135418653443" lon="-17.02827770360481">
        <ele>994</ele>
      </trkpt>
      <trkpt lat="32.75135418653443" lon="-17.02827770360481">
        <ele>994</ele>
      </trkpt>
      <trkpt lat="32.75135227922945" lon="-17.0282347892428">
        <ele>993</ele>
      </trkpt>
      <trkpt lat="32.75135227922945" lon="-17.0282347892428">
        <ele>993</ele>
      </trkpt>
      <trkpt lat="32.7513827961091" lon="-17.02820713332062">
        <ele>992</ele>
      </trkpt>
      <trkpt lat="32.75138184245661" lon="-17.02815849704368">
        <ele>991</ele>
      </trkpt>
      <trkpt lat="32.75144192256342" lon="-17.02809364867442">
        <ele>990</ele>
      </trkpt>
      <trkpt lat="32.75149628075529" lon="-17.02801449551783">
        <ele>988</ele>
      </trkpt>
      <trkpt lat="32.75155159259965" lon="-17.02793438870875">
        <ele>986</ele>
      </trkpt>
      <trkpt lat="32.75172038909022" lon="-17.02764447835209">
        <ele>981</ele>
      </trkpt>
      <trkpt lat="32.75178809841694" lon="-17.02736791913027">
        <ele>977</ele>
      </trkpt>
      <trkpt lat="32.75182815182148" lon="-17.02730593171848">
        <ele>978</ele>
      </trkpt>
      <trkpt lat="32.75186915887851" lon="-17.02724299065421">
        <ele>979</ele>
      </trkpt>
      <trkpt lat="32.75188918558077" lon="-17.02717718863246">
        <ele>978</ele>
      </trkpt>
      <trkpt lat="32.75191016593553" lon="-17.02711138661072">
        <ele>976</ele>
      </trkpt>
      <trkpt lat="32.75192542437536" lon="-17.02709231356094">
        <ele>977</ele>
      </trkpt>
      <trkpt lat="32.75198359717719" lon="-17.02705798207133">
        <ele>979</ele>
      </trkpt>
      <trkpt lat="32.75200267022697" lon="-17.02702365058173">
        <ele>979</ele>
      </trkpt>
      <trkpt lat="32.75200553118444" lon="-17.02697310699981">
        <ele>977</ele>
      </trkpt>
      <trkpt lat="32.75199504100706" lon="-17.02692733168034">
        <ele>974</ele>
      </trkpt>
      <trkpt lat="32.75185008582872" lon="-17.02663932862865">
        <ele>954</ele>
      </trkpt>
      <trkpt lat="32.75184531756628" lon="-17.02661262635896">
        <ele>952</ele>
      </trkpt>
      <trkpt lat="32.75185485409117" lon="-17.02656303642953">
        <ele>951</ele>
      </trkpt>
      <trkpt lat="32.75186725157353" lon="-17.02654300972726">
        <ele>951</ele>
      </trkpt>
      <trkpt lat="32.75189300019073" lon="-17.02652107572001">
        <ele>951</ele>
      </trkpt>
      <trkpt lat="32.75200362387946" lon="-17.02649723440778">
        <ele>956</ele>
      </trkpt>
      <trkpt lat="32.75205035285142" lon="-17.02646385657067">
        <ele>957</ele>
      </trkpt>
      <trkpt lat="32.75207705512111" lon="-17.02639328628648">
        <ele>956</ele>
      </trkpt>
      <trkpt lat="32.75210375739081" lon="-17.02635037192447">
        <ele>956</ele>
      </trkpt>
      <trkpt lat="32.75212473774557" lon="-17.02633320617967">
        <ele>956</ele>
      </trkpt>
      <trkpt lat="32.75222010299447" lon="-17.02628838451269">
        <ele>960</ele>
      </trkpt>
      <trkpt lat="32.75230020980355" lon="-17.02626645050544">
        <ele>965</ele>
      </trkpt>
      <trkpt lat="32.75232309746328" lon="-17.02627026511539">
        <ele>966</ele>
      </trkpt>
      <trkpt lat="32.75235742895289" lon="-17.02629506008011">
        <ele>969</ele>
      </trkpt>
      <trkpt lat="32.75237840930765" lon="-17.0262960137326">
        <ele>970</ele>
      </trkpt>
      <trkpt lat="32.75244230402441" lon="-17.02627121876788">
        <ele>973</ele>
      </trkpt>
      <trkpt lat="32.75250715239367" lon="-17.02624642380317">
        <ele>977</ele>
      </trkpt>
      <trkpt lat="32.7525567423231" lon="-17.02621972153348">
        <ele>978</ele>
      </trkpt>
      <trkpt lat="32.75263398817471" lon="-17.02620255578867">
        <ele>981</ele>
      </trkpt>
      <trkpt lat="32.75271218767881" lon="-17.02618539004387">
        <ele>984</ele>
      </trkpt>
      <trkpt lat="32.75296776654587" lon="-17.02620255578867">
        <ele>996</ele>
      </trkpt>
      <trkpt lat="32.75302117108526" lon="-17.02623974823575">
        <ele>1001</ele>
      </trkpt>
      <trkpt lat="32.75310604615678" lon="-17.02626740415793">
        <ele>1006</ele>
      </trkpt>
      <trkpt lat="32.75318233835591" lon="-17.02626168224299">
        <ele>1009</ele>
      </trkpt>
      <trkpt lat="32.75318233835591" lon="-17.02626168224299">
        <ele>1009</ele>
      </trkpt>
      <trkpt lat="32.75321953080297" lon="-17.02624451649819">
        <ele>1010</ele>
      </trkpt>
      <trkpt lat="32.75324814037764" lon="-17.02620160213618">
        <ele>1009</ele>
      </trkpt>
      <trkpt lat="32.75324814037764" lon="-17.02620160213618">
        <ele>1009</ele>
      </trkpt>
      <trkpt lat="32.75329200839214" lon="-17.02610337592981">
        <ele>1007</ele>
      </trkpt>
      <trkpt lat="32.75335399580393" lon="-17.02602803738318">
        <ele>1006</ele>
      </trkpt>
      <trkpt lat="32.75349227541484" lon="-17.02595269883654">
        <ele>1010</ele>
      </trkpt>
      <trkpt lat="32.75377741750906" lon="-17.02561987411787">
        <ele>1010</ele>
      </trkpt>
      <trkpt lat="32.75385657066565" lon="-17.02548350181194">
        <ele>1008</ele>
      </trkpt>
      <trkpt lat="32.75396433339691" lon="-17.02537287812321">
        <ele>1009</ele>
      </trkpt>
      <trkpt lat="32.75418462712188" lon="-17.02526511539195">
        <ele>1016</ele>
      </trkpt>
      <trkpt lat="32.75418462712188" lon="-17.02526511539195">
        <ele>1016</ele>
      </trkpt>
      <trkpt lat="32.75421895861148" lon="-17.02518024032043">
        <ele>1015</ele>
      </trkpt>
      <trkpt lat="32.75425329010109" lon="-17.02509536524891">
        <ele>1015</ele>
      </trkpt>
      <trkpt lat="32.75425329010109" lon="-17.02499046347511">
        <ele>1011</ele>
      </trkpt>
      <trkpt lat="32.75425329010109" lon="-17.02499046347511">
        <ele>1011</ele>
      </trkpt>
      <trkpt lat="32.75422944878886" lon="-17.02489700553119">
        <ele>1009</ele>
      </trkpt>
      <trkpt lat="32.75417032233454" lon="-17.02479210375739">
        <ele>1004</ele>
      </trkpt>
      <trkpt lat="32.75411501049017" lon="-17.02467385084875">
        <ele>1001</ele>
      </trkpt>
      <trkpt lat="32.75409689109289" lon="-17.02462044630937">
        <ele>999</ele>
      </trkpt>
      <trkpt lat="32.7540263208087" lon="-17.02427999237078">
        <ele>994</ele>
      </trkpt>
      <trkpt lat="32.75402727446119" lon="-17.02422086591646">
        <ele>994</ele>
      </trkpt>
      <trkpt lat="32.75404920846844" lon="-17.02416650772459">
        <ele>995</ele>
      </trkpt>
      <trkpt lat="32.75413789814991" lon="-17.02405111577341">
        <ele>1001</ele>
      </trkpt>
      <trkpt lat="32.7542265878314" lon="-17.02393572382224">
        <ele>1006</ele>
      </trkpt>
      <trkpt lat="32.75425805836353" lon="-17.02386419988556">
        <ele>1008</ele>
      </trkpt>
      <trkpt lat="32.75426854854091" lon="-17.0238003051688">
        <ele>1008</ele>
      </trkpt>
      <trkpt lat="32.7542523364486" lon="-17.02339500286096">
        <ele>1004</ele>
      </trkpt>
      <trkpt lat="32.754260919321" lon="-17.02332729353424">
        <ele>1004</ele>
      </trkpt>
      <trkpt lat="32.7544001525844" lon="-17.02307552927713">
        <ele>1011</ele>
      </trkpt>
      <trkpt lat="32.7544087354568" lon="-17.02298397863818">
        <ele>1011</ele>
      </trkpt>
      <trkpt lat="32.7544087354568" lon="-17.02298397863818">
        <ele>1011</ele>
      </trkpt>
      <trkpt lat="32.75435246995995" lon="-17.02292485218387">
        <ele>1007</ele>
      </trkpt>
      <trkpt lat="32.75429334350563" lon="-17.02288575243182">
        <ele>1002</ele>
      </trkpt>
      <trkpt lat="32.75421514400153" lon="-17.02278943353042">
        <ele>996</ele>
      </trkpt>
      <trkpt lat="32.75413694449743" lon="-17.02269311462903">
        <ele>990</ele>
      </trkpt>
      <trkpt lat="32.75411405683769" lon="-17.02259298111768">
        <ele>987</ele>
      </trkpt>
      <trkpt lat="32.75411501049017" lon="-17.02247758916651">
        <ele>987</ele>
      </trkpt>
      <trkpt lat="32.75411596414266" lon="-17.02236219721534">
        <ele>987</ele>
      </trkpt>
      <trkpt lat="32.75413217623498" lon="-17.02227064657639">
        <ele>989</ele>
      </trkpt>
      <trkpt lat="32.75414838832729" lon="-17.02217814228495">
        <ele>990</ele>
      </trkpt>
      <trkpt lat="32.75415506389471" lon="-17.02209994278085">
        <ele>991</ele>
      </trkpt>
      <trkpt lat="32.75419797825673" lon="-17.0219998092695">
        <ele>994</ele>
      </trkpt>
      <trkpt lat="32.75421895861148" lon="-17.02188346366584">
        <ele>996</ele>
      </trkpt>
      <trkpt lat="32.7542265878314" lon="-17.02176902536716">
        <ele>997</ele>
      </trkpt>
      <trkpt lat="32.75423421705131" lon="-17.02165363341598">
        <ele>998</ele>
      </trkpt>
      <trkpt lat="32.75421132939157" lon="-17.02158878504673">
        <ele>997</ele>
      </trkpt>
      <trkpt lat="32.75411787144765" lon="-17.02151916841503">
        <ele>991</ele>
      </trkpt>
      <trkpt lat="32.75411977875262" lon="-17.0214524127408">
        <ele>991</ele>
      </trkpt>
      <trkpt lat="32.75412263971009" lon="-17.02138470341408">
        <ele>991</ele>
      </trkpt>
      <trkpt lat="32.75412263971009" lon="-17.02138470341408">
        <ele>991</ele>
      </trkpt>
      <trkpt lat="32.75412073240511" lon="-17.02131222582491">
        <ele>991</ele>
      </trkpt>
      <trkpt lat="32.75411214953271" lon="-17.02127217242037">
        <ele>991</ele>
      </trkpt>
      <trkpt lat="32.75411214953271" lon="-17.02127217242037">
        <ele>991</ele>
      </trkpt>
      <trkpt lat="32.75407400343315" lon="-17.02111672706466">
        <ele>988</ele>
      </trkpt>
      <trkpt lat="32.75407781804311" lon="-17.02105473965287">
        <ele>989</ele>
      </trkpt>
      <trkpt lat="32.75408830822048" lon="-17.02100514972344">
        <ele>989</ele>
      </trkpt>
      <trkpt lat="32.75414362006485" lon="-17.02084875071524">
        <ele>993</ele>
      </trkpt>
      <trkpt lat="32.75419034903681" lon="-17.0204606141522">
        <ele>997</ele>
      </trkpt>
      <trkpt lat="32.75413312988747" lon="-17.02029086400916">
        <ele>995</ele>
      </trkpt>
      <trkpt lat="32.75414362006485" lon="-17.02">
        <ele>997</ele>
      </trkpt>
      <trkpt lat="32.75414362006485" lon="-17.01999999999999">
        <ele>997</ele>
      </trkpt>
      <trkpt lat="32.75415697119969" lon="-17.01973297730306">
        <ele>998</ele>
      </trkpt>
      <trkpt lat="32.75415697119969" lon="-17.01973297730306">
        <ele>998</ele>
      </trkpt>
      <trkpt lat="32.75414362006485" lon="-17.01971962616821">
        <ele>998</ele>
      </trkpt>
      <trkpt lat="32.75414648102232" lon="-17.01965191684149">
        <ele>998</ele>
      </trkpt>
      <trkpt lat="32.75414934197978" lon="-17.01958420751477">
        <ele>998</ele>
      </trkpt>
      <trkpt lat="32.75408735456799" lon="-17.01956322716001">
        <ele>995</ele>
      </trkpt>
      <trkpt lat="32.75408735456799" lon="-17.01956322716001">
        <ele>995</ele>
      </trkpt>
      <trkpt lat="32.75414648102232" lon="-17.01929715811557">
        <ele>998</ele>
      </trkpt>
      <trkpt lat="32.75414648102232" lon="-17.01929715811557">
        <ele>998</ele>
      </trkpt>
      <trkpt lat="32.75419755867186" lon="-17.01913888046083">
        <ele>999</ele>
      </trkpt>
      <trkpt lat="32.75419755867004" lon="-17.01913888046469">
        <ele>999</ele>
      </trkpt>
      <trkpt lat="32.75419607095174" lon="-17.01913503719244">
        <ele>999</ele>
      </trkpt>
      <trkpt lat="32.75417032233454" lon="-17.01909689109288">
        <ele>999</ele>
      </trkpt>
      <trkpt lat="32.75417032233454" lon="-17.01909689109288">
        <ele>999</ele>
      </trkpt>
      <trkpt lat="32.75407972534808" lon="-17.01906732786572">
        <ele>996</ele>
      </trkpt>
      <trkpt lat="32.75399008201411" lon="-17.01903776463856">
        <ele>993</ele>
      </trkpt>
      <trkpt lat="32.75390329963761" lon="-17.01895002860957">
        <ele>991</ele>
      </trkpt>
      <trkpt lat="32.75390329963761" lon="-17.01895002860957">
        <ele>991</ele>
      </trkpt>
      <trkpt lat="32.75399008201411" lon="-17.01903776463856">
        <ele>993</ele>
      </trkpt>
      <trkpt lat="32.75407972534808" lon="-17.01906732786572">
        <ele>996</ele>
      </trkpt>
      <trkpt lat="32.75417032233454" lon="-17.01909689109288">
        <ele>999</ele>
      </trkpt>
      <trkpt lat="32.75417032233454" lon="-17.01909689109288">
        <ele>999</ele>
      </trkpt>
      <trkpt lat="32.75419607095174" lon="-17.01913503719244">
        <ele>999</ele>
      </trkpt>
      <trkpt lat="32.75419755867004" lon="-17.01913888046469">
        <ele>999</ele>
      </trkpt>
      <trkpt lat="32.75419755867186" lon="-17.01913888046083">
        <ele>999</ele>
      </trkpt>
      <trkpt lat="32.75414648102232" lon="-17.01929715811557">
        <ele>998</ele>
      </trkpt>
      <trkpt lat="32.75408735456799" lon="-17.01956322716001">
        <ele>995</ele>
      </trkpt>
      <trkpt lat="32.75401106236887" lon="-17.01999999999999">
        <ele>988</ele>
      </trkpt>
      <trkpt lat="32.75401106236887" lon="-17.02">
        <ele>988</ele>
      </trkpt>
      <trkpt lat="32.7539652870494" lon="-17.02026034712951">
        <ele>984</ele>
      </trkpt>
      <trkpt lat="32.75389757772268" lon="-17.0207133320618">
        <ele>978</ele>
      </trkpt>
      <trkpt lat="32.75381651726111" lon="-17.0211567804692">
        <ele>971</ele>
      </trkpt>
      <trkpt lat="32.75381270265115" lon="-17.02123307266832">
        <ele>971</ele>
      </trkpt>
      <trkpt lat="32.7538088880412" lon="-17.02130841121495">
        <ele>970</ele>
      </trkpt>
      <trkpt lat="32.75383749761587" lon="-17.02202555788671">
        <ele>970</ele>
      </trkpt>
      <trkpt lat="32.75384035857333" lon="-17.02228590501621">
        <ele>970</ele>
      </trkpt>
      <trkpt lat="32.75383082204844" lon="-17.02235742895289">
        <ele>969</ele>
      </trkpt>
      <trkpt lat="32.75381270265115" lon="-17.02239080679001">
        <ele>968</ele>
      </trkpt>
      <trkpt lat="32.75379553690635" lon="-17.02240797253481">
        <ele>967</ele>
      </trkpt>
      <trkpt lat="32.75377455655159" lon="-17.02242132366965">
        <ele>966</ele>
      </trkpt>
      <trkpt lat="32.75372782757963" lon="-17.02242323097463">
        <ele>963</ele>
      </trkpt>
      <trkpt lat="32.75368109860766" lon="-17.02241464810223">
        <ele>960</ele>
      </trkpt>
      <trkpt lat="32.75365153538051" lon="-17.02238603852756">
        <ele>958</ele>
      </trkpt>
      <trkpt lat="32.75363818424566" lon="-17.0223564753004">
        <ele>957</ele>
      </trkpt>
      <trkpt lat="32.75363150867824" lon="-17.02231546824337">
        <ele>957</ele>
      </trkpt>
      <trkpt lat="32.75365916460042" lon="-17.02193305359527">
        <ele>959</ele>
      </trkpt>
      <trkpt lat="32.75365058172802" lon="-17.02184627121877">
        <ele>958</ele>
      </trkpt>
      <trkpt lat="32.75364199885562" lon="-17.02175948884227">
        <ele>958</ele>
      </trkpt>
      <trkpt lat="32.75362006484837" lon="-17.02168128933817">
        <ele>956</ele>
      </trkpt>
      <trkpt lat="32.75359908449361" lon="-17.02160308983407">
        <ele>955</ele>
      </trkpt>
      <trkpt lat="32.75346366584017" lon="-17.02120255578867">
        <ele>947</ele>
      </trkpt>
      <trkpt lat="32.75344650009536" lon="-17.02116727064658">
        <ele>946</ele>
      </trkpt>
      <trkpt lat="32.75339786381843" lon="-17.02111005149724">
        <ele>943</ele>
      </trkpt>
      <trkpt lat="32.7533654396338" lon="-17.02108811748999">
        <ele>941</ele>
      </trkpt>
      <trkpt lat="32.75332920083921" lon="-17.02107285905016">
        <ele>939</ele>
      </trkpt>
      <trkpt lat="32.75332920083921" lon="-17.02107285905016">
        <ele>939</ele>
      </trkpt>
      <trkpt lat="32.75333206179668" lon="-17.02099465954606">
        <ele>939</ele>
      </trkpt>
      <trkpt lat="32.75333492275415" lon="-17.02091646004196">
        <ele>940</ele>
      </trkpt>
      <trkpt lat="32.75335876406638" lon="-17.02087926759489">
        <ele>941</ele>
      </trkpt>
      <trkpt lat="32.75341121495327" lon="-17.02084970436773">
        <ele>945</ele>
      </trkpt>
      <trkpt lat="32.75343791722296" lon="-17.02080392904826">
        <ele>947</ele>
      </trkpt>
      <trkpt lat="32.75345603662026" lon="-17.02074098798398">
        <ele>948</ele>
      </trkpt>
      <trkpt lat="32.7534608048827" lon="-17.02065420560748">
        <ele>949</ele>
      </trkpt>
      <trkpt lat="32.75346557314515" lon="-17.02056742323098">
        <ele>949</ele>
      </trkpt>
      <trkpt lat="32.75340549303834" lon="-17.02008487507153">
        <ele>946</ele>
      </trkpt>
      <trkpt lat="32.75337497615869" lon="-17.02">
        <ele>944</ele>
      </trkpt>
      <trkpt lat="32.75337497615869" lon="-17.01999999999999">
        <ele>944</ele>
      </trkpt>
      <trkpt lat="32.75333683005913" lon="-17.0198950982262">
        <ele>944</ele>
      </trkpt>
      <trkpt lat="32.75329963761205" lon="-17.01978924279991">
        <ele>945</ele>
      </trkpt>
      <trkpt lat="32.75321953080297" lon="-17.01968529467861">
        <ele>943</ele>
      </trkpt>
      <trkpt lat="32.75313751668892" lon="-17.01960232691206">
        <ele>941</ele>
      </trkpt>
      <trkpt lat="32.75309460232691" lon="-17.01949742513827">
        <ele>942</ele>
      </trkpt>
      <trkpt lat="32.75308601945451" lon="-17.01942971581155">
        <ele>944</ele>
      </trkpt>
      <trkpt lat="32.75307743658211" lon="-17.01936105283234">
        <ele>945</ele>
      </trkpt>
      <trkpt lat="32.75305454892237" lon="-17.01929238985313">
        <ele>946</ele>
      </trkpt>
      <trkpt lat="32.75303261491513" lon="-17.01922372687392">
        <ele>947</ele>
      </trkpt>
      <trkpt lat="32.75298779324814" lon="-17.01915792485217">
        <ele>947</ele>
      </trkpt>
      <trkpt lat="32.75291626931146" lon="-17.01909975205034">
        <ele>946</ele>
      </trkpt>
      <trkpt lat="32.75284665267976" lon="-17.01906732786572">
        <ele>944</ele>
      </trkpt>
      <trkpt lat="32.75277703604807" lon="-17.0190339500286">
        <ele>942</ele>
      </trkpt>
      <trkpt lat="32.75271409498379" lon="-17.01901964524126">
        <ele>940</ele>
      </trkpt>
      <trkpt lat="32.752652107572" lon="-17.01900534045393">
        <ele>937</ele>
      </trkpt>
      <trkpt lat="32.75257581537288" lon="-17.01893286286476">
        <ele>936</ele>
      </trkpt>
      <trkpt lat="32.75252622544345" lon="-17.01884226587831">
        <ele>937</ele>
      </trkpt>
      <trkpt lat="32.75247186725157" lon="-17.01878409307647">
        <ele>937</ele>
      </trkpt>
      <trkpt lat="32.75240987983979" lon="-17.0187554835018">
        <ele>935</ele>
      </trkpt>
      <trkpt lat="32.75232023650582" lon="-17.01873164218958">
        <ele>932</ele>
      </trkpt>
      <trkpt lat="32.75222868586687" lon="-17.0187297348846">
        <ele>928</ele>
      </trkpt>
      <trkpt lat="32.75212664505055" lon="-17.01876025176425">
        <ele>922</ele>
      </trkpt>
      <trkpt lat="32.75202460423422" lon="-17.0187907686439">
        <ele>917</ele>
      </trkpt>
      <trkpt lat="32.75197978256723" lon="-17.01877646385656">
        <ele>915</ele>
      </trkpt>
      <trkpt lat="32.75193972916269" lon="-17.01873259584207">
        <ele>915</ele>
      </trkpt>
      <trkpt lat="32.75188441731833" lon="-17.01864485981308">
        <ele>916</ele>
      </trkpt>
      <trkpt lat="32.75183005912645" lon="-17.01855712378408">
        <ele>917</ele>
      </trkpt>
      <trkpt lat="32.75180240320427" lon="-17.0184598512302">
        <ele>919</ele>
      </trkpt>
      <trkpt lat="32.75177474728209" lon="-17.01836162502383">
        <ele>922</ele>
      </trkpt>
      <trkpt lat="32.75169273316803" lon="-17.01824432576768">
        <ele>923</ele>
      </trkpt>
      <trkpt lat="32.75166126263589" lon="-17.01816707991607">
        <ele>925</ele>
      </trkpt>
      <trkpt lat="32.75164123593363" lon="-17.01806503909974">
        <ele>928</ele>
      </trkpt>
      <trkpt lat="32.75161453366393" lon="-17.01799828342551">
        <ele>930</ele>
      </trkpt>
      <trkpt lat="32.75155445355713" lon="-17.01790768643905">
        <ele>933</ele>
      </trkpt>
      <trkpt lat="32.7514953271028" lon="-17.01781613580011">
        <ele>936</ele>
      </trkpt>
      <trkpt lat="32.75144478352089" lon="-17.01772553881365">
        <ele>939</ele>
      </trkpt>
      <trkpt lat="32.75139519359146" lon="-17.0176339881747">
        <ele>943</ele>
      </trkpt>
      <trkpt lat="32.75134655731451" lon="-17.01756532519549">
        <ele>946</ele>
      </trkpt>
      <trkpt lat="32.75130555025748" lon="-17.01755197406064">
        <ele>946</ele>
      </trkpt>
      <trkpt lat="32.7512254434484" lon="-17.01755674232309">
        <ele>944</ele>
      </trkpt>
      <trkpt lat="32.7512254434484" lon="-17.01755674232309">
        <ele>944</ele>
      </trkpt>
      <trkpt lat="32.751173946214" lon="-17.01762921991225">
        <ele>940</ele>
      </trkpt>
      <trkpt lat="32.75109383940492" lon="-17.01766355140186">
        <ele>936</ele>
      </trkpt>
      <trkpt lat="32.75103757390806" lon="-17.01773221438107">
        <ele>931</ele>
      </trkpt>
      <trkpt lat="32.75094220865916" lon="-17.01779610909784">
        <ele>925</ele>
      </trkpt>
      <trkpt lat="32.75084684341026" lon="-17.0178600038146">
        <ele>918</ele>
      </trkpt>
      <trkpt lat="32.75077436582109" lon="-17.01790196452412">
        <ele>914</ele>
      </trkpt>
      <trkpt lat="32.75072000762922" lon="-17.01792294487888">
        <ele>911</ele>
      </trkpt>
      <trkpt lat="32.75063799351516" lon="-17.01792389853136">
        <ele>910</ele>
      </trkpt>
      <trkpt lat="32.75056360862102" lon="-17.01790101087163">
        <ele>910</ele>
      </trkpt>
      <trkpt lat="32.75053690635133" lon="-17.01787526225442">
        <ele>911</ele>
      </trkpt>
      <trkpt lat="32.75048922372687" lon="-17.01787240129696">
        <ele>910</ele>
      </trkpt>
      <trkpt lat="32.75040244135037" lon="-17.01792199122639">
        <ele>905</ele>
      </trkpt>
      <trkpt lat="32.75029181766165" lon="-17.01794297158115">
        <ele>902</ele>
      </trkpt>
      <trkpt lat="32.75021647911501" lon="-17.01794011062368">
        <ele>900</ele>
      </trkpt>
      <trkpt lat="32.75014209422086" lon="-17.01793724966621">
        <ele>899</ele>
      </trkpt>
      <trkpt lat="32.75002670226969" lon="-17.01789433530421">
        <ele>899</ele>
      </trkpt>
      <trkpt lat="32.74991131031852" lon="-17.0178514209422">
        <ele>905</ele>
      </trkpt>
      <trkpt lat="32.74984074003433" lon="-17.01778657257294">
        <ele>907</ele>
      </trkpt>
      <trkpt lat="32.74977112340263" lon="-17.01772172420369">
        <ele>908</ele>
      </trkpt>
      <trkpt lat="32.74966717528132" lon="-17.0177036048064">
        <ele>905</ele>
      </trkpt>
      <trkpt lat="32.74956418081251" lon="-17.01768453175662">
        <ele>903</ele>
      </trkpt>
      <trkpt lat="32.74950314705321" lon="-17.0177036048064">
        <ele>900</ele>
      </trkpt>
      <trkpt lat="32.74944211329392" lon="-17.01772172420369">
        <ele>898</ele>
      </trkpt>
      <trkpt lat="32.74934102613008" lon="-17.01777512874308">
        <ele>893</ele>
      </trkpt>
      <trkpt lat="32.74927045584589" lon="-17.01785046728971">
        <ele>888</ele>
      </trkpt>
      <trkpt lat="32.74917509059699" lon="-17.01791722296394">
        <ele>883</ele>
      </trkpt>
      <trkpt lat="32.74911787144764" lon="-17.01792866679381">
        <ele>880</ele>
      </trkpt>
      <trkpt lat="32.74905397673088" lon="-17.01790196452412">
        <ele>877</ele>
      </trkpt>
      <trkpt lat="32.74900057219149" lon="-17.01781899675757">
        <ele>877</ele>
      </trkpt>
      <trkpt lat="32.74900057219149" lon="-17.01781899675757">
        <ele>877</ele>
      </trkpt>
      <trkpt lat="32.74895575052451" lon="-17.01760919320999">
        <ele>881</ele>
      </trkpt>
      <trkpt lat="32.74895575052451" lon="-17.01760919320999">
        <ele>881</ele>
      </trkpt>
      <trkpt lat="32.7488870875453" lon="-17.01729639519358">
        <ele>890</ele>
      </trkpt>
      <trkpt lat="32.74885275605569" lon="-17.01721247377455">
        <ele>892</ele>
      </trkpt>
      <trkpt lat="32.7487650200267" lon="-17.01707800877359">
        <ele>894</ele>
      </trkpt>
      <trkpt lat="32.74872592027465" lon="-17.01696166316993">
        <ele>897</ele>
      </trkpt>
      <trkpt lat="32.74869826435247" lon="-17.01670513065038">
        <ele>908</ele>
      </trkpt>
      <trkpt lat="32.74869826435247" lon="-17.01670513065038">
        <ele>908</ele>
      </trkpt>
      <trkpt lat="32.7481651726111" lon="-17.01622353614342">
        <ele>904</ele>
      </trkpt>
      <trkpt lat="32.74807743658211" lon="-17.01611672706465">
        <ele>906</ele>
      </trkpt>
      <trkpt lat="32.74775605569331" lon="-17.01582014114056">
        <ele>906</ele>
      </trkpt>
      <trkpt lat="32.74775987030326" lon="-17.01595842075147">
        <ele>901</ele>
      </trkpt>
      <trkpt lat="32.74775987030326" lon="-17.01595842075147">
        <ele>901</ele>
      </trkpt>
      <trkpt lat="32.74768453175663" lon="-17.01593076482929">
        <ele>899</ele>
      </trkpt>
      <trkpt lat="32.74760919321" lon="-17.0159031089071">
        <ele>897</ele>
      </trkpt>
      <trkpt lat="32.74750333778371" lon="-17.01583063131794">
        <ele>895</ele>
      </trkpt>
      <trkpt lat="32.74741369444974" lon="-17.01585065802021">
        <ele>889</ele>
      </trkpt>
      <trkpt lat="32.74732405111578" lon="-17.01586973106999">
        <ele>883</ele>
      </trkpt>
      <trkpt lat="32.74720484455464" lon="-17.01586591646003">
        <ele>876</ele>
      </trkpt>
      <trkpt lat="32.747086591646" lon="-17.01586210185008">
        <ele>869</ele>
      </trkpt>
      <trkpt lat="32.74705035285142" lon="-17.01585256532519">
        <ele>867</ele>
      </trkpt>
      <trkpt lat="32.74702746519169" lon="-17.01582300209803">
        <ele>866</ele>
      </trkpt>
      <trkpt lat="32.74702841884417" lon="-17.01577627312606">
        <ele>864</ele>
      </trkpt>
      <trkpt lat="32.74706179668129" lon="-17.01573049780659">
        <ele>864</ele>
      </trkpt>
      <trkpt lat="32.74737554835018" lon="-17.01544154110241">
        <ele>873</ele>
      </trkpt>
      <trkpt lat="32.74744039671943" lon="-17.01536334159831">
        <ele>875</ele>
      </trkpt>
      <trkpt lat="32.74750619874118" lon="-17.01528418844172">
        <ele>876</ele>
      </trkpt>
      <trkpt lat="32.74755292771314" lon="-17.0151993133702">
        <ele>876</ele>
      </trkpt>
      <trkpt lat="32.74763208086973" lon="-17.0148598130841">
        <ele>867</ele>
      </trkpt>
      <trkpt lat="32.74766164409689" lon="-17.01475681861529">
        <ele>864</ele>
      </trkpt>
      <trkpt lat="32.74769216097654" lon="-17.01465382414647">
        <ele>861</ele>
      </trkpt>
      <trkpt lat="32.74781804310509" lon="-17.01437058935723">
        <ele>855</ele>
      </trkpt>
      <trkpt lat="32.74784474537478" lon="-17.01430192637802">
        <ele>853</ele>
      </trkpt>
      <trkpt lat="32.74787144764448" lon="-17.01423326339881">
        <ele>852</ele>
      </trkpt>
      <trkpt lat="32.7478695403395" lon="-17.01413217623497">
        <ele>847</ele>
      </trkpt>
      <trkpt lat="32.74788575243181" lon="-17.01401773793629">
        <ele>845</ele>
      </trkpt>
      <trkpt lat="32.74790768643906" lon="-17.0139557505245">
        <ele>845</ele>
      </trkpt>
      <trkpt lat="32.7479305740988" lon="-17.01389280946022">
        <ele>845</ele>
      </trkpt>
      <trkpt lat="32.74791817661644" lon="-17.0138518024032">
        <ele>843</ele>
      </trkpt>
      <trkpt lat="32.7479219912264" lon="-17.01382414648101">
        <ele>843</ele>
      </trkpt>
      <trkpt lat="32.7479649055884" lon="-17.01375739080678">
        <ele>844</ele>
      </trkpt>
      <trkpt lat="32.74795727636849" lon="-17.01365439633797">
        <ele>841</ele>
      </trkpt>
      <trkpt lat="32.74792485218386" lon="-17.0135905016212">
        <ele>836</ele>
      </trkpt>
      <trkpt lat="32.74789338165173" lon="-17.01352565325195">
        <ele>832</ele>
      </trkpt>
      <trkpt lat="32.74788765973679" lon="-17.01345699027274">
        <ele>829</ele>
      </trkpt>
      <trkpt lat="32.74788289147435" lon="-17.01338737364103">
        <ele>827</ele>
      </trkpt>
      <trkpt lat="32.74790864009155" lon="-17.01335685676139">
        <ele>828</ele>
      </trkpt>
      <trkpt lat="32.74798588594317" lon="-17.01329105473964">
        <ele>834</ele>
      </trkpt>
      <trkpt lat="32.7480259393477" lon="-17.01322239176043">
        <ele>838</ele>
      </trkpt>
      <trkpt lat="32.74803547587259" lon="-17.01311653633415">
        <ele>839</ele>
      </trkpt>
      <trkpt lat="32.74808411214953" lon="-17.01305264161739">
        <ele>844</ele>
      </trkpt>
      <trkpt lat="32.74815849704368" lon="-17.01301354186533">
        <ele>850</ele>
      </trkpt>
      <trkpt lat="32.74822716002289" lon="-17.01298779324813">
        <ele>855</ele>
      </trkpt>
      <trkpt lat="32.74828247186725" lon="-17.01293343505626">
        <ele>860</ele>
      </trkpt>
      <trkpt lat="32.74836067137135" lon="-17.01288098416936">
        <ele>866</ele>
      </trkpt>
      <trkpt lat="32.74836067137135" lon="-17.01288098416936">
        <ele>866</ele>
      </trkpt>
      <trkpt lat="32.7483997711234" lon="-17.01283711615486">
        <ele>869</ele>
      </trkpt>
      <trkpt lat="32.7483997711234" lon="-17.01283711615486">
        <ele>869</ele>
      </trkpt>
      <trkpt lat="32.7484350562655" lon="-17.01283234789242">
        <ele>872</ele>
      </trkpt>
      <trkpt lat="32.74850944115964" lon="-17.01275605569329">
        <ele>877</ele>
      </trkpt>
      <trkpt lat="32.74850944115964" lon="-17.01271981689871">
        <ele>878</ele>
      </trkpt>
      <trkpt lat="32.74843124165554" lon="-17.0126864390616">
        <ele>871</ele>
      </trkpt>
      <trkpt lat="32.74835399580393" lon="-17.01265210757199">
        <ele>865</ele>
      </trkpt>
      <trkpt lat="32.74828819378219" lon="-17.01260061033758">
        <ele>861</ele>
      </trkpt>
      <trkpt lat="32.74826816707991" lon="-17.01253385466335">
        <ele>859</ele>
      </trkpt>
      <trkpt lat="32.74824814037765" lon="-17.01246614533663">
        <ele>857</ele>
      </trkpt>
      <trkpt lat="32.74818996757582" lon="-17.01239080679">
        <ele>852</ele>
      </trkpt>
      <trkpt lat="32.74813274842647" lon="-17.01231546824336">
        <ele>847</ele>
      </trkpt>
      <trkpt lat="32.7480612244898" lon="-17.01228304405874">
        <ele>842</ele>
      </trkpt>
      <trkpt lat="32.74799065420561" lon="-17.01224966622162">
        <ele>836</ele>
      </trkpt>
      <trkpt lat="32.74790959374404" lon="-17.01214667175281">
        <ele>830</ele>
      </trkpt>
      <trkpt lat="32.74786763303452" lon="-17.0120598893763">
        <ele>826</ele>
      </trkpt>
      <trkpt lat="32.74782376502003" lon="-17.01194354377264">
        <ele>822</ele>
      </trkpt>
      <trkpt lat="32.74781136753767" lon="-17.01187964905587">
        <ele>820</ele>
      </trkpt>
      <trkpt lat="32.74779897005531" lon="-17.01181575433911">
        <ele>819</ele>
      </trkpt>
      <trkpt lat="32.74784855998474" lon="-17.01172611100514">
        <ele>821</ele>
      </trkpt>
      <trkpt lat="32.74792103757391" lon="-17.01162788479877">
        <ele>824</ele>
      </trkpt>
      <trkpt lat="32.74802689300019" lon="-17.01152298302498">
        <ele>831</ele>
      </trkpt>
      <trkpt lat="32.74813370207896" lon="-17.01141808125118">
        <ele>838</ele>
      </trkpt>
      <trkpt lat="32.74821190158306" lon="-17.01135704749188">
        <ele>843</ele>
      </trkpt>
      <trkpt lat="32.74829105473965" lon="-17.0112950600801">
        <ele>848</ele>
      </trkpt>
      <trkpt lat="32.74839500286096" lon="-17.01120446309364">
        <ele>855</ele>
      </trkpt>
      <trkpt lat="32.74839500286096" lon="-17.01120446309364">
        <ele>855</ele>
      </trkpt>
      <trkpt lat="32.74843314896052" lon="-17.01114915124927">
        <ele>858</ele>
      </trkpt>
      <trkpt lat="32.74843314896052" lon="-17.01114915124927">
        <ele>858</ele>
      </trkpt>
      <trkpt lat="32.74845126835781" lon="-17.01109765401487">
        <ele>859</ele>
      </trkpt>
      <trkpt lat="32.74842075147816" lon="-17.01103852756055">
        <ele>857</ele>
      </trkpt>
      <trkpt lat="32.74836353232882" lon="-17.01099370589356">
        <ele>853</ele>
      </trkpt>
      <trkpt lat="32.74832443257677" lon="-17.01093076482929">
        <ele>851</ele>
      </trkpt>
      <trkpt lat="32.74828533282472" lon="-17.01086782376501">
        <ele>849</ele>
      </trkpt>
      <trkpt lat="32.74828342551974" lon="-17.01079534617584">
        <ele>848</ele>
      </trkpt>
      <trkpt lat="32.74832061796681" lon="-17.01067900057218">
        <ele>849</ele>
      </trkpt>
      <trkpt lat="32.74837592981117" lon="-17.01058935723821">
        <ele>851</ele>
      </trkpt>
      <trkpt lat="32.74843982452794" lon="-17.01050734312416">
        <ele>854</ele>
      </trkpt>
      <trkpt lat="32.74844459279038" lon="-17.01045966049971">
        <ele>854</ele>
      </trkpt>
      <trkpt lat="32.74843124165554" lon="-17.01040625596032">
        <ele>852</ele>
      </trkpt>
      <trkpt lat="32.74831775700935" lon="-17.01029849322906">
        <ele>843</ele>
      </trkpt>
      <trkpt lat="32.74829773030707" lon="-17.01022792294487">
        <ele>841</ele>
      </trkpt>
      <trkpt lat="32.74831775700935" lon="-17.01016975014304">
        <ele>842</ele>
      </trkpt>
      <trkpt lat="32.7483568567614" lon="-17.01012778943352">
        <ele>843</ele>
      </trkpt>
      <trkpt lat="32.74841407591074" lon="-17.01008106046156">
        <ele>847</ele>
      </trkpt>
      <trkpt lat="32.74849036810986" lon="-17.01004577531947">
        <ele>852</ele>
      </trkpt>
      <trkpt lat="32.74858573335877" lon="-17.01003623879457">
        <ele>858</ele>
      </trkpt>
      <trkpt lat="32.74862769406828" lon="-17.01000190730497">
        <ele>861</ele>
      </trkpt>
      <trkpt lat="32.74861529658592" lon="-17.00991131031851">
        <ele>860</ele>
      </trkpt>
      <trkpt lat="32.7485819187488" lon="-17.00982834255197">
        <ele>857</ele>
      </trkpt>
      <trkpt lat="32.74850753385466" lon="-17.00975014304786">
        <ele>852</ele>
      </trkpt>
      <trkpt lat="32.74842265878314" lon="-17.00967289719625">
        <ele>846</ele>
      </trkpt>
      <trkpt lat="32.7483740225062" lon="-17.00961090978447">
        <ele>842</ele>
      </trkpt>
      <trkpt lat="32.74837020789624" lon="-17.00955178333015">
        <ele>842</ele>
      </trkpt>
      <trkpt lat="32.74839214190349" lon="-17.0094602326912">
        <ele>843</ele>
      </trkpt>
      <trkpt lat="32.74846748045012" lon="-17.0093906160595">
        <ele>848</ele>
      </trkpt>
      <trkpt lat="32.74850753385466" lon="-17.00934102613007">
        <ele>851</ele>
      </trkpt>
      <trkpt lat="32.74851420942208" lon="-17.00926187297348">
        <ele>851</ele>
      </trkpt>
      <trkpt lat="32.74852565325195" lon="-17.0092256341789">
        <ele>851</ele>
      </trkpt>
      <trkpt lat="32.74855617013161" lon="-17.00919607095173">
        <ele>853</ele>
      </trkpt>
      <trkpt lat="32.74857905779134" lon="-17.00914171275986">
        <ele>855</ele>
      </trkpt>
      <trkpt lat="32.74852279229449" lon="-17.00908258630554">
        <ele>852</ele>
      </trkpt>
      <trkpt lat="32.7485046728972" lon="-17.00905016212091">
        <ele>852</ele>
      </trkpt>
      <trkpt lat="32.74852565325195" lon="-17.00895670417699">
        <ele>855</ele>
      </trkpt>
      <trkpt lat="32.74854663360671" lon="-17.00886229258057">
        <ele>858</ele>
      </trkpt>
      <trkpt lat="32.74856284569903" lon="-17.00874880793438">
        <ele>860</ele>
      </trkpt>
      <trkpt lat="32.74857905779134" lon="-17.0086343696357">
        <ele>863</ele>
      </trkpt>
      <trkpt lat="32.74857905779134" lon="-17.0086343696357">
        <ele>863</ele>
      </trkpt>
      <trkpt lat="32.74857524318139" lon="-17.00856666030898">
        <ele>864</ele>
      </trkpt>
      <trkpt lat="32.74857524318139" lon="-17.00856666030898">
        <ele>864</ele>
      </trkpt>
      <trkpt lat="32.74853518977685" lon="-17.00846938775509">
        <ele>864</ele>
      </trkpt>
      <trkpt lat="32.74851993133702" lon="-17.00846080488269">
        <ele>863</ele>
      </trkpt>
      <trkpt lat="32.74849418271982" lon="-17.00850562654968">
        <ele>861</ele>
      </trkpt>
      <trkpt lat="32.74841598321571" lon="-17.00856856761395">
        <ele>855</ele>
      </trkpt>
      <trkpt lat="32.74836162502384" lon="-17.00857428952889">
        <ele>852</ele>
      </trkpt>
      <trkpt lat="32.74833396910166" lon="-17.00858477970626">
        <ele>851</ele>
      </trkpt>
      <trkpt lat="32.74827198168988" lon="-17.00857905779133">
        <ele>848</ele>
      </trkpt>
      <trkpt lat="32.74821476254053" lon="-17.00852374594697">
        <ele>846</ele>
      </trkpt>
      <trkpt lat="32.7481651726111" lon="-17.00845317566278">
        <ele>845</ele>
      </trkpt>
      <trkpt lat="32.74811844363914" lon="-17.00841026130077">
        <ele>844</ele>
      </trkpt>
      <trkpt lat="32.74807171466718" lon="-17.00838737364104">
        <ele>842</ele>
      </trkpt>
      <trkpt lat="32.74796299828343" lon="-17.00836162502383">
        <ele>838</ele>
      </trkpt>
      <trkpt lat="32.74789052069426" lon="-17.00833110814418">
        <ele>835</ele>
      </trkpt>
      <trkpt lat="32.74787907686439" lon="-17.00829200839213">
        <ele>835</ele>
      </trkpt>
      <trkpt lat="32.7479038718291" lon="-17.00817852374594">
        <ele>838</ele>
      </trkpt>
      <trkpt lat="32.74791626931146" lon="-17.00808125119206">
        <ele>840</ele>
      </trkpt>
      <trkpt lat="32.74792866679382" lon="-17.00798302498569">
        <ele>842</ele>
      </trkpt>
      <trkpt lat="32.74794583253863" lon="-17.00792199122639">
        <ele>844</ele>
      </trkpt>
      <trkpt lat="32.74796395193592" lon="-17.0078600038146">
        <ele>846</ele>
      </trkpt>
      <trkpt lat="32.74801258821285" lon="-17.00779420179286">
        <ele>850</ele>
      </trkpt>
      <trkpt lat="32.74804024413504" lon="-17.00773126072858">
        <ele>852</ele>
      </trkpt>
      <trkpt lat="32.74804024413504" lon="-17.00768930001906">
        <ele>853</ele>
      </trkpt>
      <trkpt lat="32.74802784665268" lon="-17.0076339881747">
        <ele>853</ele>
      </trkpt>
      <trkpt lat="32.74799828342552" lon="-17.0075557886706">
        <ele>853</ele>
      </trkpt>
      <trkpt lat="32.74797539576578" lon="-17.00750810604615">
        <ele>852</ele>
      </trkpt>
      <trkpt lat="32.74789147434675" lon="-17.0074604234217">
        <ele>848</ele>
      </trkpt>
      <trkpt lat="32.74782281136753" lon="-17.00744897959183">
        <ele>844</ele>
      </trkpt>
      <trkpt lat="32.74775510204081" lon="-17.00743658210947">
        <ele>841</ele>
      </trkpt>
      <trkpt lat="32.74763971008964" lon="-17.00737936296013">
        <ele>835</ele>
      </trkpt>
      <trkpt lat="32.74758344459279" lon="-17.00735838260537">
        <ele>832</ele>
      </trkpt>
      <trkpt lat="32.74750905969864" lon="-17.00730211710852">
        <ele>828</ele>
      </trkpt>
      <trkpt lat="32.74743181384704" lon="-17.00729162693114">
        <ele>825</ele>
      </trkpt>
      <trkpt lat="32.74735456799542" lon="-17.00728018310127">
        <ele>822</ele>
      </trkpt>
      <trkpt lat="32.74729734884608" lon="-17.00721914934197">
        <ele>820</ele>
      </trkpt>
      <trkpt lat="32.7472611100515" lon="-17.00713522792294">
        <ele>818</ele>
      </trkpt>
      <trkpt lat="32.74722487125691" lon="-17.0070513065039">
        <ele>817</ele>
      </trkpt>
      <trkpt lat="32.7472086591646" lon="-17.00695689490749">
        <ele>817</ele>
      </trkpt>
      <trkpt lat="32.74721438107954" lon="-17.00689204653823">
        <ele>817</ele>
      </trkpt>
      <trkpt lat="32.74720102994469" lon="-17.00677570093457">
        <ele>817</ele>
      </trkpt>
      <trkpt lat="32.74718291054739" lon="-17.00668224299065">
        <ele>817</ele>
      </trkpt>
      <trkpt lat="32.7471476254053" lon="-17.00659832157161">
        <ele>813</ele>
      </trkpt>
      <trkpt lat="32.74713427427046" lon="-17.00652775128742">
        <ele>811</ele>
      </trkpt>
      <trkpt lat="32.74714476444783" lon="-17.00646481022315">
        <ele>810</ele>
      </trkpt>
      <trkpt lat="32.7471562082777" lon="-17.00640091550638">
        <ele>810</ele>
      </trkpt>
      <trkpt lat="32.74717909593744" lon="-17.00635132557695">
        <ele>810</ele>
      </trkpt>
      <trkpt lat="32.74724585161167" lon="-17.00629124547014">
        <ele>812</ele>
      </trkpt>
      <trkpt lat="32.74731356093839" lon="-17.00623021171084">
        <ele>814</ele>
      </trkpt>
      <trkpt lat="32.74758630555026" lon="-17.00603948121304">
        <ele>824</ele>
      </trkpt>
      <trkpt lat="32.74765496852947" lon="-17.00601373259583">
        <ele>826</ele>
      </trkpt>
      <trkpt lat="32.74772458516117" lon="-17.00598703032614">
        <ele>829</ele>
      </trkpt>
      <trkpt lat="32.74781232119016" lon="-17.00596223536143">
        <ele>832</ele>
      </trkpt>
      <trkpt lat="32.74789624260919" lon="-17.00588785046728">
        <ele>834</ele>
      </trkpt>
      <trkpt lat="32.74797253480832" lon="-17.00584588975776">
        <ele>836</ele>
      </trkpt>
      <trkpt lat="32.74803261491513" lon="-17.00578867060842">
        <ele>839</ele>
      </trkpt>
      <trkpt lat="32.7480955559794" lon="-17.00567518596223">
        <ele>843</ele>
      </trkpt>
      <trkpt lat="32.74815945069616" lon="-17.0055988937631">
        <ele>847</ele>
      </trkpt>
      <trkpt lat="32.74822334541293" lon="-17.00552164791149">
        <ele>850</ele>
      </trkpt>
      <trkpt lat="32.74825386229258" lon="-17.0054596604997">
        <ele>852</ele>
      </trkpt>
      <trkpt lat="32.74828437917223" lon="-17.00539767308792">
        <ele>854</ele>
      </trkpt>
      <trkpt lat="32.74835399580393" lon="-17.00530993705893">
        <ele>857</ele>
      </trkpt>
      <trkpt lat="32.74838069807362" lon="-17.00525367156207">
        <ele>859</ele>
      </trkpt>
      <trkpt lat="32.74838069807362" lon="-17.00525367156207">
        <ele>859</ele>
      </trkpt>
      <trkpt lat="32.74838069807362" lon="-17.00518405493037">
        <ele>859</ele>
      </trkpt>
      <trkpt lat="32.74838069807362" lon="-17.00518405493037">
        <ele>859</ele>
      </trkpt>
      <trkpt lat="32.74837116154873" lon="-17.00512683578103">
        <ele>859</ele>
      </trkpt>
      <trkpt lat="32.74834255197406" lon="-17.00509536524889">
        <ele>859</ele>
      </trkpt>
      <trkpt lat="32.74829963761206" lon="-17.00509536524889">
        <ele>857</ele>
      </trkpt>
      <trkpt lat="32.74826530612245" lon="-17.00512588212854">
        <ele>856</ele>
      </trkpt>
      <trkpt lat="32.74815849704368" lon="-17.00518691588784">
        <ele>852</ele>
      </trkpt>
      <trkpt lat="32.74804119778753" lon="-17.00527083730688">
        <ele>847</ele>
      </trkpt>
      <trkpt lat="32.74797730307076" lon="-17.00527274461185">
        <ele>844</ele>
      </trkpt>
      <trkpt lat="32.7478695403395" lon="-17.00525653251954">
        <ele>841</ele>
      </trkpt>
      <trkpt lat="32.74779610909785" lon="-17.00522792294487">
        <ele>839</ele>
      </trkpt>
      <trkpt lat="32.74767785618921" lon="-17.0052431813847">
        <ele>835</ele>
      </trkpt>
      <trkpt lat="32.74757486172039" lon="-17.00522029372496">
        <ele>832</ele>
      </trkpt>
      <trkpt lat="32.74748426473393" lon="-17.00521075720007">
        <ele>828</ele>
      </trkpt>
      <trkpt lat="32.74744135037192" lon="-17.00517547205797">
        <ele>827</ele>
      </trkpt>
      <trkpt lat="32.74742895288956" lon="-17.00513351134845">
        <ele>827</ele>
      </trkpt>
      <trkpt lat="32.74742227732214" lon="-17.00505817280182">
        <ele>828</ele>
      </trkpt>
      <trkpt lat="32.74740225061987" lon="-17.00499237078008">
        <ele>828</ele>
      </trkpt>
      <trkpt lat="32.74736124356284" lon="-17.00494850276558">
        <ele>827</ele>
      </trkpt>
      <trkpt lat="32.7473221438108" lon="-17.00492752241082">
        <ele>825</ele>
      </trkpt>
      <trkpt lat="32.74724871256914" lon="-17.00490749570855">
        <ele>821</ele>
      </trkpt>
      <trkpt lat="32.74717623497997" lon="-17.00488746900628">
        <ele>817</ele>
      </trkpt>
      <trkpt lat="32.74715525462521" lon="-17.00486362769406">
        <ele>816</ele>
      </trkpt>
      <trkpt lat="32.74713236696548" lon="-17.00479591836734">
        <ele>817</ele>
      </trkpt>
      <trkpt lat="32.74711043295823" lon="-17.00472820904062">
        <ele>818</ele>
      </trkpt>
      <trkpt lat="32.7471037573908" lon="-17.00463284379171">
        <ele>820</ele>
      </trkpt>
      <trkpt lat="32.74709708182338" lon="-17.00453747854281">
        <ele>823</ele>
      </trkpt>
      <trkpt lat="32.74707991607858" lon="-17.00443066946404">
        <ele>825</ele>
      </trkpt>
      <trkpt lat="32.74706370398627" lon="-17.00432386038527">
        <ele>827</ele>
      </trkpt>
      <trkpt lat="32.74704653824146" lon="-17.00423803166125">
        <ele>829</ele>
      </trkpt>
      <trkpt lat="32.74703032614915" lon="-17.00415220293724">
        <ele>830</ele>
      </trkpt>
      <trkpt lat="32.74701029944688" lon="-17.00407686439061">
        <ele>830</ele>
      </trkpt>
      <trkpt lat="32.74699027274461" lon="-17.00400057219148">
        <ele>830</ele>
      </trkpt>
      <trkpt lat="32.74698073621972" lon="-17.00390711424756">
        <ele>830</ele>
      </trkpt>
      <trkpt lat="32.74698168987221" lon="-17.0038251001335">
        <ele>831</ele>
      </trkpt>
      <trkpt lat="32.74700076292199" lon="-17.00374403967194">
        <ele>833</ele>
      </trkpt>
      <trkpt lat="32.74700076292199" lon="-17.00366965477779">
        <ele>834</ele>
      </trkpt>
      <trkpt lat="32.74697692160976" lon="-17.00355330917413">
        <ele>833</ele>
      </trkpt>
      <trkpt lat="32.74698073621972" lon="-17.0034598512302">
        <ele>835</ele>
      </trkpt>
      <trkpt lat="32.74701220675186" lon="-17.00338546633606">
        <ele>838</ele>
      </trkpt>
      <trkpt lat="32.74706847224871" lon="-17.00331775700934">
        <ele>842</ele>
      </trkpt>
      <trkpt lat="32.7471132939157" lon="-17.00328151821475">
        <ele>846</ele>
      </trkpt>
      <trkpt lat="32.74714571810033" lon="-17.00323478924279">
        <ele>848</ele>
      </trkpt>
      <trkpt lat="32.74716765210757" lon="-17.00318615296585">
        <ele>850</ele>
      </trkpt>
      <trkpt lat="32.74717909593744" lon="-17.00310986076673">
        <ele>852</ele>
      </trkpt>
      <trkpt lat="32.74716574480259" lon="-17.00302593934769">
        <ele>852</ele>
      </trkpt>
      <trkpt lat="32.74715334732024" lon="-17.00294106427617">
        <ele>852</ele>
      </trkpt>
      <trkpt lat="32.74715048636277" lon="-17.002868586687">
        <ele>852</ele>
      </trkpt>
      <trkpt lat="32.74714857905779" lon="-17.00279515544535">
        <ele>852</ele>
      </trkpt>
      <trkpt lat="32.74719912263971" lon="-17.0025205035285">
        <ele>859</ele>
      </trkpt>
      <trkpt lat="32.74722868586687" lon="-17.00243467480449">
        <ele>862</ele>
      </trkpt>
      <trkpt lat="32.74722868586687" lon="-17.0023993896624">
        <ele>862</ele>
      </trkpt>
      <trkpt lat="32.74720675185962" lon="-17.00237840930764">
        <ele>861</ele>
      </trkpt>
      <trkpt lat="32.7470961281709" lon="-17.00238031661262">
        <ele>853</ele>
      </trkpt>
      <trkpt lat="32.74700457753195" lon="-17.00235647530039">
        <ele>847</ele>
      </trkpt>
      <trkpt lat="32.74693114629029" lon="-17.00231832920083">
        <ele>843</ele>
      </trkpt>
      <trkpt lat="32.74689395384322" lon="-17.00224012969673">
        <ele>842</ele>
      </trkpt>
      <trkpt lat="32.74691493419798" lon="-17.00215430097272">
        <ele>845</ele>
      </trkpt>
      <trkpt lat="32.74693591455274" lon="-17.0020684722487">
        <ele>848</ele>
      </trkpt>
      <trkpt lat="32.74691111958802" lon="-17.00197882891473">
        <ele>849</ele>
      </trkpt>
      <trkpt lat="32.74686248331108" lon="-17.00190921228304">
        <ele>848</ele>
      </trkpt>
      <trkpt lat="32.74685866870112" lon="-17.00184341026129">
        <ele>849</ele>
      </trkpt>
      <trkpt lat="32.7468872782758" lon="-17.00179858859431">
        <ele>852</ele>
      </trkpt>
      <trkpt lat="32.74697882891474" lon="-17.00171180621781">
        <ele>858</ele>
      </trkpt>
      <trkpt lat="32.74707037955369" lon="-17.00162407018881">
        <ele>863</ele>
      </trkpt>
      <trkpt lat="32.74710089643334" lon="-17.00156875834445">
        <ele>865</ele>
      </trkpt>
      <trkpt lat="32.74711901583063" lon="-17.00148674423039">
        <ele>867</ele>
      </trkpt>
      <trkpt lat="32.74717051306504" lon="-17.00138374976158">
        <ele>871</ele>
      </trkpt>
      <trkpt lat="32.74722201029945" lon="-17.00127980164027">
        <ele>874</ele>
      </trkpt>
      <trkpt lat="32.7473221438108" lon="-17.0009908449361">
        <ele>880</ele>
      </trkpt>
      <trkpt lat="32.74734312416555" lon="-17.00091741369444">
        <ele>882</ele>
      </trkpt>
      <trkpt lat="32.74734121686058" lon="-17.00085065802021">
        <ele>882</ele>
      </trkpt>
      <trkpt lat="32.74734121686058" lon="-17.00085065802021">
        <ele>882</ele>
      </trkpt>
      <trkpt lat="32.74730307076101" lon="-17.00077436582109">
        <ele>883</ele>
      </trkpt>
      <trkpt lat="32.74730307076101" lon="-17.00077436582109">
        <ele>883</ele>
      </trkpt>
      <trkpt lat="32.74723250047683" lon="-17.00074003433148">
        <ele>882</ele>
      </trkpt>
      <trkpt lat="32.7471390425329" lon="-17.00074098798397">
        <ele>880</ele>
      </trkpt>
      <trkpt lat="32.74707133320618" lon="-17.00075243181384">
        <ele>878</ele>
      </trkpt>
      <trkpt lat="32.74700457753195" lon="-17.00076292199122">
        <ele>877</ele>
      </trkpt>
      <trkpt lat="32.74694163646767" lon="-17.00080488270073">
        <ele>874</ele>
      </trkpt>
      <trkpt lat="32.74687964905588" lon="-17.00084588975776">
        <ele>872</ele>
      </trkpt>
      <trkpt lat="32.74681670799161" lon="-17.00090501621208">
        <ele>869</ele>
      </trkpt>
      <trkpt lat="32.74675376692733" lon="-17.00096318901391">
        <ele>866</ele>
      </trkpt>
      <trkpt lat="32.74667556742323" lon="-17.00100419607094">
        <ele>863</ele>
      </trkpt>
      <trkpt lat="32.74659832157162" lon="-17.00104520312797">
        <ele>859</ele>
      </trkpt>
      <trkpt lat="32.74649341979782" lon="-17.00107858096509">
        <ele>854</ele>
      </trkpt>
      <trkpt lat="32.74638947167652" lon="-17.00111100514971">
        <ele>849</ele>
      </trkpt>
      <trkpt lat="32.74633320617967" lon="-17.00111005149722">
        <ele>847</ele>
      </trkpt>
      <trkpt lat="32.74625405302308" lon="-17.0010690444402">
        <ele>845</ele>
      </trkpt>
      <trkpt lat="32.74622925805836" lon="-17.00102231546823">
        <ele>845</ele>
      </trkpt>
      <trkpt lat="32.74624642380316" lon="-17.00096032805645">
        <ele>848</ele>
      </trkpt>
      <trkpt lat="32.74629029181766" lon="-17.0008516116727">
        <ele>852</ele>
      </trkpt>
      <trkpt lat="32.74633225252718" lon="-17.00077245851611">
        <ele>856</ele>
      </trkpt>
      <trkpt lat="32.74637230593172" lon="-17.00066374213236">
        <ele>861</ele>
      </trkpt>
      <trkpt lat="32.74641235933625" lon="-17.00055407209612">
        <ele>865</ele>
      </trkpt>
      <trkpt lat="32.74641235933625" lon="-17.00055407209612">
        <ele>865</ele>
      </trkpt>
      <trkpt lat="32.74642761777609" lon="-17.00048159450695">
        <ele>868</ele>
      </trkpt>
      <trkpt lat="32.74642761777609" lon="-17.00048159450695">
        <ele>868</ele>
      </trkpt>
      <trkpt lat="32.74643047873355" lon="-17.00044917032233">
        <ele>869</ele>
      </trkpt>
      <trkpt lat="32.74641522029373" lon="-17.00043009727255">
        <ele>869</ele>
      </trkpt>
      <trkpt lat="32.74638374976158" lon="-17.00042914362006">
        <ele>868</ele>
      </trkpt>
      <trkpt lat="32.74630078199504" lon="-17.00043963379743">
        <ele>864</ele>
      </trkpt>
      <trkpt lat="32.74621781422849" lon="-17.00045012397482">
        <ele>861</ele>
      </trkpt>
      <trkpt lat="32.74613007819951" lon="-17.00043200457752">
        <ele>859</ele>
      </trkpt>
      <trkpt lat="32.74603662025558" lon="-17.00039195117298">
        <ele>857</ele>
      </trkpt>
      <trkpt lat="32.74596032805646" lon="-17.00037192447071">
        <ele>855</ele>
      </trkpt>
      <trkpt lat="32.74590120160214" lon="-17.00033377837115">
        <ele>854</ele>
      </trkpt>
      <trkpt lat="32.74586687011253" lon="-17.00021361815753">
        <ele>857</ele>
      </trkpt>
      <trkpt lat="32.74588308220484" lon="-17.00013637230592">
        <ele>860</ele>
      </trkpt>
      <trkpt lat="32.74589929429716" lon="-17.00005817280182">
        <ele>863</ele>
      </trkpt>
      <trkpt lat="32.74590501621209" lon="-16.99999999999999">
        <ele>860</ele>
      </trkpt>
      <trkpt lat="32.74590501621209" lon="-17.00000000000001">
        <ele>860</ele>
      </trkpt>
      <trkpt lat="32.74591264543201" lon="-16.99991035666604">
        <ele>862</ele>
      </trkpt>
      <trkpt lat="32.74593744039672" lon="-16.99979877932482">
        <ele>865</ele>
      </trkpt>
      <trkpt lat="32.74594125500668" lon="-16.99973679191304">
        <ele>866</ele>
      </trkpt>
      <trkpt lat="32.74594506961663" lon="-16.99967480450125">
        <ele>867</ele>
      </trkpt>
      <trkpt lat="32.74591455273698" lon="-16.99956799542248">
        <ele>869</ele>
      </trkpt>
      <trkpt lat="32.74586687011253" lon="-16.99952126645051">
        <ele>869</ele>
      </trkpt>
      <trkpt lat="32.74580297539577" lon="-16.9995308029754">
        <ele>867</ele>
      </trkpt>
      <trkpt lat="32.74574384894144" lon="-16.99955082967767">
        <ele>866</ele>
      </trkpt>
      <trkpt lat="32.74569711996948" lon="-16.99953271028038">
        <ele>866</ele>
      </trkpt>
      <trkpt lat="32.74560270837307" lon="-16.99946213999619">
        <ele>865</ele>
      </trkpt>
      <trkpt lat="32.74556837688346" lon="-16.99939156971201">
        <ele>866</ele>
      </trkpt>
      <trkpt lat="32.74553499904635" lon="-16.99932099942782">
        <ele>867</ele>
      </trkpt>
      <trkpt lat="32.74548540911692" lon="-16.99925996566852">
        <ele>867</ele>
      </trkpt>
      <trkpt lat="32.74543581918748" lon="-16.99919797825673">
        <ele>867</ele>
      </trkpt>
      <trkpt lat="32.74542056074766" lon="-16.99912836162503">
        <ele>868</ele>
      </trkpt>
      <trkpt lat="32.74541865344268" lon="-16.9990530230784">
        <ele>870</ele>
      </trkpt>
      <trkpt lat="32.7454176997902" lon="-16.99897768453177">
        <ele>871</ele>
      </trkpt>
      <trkpt lat="32.74540434865535" lon="-16.99890711424758">
        <ele>872</ele>
      </trkpt>
      <trkpt lat="32.74539195117299" lon="-16.9988355903109">
        <ele>873</ele>
      </trkpt>
      <trkpt lat="32.74534712950601" lon="-16.99871924470724">
        <ele>875</ele>
      </trkpt>
      <trkpt lat="32.7453213808888" lon="-16.99862578676331">
        <ele>876</ele>
      </trkpt>
      <trkpt lat="32.7452956322716" lon="-16.99853232881939">
        <ele>877</ele>
      </trkpt>
      <trkpt lat="32.74525176425711" lon="-16.99828628647722">
        <ele>882</ele>
      </trkpt>
      <trkpt lat="32.74525176425711" lon="-16.99828628647722">
        <ele>882</ele>
      </trkpt>
      <trkpt lat="32.74517833301545" lon="-16.99823955750525">
        <ele>882</ele>
      </trkpt>
      <trkpt lat="32.74517833301545" lon="-16.99823955750525">
        <ele>882</ele>
      </trkpt>
      <trkpt lat="32.74512111386611" lon="-16.99821380888805">
        <ele>882</ele>
      </trkpt>
      <trkpt lat="32.74504482166699" lon="-16.99822334541294">
        <ele>881</ele>
      </trkpt>
      <trkpt lat="32.74501144382987" lon="-16.99828247186726">
        <ele>880</ele>
      </trkpt>
      <trkpt lat="32.74498378790769" lon="-16.99836543963381">
        <ele>879</ele>
      </trkpt>
      <trkpt lat="32.74498092695022" lon="-16.99842742704559">
        <ele>878</ele>
      </trkpt>
      <trkpt lat="32.74496376120542" lon="-16.99849322906734">
        <ele>877</ele>
      </trkpt>
      <trkpt lat="32.74492370780088" lon="-16.99855998474157">
        <ele>877</ele>
      </trkpt>
      <trkpt lat="32.74487030326149" lon="-16.99861625023842">
        <ele>879</ele>
      </trkpt>
      <trkpt lat="32.74484741560175" lon="-16.99867728399772">
        <ele>879</ele>
      </trkpt>
      <trkpt lat="32.74484074003433" lon="-16.99876978828916">
        <ele>877</ele>
      </trkpt>
      <trkpt lat="32.7448350181194" lon="-16.99886229258059">
        <ele>875</ele>
      </trkpt>
      <trkpt lat="32.74480450123975" lon="-16.99895384321954">
        <ele>875</ele>
      </trkpt>
      <trkpt lat="32.74476254053023" lon="-16.9989919893191">
        <ele>876</ele>
      </trkpt>
      <trkpt lat="32.74473393095556" lon="-16.99904157924853">
        <ele>876</ele>
      </trkpt>
      <trkpt lat="32.74473679191303" lon="-16.99906732786573">
        <ele>875</ele>
      </trkpt>
      <trkpt lat="32.7447825672325" lon="-16.99907686439062">
        <ele>873</ele>
      </trkpt>
      <trkpt lat="32.74481975967957" lon="-16.99911024222774">
        <ele>870</ele>
      </trkpt>
      <trkpt lat="32.74482357428953" lon="-16.99919034903682">
        <ele>869</ele>
      </trkpt>
      <trkpt lat="32.74480164028228" lon="-16.99924184627123">
        <ele>869</ele>
      </trkpt>
      <trkpt lat="32.74474632843792" lon="-16.99931813847035">
        <ele>871</ele>
      </trkpt>
      <trkpt lat="32.74470913599085" lon="-16.99941350371925">
        <ele>872</ele>
      </trkpt>
      <trkpt lat="32.74471199694831" lon="-16.99951649818807">
        <ele>870</ele>
      </trkpt>
      <trkpt lat="32.74471485790578" lon="-16.99961949265688">
        <ele>869</ele>
      </trkpt>
      <trkpt lat="32.74470818233836" lon="-16.99969292389854">
        <ele>868</ele>
      </trkpt>
      <trkpt lat="32.74468052641618" lon="-16.9997310699981">
        <ele>869</ele>
      </trkpt>
      <trkpt lat="32.74465096318902" lon="-16.99974156017548">
        <ele>871</ele>
      </trkpt>
      <trkpt lat="32.74457943925233" lon="-16.99974442113295">
        <ele>875</ele>
      </trkpt>
      <trkpt lat="32.74453652489033" lon="-16.99973583826055">
        <ele>877</ele>
      </trkpt>
      <trkpt lat="32.74450982262064" lon="-16.99975491131033">
        <ele>878</ele>
      </trkpt>
      <trkpt lat="32.74451745184055" lon="-16.99983024985696">
        <ele>877</ele>
      </trkpt>
      <trkpt lat="32.74449456418081" lon="-16.99994659546062">
        <ele>877</ele>
      </trkpt>
      <trkpt lat="32.74447072286858" lon="-17.00000000000001">
        <ele>878</ele>
      </trkpt>
      <trkpt lat="32.74447072286858" lon="-16.99999999999999">
        <ele>878</ele>
      </trkpt>
      <trkpt lat="32.74445641808125" lon="-17.00003337783711">
        <ele>886</ele>
      </trkpt>
      <trkpt lat="32.74444115964143" lon="-17.00010680907876">
        <ele>886</ele>
      </trkpt>
      <trkpt lat="32.74446404730116" lon="-17.00019645241273">
        <ele>884</ele>
      </trkpt>
      <trkpt lat="32.74448979591837" lon="-17.0002422277322">
        <ele>882</ele>
      </trkpt>
      <trkpt lat="32.74454320045776" lon="-17.0005035285142">
        <ele>875</ele>
      </trkpt>
      <trkpt lat="32.7445832538623" lon="-17.00057791340835">
        <ele>872</ele>
      </trkpt>
      <trkpt lat="32.74462426091932" lon="-17.00065134465">
        <ele>868</ele>
      </trkpt>
      <trkpt lat="32.74465287049399" lon="-17.00074194163646">
        <ele>865</ele>
      </trkpt>
      <trkpt lat="32.74465859240892" lon="-17.00082204844554">
        <ele>864</ele>
      </trkpt>
      <trkpt lat="32.74466526797635" lon="-17.00090120160213">
        <ele>862</ele>
      </trkpt>
      <trkpt lat="32.7446872019836" lon="-17.00101468624832">
        <ele>859</ele>
      </trkpt>
      <trkpt lat="32.74469387755102" lon="-17.00113580011443">
        <ele>857</ele>
      </trkpt>
      <trkpt lat="32.7446786191112" lon="-17.00119683387373">
        <ele>858</ele>
      </trkpt>
      <trkpt lat="32.74465287049399" lon="-17.00123879458324">
        <ele>859</ele>
      </trkpt>
      <trkpt lat="32.744608048827" lon="-17.00128361625023">
        <ele>861</ele>
      </trkpt>
      <trkpt lat="32.74459374403967" lon="-17.0013122258249">
        <ele>862</ele>
      </trkpt>
      <trkpt lat="32.74458992942971" lon="-17.00138756437153">
        <ele>861</ele>
      </trkpt>
      <trkpt lat="32.74456894907496" lon="-17.00144955178332">
        <ele>862</ele>
      </trkpt>
      <trkpt lat="32.74452412740797" lon="-17.00151916841502">
        <ele>864</ele>
      </trkpt>
      <trkpt lat="32.74445641808125" lon="-17.00158401678427">
        <ele>868</ele>
      </trkpt>
      <trkpt lat="32.74441827198169" lon="-17.00196070951744">
        <ele>865</ele>
      </trkpt>
      <trkpt lat="32.74436009917986" lon="-17.0020341407591">
        <ele>868</ele>
      </trkpt>
      <trkpt lat="32.74430764829296" lon="-17.00213141331298">
        <ele>871</ele>
      </trkpt>
      <trkpt lat="32.74429715811559" lon="-17.0021905397673">
        <ele>871</ele>
      </trkpt>
      <trkpt lat="32.74430955559794" lon="-17.00226683196642">
        <ele>869</ele>
      </trkpt>
      <trkpt lat="32.74432290673278" lon="-17.00234312416555">
        <ele>867</ele>
      </trkpt>
      <trkpt lat="32.74436105283235" lon="-17.00243658210947">
        <ele>863</ele>
      </trkpt>
      <trkpt lat="32.7444001525844" lon="-17.00252908640091">
        <ele>859</ele>
      </trkpt>
      <trkpt lat="32.74441255006676" lon="-17.0025910738127">
        <ele>858</ele>
      </trkpt>
      <trkpt lat="32.74440587449934" lon="-17.00262731260728">
        <ele>858</ele>
      </trkpt>
      <trkpt lat="32.74436772839977" lon="-17.00264733930955">
        <ele>860</ele>
      </trkpt>
      <trkpt lat="32.74430669464047" lon="-17.0026425710471">
        <ele>864</ele>
      </trkpt>
      <trkpt lat="32.74424566088118" lon="-17.00263684913217">
        <ele>868</ele>
      </trkpt>
      <trkpt lat="32.74422181956895" lon="-17.00265782948692">
        <ele>870</ele>
      </trkpt>
      <trkpt lat="32.74420942208659" lon="-17.0027036048064">
        <ele>870</ele>
      </trkpt>
      <trkpt lat="32.74424184627122" lon="-17.00281899675757">
        <ele>866</ele>
      </trkpt>
      <trkpt lat="32.74424566088118" lon="-17.00290673278656">
        <ele>865</ele>
      </trkpt>
      <trkpt lat="32.74422944878886" lon="-17.00295250810604">
        <ele>865</ele>
      </trkpt>
      <trkpt lat="32.74418939538432" lon="-17.0030078199504">
        <ele>868</ele>
      </trkpt>
      <trkpt lat="32.74418653442685" lon="-17.00305836353232">
        <ele>867</ele>
      </trkpt>
      <trkpt lat="32.74420370017166" lon="-17.00311367537669">
        <ele>865</ele>
      </trkpt>
      <trkpt lat="32.7442866679382" lon="-17.0031995041007">
        <ele>858</ele>
      </trkpt>
      <trkpt lat="32.74430574098798" lon="-17.00323765020026">
        <ele>856</ele>
      </trkpt>
      <trkpt lat="32.74431241655541" lon="-17.00329010108716">
        <ele>855</ele>
      </trkpt>
      <trkpt lat="32.74421037573908" lon="-17.00355426282662">
        <ele>858</ele>
      </trkpt>
      <trkpt lat="32.74416936868205" lon="-17.00362769406827">
        <ele>860</ele>
      </trkpt>
      <trkpt lat="32.74412931527751" lon="-17.00370112530993">
        <ele>861</ele>
      </trkpt>
      <trkpt lat="32.74411882510013" lon="-17.00380698073621">
        <ele>860</ele>
      </trkpt>
      <trkpt lat="32.74407304978066" lon="-17.00391092885751">
        <ele>860</ele>
      </trkpt>
      <trkpt lat="32.74403395002861" lon="-17.00394335304214">
        <ele>861</ele>
      </trkpt>
      <trkpt lat="32.74399580392905" lon="-17.00406446690825">
        <ele>860</ele>
      </trkpt>
      <trkpt lat="32.74395765782949" lon="-17.00418462712187">
        <ele>858</ele>
      </trkpt>
      <trkpt lat="32.74395002860958" lon="-17.00423803166125">
        <ele>856</ele>
      </trkpt>
      <trkpt lat="32.74391569711997" lon="-17.00428094602326">
        <ele>856</ele>
      </trkpt>
      <trkpt lat="32.74388994850277" lon="-17.00429429715811">
        <ele>857</ele>
      </trkpt>
      <trkpt lat="32.74385466336067" lon="-17.00429715811557">
        <ele>858</ele>
      </trkpt>
      <trkpt lat="32.74378790768644" lon="-17.00428857524317">
        <ele>860</ele>
      </trkpt>
      <trkpt lat="32.74373736410452" lon="-17.00430860194544">
        <ele>862</ele>
      </trkpt>
      <trkpt lat="32.74368109860767" lon="-17.00435914552736">
        <ele>862</ele>
      </trkpt>
      <trkpt lat="32.74365344268548" lon="-17.00442780850657">
        <ele>861</ele>
      </trkpt>
      <trkpt lat="32.74362674041579" lon="-17.00449647148578">
        <ele>860</ele>
      </trkpt>
      <trkpt lat="32.74358001144383" lon="-17.00456513446499">
        <ele>860</ele>
      </trkpt>
      <trkpt lat="32.74353328247187" lon="-17.00463284379171">
        <ele>860</ele>
      </trkpt>
      <trkpt lat="32.74347224871257" lon="-17.00475205035284">
        <ele>860</ele>
      </trkpt>
      <trkpt lat="32.7434436391379" lon="-17.00478447453747">
        <ele>860</ele>
      </trkpt>
      <trkpt lat="32.74342933435057" lon="-17.00481308411214">
        <ele>860</ele>
      </trkpt>
      <trkpt lat="32.74343791722296" lon="-17.00489032996375">
        <ele>858</ele>
      </trkpt>
      <trkpt lat="32.74343219530803" lon="-17.00493991989318">
        <ele>857</ele>
      </trkpt>
      <trkpt lat="32.74341216860576" lon="-17.00496566851039">
        <ele>857</ele>
      </trkpt>
      <trkpt lat="32.74338355903109" lon="-17.00497806599274">
        <ele>858</ele>
      </trkpt>
      <trkpt lat="32.7432958230021" lon="-17.00497425138279">
        <ele>863</ele>
      </trkpt>
      <trkpt lat="32.74323192828533" lon="-17.00496185390043">
        <ele>868</ele>
      </trkpt>
      <trkpt lat="32.74316803356857" lon="-17.00494850276558">
        <ele>872</ele>
      </trkpt>
      <trkpt lat="32.74304978065993" lon="-17.00493419797825">
        <ele>881</ele>
      </trkpt>
      <trkpt lat="32.7430001907305" lon="-17.00494659546061">
        <ele>884</ele>
      </trkpt>
      <trkpt lat="32.74291817661644" lon="-17.00506484836924">
        <ele>882</ele>
      </trkpt>
      <trkpt lat="32.74284379172229" lon="-17.00513923326339">
        <ele>882</ele>
      </trkpt>
      <trkpt lat="32.74279610909785" lon="-17.00516879649055">
        <ele>884</ele>
      </trkpt>
      <trkpt lat="32.74272935342361" lon="-17.00518405493037">
        <ele>887</ele>
      </trkpt>
      <trkpt lat="32.74267213427427" lon="-17.00522792294487">
        <ele>888</ele>
      </trkpt>
      <trkpt lat="32.7425824909403" lon="-17.00533473202364">
        <ele>887</ele>
      </trkpt>
      <trkpt lat="32.74251668891856" lon="-17.00537860003814">
        <ele>888</ele>
      </trkpt>
      <trkpt lat="32.74242513827961" lon="-17.0054081632653">
        <ele>893</ele>
      </trkpt>
      <trkpt lat="32.74232405111577" lon="-17.00548064085446">
        <ele>895</ele>
      </trkpt>
      <trkpt lat="32.74222391760443" lon="-17.00555216479114">
        <ele>896</ele>
      </trkpt>
      <trkpt lat="32.74213522792294" lon="-17.00567327865725">
        <ele>891</ele>
      </trkpt>
      <trkpt lat="32.7420608430288" lon="-17.00572286858668">
        <ele>891</ele>
      </trkpt>
      <trkpt lat="32.74199885561701" lon="-17.00579153156589">
        <ele>887</ele>
      </trkpt>
      <trkpt lat="32.74196166316994" lon="-17.00587163837497">
        <ele>882</ele>
      </trkpt>
      <trkpt lat="32.74188346366584" lon="-17.00594125500667">
        <ele>880</ele>
      </trkpt>
      <trkpt lat="32.74180621781423" lon="-17.00601087163837">
        <ele>879</ele>
      </trkpt>
      <trkpt lat="32.74169177951554" lon="-17.00605092504291">
        <ele>880</ele>
      </trkpt>
      <trkpt lat="32.74159641426664" lon="-17.00612435628456">
        <ele>881</ele>
      </trkpt>
      <trkpt lat="32.74155159259966" lon="-17.00617108525652">
        <ele>880</ele>
      </trkpt>
      <trkpt lat="32.74148483692542" lon="-17.00621781422848">
        <ele>880</ele>
      </trkpt>
      <trkpt lat="32.74141045203128" lon="-17.00625309937058">
        <ele>882</ele>
      </trkpt>
      <trkpt lat="32.74134369635705" lon="-17.006259774938">
        <ele>885</ele>
      </trkpt>
      <trkpt lat="32.74127694068282" lon="-17.00626549685294">
        <ele>888</ele>
      </trkpt>
      <trkpt lat="32.74123021171085" lon="-17.00626072859049">
        <ele>891</ele>
      </trkpt>
      <trkpt lat="32.74116822429907" lon="-17.00624642380316">
        <ele>896</ele>
      </trkpt>
      <trkpt lat="32.74109956131986" lon="-17.00620350944115">
        <ele>905</ele>
      </trkpt>
      <trkpt lat="32.74103185199314" lon="-17.00616059507914">
        <ele>914</ele>
      </trkpt>
      <trkpt lat="32.74070856379935" lon="-17.00607953461758">
        <ele>935</ele>
      </trkpt>
      <trkpt lat="32.74063703986268" lon="-17.00609765401487">
        <ele>933</ele>
      </trkpt>
      <trkpt lat="32.74056551592599" lon="-17.00611577341216">
        <ele>931</ele>
      </trkpt>
      <trkpt lat="32.74051497234408" lon="-17.00614342933434">
        <ele>928</ele>
      </trkpt>
      <trkpt lat="32.74045107762731" lon="-17.00620732405111">
        <ele>923</ele>
      </trkpt>
      <trkpt lat="32.74038813656303" lon="-17.00627121876787">
        <ele>918</ele>
      </trkpt>
      <trkpt lat="32.7403213808888" lon="-17.00632176234979">
        <ele>916</ele>
      </trkpt>
      <trkpt lat="32.74024127407973" lon="-17.00636276940682">
        <ele>914</ele>
      </trkpt>
      <trkpt lat="32.74015258439825" lon="-17.00642761777607">
        <ele>912</ele>
      </trkpt>
      <trkpt lat="32.74009345794393" lon="-17.00644955178332">
        <ele>913</ele>
      </trkpt>
      <trkpt lat="32.74" lon="-17.00656017547205">
        <ele>911</ele>
      </trkpt>
      <trkpt lat="32.74" lon="-17.00656017547205">
        <ele>911</ele>
      </trkpt>
      <trkpt lat="32.73992180049591" lon="-17.00665077245851">
        <ele>904</ele>
      </trkpt>
      <trkpt lat="32.73989891283617" lon="-17.00664886515353">
        <ele>903</ele>
      </trkpt>
      <trkpt lat="32.73988842265879" lon="-17.00663360671371">
        <ele>904</ele>
      </trkpt>
      <trkpt lat="32.73989223726874" lon="-17.0065992752241">
        <ele>905</ele>
      </trkpt>
      <trkpt lat="32.73989223726874" lon="-17.0065992752241">
        <ele>905</ele>
      </trkpt>
      <trkpt lat="32.73992752241084" lon="-17.00654873164218">
        <ele>909</ele>
      </trkpt>
      <trkpt lat="32.73995422468053" lon="-17.00653251954987">
        <ele>910</ele>
      </trkpt>
      <trkpt lat="32.73999046347512" lon="-17.00648006866297">
        <ele>914</ele>
      </trkpt>
      <trkpt lat="32.73999427808507" lon="-17.00642094220865">
        <ele>917</ele>
      </trkpt>
      <trkpt lat="32.73996090024795" lon="-17.00631794773983">
        <ele>919</ele>
      </trkpt>
      <trkpt lat="32.73994850276559" lon="-17.0062254434484">
        <ele>923</ele>
      </trkpt>
      <trkpt lat="32.73995517833302" lon="-17.00616250238412">
        <ele>925</ele>
      </trkpt>
      <trkpt lat="32.73996280755293" lon="-17.00609956131985">
        <ele>928</ele>
      </trkpt>
      <trkpt lat="32.73994850276559" lon="-17.00602136181574">
        <ele>931</ele>
      </trkpt>
      <trkpt lat="32.73991512492848" lon="-17.00594411596413">
        <ele>932</ele>
      </trkpt>
      <trkpt lat="32.73988365439634" lon="-17.00589071142475">
        <ele>932</ele>
      </trkpt>
      <trkpt lat="32.73982548159451" lon="-17.0058344459279">
        <ele>931</ele>
      </trkpt>
      <trkpt lat="32.73982548159451" lon="-17.00580488270073">
        <ele>932</ele>
      </trkpt>
      <trkpt lat="32.73983883272935" lon="-17.00579248521838">
        <ele>933</ele>
      </trkpt>
      <trkpt lat="32.73993705893573" lon="-17.00583063131794">
        <ele>938</ele>
      </trkpt>
      <trkpt lat="32.74" lon="-17.00583730688536">
        <ele>941</ele>
      </trkpt>
      <trkpt lat="32.74" lon="-17.00583730688536">
        <ele>941</ele>
      </trkpt>
      <trkpt lat="32.74011348464619" lon="-17.00585256532518">
        <ele>944</ele>
      </trkpt>
      <trkpt lat="32.74022696929239" lon="-17.00586687011252">
        <ele>946</ele>
      </trkpt>
      <trkpt lat="32.74033377837116" lon="-17.00589261872972">
        <ele>947</ele>
      </trkpt>
      <trkpt lat="32.74037192447072" lon="-17.00588975777226">
        <ele>948</ele>
      </trkpt>
      <trkpt lat="32.74041102422277" lon="-17.0058773602899">
        <ele>950</ele>
      </trkpt>
      <trkpt lat="32.74043868014495" lon="-17.00585733358763">
        <ele>952</ele>
      </trkpt>
      <trkpt lat="32.74043963379744" lon="-17.00580202174327">
        <ele>956</ele>
      </trkpt>
      <trkpt lat="32.74038909021552" lon="-17.00574289528895">
        <ele>957</ele>
      </trkpt>
      <trkpt lat="32.74032424184627" lon="-17.00568567613961">
        <ele>957</ele>
      </trkpt>
      <trkpt lat="32.74025939347702" lon="-17.00563990082013">
        <ele>957</ele>
      </trkpt>
      <trkpt lat="32.74016879649056" lon="-17.00559603280564">
        <ele>955</ele>
      </trkpt>
      <trkpt lat="32.74007915315659" lon="-17.00555121113865">
        <ele>953</ele>
      </trkpt>
      <trkpt lat="32.74" lon="-17.00546824337211">
        <ele>953</ele>
      </trkpt>
      <trkpt lat="32.74" lon="-17.00546824337211">
        <ele>953</ele>
      </trkpt>
      <trkpt lat="32.73994373450315" lon="-17.00537764638565">
        <ele>952</ele>
      </trkpt>
      <trkpt lat="32.73993324432577" lon="-17.00534140759106">
        <ele>953</ele>
      </trkpt>
      <trkpt lat="32.7399399198932" lon="-17.00527465191683">
        <ele>955</ele>
      </trkpt>
      <trkpt lat="32.74" lon="-17.00517356475299">
        <ele>962</ele>
      </trkpt>
      <trkpt lat="32.74" lon="-17.00517356475299">
        <ele>962</ele>
      </trkpt>
      <trkpt lat="32.74001907304978" lon="-17.00514209422086">
        <ele>965</ele>
      </trkpt>
      <trkpt lat="32.7400438680145" lon="-17.00504672897195">
        <ele>969</ele>
      </trkpt>
      <trkpt lat="32.74003814609956" lon="-17.0049732977303">
        <ele>971</ele>
      </trkpt>
      <trkpt lat="32.74002574861721" lon="-17.00492466145336">
        <ele>970</ele>
      </trkpt>
      <trkpt lat="32.74" lon="-17.00487888613388">
        <ele>969</ele>
      </trkpt>
      <trkpt lat="32.74" lon="-17.00487888613388">
        <ele>969</ele>
      </trkpt>
      <trkpt lat="32.73998188060271" lon="-17.0048254815945">
        <ele>968</ele>
      </trkpt>
      <trkpt lat="32.73998474156018" lon="-17.00479687201983">
        <ele>969</ele>
      </trkpt>
      <trkpt lat="32.74" lon="-17.00479401106236">
        <ele>970</ele>
      </trkpt>
      <trkpt lat="32.74" lon="-17.00479401106236">
        <ele>970</ele>
      </trkpt>
      <trkpt lat="32.7400267022697" lon="-17.00480736219721">
        <ele>972</ele>
      </trkpt>
      <trkpt lat="32.74011729925615" lon="-17.00489223726873">
        <ele>976</ele>
      </trkpt>
      <trkpt lat="32.74016021361816" lon="-17.0049732977303">
        <ele>978</ele>
      </trkpt>
      <trkpt lat="32.74017833301545" lon="-17.00507915315658">
        <ele>976</ele>
      </trkpt>
      <trkpt lat="32.74019740606523" lon="-17.00518405493037">
        <ele>973</ele>
      </trkpt>
      <trkpt lat="32.74024127407973" lon="-17.0052250619874">
        <ele>973</ele>
      </trkpt>
      <trkpt lat="32.74031375166889" lon="-17.00525653251954">
        <ele>976</ele>
      </trkpt>
      <trkpt lat="32.74037573908068" lon="-17.00526320808697">
        <ele>979</ele>
      </trkpt>
      <trkpt lat="32.74041102422277" lon="-17.00524699599465">
        <ele>981</ele>
      </trkpt>
      <trkpt lat="32.74043295823002" lon="-17.00522410833491">
        <ele>983</ele>
      </trkpt>
      <trkpt lat="32.74042437535762" lon="-17.00519645241273">
        <ele>984</ele>
      </trkpt>
      <trkpt lat="32.74038146099561" lon="-17.00516212092313">
        <ele>984</ele>
      </trkpt>
      <trkpt lat="32.74035285142094" lon="-17.0051039481213">
        <ele>985</ele>
      </trkpt>
      <trkpt lat="32.74033854663361" lon="-17.00502288765973">
        <ele>988</ele>
      </trkpt>
      <trkpt lat="32.74032519549876" lon="-17.00494087354567">
        <ele>989</ele>
      </trkpt>
      <trkpt lat="32.74032042723631" lon="-17.00486553499904">
        <ele>989</ele>
      </trkpt>
      <trkpt lat="32.74031661262636" lon="-17.00478924279992">
        <ele>990</ele>
      </trkpt>
      <trkpt lat="32.74034522220103" lon="-17.00472344077817">
        <ele>993</ele>
      </trkpt>
      <trkpt lat="32.7403738317757" lon="-17.00465668510394">
        <ele>996</ele>
      </trkpt>
      <trkpt lat="32.74043868014495" lon="-17.00459279038717">
        <ele>1001</ele>
      </trkpt>
      <trkpt lat="32.7405044821667" lon="-17.00452794201792">
        <ele>1007</ele>
      </trkpt>
      <trkpt lat="32.74053595269883" lon="-17.00446309364867">
        <ele>1010</ele>
      </trkpt>
      <trkpt lat="32.74054644287622" lon="-17.00438107953461">
        <ele>1012</ele>
      </trkpt>
      <trkpt lat="32.74056551592599" lon="-17.00429429715811">
        <ele>1015</ele>
      </trkpt>
      <trkpt lat="32.74062941064276" lon="-17.00421895861147">
        <ele>1021</ele>
      </trkpt>
      <trkpt lat="32.74066374213237" lon="-17.00419130268929">
        <ele>1024</ele>
      </trkpt>
      <trkpt lat="32.74068949074957" lon="-17.00414648102231">
        <ele>1028</ele>
      </trkpt>
      <trkpt lat="32.7406694640473" lon="-17.0040778180431">
        <ele>1029</ele>
      </trkpt>
      <trkpt lat="32.74065039099752" lon="-17.00400820141139">
        <ele>1030</ele>
      </trkpt>
      <trkpt lat="32.74064276177761" lon="-17.00392714094983">
        <ele>1033</ele>
      </trkpt>
      <trkpt lat="32.74063608621019" lon="-17.00384512683577">
        <ele>1036</ele>
      </trkpt>
      <trkpt lat="32.7406341789052" lon="-17.0037821857715">
        <ele>1038</ele>
      </trkpt>
      <trkpt lat="32.74063227160023" lon="-17.00371829105473">
        <ele>1040</ele>
      </trkpt>
      <trkpt lat="32.74066183482739" lon="-17.00362292580583">
        <ele>1046</ele>
      </trkpt>
      <trkpt lat="32.74065325195499" lon="-17.00353995803928">
        <ele>1049</ele>
      </trkpt>
      <trkpt lat="32.74059221819569" lon="-17.00351420942208">
        <ele>1046</ele>
      </trkpt>
      <trkpt lat="32.74052832347893" lon="-17.00347129506007">
        <ele>1043</ele>
      </trkpt>
      <trkpt lat="32.74046538241465" lon="-17.00342838069806">
        <ele>1041</ele>
      </trkpt>
      <trkpt lat="32.74042342170513" lon="-17.00338451268357">
        <ele>1040</ele>
      </trkpt>
      <trkpt lat="32.74041102422277" lon="-17.0032948693496">
        <ele>1042</ele>
      </trkpt>
      <trkpt lat="32.74041865344269" lon="-17.00322143810794">
        <ele>1046</ele>
      </trkpt>
      <trkpt lat="32.7404262826626" lon="-17.00314800686629">
        <ele>1049</ele>
      </trkpt>
      <trkpt lat="32.74041197787526" lon="-17.00307648292961">
        <ele>1051</ele>
      </trkpt>
      <trkpt lat="32.74039862674042" lon="-17.00300495899294">
        <ele>1053</ele>
      </trkpt>
      <trkpt lat="32.74038909021552" lon="-17.00293629601372">
        <ele>1055</ele>
      </trkpt>
      <trkpt lat="32.74037955369064" lon="-17.00286667938202">
        <ele>1057</ele>
      </trkpt>
      <trkpt lat="32.74038146099561" lon="-17.00279134083539">
        <ele>1061</ele>
      </trkpt>
      <trkpt lat="32.74038432195308" lon="-17.00271504863627">
        <ele>1064</ele>
      </trkpt>
      <trkpt lat="32.74037860003815" lon="-17.00264829296204">
        <ele>1066</ele>
      </trkpt>
      <trkpt lat="32.7403738317757" lon="-17.0025815372878">
        <ele>1068</ele>
      </trkpt>
      <trkpt lat="32.74034903681098" lon="-17.00249380125881">
        <ele>1070</ele>
      </trkpt>
      <trkpt lat="32.74032424184627" lon="-17.00240511157733">
        <ele>1075</ele>
      </trkpt>
      <trkpt lat="32.74031565897387" lon="-17.00229448788861">
        <ele>1082</ele>
      </trkpt>
      <trkpt lat="32.74029086400915" lon="-17.00217528132747">
        <ele>1089</ele>
      </trkpt>
      <trkpt lat="32.740261300782" lon="-17.00210566469578">
        <ele>1091</ele>
      </trkpt>
      <trkpt lat="32.74018596223536" lon="-17.00202746519167">
        <ele>1090</ele>
      </trkpt>
      <trkpt lat="32.74012874308602" lon="-17.00195212664504">
        <ele>1090</ele>
      </trkpt>
      <trkpt lat="32.74010680907877" lon="-17.00189395384321">
        <ele>1092</ele>
      </trkpt>
      <trkpt lat="32.74009155063894" lon="-17.00183005912644">
        <ele>1095</ele>
      </trkpt>
      <trkpt lat="32.7401220675186" lon="-17.00175281327483">
        <ele>1103</ele>
      </trkpt>
      <trkpt lat="32.74013351134847" lon="-17.00170703795536">
        <ele>1107</ele>
      </trkpt>
      <trkpt lat="32.74012588212855" lon="-17.00161834827388">
        <ele>1115</ele>
      </trkpt>
      <trkpt lat="32.74010585542629" lon="-17.00155254625214">
        <ele>1122</ele>
      </trkpt>
      <trkpt lat="32.74008582872401" lon="-17.00148579057791">
        <ele>1129</ele>
      </trkpt>
      <trkpt lat="32.74004196070952" lon="-17.00140377646385">
        <ele>1137</ele>
      </trkpt>
      <trkpt lat="32.74" lon="-17.00136181575433">
        <ele>1140</ele>
      </trkpt>
      <trkpt lat="32.74" lon="-17.00136181575433">
        <ele>1140</ele>
      </trkpt>
      <trkpt lat="32.73998760251764" lon="-17.00134941827197">
        <ele>1141</ele>
      </trkpt>
      <trkpt lat="32.73989795918368" lon="-17.00131604043485">
        <ele>1143</ele>
      </trkpt>
      <trkpt lat="32.73980640854473" lon="-17.00126168224298">
        <ele>1147</ele>
      </trkpt>
      <trkpt lat="32.73971485790578" lon="-17.00120732405111">
        <ele>1151</ele>
      </trkpt>
      <trkpt lat="32.73966049971391" lon="-17.0011472439443">
        <ele>1157</ele>
      </trkpt>
      <trkpt lat="32.73962807552928" lon="-17.00108907114247">
        <ele>1164</ele>
      </trkpt>
      <trkpt lat="32.7395832538623" lon="-17.00108048827007">
        <ele>1164</ele>
      </trkpt>
      <trkpt lat="32.739522220103" lon="-17.00110242227731">
        <ele>1158</ele>
      </trkpt>
      <trkpt lat="32.73942208659165" lon="-17.00118062178142">
        <ele>1143</ele>
      </trkpt>
      <trkpt lat="32.73932386038528" lon="-17.00119492656875">
        <ele>1138</ele>
      </trkpt>
      <trkpt lat="32.73925042914362" lon="-17.00121209231355">
        <ele>1132</ele>
      </trkpt>
      <trkpt lat="32.73917795155446" lon="-17.00122830440587">
        <ele>1127</ele>
      </trkpt>
      <trkpt lat="32.73905683768835" lon="-17.00127980164027">
        <ele>1126</ele>
      </trkpt>
      <trkpt lat="32.73897673087927" lon="-17.00133797444211">
        <ele>1124</ele>
      </trkpt>
      <trkpt lat="32.73889757772268" lon="-17.00139614724393">
        <ele>1122</ele>
      </trkpt>
      <trkpt lat="32.73883845126836" lon="-17.00146957848559">
        <ele>1117</ele>
      </trkpt>
      <trkpt lat="32.73878027846653" lon="-17.00154300972725">
        <ele>1113</ele>
      </trkpt>
      <trkpt lat="32.73873831775701" lon="-17.0016164409689">
        <ele>1108</ele>
      </trkpt>
      <trkpt lat="32.73869063513256" lon="-17.00167461377073">
        <ele>1106</ele>
      </trkpt>
      <trkpt lat="32.73865153538051" lon="-17.001694640473">
        <ele>1107</ele>
      </trkpt>
      <trkpt lat="32.73857619683388" lon="-17.00170131604042">
        <ele>1112</ele>
      </trkpt>
      <trkpt lat="32.73848178523746" lon="-17.00173564753003">
        <ele>1115</ele>
      </trkpt>
      <trkpt lat="32.73838355903109" lon="-17.00178046919702">
        <ele>1115</ele>
      </trkpt>
      <trkpt lat="32.73827198168988" lon="-17.00184150295631">
        <ele>1106</ele>
      </trkpt>
      <trkpt lat="32.73817375548351" lon="-17.00186439061605">
        <ele>1099</ele>
      </trkpt>
      <trkpt lat="32.73810604615679" lon="-17.00187201983596">
        <ele>1094</ele>
      </trkpt>
      <trkpt lat="32.73803833683007" lon="-17.00187869540338">
        <ele>1091</ele>
      </trkpt>
      <trkpt lat="32.73794678619112" lon="-17.00188346366583">
        <ele>1086</ele>
      </trkpt>
      <trkpt lat="32.73785618920466" lon="-17.00188823192828">
        <ele>1081</ele>
      </trkpt>
      <trkpt lat="32.73782185771505" lon="-17.0018691588785">
        <ele>1082</ele>
      </trkpt>
      <trkpt lat="32.73778371161549" lon="-17.0018081251192">
        <ele>1088</ele>
      </trkpt>
      <trkpt lat="32.73774556551593" lon="-17.00174613770741">
        <ele>1093</ele>
      </trkpt>
      <trkpt lat="32.73769979019646" lon="-17.00173183292008">
        <ele>1092</ele>
      </trkpt>
      <trkpt lat="32.73759107381271" lon="-17.00168033568567">
        <ele>1091</ele>
      </trkpt>
      <trkpt lat="32.73751573526607" lon="-17.00162311653633">
        <ele>1092</ele>
      </trkpt>
      <trkpt lat="32.73743658210948" lon="-17.00154396337973">
        <ele>1095</ele>
      </trkpt>
      <trkpt lat="32.73738317757009" lon="-17.00152584398244">
        <ele>1094</ele>
      </trkpt>
      <trkpt lat="32.73730593171849" lon="-17.00153728781231">
        <ele>1088</ele>
      </trkpt>
      <trkpt lat="32.73726873927141" lon="-17.00152775128742">
        <ele>1086</ele>
      </trkpt>
      <trkpt lat="32.73724299065421" lon="-17.00150867823764">
        <ele>1086</ele>
      </trkpt>
      <trkpt lat="32.73722105664696" lon="-17.00147816135799">
        <ele>1087</ele>
      </trkpt>
      <trkpt lat="32.73720389090216" lon="-17.00140568376883">
        <ele>1092</ele>
      </trkpt>
      <trkpt lat="32.73720770551211" lon="-17.00135800114438">
        <ele>1096</ele>
      </trkpt>
      <trkpt lat="32.73725061987412" lon="-17.00125023841311">
        <ele>1109</ele>
      </trkpt>
      <trkpt lat="32.73726397100897" lon="-17.00117489986648">
        <ele>1116</ele>
      </trkpt>
      <trkpt lat="32.73727827579631" lon="-17.00109860766736">
        <ele>1124</ele>
      </trkpt>
      <trkpt lat="32.73727064657639" lon="-17.00100991798588">
        <ele>1131</ele>
      </trkpt>
      <trkpt lat="32.73723536143429" lon="-17.00090215525461">
        <ele>1137</ele>
      </trkpt>
      <trkpt lat="32.73716479115011" lon="-17.0007991607858">
        <ele>1137</ele>
      </trkpt>
      <trkpt lat="32.73709517451841" lon="-17.00069616631698">
        <ele>1136</ele>
      </trkpt>
      <trkpt lat="32.7370522601564" lon="-17.00061319855044">
        <ele>1136</ele>
      </trkpt>
      <trkpt lat="32.73704558458898" lon="-17.0005121113866">
        <ele>1142</ele>
      </trkpt>
      <trkpt lat="32.73699504100706" lon="-17.00025653251954">
        <ele>1151</ele>
      </trkpt>
      <trkpt lat="32.7369654777799" lon="-17.00014114056837">
        <ele>1154</ele>
      </trkpt>
      <trkpt lat="32.73693591455274" lon="-17.00002479496471">
        <ele>1157</ele>
      </trkpt>
      <trkpt lat="32.73691779515545" lon="-16.99999999999999">
        <ele>1156</ele>
      </trkpt>
      <trkpt lat="32.73691779515545" lon="-17.00000000000001">
        <ele>1156</ele>
      </trkpt>
      <trkpt lat="32.73688537097082" lon="-16.99995422468054">
        <ele>1155</ele>
      </trkpt>
      <trkpt lat="32.73682242990655" lon="-16.9999055884036">
        <ele>1150</ele>
      </trkpt>
      <trkpt lat="32.73676044249476" lon="-16.99985695212665">
        <ele>1145</ele>
      </trkpt>
      <trkpt lat="32.73669082586306" lon="-16.99979401106238">
        <ele>1140</ele>
      </trkpt>
      <trkpt lat="32.73665935533092" lon="-16.99979687201985">
        <ele>1137</ele>
      </trkpt>
      <trkpt lat="32.73663932862866" lon="-16.99981117680718">
        <ele>1136</ele>
      </trkpt>
      <trkpt lat="32.73658973869922" lon="-16.99988842265879">
        <ele>1130</ele>
      </trkpt>
      <trkpt lat="32.73652679763494" lon="-16.99992847606333">
        <ele>1127</ele>
      </trkpt>
      <trkpt lat="32.73646385657067" lon="-16.99996757581538">
        <ele>1123</ele>
      </trkpt>
      <trkpt lat="32.736435246996" lon="-17.00000000000001">
        <ele>1120</ele>
      </trkpt>
      <trkpt lat="32.736435246996" lon="-16.99999999999999">
        <ele>1120</ele>
      </trkpt>
      <trkpt lat="32.73637516688919" lon="-17.00006770932671">
        <ele>1115</ele>
      </trkpt>
      <trkpt lat="32.73625691398055" lon="-17.0001039481213">
        <ele>1112</ele>
      </trkpt>
      <trkpt lat="32.73620160213618" lon="-17.00009631890138">
        <ele>1112</ele>
      </trkpt>
      <trkpt lat="32.73612721724204" lon="-17.00004863627693">
        <ele>1114</ele>
      </trkpt>
      <trkpt lat="32.73605283234789" lon="-16.99999999999999">
        <ele>1117</ele>
      </trkpt>
      <trkpt lat="32.73605283234789" lon="-17.00000000000001">
        <ele>1117</ele>
      </trkpt>
      <trkpt lat="32.73594793057411" lon="-16.99994659546062">
        <ele>1121</ele>
      </trkpt>
      <trkpt lat="32.73584779706275" lon="-16.99988365439635">
        <ele>1126</ele>
      </trkpt>
      <trkpt lat="32.73580965096319" lon="-16.99986839595652">
        <ele>1128</ele>
      </trkpt>
      <trkpt lat="32.73574575624643" lon="-16.99986267404159">
        <ele>1132</ele>
      </trkpt>
      <trkpt lat="32.73564657638757" lon="-16.99986744230403">
        <ele>1136</ele>
      </trkpt>
      <trkpt lat="32.73553404539386" lon="-16.99992084684342">
        <ele>1136</ele>
      </trkpt>
      <trkpt lat="32.73546824337212" lon="-16.99996090024796">
        <ele>1136</ele>
      </trkpt>
      <trkpt lat="32.73540339500286" lon="-17.00000000000001">
        <ele>1135</ele>
      </trkpt>
      <trkpt lat="32.73540339500286" lon="-16.99999999999999">
        <ele>1135</ele>
      </trkpt>
      <trkpt lat="32.73532042723632" lon="-17.00005817280182">
        <ele>1133</ele>
      </trkpt>
      <trkpt lat="32.73523745946977" lon="-17.00011634560365">
        <ele>1131</ele>
      </trkpt>
      <trkpt lat="32.73516307457563" lon="-17.00020503528513">
        <ele>1126</ele>
      </trkpt>
      <trkpt lat="32.73508964333397" lon="-17.00029372496661">
        <ele>1120</ele>
      </trkpt>
      <trkpt lat="32.73502860957468" lon="-17.00032042723631">
        <ele>1119</ele>
      </trkpt>
      <trkpt lat="32.73496376120542" lon="-17.00032901010871">
        <ele>1119</ele>
      </trkpt>
      <trkpt lat="32.73486553499905" lon="-17.00031851993133">
        <ele>1122</ele>
      </trkpt>
      <trkpt lat="32.7347482357429" lon="-17.0003213808888">
        <ele>1123</ele>
      </trkpt>
      <trkpt lat="32.73463189013923" lon="-17.00032328819377">
        <ele>1124</ele>
      </trkpt>
      <trkpt lat="32.73456513446501" lon="-17.00029372496661">
        <ele>1128</ele>
      </trkpt>
      <trkpt lat="32.73452794201793" lon="-17.00024318138469">
        <ele>1133</ele>
      </trkpt>
      <trkpt lat="32.73448121304597" lon="-17.00021457181002">
        <ele>1136</ele>
      </trkpt>
      <trkpt lat="32.73443257676903" lon="-17.00023745946976">
        <ele>1134</ele>
      </trkpt>
      <trkpt lat="32.73437631127218" lon="-17.00028418844172">
        <ele>1131</ele>
      </trkpt>
      <trkpt lat="32.73433148960519" lon="-17.00030040053404">
        <ele>1130</ele>
      </trkpt>
      <trkpt lat="32.73425424375358" lon="-17.00029658592408">
        <ele>1131</ele>
      </trkpt>
      <trkpt lat="32.73418844173184" lon="-17.00034522220102">
        <ele>1127</ele>
      </trkpt>
      <trkpt lat="32.73414266641236" lon="-17.00039671943543">
        <ele>1122</ele>
      </trkpt>
      <trkpt lat="32.73410738127027" lon="-17.00041388518023">
        <ele>1120</ele>
      </trkpt>
      <trkpt lat="32.7340606522983" lon="-17.00040720961281">
        <ele>1119</ele>
      </trkpt>
      <trkpt lat="32.73401678428381" lon="-17.0003728781232">
        <ele>1121</ele>
      </trkpt>
      <trkpt lat="32.73399485027657" lon="-17.00029849322906">
        <ele>1127</ele>
      </trkpt>
      <trkpt lat="32.7339738699218" lon="-17.00022410833491">
        <ele>1132</ele>
      </trkpt>
      <trkpt lat="32.73393763112722" lon="-17.00013923326339">
        <ele>1138</ele>
      </trkpt>
      <trkpt lat="32.73390329963762" lon="-17.00008868968147">
        <ele>1141</ele>
      </trkpt>
      <trkpt lat="32.73385943162312" lon="-17.0000686629792">
        <ele>1141</ele>
      </trkpt>
      <trkpt lat="32.7338184245661" lon="-17.00006770932671">
        <ele>1139</ele>
      </trkpt>
      <trkpt lat="32.73373354949457" lon="-17.00008392141903">
        <ele>1135</ele>
      </trkpt>
      <trkpt lat="32.73366679382033" lon="-17.00007057028418">
        <ele>1133</ele>
      </trkpt>
      <trkpt lat="32.73360289910357" lon="-17.00008773602898">
        <ele>1129</ele>
      </trkpt>
      <trkpt lat="32.73353995803929" lon="-17.0001039481213">
        <ele>1126</ele>
      </trkpt>
      <trkpt lat="32.73346557314515" lon="-17.00011634560365">
        <ele>1122</ele>
      </trkpt>
      <trkpt lat="32.73339214190349" lon="-17.00012874308601">
        <ele>1119</ele>
      </trkpt>
      <trkpt lat="32.73331775700935" lon="-17.00015067709326">
        <ele>1114</ele>
      </trkpt>
      <trkpt lat="32.7332433721152" lon="-17.00017165744802">
        <ele>1105</ele>
      </trkpt>
      <trkpt lat="32.73312893381652" lon="-17.0001296967385">
        <ele>1095</ele>
      </trkpt>
      <trkpt lat="32.73314705321381" lon="-17.00007533854663">
        <ele>1100</ele>
      </trkpt>
      <trkpt lat="32.73314419225635" lon="-16.99999999999999">
        <ele>1115</ele>
      </trkpt>
      <trkpt lat="32.73314419225635" lon="-17.00000000000001">
        <ele>1115</ele>
      </trkpt>
      <trkpt lat="32.73316326530612" lon="-16.99993229067329">
        <ele>1114</ele>
      </trkpt>
      <trkpt lat="32.73318233835591" lon="-16.99986362769408">
        <ele>1113</ele>
      </trkpt>
      <trkpt lat="32.73324241846272" lon="-16.99977684531758">
        <ele>1115</ele>
      </trkpt>
      <trkpt lat="32.73328151821477" lon="-16.99969864581347">
        <ele>1116</ele>
      </trkpt>
      <trkpt lat="32.73328342551974" lon="-16.99962998283426">
        <ele>1113</ele>
      </trkpt>
      <trkpt lat="32.73328628647721" lon="-16.99956036620257">
        <ele>1111</ele>
      </trkpt>
      <trkpt lat="32.73330726683197" lon="-16.99947549113104">
        <ele>1109</ele>
      </trkpt>
      <trkpt lat="32.73332824718673" lon="-16.99939061605952">
        <ele>1108</ele>
      </trkpt>
      <trkpt lat="32.73335876406638" lon="-16.99931432386039">
        <ele>1107</ele>
      </trkpt>
      <trkpt lat="32.73344554644288" lon="-16.99920465382415">
        <ele>1110</ele>
      </trkpt>
      <trkpt lat="32.73347987793249" lon="-16.99908449361054">
        <ele>1108</ele>
      </trkpt>
      <trkpt lat="32.73348941445737" lon="-16.99901487697884">
        <ele>1105</ele>
      </trkpt>
      <trkpt lat="32.73349895098227" lon="-16.99894526034714">
        <ele>1103</ele>
      </trkpt>
      <trkpt lat="32.73349990463475" lon="-16.99887945832539">
        <ele>1099</ele>
      </trkpt>
      <trkpt lat="32.73350181193973" lon="-16.99881365630365">
        <ele>1096</ele>
      </trkpt>
      <trkpt lat="32.73348464619493" lon="-16.99873259584209">
        <ele>1092</ele>
      </trkpt>
      <trkpt lat="32.73346748045013" lon="-16.99865058172803">
        <ele>1087</ele>
      </trkpt>
      <trkpt lat="32.7334608048827" lon="-16.99856093839406">
        <ele>1082</ele>
      </trkpt>
      <trkpt lat="32.73346843410262" lon="-16.99848273888996">
        <ele>1079</ele>
      </trkpt>
      <trkpt lat="32.73351134846462" lon="-16.99842265878315">
        <ele>1078</ele>
      </trkpt>
      <trkpt lat="32.73355998474156" lon="-16.9984007247759">
        <ele>1080</ele>
      </trkpt>
      <trkpt lat="32.73362387945833" lon="-16.99838451268359">
        <ele>1082</ele>
      </trkpt>
      <trkpt lat="32.7336877741751" lon="-16.99836734693879">
        <ele>1083</ele>
      </trkpt>
      <trkpt lat="32.73377551020408" lon="-16.99831298874691">
        <ele>1084</ele>
      </trkpt>
      <trkpt lat="32.73386324623308" lon="-16.99825863055504">
        <ele>1084</ele>
      </trkpt>
      <trkpt lat="32.73398531375167" lon="-16.99817184817853">
        <ele>1084</ele>
      </trkpt>
      <trkpt lat="32.73407209612817" lon="-16.99815372878124">
        <ele>1087</ele>
      </trkpt>
      <trkpt lat="32.73415983215717" lon="-16.99813560938395">
        <ele>1090</ele>
      </trkpt>
      <trkpt lat="32.73422754148389" lon="-16.99808697310701">
        <ele>1092</ele>
      </trkpt>
      <trkpt lat="32.73429334350563" lon="-16.99801544917033">
        <ele>1093</ele>
      </trkpt>
      <trkpt lat="32.73435819187488" lon="-16.99796872019837">
        <ele>1095</ele>
      </trkpt>
      <trkpt lat="32.73444306694641" lon="-16.99794583253863">
        <ele>1100</ele>
      </trkpt>
      <trkpt lat="32.73452889567042" lon="-16.99792199122641">
        <ele>1104</ele>
      </trkpt>
      <trkpt lat="32.73459565134466" lon="-16.99789338165174">
        <ele>1107</ele>
      </trkpt>
      <trkpt lat="32.73470150677094" lon="-16.99784093076484">
        <ele>1110</ele>
      </trkpt>
      <trkpt lat="32.73480736219722" lon="-16.99778847987794">
        <ele>1113</ele>
      </trkpt>
      <trkpt lat="32.73487221056647" lon="-16.99773507533856">
        <ele>1113</ele>
      </trkpt>
      <trkpt lat="32.73491035666603" lon="-16.99766927331681">
        <ele>1110</ele>
      </trkpt>
      <trkpt lat="32.73491989319093" lon="-16.99762349799734">
        <ele>1107</ele>
      </trkpt>
      <trkpt lat="32.73492084684342" lon="-16.99756437154302">
        <ele>1102</ele>
      </trkpt>
      <trkpt lat="32.73490558840359" lon="-16.99747568186154">
        <ele>1095</ele>
      </trkpt>
      <trkpt lat="32.73491131031852" lon="-16.9973917604425">
        <ele>1092</ele>
      </trkpt>
      <trkpt lat="32.73496662216289" lon="-16.99731165363342">
        <ele>1091</ele>
      </trkpt>
      <trkpt lat="32.73508392141904" lon="-16.99723822239177">
        <ele>1096</ele>
      </trkpt>
      <trkpt lat="32.73512588212856" lon="-16.99717623497998">
        <ele>1097</ele>
      </trkpt>
      <trkpt lat="32.73516879649056" lon="-16.99711329391571">
        <ele>1098</ele>
      </trkpt>
      <trkpt lat="32.73528609574672" lon="-16.99704176997903">
        <ele>1105</ele>
      </trkpt>
      <trkpt lat="32.73540434865535" lon="-16.99697024604235">
        <ele>1112</ele>
      </trkpt>
      <trkpt lat="32.73549303833683" lon="-16.99692923898532">
        <ele>1118</ele>
      </trkpt>
      <trkpt lat="32.73558268167081" lon="-16.99688727827581">
        <ele>1124</ele>
      </trkpt>
      <trkpt lat="32.73561033759299" lon="-16.99682052260157">
        <ele>1124</ele>
      </trkpt>
      <trkpt lat="32.73562464238032" lon="-16.99673278657258">
        <ele>1122</ele>
      </trkpt>
      <trkpt lat="32.73561701316041" lon="-16.99668128933817">
        <ele>1120</ele>
      </trkpt>
      <trkpt lat="32.73559412550067" lon="-16.99659832157163">
        <ele>1115</ele>
      </trkpt>
      <trkpt lat="32.73561033759299" lon="-16.99652870493993">
        <ele>1114</ele>
      </trkpt>
      <trkpt lat="32.73565515925997" lon="-16.99642857142858">
        <ele>1115</ele>
      </trkpt>
      <trkpt lat="32.73569998092695" lon="-16.99632843791723">
        <ele>1115</ele>
      </trkpt>
      <trkpt lat="32.73576482929621" lon="-16.99627312607287">
        <ele>1119</ele>
      </trkpt>
      <trkpt lat="32.73587545298493" lon="-16.99621113866108">
        <ele>1125</ele>
      </trkpt>
      <trkpt lat="32.73596128170895" lon="-16.99618920465383">
        <ele>1130</ele>
      </trkpt>
      <trkpt lat="32.73601373259584" lon="-16.99616345603663">
        <ele>1132</ele>
      </trkpt>
      <trkpt lat="32.73610051497235" lon="-16.99610051497235">
        <ele>1135</ele>
      </trkpt>
      <trkpt lat="32.73612626358955" lon="-16.99606522983026">
        <ele>1136</ele>
      </trkpt>
      <trkpt lat="32.73613675376693" lon="-16.99599370589358">
        <ele>1134</ele>
      </trkpt>
      <trkpt lat="32.73616727064658" lon="-16.99594411596415">
        <ele>1135</ele>
      </trkpt>
      <trkpt lat="32.73623402632082" lon="-16.99588975777228">
        <ele>1138</ele>
      </trkpt>
      <trkpt lat="32.73624451649819" lon="-16.99586400915507">
        <ele>1138</ele>
      </trkpt>
      <trkpt lat="32.73625500667557" lon="-16.99579057791342">
        <ele>1137</ele>
      </trkpt>
      <trkpt lat="32.73628075529277" lon="-16.99574098798399">
        <ele>1137</ele>
      </trkpt>
      <trkpt lat="32.73631222582491" lon="-16.9956618348274">
        <ele>1138</ele>
      </trkpt>
      <trkpt lat="32.73634465000954" lon="-16.99558268167081">
        <ele>1138</ele>
      </trkpt>
      <trkpt lat="32.73638470341408" lon="-16.99546538241466">
        <ele>1138</ele>
      </trkpt>
      <trkpt lat="32.7364094983788" lon="-16.99541483883274">
        <ele>1138</ele>
      </trkpt>
      <trkpt lat="32.73647625405302" lon="-16.99535475872593">
        <ele>1141</ele>
      </trkpt>
      <trkpt lat="32.7365048636277" lon="-16.99530135418654">
        <ele>1142</ele>
      </trkpt>
      <trkpt lat="32.73651153919512" lon="-16.99521647911502">
        <ele>1140</ele>
      </trkpt>
      <trkpt lat="32.7365048636277" lon="-16.99513827961092">
        <ele>1138</ele>
      </trkpt>
      <trkpt lat="32.73649532710281" lon="-16.99507343124166">
        <ele>1135</ele>
      </trkpt>
      <trkpt lat="32.73647339309556" lon="-16.9950267022697">
        <ele>1133</ele>
      </trkpt>
      <trkpt lat="32.73646385657067" lon="-16.99495136372307">
        <ele>1133</ele>
      </trkpt>
      <trkpt lat="32.73647625405302" lon="-16.99490177379364">
        <ele>1136</ele>
      </trkpt>
      <trkpt lat="32.73651916841504" lon="-16.99483501811941">
        <ele>1141</ele>
      </trkpt>
      <trkpt lat="32.73659546061415" lon="-16.99476254053024">
        <ele>1148</ele>
      </trkpt>
      <trkpt lat="32.73665649437346" lon="-16.99475395765784">
        <ele>1151</ele>
      </trkpt>
      <trkpt lat="32.73669845508297" lon="-16.99472439443068">
        <ele>1156</ele>
      </trkpt>
      <trkpt lat="32.73674423040244" lon="-16.99465668510396">
        <ele>1162</ele>
      </trkpt>
      <trkpt lat="32.73679000572192" lon="-16.99458897577724">
        <ele>1168</ele>
      </trkpt>
      <trkpt lat="32.7368176616441" lon="-16.99456036620256">
        <ele>1171</ele>
      </trkpt>
      <trkpt lat="32.73689681480069" lon="-16.99450791531567">
        <ele>1180</ele>
      </trkpt>
      <trkpt lat="32.73689681480069" lon="-16.99448216669846">
        <ele>1181</ele>
      </trkpt>
      <trkpt lat="32.73687392714096" lon="-16.99444306694641">
        <ele>1180</ele>
      </trkpt>
      <trkpt lat="32.73679858859432" lon="-16.99435342361244">
        <ele>1176</ele>
      </trkpt>
      <trkpt lat="32.73676139614725" lon="-16.99426473393097">
        <ele>1176</ele>
      </trkpt>
      <trkpt lat="32.73675948884227" lon="-16.99415792485219">
        <ele>1179</ele>
      </trkpt>
      <trkpt lat="32.73677760823956" lon="-16.99409403013543">
        <ele>1185</ele>
      </trkpt>
      <trkpt lat="32.73675853518978" lon="-16.99404348655351">
        <ele>1186</ele>
      </trkpt>
      <trkpt lat="32.73666698455084" lon="-16.99396337974443">
        <ele>1183</ele>
      </trkpt>
      <trkpt lat="32.73659069235171" lon="-16.99387469006295">
        <ele>1185</ele>
      </trkpt>
      <trkpt lat="32.73656685103948" lon="-16.99386038527561">
        <ele>1185</ele>
      </trkpt>
      <trkpt lat="32.73647053213809" lon="-16.99388041197788">
        <ele>1179</ele>
      </trkpt>
      <trkpt lat="32.73639996185391" lon="-16.99388041197788">
        <ele>1176</ele>
      </trkpt>
      <trkpt lat="32.7363656303643" lon="-16.99386515353806">
        <ele>1175</ele>
      </trkpt>
      <trkpt lat="32.73634465000954" lon="-16.99383368300592">
        <ele>1176</ele>
      </trkpt>
      <trkpt lat="32.73632557695976" lon="-16.99372210566471">
        <ele>1182</ele>
      </trkpt>
      <trkpt lat="32.73628456990273" lon="-16.99363723059318">
        <ele>1186</ele>
      </trkpt>
      <trkpt lat="32.73626645050544" lon="-16.99357810413886">
        <ele>1189</ele>
      </trkpt>
      <trkpt lat="32.73626263589549" lon="-16.99346938775511">
        <ele>1196</ele>
      </trkpt>
      <trkpt lat="32.73627503337784" lon="-16.99335876406638">
        <ele>1203</ele>
      </trkpt>
      <trkpt lat="32.73625977493802" lon="-16.99328914743468">
        <ele>1209</ele>
      </trkpt>
      <trkpt lat="32.73624165554072" lon="-16.99325386229259">
        <ele>1211</ele>
      </trkpt>
      <trkpt lat="32.73619874117872" lon="-16.99323097463285">
        <ele>1212</ele>
      </trkpt>
      <trkpt lat="32.73608144192256" lon="-16.99322048445547">
        <ele>1208</ele>
      </trkpt>
      <trkpt lat="32.73596414266642" lon="-16.99320999427809">
        <ele>1205</ele>
      </trkpt>
      <trkpt lat="32.73590120160214" lon="-16.99318043105093">
        <ele>1205</ele>
      </trkpt>
      <trkpt lat="32.73587926759489" lon="-16.99313465573146">
        <ele>1209</ele>
      </trkpt>
      <trkpt lat="32.73586591646004" lon="-16.99308888041199">
        <ele>1214</ele>
      </trkpt>
      <trkpt lat="32.7358525653252" lon="-16.99297539576579">
        <ele>1225</ele>
      </trkpt>
      <trkpt lat="32.73585351897769" lon="-16.99286954033951">
        <ele>1236</ele>
      </trkpt>
      <trkpt lat="32.73583730688537" lon="-16.99283044058746">
        <ele>1240</ele>
      </trkpt>
      <trkpt lat="32.73579534617586" lon="-16.99279420179288">
        <ele>1243</ele>
      </trkpt>
      <trkpt lat="32.73577245851612" lon="-16.99278085065803">
        <ele>1245</ele>
      </trkpt>
      <trkpt lat="32.73571523936678" lon="-16.99278943353043">
        <ele>1244</ele>
      </trkpt>
      <trkpt lat="32.73567327865726" lon="-16.99280850658021">
        <ele>1241</ele>
      </trkpt>
      <trkpt lat="32.73561987411787" lon="-16.99284474537479">
        <ele>1237</ele>
      </trkpt>
      <trkpt lat="32.73552355521648" lon="-16.99292103757392">
        <ele>1229</ele>
      </trkpt>
      <trkpt lat="32.73548636276941" lon="-16.99292771314134">
        <ele>1228</ele>
      </trkpt>
      <trkpt lat="32.73545393858478" lon="-16.99291531565898">
        <ele>1229</ele>
      </trkpt>
      <trkpt lat="32.73541865344269" lon="-16.99288861338929">
        <ele>1232</ele>
      </trkpt>
      <trkpt lat="32.73538527560557" lon="-16.99284569902728">
        <ele>1236</ele>
      </trkpt>
      <trkpt lat="32.73536524890331" lon="-16.99280183101279">
        <ele>1241</ele>
      </trkpt>
      <trkpt lat="32.73529849322907" lon="-16.99272744611864">
        <ele>1248</ele>
      </trkpt>
      <trkpt lat="32.73526893000191" lon="-16.99267308792677">
        <ele>1254</ele>
      </trkpt>
      <trkpt lat="32.73524794964715" lon="-16.99265973679192">
        <ele>1256</ele>
      </trkpt>
      <trkpt lat="32.7351745184055" lon="-16.99266355140188">
        <ele>1255</ele>
      </trkpt>
      <trkpt lat="32.73510967003624" lon="-16.99263684913219">
        <ele>1258</ele>
      </trkpt>
      <trkpt lat="32.73507724585161" lon="-16.99260442494756">
        <ele>1261</ele>
      </trkpt>
      <trkpt lat="32.73504768262445" lon="-16.99248521838643">
        <ele>1274</ele>
      </trkpt>
      <trkpt lat="32.7350352851421" lon="-16.99246805264163">
        <ele>1277</ele>
      </trkpt>
      <trkpt lat="32.73498855617014" lon="-16.99245565515927">
        <ele>1277</ele>
      </trkpt>
      <trkpt lat="32.73495041007057" lon="-16.99247186725158">
        <ele>1272</ele>
      </trkpt>
      <trkpt lat="32.73491703223346" lon="-16.99253766927333">
        <ele>1262</ele>
      </trkpt>
      <trkpt lat="32.73484741560176" lon="-16.99261872973489">
        <ele>1250</ele>
      </trkpt>
      <trkpt lat="32.734783520885" lon="-16.99271123402633">
        <ele>1237</ele>
      </trkpt>
      <trkpt lat="32.73471962616823" lon="-16.99280278466528">
        <ele>1226</ele>
      </trkpt>
      <trkpt lat="32.73468434102613" lon="-16.99280755292772">
        <ele>1224</ele>
      </trkpt>
      <trkpt lat="32.73443925233645" lon="-16.99268357810415">
        <ele>1220</ele>
      </trkpt>
      <trkpt lat="32.73435723822239" lon="-16.99260633225254">
        <ele>1219</ele>
      </trkpt>
      <trkpt lat="32.73430097272554" lon="-16.99251096700363">
        <ele>1220</ele>
      </trkpt>
      <trkpt lat="32.7342780850658" lon="-16.99239080679002">
        <ele>1225</ele>
      </trkpt>
      <trkpt lat="32.73428285332825" lon="-16.99230211710853">
        <ele>1230</ele>
      </trkpt>
      <trkpt lat="32.73431718481785" lon="-16.99220675185963">
        <ele>1238</ele>
      </trkpt>
      <trkpt lat="32.73432004577533" lon="-16.99209708182339">
        <ele>1245</ele>
      </trkpt>
      <trkpt lat="32.73434197978257" lon="-16.9920265115392">
        <ele>1252</ele>
      </trkpt>
      <trkpt lat="32.73436391378982" lon="-16.99177665458708">
        <ele>1270</ele>
      </trkpt>
      <trkpt lat="32.73434960900249" lon="-16.99167652107573">
        <ele>1274</ele>
      </trkpt>
      <trkpt lat="32.73433530421515" lon="-16.99157638756438">
        <ele>1278</ele>
      </trkpt>
      <trkpt lat="32.73430288003052" lon="-16.99148865153539">
        <ele>1278</ele>
      </trkpt>
      <trkpt lat="32.73427140949838" lon="-16.99139996185391">
        <ele>1278</ele>
      </trkpt>
      <trkpt lat="32.73426282662598" lon="-16.99133892809461">
        <ele>1281</ele>
      </trkpt>
      <trkpt lat="32.73425519740607" lon="-16.99127694068282">
        <ele>1284</ele>
      </trkpt>
      <trkpt lat="32.73423326339882" lon="-16.99121781422851">
        <ele>1283</ele>
      </trkpt>
      <trkpt lat="32.73418462712188" lon="-16.9911834827389">
        <ele>1276</ele>
      </trkpt>
      <trkpt lat="32.73414552736983" lon="-16.99111672706467">
        <ele>1274</ele>
      </trkpt>
      <trkpt lat="32.73412359336258" lon="-16.99103662025559">
        <ele>1276</ele>
      </trkpt>
      <trkpt lat="32.73409021552547" lon="-16.99096128170896">
        <ele>1276</ele>
      </trkpt>
      <trkpt lat="32.7340177379363" lon="-16.99084779706276">
        <ele>1273</ele>
      </trkpt>
      <trkpt lat="32.73394430669465" lon="-16.9907743658211">
        <ele>1268</ele>
      </trkpt>
      <trkpt lat="32.73387182910547" lon="-16.99070093457945">
        <ele>1264</ele>
      </trkpt>
      <trkpt lat="32.73383749761587" lon="-16.99060270837308">
        <ele>1265</ele>
      </trkpt>
      <trkpt lat="32.73380316612626" lon="-16.99050352851422">
        <ele>1267</ele>
      </trkpt>
      <trkpt lat="32.73366774747282" lon="-16.99021743276751">
        <ele>1267</ele>
      </trkpt>
      <trkpt lat="32.73363913789815" lon="-16.99014495517834">
        <ele>1268</ele>
      </trkpt>
      <trkpt lat="32.7336086210185" lon="-16.99002765592219">
        <ele>1272</ele>
      </trkpt>
      <trkpt lat="32.73355426282663" lon="-16.98996090024796">
        <ele>1267</ele>
      </trkpt>
      <trkpt lat="32.73350371924471" lon="-16.98991893953844">
        <ele>1261</ele>
      </trkpt>
      <trkpt lat="32.73341979782568" lon="-16.98987507152395">
        <ele>1250</ele>
      </trkpt>
      <trkpt lat="32.73331012778944" lon="-16.98982929620447">
        <ele>1235</ele>
      </trkpt>
      <trkpt lat="32.73323002098036" lon="-16.98977970627504">
        <ele>1225</ele>
      </trkpt>
      <trkpt lat="32.73317470913599" lon="-16.98973488460806">
        <ele>1218</ele>
      </trkpt>
      <trkpt lat="32.73314896051879" lon="-16.98967957276369">
        <ele>1215</ele>
      </trkpt>
      <trkpt lat="32.7331394239939" lon="-16.98963379744422">
        <ele>1213</ele>
      </trkpt>
      <trkpt lat="32.73314133129888" lon="-16.98958420751479">
        <ele>1213</ele>
      </trkpt>
      <trkpt lat="32.73316326530612" lon="-16.98952698836545">
        <ele>1216</ele>
      </trkpt>
      <trkpt lat="32.73324241846272" lon="-16.98944592790388">
        <ele>1224</ele>
      </trkpt>
      <trkpt lat="32.73331775700935" lon="-16.98939919893192">
        <ele>1232</ele>
      </trkpt>
      <trkpt lat="32.73336925424375" lon="-16.98933244325769">
        <ele>1240</ele>
      </trkpt>
      <trkpt lat="32.73339404920847" lon="-16.98923898531376">
        <ele>1245</ele>
      </trkpt>
      <trkpt lat="32.73340740034332" lon="-16.98916269311464">
        <ele>1247</ele>
      </trkpt>
      <trkpt lat="32.73342075147816" lon="-16.98908544726303">
        <ele>1252</ele>
      </trkpt>
      <trkpt lat="32.73341598321572" lon="-16.9889919893191">
        <ele>1254</ele>
      </trkpt>
      <trkpt lat="32.73341121495328" lon="-16.98889853137518">
        <ele>1255</ele>
      </trkpt>
      <trkpt lat="32.73341026130078" lon="-16.98859813084113">
        <ele>1263</ele>
      </trkpt>
      <trkpt lat="32.73341693686821" lon="-16.98848655349991">
        <ele>1268</ele>
      </trkpt>
      <trkpt lat="32.73342456608812" lon="-16.9883749761587">
        <ele>1273</ele>
      </trkpt>
      <trkpt lat="32.73353232881938" lon="-16.98806599275225">
        <ele>1307</ele>
      </trkpt>
      <trkpt lat="32.73353709708183" lon="-16.98795823002099">
        <ele>1312</ele>
      </trkpt>
      <trkpt lat="32.73337497615869" lon="-16.98760251764258">
        <ele>1284</ele>
      </trkpt>
      <trkpt lat="32.73323765020027" lon="-16.98697978256724">
        <ele>1297</ele>
      </trkpt>
      <trkpt lat="32.73320522601564" lon="-16.98691874880794">
        <ele>1298</ele>
      </trkpt>
      <trkpt lat="32.73312130459661" lon="-16.98689013923327">
        <ele>1293</ele>
      </trkpt>
      <trkpt lat="32.73302880030517" lon="-16.98687583444594">
        <ele>1287</ele>
      </trkpt>
      <trkpt lat="32.7330001907305" lon="-16.98682529086402">
        <ele>1289</ele>
      </trkpt>
      <trkpt lat="32.73299732977303" lon="-16.98677093267214">
        <ele>1292</ele>
      </trkpt>
      <trkpt lat="32.73300495899295" lon="-16.98672134274272">
        <ele>1295</ele>
      </trkpt>
      <trkpt lat="32.73298588594317" lon="-16.98667747472822">
        <ele>1297</ele>
      </trkpt>
      <trkpt lat="32.7329572763685" lon="-16.98665458706848">
        <ele>1297</ele>
      </trkpt>
      <trkpt lat="32.73290291817662" lon="-16.98664314323861">
        <ele>1295</ele>
      </trkpt>
      <trkpt lat="32.73285618920466" lon="-16.98662025557888">
        <ele>1294</ele>
      </trkpt>
      <trkpt lat="32.73281327484265" lon="-16.98656875834447">
        <ele>1295</ele>
      </trkpt>
      <trkpt lat="32.73277798970056" lon="-16.98655159259967">
        <ele>1294</ele>
      </trkpt>
      <trkpt lat="32.73268357810414" lon="-16.98654682433722">
        <ele>1288</ele>
      </trkpt>
      <trkpt lat="32.73265020026702" lon="-16.98655922181958">
        <ele>1285</ele>
      </trkpt>
      <trkpt lat="32.73263112721725" lon="-16.98655540720962">
        <ele>1283</ele>
      </trkpt>
      <trkpt lat="32.73257581537288" lon="-16.98647530040054">
        <ele>1285</ele>
      </trkpt>
      <trkpt lat="32.73255197406066" lon="-16.98640377646387">
        <ele>1289</ele>
      </trkpt>
      <trkpt lat="32.73252908640092" lon="-16.9863312988747">
        <ele>1292</ele>
      </trkpt>
      <trkpt lat="32.73251096700363" lon="-16.98630173564754">
        <ele>1292</ele>
      </trkpt>
      <trkpt lat="32.73249189395385" lon="-16.98629124547016">
        <ele>1292</ele>
      </trkpt>
      <trkpt lat="32.73244325767691" lon="-16.98629506008012">
        <ele>1290</ele>
      </trkpt>
      <trkpt lat="32.73236887278276" lon="-16.98628647720771">
        <ele>1288</ele>
      </trkpt>
      <trkpt lat="32.73229448788862" lon="-16.98627789433531">
        <ele>1286</ele>
      </trkpt>
      <trkpt lat="32.73221247377456" lon="-16.98625691398055">
        <ele>1285</ele>
      </trkpt>
      <trkpt lat="32.73212473774557" lon="-16.98625691398055">
        <ele>1282</ele>
      </trkpt>
      <trkpt lat="32.73205798207134" lon="-16.98628266259776">
        <ele>1278</ele>
      </trkpt>
      <trkpt lat="32.73198836543964" lon="-16.98632653061225">
        <ele>1274</ele>
      </trkpt>
      <trkpt lat="32.73192828533283" lon="-16.98633797444212">
        <ele>1271</ele>
      </trkpt>
      <trkpt lat="32.73185676139615" lon="-16.98633034522221">
        <ele>1269</ele>
      </trkpt>
      <trkpt lat="32.73182910547397" lon="-16.98631413312989">
        <ele>1269</ele>
      </trkpt>
      <trkpt lat="32.73174518405494" lon="-16.98621590692353">
        <ele>1270</ele>
      </trkpt>
      <trkpt lat="32.73166221628839" lon="-16.98611672706467">
        <ele>1271</ele>
      </trkpt>
      <trkpt lat="32.73159355330917" lon="-16.9860699980927">
        <ele>1272</ele>
      </trkpt>
      <trkpt lat="32.73149437345032" lon="-16.9859917985886">
        <ele>1275</ele>
      </trkpt>
      <trkpt lat="32.73139519359146" lon="-16.9859135990845">
        <ele>1278</ele>
      </trkpt>
      <trkpt lat="32.73129982834256" lon="-16.98586019454512">
        <ele>1280</ele>
      </trkpt>
      <trkpt lat="32.73123116536335" lon="-16.98584493610529">
        <ele>1281</ele>
      </trkpt>
      <trkpt lat="32.73116345603663" lon="-16.98582872401298">
        <ele>1281</ele>
      </trkpt>
      <trkpt lat="32.73109860766737" lon="-16.98583826053787">
        <ele>1281</ele>
      </trkpt>
      <trkpt lat="32.7310347129506" lon="-16.98584684341027">
        <ele>1280</ele>
      </trkpt>
      <trkpt lat="32.7309746328438" lon="-16.98582586305551">
        <ele>1281</ele>
      </trkpt>
      <trkpt lat="32.73091836734694" lon="-16.98577531947359">
        <ele>1278</ele>
      </trkpt>
      <trkpt lat="32.73091836734694" lon="-16.98577531947359">
        <ele>1278</ele>
      </trkpt>
      <trkpt lat="32.73085351897769" lon="-16.98567423230975">
        <ele>1274</ele>
      </trkpt>
      <trkpt lat="32.73084970436773" lon="-16.98564657638757">
        <ele>1273</ele>
      </trkpt>
      <trkpt lat="32.73082395575053" lon="-16.98561892046539">
        <ele>1271</ele>
      </trkpt>
      <trkpt lat="32.73073145145909" lon="-16.98554739652871">
        <ele>1268</ele>
      </trkpt>
      <trkpt lat="32.73072382223918" lon="-16.98552641617395">
        <ele>1267</ele>
      </trkpt>
      <trkpt lat="32.73072954415412" lon="-16.98550162120924">
        <ele>1266</ele>
      </trkpt>
      <trkpt lat="32.7307572000763" lon="-16.98547587259204">
        <ele>1265</ele>
      </trkpt>
      <trkpt lat="32.73081918748808" lon="-16.98545203127981">
        <ele>1264</ele>
      </trkpt>
      <trkpt lat="32.73088117489987" lon="-16.9854272363151">
        <ele>1263</ele>
      </trkpt>
      <trkpt lat="32.73088117489987" lon="-16.9854272363151">
        <ele>1263</ele>
      </trkpt>
      <trkpt lat="32.73094411596415" lon="-16.98538909021553">
        <ele>1261</ele>
      </trkpt>
      <trkpt lat="32.73100705702842" lon="-16.98535094411597">
        <ele>1259</ele>
      </trkpt>
      <trkpt lat="32.73111195880222" lon="-16.98535189776846">
        <ele>1258</ele>
      </trkpt>
      <trkpt lat="32.73123021171086" lon="-16.98529944688157">
        <ele>1255</ele>
      </trkpt>
      <trkpt lat="32.73134274270456" lon="-16.98530230783903">
        <ele>1255</ele>
      </trkpt>
      <trkpt lat="32.73139137898151" lon="-16.98529753957659">
        <ele>1255</ele>
      </trkpt>
      <trkpt lat="32.73145336639329" lon="-16.98526416173947">
        <ele>1253</ele>
      </trkpt>
      <trkpt lat="32.73153156589739" lon="-16.98516498188061">
        <ele>1247</ele>
      </trkpt>
      <trkpt lat="32.73160213618158" lon="-16.985087736029">
        <ele>1243</ele>
      </trkpt>
      <trkpt lat="32.73166603089835" lon="-16.98502956322717">
        <ele>1240</ele>
      </trkpt>
      <trkpt lat="32.73172992561511" lon="-16.98497043677285">
        <ele>1242</ele>
      </trkpt>
      <trkpt lat="32.73178523745948" lon="-16.98495803929049">
        <ele>1245</ele>
      </trkpt>
      <trkpt lat="32.73184341026131" lon="-16.98490940301355">
        <ele>1247</ele>
      </trkpt>
      <trkpt lat="32.731913026893" lon="-16.98482738889949">
        <ele>1248</ele>
      </trkpt>
      <trkpt lat="32.73194449742514" lon="-16.98480450123976">
        <ele>1249</ele>
      </trkpt>
      <trkpt lat="32.73195594125501" lon="-16.98474060652299">
        <ele>1247</ele>
      </trkpt>
      <trkpt lat="32.73196738508488" lon="-16.98467671180623">
        <ele>1245</ele>
      </trkpt>
      <trkpt lat="32.73198550448217" lon="-16.98464619492658">
        <ele>1244</ele>
      </trkpt>
      <trkpt lat="32.73201411405684" lon="-16.98461853900439">
        <ele>1245</ele>
      </trkpt>
      <trkpt lat="32.7320608430288" lon="-16.98450696166318">
        <ele>1243</ele>
      </trkpt>
      <trkpt lat="32.73206370398627" lon="-16.98448312035095">
        <ele>1242</ele>
      </trkpt>
      <trkpt lat="32.73204176997903" lon="-16.98443448407401">
        <ele>1238</ele>
      </trkpt>
      <trkpt lat="32.7320350944116" lon="-16.98435056265498">
        <ele>1233</ele>
      </trkpt>
      <trkpt lat="32.73202841884418" lon="-16.98426568758345">
        <ele>1228</ele>
      </trkpt>
      <trkpt lat="32.73207324051116" lon="-16.98417699790197">
        <ele>1227</ele>
      </trkpt>
      <trkpt lat="32.7320961281709" lon="-16.98416936868206">
        <ele>1228</ele>
      </trkpt>
      <trkpt lat="32.73217718863247" lon="-16.9840787716956">
        <ele>1230</ele>
      </trkpt>
      <trkpt lat="32.73221342742705" lon="-16.98395956513447">
        <ele>1228</ele>
      </trkpt>
      <trkpt lat="32.7322353614343" lon="-16.98393286286478">
        <ele>1228</ele>
      </trkpt>
      <trkpt lat="32.73216765210758" lon="-16.98360862101851">
        <ele>1208</ele>
      </trkpt>
      <trkpt lat="32.73214094983788" lon="-16.98354758725921">
        <ele>1203</ele>
      </trkpt>
      <trkpt lat="32.73214285714286" lon="-16.98350181193974">
        <ele>1201</ele>
      </trkpt>
      <trkpt lat="32.732174327675" lon="-16.98342838069808">
        <ele>1200</ele>
      </trkpt>
      <trkpt lat="32.73221628838451" lon="-16.98342933435057">
        <ele>1204</ele>
      </trkpt>
      <trkpt lat="32.7322439443067" lon="-16.98341979782568">
        <ele>1206</ele>
      </trkpt>
      <trkpt lat="32.73230783902346" lon="-16.98336543963381">
        <ele>1210</ele>
      </trkpt>
      <trkpt lat="32.7323135609384" lon="-16.98334922754149">
        <ele>1210</ele>
      </trkpt>
      <trkpt lat="32.73230593171849" lon="-16.98333492275416">
        <ele>1208</ele>
      </trkpt>
      <trkpt lat="32.73222773221438" lon="-16.98334064466909">
        <ele>1201</ele>
      </trkpt>
      <trkpt lat="32.7322353614343" lon="-16.9832967766546">
        <ele>1199</ele>
      </trkpt>
      <trkpt lat="32.7323135609384" lon="-16.98325481594508">
        <ele>1203</ele>
      </trkpt>
      <trkpt lat="32.73240987983979" lon="-16.98317852374596">
        <ele>1206</ele>
      </trkpt>
      <trkpt lat="32.7325128743086" lon="-16.98308029753959">
        <ele>1207</ele>
      </trkpt>
      <trkpt lat="32.73258630555026" lon="-16.98305740987985">
        <ele>1211</ele>
      </trkpt>
      <trkpt lat="32.7326702269693" lon="-16.9829830249857">
        <ele>1211</ele>
      </trkpt>
      <trkpt lat="32.73267308792676" lon="-16.98295823002099">
        <ele>1210</ele>
      </trkpt>
      <trkpt lat="32.7326606904444" lon="-16.98291436200649">
        <ele>1206</ele>
      </trkpt>
      <trkpt lat="32.73266259774938" lon="-16.98282853328248">
        <ele>1199</ele>
      </trkpt>
      <trkpt lat="32.73272077055122" lon="-16.98271123402633">
        <ele>1195</ele>
      </trkpt>
      <trkpt lat="32.73272077055122" lon="-16.98266641235935">
        <ele>1192</ele>
      </trkpt>
      <trkpt lat="32.73268071714668" lon="-16.98256246423804">
        <ele>1181</ele>
      </trkpt>
      <trkpt lat="32.73267404157925" lon="-16.9825309937059">
        <ele>1178</ele>
      </trkpt>
      <trkpt lat="32.73272553881366" lon="-16.98242227732215">
        <ele>1174</ele>
      </trkpt>
      <trkpt lat="32.73277703604807" lon="-16.9823135609384">
        <ele>1170</ele>
      </trkpt>
      <trkpt lat="32.73284474537479" lon="-16.9822181956895">
        <ele>1171</ele>
      </trkpt>
      <trkpt lat="32.73293724966623" lon="-16.98216288384513">
        <ele>1179</ele>
      </trkpt>
      <trkpt lat="32.73304215144002" lon="-16.98212283044059">
        <ele>1191</ele>
      </trkpt>
      <trkpt lat="32.73314705321381" lon="-16.98208277703606">
        <ele>1204</ele>
      </trkpt>
      <trkpt lat="32.73321953080298" lon="-16.98209040625597">
        <ele>1214</ele>
      </trkpt>
      <trkpt lat="32.73327102803739" lon="-16.98207991607859">
        <ele>1221</ele>
      </trkpt>
      <trkpt lat="32.73332061796682" lon="-16.98205035285143">
        <ele>1227</ele>
      </trkpt>
      <trkpt lat="32.73330631317948" lon="-16.9819568949075">
        <ele>1224</ele>
      </trkpt>
      <trkpt lat="32.73332824718673" lon="-16.98191302689301">
        <ele>1226</ele>
      </trkpt>
      <trkpt lat="32.73336257867633" lon="-16.98188632462332">
        <ele>1229</ele>
      </trkpt>
      <trkpt lat="32.73337783711616" lon="-16.98182624451651">
        <ele>1230</ele>
      </trkpt>
      <trkpt lat="32.73335876406638" lon="-16.9817222963952">
        <ele>1227</ele>
      </trkpt>
      <trkpt lat="32.73331680335686" lon="-16.9816355140187">
        <ele>1221</ele>
      </trkpt>
      <trkpt lat="32.73327579629984" lon="-16.98154777798971">
        <ele>1212</ele>
      </trkpt>
      <trkpt lat="32.7332786572573" lon="-16.98148197596797">
        <ele>1212</ele>
      </trkpt>
      <trkpt lat="32.73325672325005" lon="-16.98140186915889">
        <ele>1207</ele>
      </trkpt>
      <trkpt lat="32.7332357428953" lon="-16.98132176234981">
        <ele>1201</ele>
      </trkpt>
      <trkpt lat="32.73317757009346" lon="-16.98120350944117">
        <ele>1187</ele>
      </trkpt>
      <trkpt lat="32.73315563608622" lon="-16.98110909784475">
        <ele>1180</ele>
      </trkpt>
      <trkpt lat="32.73319950410071" lon="-16.98101182529087">
        <ele>1188</ele>
      </trkpt>
      <trkpt lat="32.73329486934961" lon="-16.98068090787718">
        <ele>1201</ele>
      </trkpt>
      <trkpt lat="32.73330535952699" lon="-16.98058744993325">
        <ele>1198</ele>
      </trkpt>
      <trkpt lat="32.73331584970437" lon="-16.98049303833684">
        <ele>1195</ele>
      </trkpt>
      <trkpt lat="32.73335399580393" lon="-16.98040244135038">
        <ele>1195</ele>
      </trkpt>
      <trkpt lat="32.73339309555598" lon="-16.98031089071143">
        <ele>1192</ele>
      </trkpt>
      <trkpt lat="32.73350181193973" lon="-16.98030230783903">
        <ele>1199</ele>
      </trkpt>
      <trkpt lat="32.73361052832348" lon="-16.98029372496663">
        <ele>1205</ele>
      </trkpt>
      <trkpt lat="32.73331108144193" lon="-16.98010871638376">
        <ele>1173</ele>
      </trkpt>
      <trkpt lat="32.73339786381843" lon="-16.98008582872402">
        <ele>1178</ele>
      </trkpt>
      <trkpt lat="32.73348464619493" lon="-16.9800619874118">
        <ele>1180</ele>
      </trkpt>
      <trkpt lat="32.73358096509632" lon="-16.98007152393669">
        <ele>1185</ele>
      </trkpt>
      <trkpt lat="32.73361243562846" lon="-16.98005912645433">
        <ele>1185</ele>
      </trkpt>
      <trkpt lat="32.73360766736602" lon="-16.98004005340455">
        <ele>1184</ele>
      </trkpt>
      <trkpt lat="32.73358477970628" lon="-16.98000000000001">
        <ele>1180</ele>
      </trkpt>
      <trkpt lat="32.73358477970628" lon="-16.98">
        <ele>1180</ele>
      </trkpt>
      <trkpt lat="32.73358001144383" lon="-16.97999046347511">
        <ele>1179</ele>
      </trkpt>
      <trkpt lat="32.73322811367538" lon="-16.97981117680717">
        <ele>1148</ele>
      </trkpt>
      <trkpt lat="32.73320617966813" lon="-16.97985123021171">
        <ele>1145</ele>
      </trkpt>
      <trkpt lat="32.7331651726111" lon="-16.97989128361625">
        <ele>1140</ele>
      </trkpt>
      <trkpt lat="32.73314037764639" lon="-16.97987411787145">
        <ele>1136</ele>
      </trkpt>
      <trkpt lat="32.73315277512874" lon="-16.97977016975014">
        <ele>1136</ele>
      </trkpt>
      <trkpt lat="32.73322716002289" lon="-16.97975491131032">
        <ele>1146</ele>
      </trkpt>
      <trkpt lat="32.73316135800115" lon="-16.97972630173565">
        <ele>1136</ele>
      </trkpt>
      <trkpt lat="32.7330955559794" lon="-16.97969769216098">
        <ele>1127</ele>
      </trkpt>
      <trkpt lat="32.73308220484456" lon="-16.97965382414648">
        <ele>1124</ele>
      </trkpt>
      <trkpt lat="32.73310413885181" lon="-16.97964047301164">
        <ele>1127</ele>
      </trkpt>
      <trkpt lat="32.73299923707801" lon="-16.97957276368491">
        <ele>1114</ele>
      </trkpt>
      <trkpt lat="32.73292485218387" lon="-16.97949456418081">
        <ele>1105</ele>
      </trkpt>
      <trkpt lat="32.73288289147435" lon="-16.97942208659164">
        <ele>1102</ele>
      </trkpt>
      <trkpt lat="32.7328523745947" lon="-16.97935819187488">
        <ele>1099</ele>
      </trkpt>
      <trkpt lat="32.73282185771505" lon="-16.97929334350562">
        <ele>1098</ele>
      </trkpt>
      <trkpt lat="32.7328876597368" lon="-16.97933721152012">
        <ele>1103</ele>
      </trkpt>
      <trkpt lat="32.73286477207706" lon="-16.97924566088117">
        <ele>1102</ele>
      </trkpt>
      <trkpt lat="32.73297825672326" lon="-16.97933244325768">
        <ele>1111</ele>
      </trkpt>
      <trkpt lat="32.7329572763685" lon="-16.97924661453366">
        <ele>1109</ele>
      </trkpt>
      <trkpt lat="32.73293629601373" lon="-16.97915983215716">
        <ele>1108</ele>
      </trkpt>
      <trkpt lat="32.73295346175854" lon="-16.97914838832729">
        <ele>1109</ele>
      </trkpt>
      <trkpt lat="32.73306217814229" lon="-16.97925519740607">
        <ele>1118</ele>
      </trkpt>
      <trkpt lat="32.73307457562465" lon="-16.97918558077436">
        <ele>1118</ele>
      </trkpt>
      <trkpt lat="32.7330879267595" lon="-16.97911501049018">
        <ele>1117</ele>
      </trkpt>
      <trkpt lat="32.73315563608622" lon="-16.97918653442686">
        <ele>1124</ele>
      </trkpt>
      <trkpt lat="32.73316040434866" lon="-16.97909593744039">
        <ele>1121</ele>
      </trkpt>
      <trkpt lat="32.7331651726111" lon="-16.97900438680145">
        <ele>1117</ele>
      </trkpt>
      <trkpt lat="32.73324241846272" lon="-16.97911119588022">
        <ele>1127</ele>
      </trkpt>
      <trkpt lat="32.73324051115774" lon="-16.97903871829105">
        <ele>1122</ele>
      </trkpt>
      <trkpt lat="32.73323860385276" lon="-16.97896624070189">
        <ele>1118</ele>
      </trkpt>
      <trkpt lat="32.73327961090979" lon="-16.97904730116345">
        <ele>1125</ele>
      </trkpt>
      <trkpt lat="32.73328628647721" lon="-16.97896814800686">
        <ele>1121</ele>
      </trkpt>
      <trkpt lat="32.73329391569712" lon="-16.97888804119779">
        <ele>1116</ele>
      </trkpt>
      <trkpt lat="32.73333206179669" lon="-16.97895956513446">
        <ele>1122</ele>
      </trkpt>
      <trkpt lat="32.73336067137136" lon="-16.97896433339691">
        <ele>1121</ele>
      </trkpt>
      <trkpt lat="32.73336925424375" lon="-16.97889185580774">
        <ele>1115</ele>
      </trkpt>
      <trkpt lat="32.73337879076865" lon="-16.97881842456609">
        <ele>1110</ele>
      </trkpt>
      <trkpt lat="32.73339214190349" lon="-16.97888422658783">
        <ele>1113</ele>
      </trkpt>
      <trkpt lat="32.73343028800306" lon="-16.97881460995613">
        <ele>1106</ele>
      </trkpt>
      <trkpt lat="32.7334531756628" lon="-16.97883272935342">
        <ele>1106</ele>
      </trkpt>
      <trkpt lat="32.73349418271982" lon="-16.97889376311272">
        <ele>1107</ele>
      </trkpt>
      <trkpt lat="32.73351611672707" lon="-16.97883940492084">
        <ele>1102</ele>
      </trkpt>
      <trkpt lat="32.73349132176235" lon="-16.97874403967194">
        <ele>1097</ele>
      </trkpt>
      <trkpt lat="32.73340549303834" lon="-16.97866774747282">
        <ele>1098</ele>
      </trkpt>
      <trkpt lat="32.73331966431433" lon="-16.9785914552737">
        <ele>1097</ele>
      </trkpt>
      <trkpt lat="32.73329105473966" lon="-16.97852946786191">
        <ele>1094</ele>
      </trkpt>
      <trkpt lat="32.73326244516499" lon="-16.97846748045012">
        <ele>1090</ele>
      </trkpt>
      <trkpt lat="32.73326149151249" lon="-16.97838069807362">
        <ele>1085</ele>
      </trkpt>
      <trkpt lat="32.73324241846272" lon="-16.97831012778943">
        <ele>1081</ele>
      </trkpt>
      <trkpt lat="32.73331775700935" lon="-16.97832633988175">
        <ele>1080</ele>
      </trkpt>
      <trkpt lat="32.73336734693878" lon="-16.97840930764829">
        <ele>1083</ele>
      </trkpt>
      <trkpt lat="32.73341693686821" lon="-16.97849227541484">
        <ele>1085</ele>
      </trkpt>
      <trkpt lat="32.73349895098227" lon="-16.97853232881938">
        <ele>1083</ele>
      </trkpt>
      <trkpt lat="32.73358191874881" lon="-16.97857142857143">
        <ele>1080</ele>
      </trkpt>
      <trkpt lat="32.73360671371353" lon="-16.97861911119588">
        <ele>1082</ele>
      </trkpt>
      <trkpt lat="32.73362674041579" lon="-16.97859526988365">
        <ele>1079</ele>
      </trkpt>
      <trkpt lat="32.73362578676331" lon="-16.97851897768453">
        <ele>1074</ele>
      </trkpt>
      <trkpt lat="32.73351611672707" lon="-16.97843219530803">
        <ele>1075</ele>
      </trkpt>
      <trkpt lat="32.73353423612436" lon="-16.97841884417318">
        <ele>1073</ele>
      </trkpt>
      <trkpt lat="32.73362674041579" lon="-16.97843791722296">
        <ele>1069</ele>
      </trkpt>
      <trkpt lat="32.73372019835972" lon="-16.97845699027274">
        <ele>1064</ele>
      </trkpt>
      <trkpt lat="32.73367251573527" lon="-16.97836448598131">
        <ele>1061</ele>
      </trkpt>
      <trkpt lat="32.73375548350182" lon="-16.97834827388899">
        <ele>1055</ele>
      </trkpt>
      <trkpt lat="32.73365153538051" lon="-16.97827102803738">
        <ele>1056</ele>
      </trkpt>
      <trkpt lat="32.7335485409117" lon="-16.97819282853328">
        <ele>1056</ele>
      </trkpt>
      <trkpt lat="32.7334960900248" lon="-16.97808315849704">
        <ele>1051</ele>
      </trkpt>
      <trkpt lat="32.7334436391379" lon="-16.9779734884608">
        <ele>1045</ele>
      </trkpt>
      <trkpt lat="32.73337592981118" lon="-16.97792962044631">
        <ele>1045</ele>
      </trkpt>
      <trkpt lat="32.73325767690254" lon="-16.97790673278657">
        <ele>1050</ele>
      </trkpt>
      <trkpt lat="32.7331480068663" lon="-16.97782853328247">
        <ele>1050</ele>
      </trkpt>
      <trkpt lat="32.73303929048255" lon="-16.97775033377837">
        <ele>1051</ele>
      </trkpt>
      <trkpt lat="32.73295060080108" lon="-16.97766355140187">
        <ele>1051</ele>
      </trkpt>
      <trkpt lat="32.73286191111959" lon="-16.97757676902537">
        <ele>1051</ele>
      </trkpt>
      <trkpt lat="32.732870493992" lon="-16.97754243753576">
        <ele>1048</ele>
      </trkpt>
      <trkpt lat="32.73294011062369" lon="-16.97755197406065">
        <ele>1044</ele>
      </trkpt>
      <trkpt lat="32.73301068090788" lon="-16.97756151058554">
        <ele>1040</ele>
      </trkpt>
      <trkpt lat="32.73294487888614" lon="-16.97746995994659">
        <ele>1039</ele>
      </trkpt>
      <trkpt lat="32.73301068090788" lon="-16.97749189395384">
        <ele>1036</ele>
      </trkpt>
      <trkpt lat="32.73307743658211" lon="-16.97751382796109">
        <ele>1032</ele>
      </trkpt>
      <trkpt lat="32.73309174136945" lon="-16.97749761586878">
        <ele>1030</ele>
      </trkpt>
      <trkpt lat="32.73308697310701" lon="-16.97747091359908">
        <ele>1029</ele>
      </trkpt>
      <trkpt lat="32.73283711615488" lon="-16.97730879267595">
        <ele>1035</ele>
      </trkpt>
      <trkpt lat="32.7326702269693" lon="-16.97700267022697">
        <ele>1024</ele>
      </trkpt>
      <trkpt lat="32.7326606904444" lon="-16.97690635132557">
        <ele>1017</ele>
      </trkpt>
      <trkpt lat="32.73273602899104" lon="-16.97678714476445">
        <ele>1005</ele>
      </trkpt>
      <trkpt lat="32.73276273126073" lon="-16.97671562082777">
        <ele>998</ele>
      </trkpt>
      <trkpt lat="32.73276463856571" lon="-16.9768262445165">
        <ele>1006</ele>
      </trkpt>
      <trkpt lat="32.73279038718292" lon="-16.9769044440206">
        <ele>1010</ele>
      </trkpt>
      <trkpt lat="32.73284093076483" lon="-16.97687678809842">
        <ele>1005</ele>
      </trkpt>
      <trkpt lat="32.73286286477208" lon="-16.97688155636086">
        <ele>1004</ele>
      </trkpt>
      <trkpt lat="32.73287240129697" lon="-16.97694449742514">
        <ele>1008</ele>
      </trkpt>
      <trkpt lat="32.73295060080108" lon="-16.9766955941255">
        <ele>987</ele>
      </trkpt>
      <trkpt lat="32.73279324814038" lon="-16.97640377646385">
        <ele>972</ele>
      </trkpt>
      <trkpt lat="32.73278180431051" lon="-16.97634274270456">
        <ele>967</ele>
      </trkpt>
      <trkpt lat="32.73283902345985" lon="-16.97638661071905">
        <ele>968</ele>
      </trkpt>
      <trkpt lat="32.73290768643906" lon="-16.97643143238604">
        <ele>969</ele>
      </trkpt>
      <trkpt lat="32.73297730307077" lon="-16.97647530040053">
        <ele>969</ele>
      </trkpt>
      <trkpt lat="32.73308888041198" lon="-16.97652107572001">
        <ele>967</ele>
      </trkpt>
      <trkpt lat="32.73311462902919" lon="-16.97657448025939">
        <ele>970</ele>
      </trkpt>
      <trkpt lat="32.7331222582491" lon="-16.976651726111">
        <ele>975</ele>
      </trkpt>
      <trkpt lat="32.7331308411215" lon="-16.97672897196261">
        <ele>980</ele>
      </trkpt>
      <trkpt lat="32.73315372878124" lon="-16.97674518405493">
        <ele>979</ele>
      </trkpt>
      <trkpt lat="32.73318806027084" lon="-16.97672706465764">
        <ele>976</ele>
      </trkpt>
      <trkpt lat="32.73322239176045" lon="-16.97664886515354">
        <ele>970</ele>
      </trkpt>
      <trkpt lat="32.73323097463285" lon="-16.97656589738699">
        <ele>964</ele>
      </trkpt>
      <trkpt lat="32.73322906732787" lon="-16.97648960518787">
        <ele>959</ele>
      </trkpt>
      <trkpt lat="32.73320999427809" lon="-16.97644764447835">
        <ele>957</ele>
      </trkpt>
      <trkpt lat="32.73311176807172" lon="-16.97634560366203">
        <ele>954</ele>
      </trkpt>
      <trkpt lat="32.73296013732596" lon="-16.97608811748999">
        <ele>941</ele>
      </trkpt>
      <trkpt lat="32.73297634941827" lon="-16.97606618348274">
        <ele>939</ele>
      </trkpt>
      <trkpt lat="32.73304310509251" lon="-16.97613484646195">
        <ele>941</ele>
      </trkpt>
      <trkpt lat="32.73310986076674" lon="-16.97620255578867">
        <ele>944</ele>
      </trkpt>
      <trkpt lat="32.73337497615869" lon="-16.97632462330727">
        <ele>942</ele>
      </trkpt>
      <trkpt lat="32.73343600991799" lon="-16.97630650390997">
        <ele>939</ele>
      </trkpt>
      <trkpt lat="32.73349799732978" lon="-16.97628838451268">
        <ele>935</ele>
      </trkpt>
      <trkpt lat="32.73354091169178" lon="-16.97630650390997">
        <ele>935</ele>
      </trkpt>
      <trkpt lat="32.73354758725921" lon="-16.9763389280946">
        <ele>937</ele>
      </trkpt>
      <trkpt lat="32.73352946786191" lon="-16.9764171275987">
        <ele>942</ele>
      </trkpt>
      <trkpt lat="32.73351230211711" lon="-16.9764953271028">
        <ele>947</ele>
      </trkpt>
      <trkpt lat="32.73352756055694" lon="-16.97658783139424">
        <ele>952</ele>
      </trkpt>
      <trkpt lat="32.73358668701125" lon="-16.97651535380507">
        <ele>946</ele>
      </trkpt>
      <trkpt lat="32.73372305931719" lon="-16.97624165554072">
        <ele>924</ele>
      </trkpt>
      <trkpt lat="32.73368682052261" lon="-16.97616631699409">
        <ele>921</ele>
      </trkpt>
      <trkpt lat="32.73361625023842" lon="-16.97610814419226">
        <ele>920</ele>
      </trkpt>
      <trkpt lat="32.73354567995423" lon="-16.97604997139042">
        <ele>919</ele>
      </trkpt>
      <trkpt lat="32.73348559984742" lon="-16.97598893763113">
        <ele>917</ele>
      </trkpt>
      <trkpt lat="32.7334264733931" lon="-16.97592790387183">
        <ele>915</ele>
      </trkpt>
      <trkpt lat="32.73335590310891" lon="-16.97583253862292">
        <ele>911</ele>
      </trkpt>
      <trkpt lat="32.73334159832157" lon="-16.97576578294869">
        <ele>907</ele>
      </trkpt>
      <trkpt lat="32.73332729353424" lon="-16.97569902727446">
        <ele>903</ele>
      </trkpt>
      <trkpt lat="32.73336067137136" lon="-16.97566755674232">
        <ele>900</ele>
      </trkpt>
      <trkpt lat="32.73345889757773" lon="-16.97575052450887">
        <ele>903</ele>
      </trkpt>
      <trkpt lat="32.73352851420942" lon="-16.97577722677856">
        <ele>903</ele>
      </trkpt>
      <trkpt lat="32.73359813084112" lon="-16.97580297539577">
        <ele>902</ele>
      </trkpt>
      <trkpt lat="32.73368109860767" lon="-16.97581251192065">
        <ele>901</ele>
      </trkpt>
      <trkpt lat="32.73376406637422" lon="-16.97582109479306">
        <ele>899</ele>
      </trkpt>
      <trkpt lat="32.73384131222583" lon="-16.97585161167271">
        <ele>898</ele>
      </trkpt>
      <trkpt lat="32.73391951172993" lon="-16.97588117489986">
        <ele>898</ele>
      </trkpt>
      <trkpt lat="32.73401201602137" lon="-16.97590310890711">
        <ele>896</ele>
      </trkpt>
      <trkpt lat="32.73410928857525" lon="-16.97589452603471">
        <ele>893</ele>
      </trkpt>
      <trkpt lat="32.73413885180241" lon="-16.97588594316231">
        <ele>892</ele>
      </trkpt>
      <trkpt lat="32.734218004959" lon="-16.97592885752432">
        <ele>889</ele>
      </trkpt>
      <trkpt lat="32.73421895861149" lon="-16.97588785046729">
        <ele>887</ele>
      </trkpt>
      <trkpt lat="32.7341655540721" lon="-16.97582204844554">
        <ele>887</ele>
      </trkpt>
      <trkpt lat="32.73409116917796" lon="-16.97577627312607">
        <ele>886</ele>
      </trkpt>
      <trkpt lat="32.73400343314896" lon="-16.97569139805455">
        <ele>883</ele>
      </trkpt>
      <trkpt lat="32.73406923517071" lon="-16.97570284188442">
        <ele>882</ele>
      </trkpt>
      <trkpt lat="32.73413312988747" lon="-16.9756952126645">
        <ele>880</ele>
      </trkpt>
      <trkpt lat="32.73419797825673" lon="-16.97568758344459">
        <ele>876</ele>
      </trkpt>
      <trkpt lat="32.73427522410834" lon="-16.97571237840931">
        <ele>871</ele>
      </trkpt>
      <trkpt lat="32.73435342361244" lon="-16.97582967766546">
        <ele>872</ele>
      </trkpt>
      <trkpt lat="32.73436868205226" lon="-16.97582300209804">
        <ele>871</ele>
      </trkpt>
      <trkpt lat="32.73437917222964" lon="-16.97580488270074">
        <ele>869</ele>
      </trkpt>
      <trkpt lat="32.73434388708755" lon="-16.97569711996948">
        <ele>865</ele>
      </trkpt>
      <trkpt lat="32.73430860194546" lon="-16.97558840358573">
        <ele>861</ele>
      </trkpt>
      <trkpt lat="32.73441541102423" lon="-16.97563799351516">
        <ele>856</ele>
      </trkpt>
      <trkpt lat="32.73447739843601" lon="-16.97573526606904">
        <ele>856</ele>
      </trkpt>
      <trkpt lat="32.73447453747855" lon="-16.97567137135228">
        <ele>853</ele>
      </trkpt>
      <trkpt lat="32.73443066946405" lon="-16.97555216479115">
        <ele>849</ele>
      </trkpt>
      <trkpt lat="32.73435342361244" lon="-16.97549780659928">
        <ele>852</ele>
      </trkpt>
      <trkpt lat="32.73427713141331" lon="-16.9754434484074">
        <ele>855</ele>
      </trkpt>
      <trkpt lat="32.73426664123594" lon="-16.97537764638566">
        <ele>851</ele>
      </trkpt>
      <trkpt lat="32.73436296013733" lon="-16.97541483883273">
        <ele>846</ele>
      </trkpt>
      <trkpt lat="32.73446023269121" lon="-16.9754520312798">
        <ele>841</ele>
      </trkpt>
      <trkpt lat="32.73440492084685" lon="-16.97537001716574">
        <ele>840</ele>
      </trkpt>
      <trkpt lat="32.73434960900249" lon="-16.97528800305169">
        <ele>839</ele>
      </trkpt>
      <trkpt lat="32.73427236315087" lon="-16.97518596223536">
        <ele>839</ele>
      </trkpt>
      <trkpt lat="32.73420942208659" lon="-16.97517451840549">
        <ele>843</ele>
      </trkpt>
      <trkpt lat="32.73414648102232" lon="-16.97516212092313">
        <ele>846</ele>
      </trkpt>
      <trkpt lat="32.7340787716956" lon="-16.97516307457562">
        <ele>847</ele>
      </trkpt>
      <trkpt lat="32.73401106236888" lon="-16.97516402822811">
        <ele>849</ele>
      </trkpt>
      <trkpt lat="32.7339481213046" lon="-16.97509917985886">
        <ele>846</ele>
      </trkpt>
      <trkpt lat="32.73392141903491" lon="-16.97499237078009">
        <ele>840</ele>
      </trkpt>
      <trkpt lat="32.73390616059508" lon="-16.97488270074385">
        <ele>831</ele>
      </trkpt>
      <trkpt lat="32.73388994850277" lon="-16.97480736219721">
        <ele>825</ele>
      </trkpt>
      <trkpt lat="32.73387373641046" lon="-16.97473106999809">
        <ele>819</ele>
      </trkpt>
      <trkpt lat="32.73381365630365" lon="-16.97472248712569">
        <ele>818</ele>
      </trkpt>
      <trkpt lat="32.73377741750907" lon="-16.97461377074194">
        <ele>809</ele>
      </trkpt>
      <trkpt lat="32.73380602708374" lon="-16.97453652489033">
        <ele>802</ele>
      </trkpt>
      <trkpt lat="32.73387945832539" lon="-16.97444115964143">
        <ele>794</ele>
      </trkpt>
      <trkpt lat="32.73392141903491" lon="-16.97442780850658">
        <ele>793</ele>
      </trkpt>
      <trkpt lat="32.73396719435438" lon="-16.97439443066946">
        <ele>790</ele>
      </trkpt>
      <trkpt lat="32.73397673087927" lon="-16.97434865534999">
        <ele>787</ele>
      </trkpt>
      <trkpt lat="32.73393286286478" lon="-16.97431432386038">
        <ele>784</ele>
      </trkpt>
      <trkpt lat="32.73402536715621" lon="-16.9742342170513">
        <ele>778</ele>
      </trkpt>
      <trkpt lat="32.73400534045394" lon="-16.97421419034903">
        <ele>776</ele>
      </trkpt>
      <trkpt lat="32.73391665077246" lon="-16.97419034903681">
        <ele>773</ele>
      </trkpt>
      <trkpt lat="32.73397863818425" lon="-16.97413408353996">
        <ele>771</ele>
      </trkpt>
      <trkpt lat="32.73404062559604" lon="-16.97407686439061">
        <ele>770</ele>
      </trkpt>
      <trkpt lat="32.73403204272363" lon="-16.97396814800686">
        <ele>765</ele>
      </trkpt>
      <trkpt lat="32.73410738127027" lon="-16.97360194545108">
        <ele>753</ele>
      </trkpt>
      <trkpt lat="32.7342351707038" lon="-16.97335876406637">
        <ele>743</ele>
      </trkpt>
      <trkpt lat="32.73425519740607" lon="-16.97328056456227">
        <ele>739</ele>
      </trkpt>
      <trkpt lat="32.73427522410834" lon="-16.97320236505817">
        <ele>734</ele>
      </trkpt>
      <trkpt lat="32.73427045584589" lon="-16.97314609956132">
        <ele>732</ele>
      </trkpt>
      <trkpt lat="32.73425042914362" lon="-16.97311939729163">
        <ele>732</ele>
      </trkpt>
      <trkpt lat="32.73419797825673" lon="-16.97316040434865">
        <ele>736</ele>
      </trkpt>
      <trkpt lat="32.73413503719245" lon="-16.97306217814229">
        <ele>732</ele>
      </trkpt>
      <trkpt lat="32.73408926187297" lon="-16.97305073431242">
        <ele>730</ele>
      </trkpt>
      <trkpt lat="32.73408926187297" lon="-16.97305073431242">
        <ele>730</ele>
      </trkpt>
      <trkpt lat="32.7340349036811" lon="-16.97296013732596">
        <ele>724</ele>
      </trkpt>
      <trkpt lat="32.73394335304216" lon="-16.97292962044631">
        <ele>720</ele>
      </trkpt>
      <trkpt lat="32.73387087545299" lon="-16.97290005721915">
        <ele>716</ele>
      </trkpt>
      <trkpt lat="32.73379839786382" lon="-16.97287049399199">
        <ele>713</ele>
      </trkpt>
      <trkpt lat="32.73369444974252" lon="-16.97290768643906">
        <ele>711</ele>
      </trkpt>
      <trkpt lat="32.73355330917414" lon="-16.97318996757581">
        <ele>717</ele>
      </trkpt>
      <trkpt lat="32.73348559984742" lon="-16.97322334541293">
        <ele>715</ele>
      </trkpt>
      <trkpt lat="32.73341884417319" lon="-16.97325672325005">
        <ele>714</ele>
      </trkpt>
      <trkpt lat="32.73332729353424" lon="-16.97328628647721">
        <ele>712</ele>
      </trkpt>
      <trkpt lat="32.7332357428953" lon="-16.97331584970437">
        <ele>713</ele>
      </trkpt>
      <trkpt lat="32.73315277512874" lon="-16.97331489605188">
        <ele>713</ele>
      </trkpt>
      <trkpt lat="32.7330698073622" lon="-16.9733129887469">
        <ele>713</ele>
      </trkpt>
      <trkpt lat="32.73299351516308" lon="-16.97328914743467">
        <ele>713</ele>
      </trkpt>
      <trkpt lat="32.73291817661644" lon="-16.97326435246996">
        <ele>712</ele>
      </trkpt>
      <trkpt lat="32.73280564562274" lon="-16.97323765020026">
        <ele>712</ele>
      </trkpt>
      <trkpt lat="32.73276368491322" lon="-16.97318996757581">
        <ele>710</ele>
      </trkpt>
      <trkpt lat="32.73277226778562" lon="-16.97314037764638">
        <ele>708</ele>
      </trkpt>
      <trkpt lat="32.73284665267977" lon="-16.97307266831966">
        <ele>706</ele>
      </trkpt>
      <trkpt lat="32.73292866679382" lon="-16.97302021743277">
        <ele>704</ele>
      </trkpt>
      <trkpt lat="32.73301163456037" lon="-16.97296776654587">
        <ele>702</ele>
      </trkpt>
      <trkpt lat="32.73311653633417" lon="-16.97291722296395">
        <ele>700</ele>
      </trkpt>
      <trkpt lat="32.73313370207897" lon="-16.97286763303452">
        <ele>698</ele>
      </trkpt>
      <trkpt lat="32.73312035094412" lon="-16.97279610909784">
        <ele>696</ele>
      </trkpt>
      <trkpt lat="32.73306217814229" lon="-16.9727217242037">
        <ele>693</ele>
      </trkpt>
      <trkpt lat="32.73301640282281" lon="-16.97268548540912">
        <ele>692</ele>
      </trkpt>
      <trkpt lat="32.73298779324814" lon="-16.9726435246996">
        <ele>691</ele>
      </trkpt>
      <trkpt lat="32.73292294487889" lon="-16.97257772267785">
        <ele>688</ele>
      </trkpt>
      <trkpt lat="32.73289052069426" lon="-16.97250810604616">
        <ele>686</ele>
      </trkpt>
      <trkpt lat="32.73289052069426" lon="-16.97250810604616">
        <ele>686</ele>
      </trkpt>
      <trkpt lat="32.73282662597749" lon="-16.97244611863437">
        <ele>683</ele>
      </trkpt>
      <trkpt lat="32.73276273126073" lon="-16.97238317757009">
        <ele>680</ele>
      </trkpt>
      <trkpt lat="32.73266450505436" lon="-16.97235933625787">
        <ele>678</ele>
      </trkpt>
      <trkpt lat="32.7325567423231" lon="-16.97237936296014">
        <ele>679</ele>
      </trkpt>
      <trkpt lat="32.73244993324433" lon="-16.97239938966241">
        <ele>680</ele>
      </trkpt>
      <trkpt lat="32.73235075338547" lon="-16.9724089261873">
        <ele>681</ele>
      </trkpt>
      <trkpt lat="32.73225157352661" lon="-16.9724175090597">
        <ele>681</ele>
      </trkpt>
      <trkpt lat="32.73214285714286" lon="-16.97238889948503">
        <ele>681</ele>
      </trkpt>
      <trkpt lat="32.73203986267404" lon="-16.97228304405875">
        <ele>677</ele>
      </trkpt>
      <trkpt lat="32.73198836543964" lon="-16.97217718863246">
        <ele>673</ele>
      </trkpt>
      <trkpt lat="32.73197787526226" lon="-16.97210566469578">
        <ele>670</ele>
      </trkpt>
      <trkpt lat="32.73196833873737" lon="-16.97203414075911">
        <ele>667</ele>
      </trkpt>
      <trkpt lat="32.73192637802785" lon="-16.9719740606523">
        <ele>665</ele>
      </trkpt>
      <trkpt lat="32.73185485409117" lon="-16.97191111958802">
        <ele>663</ele>
      </trkpt>
      <trkpt lat="32.73178714476445" lon="-16.97180335685676">
        <ele>659</ele>
      </trkpt>
      <trkpt lat="32.73171943543773" lon="-16.97169464047301">
        <ele>655</ele>
      </trkpt>
      <trkpt lat="32.73171943543773" lon="-16.97169464047301">
        <ele>655</ele>
      </trkpt>
      <trkpt lat="32.73165363341599" lon="-16.97159450696166">
        <ele>653</ele>
      </trkpt>
      <trkpt lat="32.73165458706848" lon="-16.97150677093267">
        <ele>651</ele>
      </trkpt>
      <trkpt lat="32.73167652107573" lon="-16.97143906160595">
        <ele>649</ele>
      </trkpt>
      <trkpt lat="32.73169845508297" lon="-16.97137135227923">
        <ele>648</ele>
      </trkpt>
      <trkpt lat="32.73172134274271" lon="-16.97127694068281">
        <ele>645</ele>
      </trkpt>
      <trkpt lat="32.73171562082777" lon="-16.97116822429906">
        <ele>643</ele>
      </trkpt>
      <trkpt lat="32.73170989891284" lon="-16.97105855426283">
        <ele>641</ele>
      </trkpt>
      <trkpt lat="32.73169654777799" lon="-16.97099275224108">
        <ele>639</ele>
      </trkpt>
      <trkpt lat="32.73171085256533" lon="-16.97089834064467">
        <ele>637</ele>
      </trkpt>
      <trkpt lat="32.73172515735266" lon="-16.97080392904826">
        <ele>634</ele>
      </trkpt>
      <trkpt lat="32.73172515735266" lon="-16.97080392904826">
        <ele>634</ele>
      </trkpt>
      <trkpt lat="32.73179572763685" lon="-16.9708086973107">
        <ele>634</ele>
      </trkpt>
      <trkpt lat="32.73186725157353" lon="-16.97081346557314">
        <ele>634</ele>
      </trkpt>
      <trkpt lat="32.7327226778562" lon="-16.97092027465192">
        <ele>634</ele>
      </trkpt>
      <trkpt lat="32.7328008773603" lon="-16.97092122830441">
        <ele>634</ele>
      </trkpt>
      <trkpt lat="32.73287907686439" lon="-16.97092122830441">
        <ele>634</ele>
      </trkpt>
      <trkpt lat="32.7329572763685" lon="-16.97089166507724">
        <ele>633</ele>
      </trkpt>
      <trkpt lat="32.73303642952509" lon="-16.97086210185008">
        <ele>632</ele>
      </trkpt>
      <trkpt lat="32.7331136753767" lon="-16.97081823383559">
        <ele>631</ele>
      </trkpt>
      <trkpt lat="32.7331918748808" lon="-16.9707734121686">
        <ele>629</ele>
      </trkpt>
      <trkpt lat="32.73321666984551" lon="-16.97075243181385">
        <ele>628</ele>
      </trkpt>
      <trkpt lat="32.73328056456228" lon="-16.9706608811749">
        <ele>624</ele>
      </trkpt>
      <trkpt lat="32.73334445927905" lon="-16.97056933053595">
        <ele>620</ele>
      </trkpt>
      <trkpt lat="32.73339500286096" lon="-16.97047682624451">
        <ele>616</ele>
      </trkpt>
      <trkpt lat="32.73344554644288" lon="-16.97038336830059">
        <ele>613</ele>
      </trkpt>
      <trkpt lat="32.73352851420942" lon="-16.97031375166889">
        <ele>611</ele>
      </trkpt>
      <trkpt lat="32.73362674041579" lon="-16.97030707610147">
        <ele>611</ele>
      </trkpt>
      <trkpt lat="32.73370684722487" lon="-16.97031565897387">
        <ele>612</ele>
      </trkpt>
      <trkpt lat="32.73378790768644" lon="-16.97032328819378">
        <ele>613</ele>
      </trkpt>
      <trkpt lat="32.73385466336067" lon="-16.97032328819378">
        <ele>614</ele>
      </trkpt>
      <trkpt lat="32.73392141903491" lon="-16.97032328819378">
        <ele>614</ele>
      </trkpt>
      <trkpt lat="32.73399675758154" lon="-16.97031470532138">
        <ele>615</ele>
      </trkpt>
      <trkpt lat="32.7340787716956" lon="-16.97025557886706">
        <ele>614</ele>
      </trkpt>
      <trkpt lat="32.7340787716956" lon="-16.97025557886706">
        <ele>614</ele>
      </trkpt>
      <trkpt lat="32.73414171275987" lon="-16.97018405493038">
        <ele>613</ele>
      </trkpt>
      <trkpt lat="32.73414171275987" lon="-16.97018405493038">
        <ele>613</ele>
      </trkpt>
      <trkpt lat="32.73418558077437" lon="-16.97012302117108">
        <ele>612</ele>
      </trkpt>
      <trkpt lat="32.73423040244136" lon="-16.9700610337593">
        <ele>610</ele>
      </trkpt>
      <trkpt lat="32.73431623116537" lon="-16.96999046347511">
        <ele>608</ele>
      </trkpt>
      <trkpt lat="32.73436772839977" lon="-16.96996852946786">
        <ele>606</ele>
      </trkpt>
      <trkpt lat="32.73442876215908" lon="-16.96997139042533">
        <ele>606</ele>
      </trkpt>
      <trkpt lat="32.73452889567042" lon="-16.9699914171276">
        <ele>606</ele>
      </trkpt>
      <trkpt lat="32.73462902918177" lon="-16.97001049017738">
        <ele>605</ele>
      </trkpt>
      <trkpt lat="32.7347043677284" lon="-16.97003719244707">
        <ele>605</ele>
      </trkpt>
      <trkpt lat="32.73478065992752" lon="-16.97006294106427">
        <ele>605</ele>
      </trkpt>
      <trkpt lat="32.73487411787145" lon="-16.97007724585161">
        <ele>605</ele>
      </trkpt>
      <trkpt lat="32.73497520503529" lon="-16.97007343124166">
        <ele>604</ele>
      </trkpt>
      <trkpt lat="32.73505817280184" lon="-16.97005149723441">
        <ele>604</ele>
      </trkpt>
      <trkpt lat="32.73516688918559" lon="-16.96997043677284">
        <ele>603</ele>
      </trkpt>
      <trkpt lat="32.73522792294488" lon="-16.96989223726874">
        <ele>603</ele>
      </trkpt>
      <trkpt lat="32.73528895670418" lon="-16.96981403776464">
        <ele>603</ele>
      </trkpt>
      <trkpt lat="32.73537192447073" lon="-16.96969769216097">
        <ele>603</ele>
      </trkpt>
      <trkpt lat="32.73545489223727" lon="-16.96958134655731">
        <ele>603</ele>
      </trkpt>
      <trkpt lat="32.73548350181194" lon="-16.96950886896815">
        <ele>602</ele>
      </trkpt>
      <trkpt lat="32.73550543581919" lon="-16.96942017928667">
        <ele>602</ele>
      </trkpt>
      <trkpt lat="32.73550257486173" lon="-16.96934102613008">
        <ele>601</ele>
      </trkpt>
      <trkpt lat="32.73549017737937" lon="-16.9692952508106">
        <ele>600</ele>
      </trkpt>
      <trkpt lat="32.73549017737937" lon="-16.9692952508106">
        <ele>600</ele>
      </trkpt>
      <trkpt lat="32.73547777989701" lon="-16.96925329010109">
        <ele>599</ele>
      </trkpt>
      <trkpt lat="32.73547777989701" lon="-16.96925329010109">
        <ele>599</ele>
      </trkpt>
      <trkpt lat="32.73545679954225" lon="-16.9691913026893">
        <ele>598</ele>
      </trkpt>
      <trkpt lat="32.73543581918749" lon="-16.96912931527751">
        <ele>601</ele>
      </trkpt>
      <trkpt lat="32.73543581918749" lon="-16.96912931527751">
        <ele>601</ele>
      </trkpt>
      <trkpt lat="32.73539767308793" lon="-16.96907686439062">
        <ele>604</ele>
      </trkpt>
      <trkpt lat="32.73537001716575" lon="-16.96905397673088">
        <ele>605</ele>
      </trkpt>
      <trkpt lat="32.73529086400916" lon="-16.96900724775892">
        <ele>606</ele>
      </trkpt>
      <trkpt lat="32.73509441159642" lon="-16.96892809460233">
        <ele>605</ele>
      </trkpt>
      <trkpt lat="32.73501335113485" lon="-16.96888327293534">
        <ele>604</ele>
      </trkpt>
      <trkpt lat="32.73440492084685" lon="-16.96852660690444">
        <ele>588</ele>
      </trkpt>
      <trkpt lat="32.73414075910738" lon="-16.96836353232882">
        <ele>573</ele>
      </trkpt>
      <trkpt lat="32.73397005531185" lon="-16.96828914743467">
        <ele>574</ele>
      </trkpt>
      <trkpt lat="32.73367633034523" lon="-16.96818901392333">
        <ele>578</ele>
      </trkpt>
      <trkpt lat="32.73359813084112" lon="-16.96818329200839">
        <ele>576</ele>
      </trkpt>
      <trkpt lat="32.73353995803929" lon="-16.96818901392333">
        <ele>575</ele>
      </trkpt>
      <trkpt lat="32.73299256151059" lon="-16.96832252527179">
        <ele>552</ele>
      </trkpt>
      <trkpt lat="32.7327131413313" lon="-16.9683740225062">
        <ele>546</ele>
      </trkpt>
      <trkpt lat="32.73249380125883" lon="-16.96840453938585">
        <ele>542</ele>
      </trkpt>
      <trkpt lat="32.7322611100515" lon="-16.96840072477589">
        <ele>542</ele>
      </trkpt>
      <trkpt lat="32.73210280373832" lon="-16.96837592981118">
        <ele>542</ele>
      </trkpt>
      <trkpt lat="32.73178523745948" lon="-16.96831012778943">
        <ele>544</ele>
      </trkpt>
      <trkpt lat="32.73163265306123" lon="-16.96824718672516">
        <ele>549</ele>
      </trkpt>
      <trkpt lat="32.73036048064086" lon="-16.96763208086973">
        <ele>578</ele>
      </trkpt>
      <trkpt lat="32.73019835971773" lon="-16.96754815945069">
        <ele>577</ele>
      </trkpt>
      <trkpt lat="32.7298874690063" lon="-16.96742132366965">
        <ele>572</ele>
      </trkpt>
      <trkpt lat="32.72968624833111" lon="-16.96736028991036">
        <ele>567</ele>
      </trkpt>
      <trkpt lat="32.72923612435629" lon="-16.96727636849132">
        <ele>554</ele>
      </trkpt>
      <trkpt lat="32.72883559031089" lon="-16.96717909593744">
        <ele>550</ele>
      </trkpt>
      <trkpt lat="32.72869444974252" lon="-16.96712759870303">
        <ele>549</ele>
      </trkpt>
      <trkpt lat="32.72857619683388" lon="-16.96705130650391">
        <ele>550</ele>
      </trkpt>
      <trkpt lat="32.72820713332062" lon="-16.96678333015449">
        <ele>554</ele>
      </trkpt>
      <trkpt lat="32.72802880030518" lon="-16.96666221628838">
        <ele>555</ele>
      </trkpt>
      <trkpt lat="32.72794201792867" lon="-16.96658115582682">
        <ele>555</ele>
      </trkpt>
      <trkpt lat="32.72788003051689" lon="-16.96649818806027">
        <ele>555</ele>
      </trkpt>
      <trkpt lat="32.72783711615488" lon="-16.96641235933626">
        <ele>556</ele>
      </trkpt>
      <trkpt lat="32.72780946023269" lon="-16.96633415983215">
        <ele>557</ele>
      </trkpt>
      <trkpt lat="32.72775224108335" lon="-16.96597940110624">
        <ele>564</ele>
      </trkpt>
      <trkpt lat="32.72773030707611" lon="-16.96588403585733">
        <ele>566</ele>
      </trkpt>
      <trkpt lat="32.72773030707611" lon="-16.96588403585733">
        <ele>566</ele>
      </trkpt>
      <trkpt lat="32.7277045584589" lon="-16.96583063131795">
        <ele>566</ele>
      </trkpt>
      <trkpt lat="32.72767213427427" lon="-16.96578390234598">
        <ele>567</ele>
      </trkpt>
      <trkpt lat="32.72763303452222" lon="-16.96574384894144">
        <ele>567</ele>
      </trkpt>
      <trkpt lat="32.72759012016022" lon="-16.96571142475682">
        <ele>567</ele>
      </trkpt>
      <trkpt lat="32.72754243753577" lon="-16.96568758344459">
        <ele>567</ele>
      </trkpt>
      <trkpt lat="32.72749284760634" lon="-16.96567423230974">
        <ele>567</ele>
      </trkpt>
      <trkpt lat="32.72744135037193" lon="-16.96567041769979">
        <ele>569</ele>
      </trkpt>
      <trkpt lat="32.72739080679001" lon="-16.96567613961472">
        <ele>570</ele>
      </trkpt>
      <trkpt lat="32.72734121686058" lon="-16.96569235170704">
        <ele>572</ele>
      </trkpt>
      <trkpt lat="32.72734121686058" lon="-16.96569235170704">
        <ele>572</ele>
      </trkpt>
      <trkpt lat="32.7272525271791" lon="-16.96574861720389">
        <ele>573</ele>
      </trkpt>
      <trkpt lat="32.7271829105474" lon="-16.96580679000572">
        <ele>574</ele>
      </trkpt>
      <trkpt lat="32.72711424756819" lon="-16.96586496280755">
        <ele>575</ele>
      </trkpt>
      <trkpt lat="32.72705512111387" lon="-16.96590596986458">
        <ele>577</ele>
      </trkpt>
      <trkpt lat="32.72702269692924" lon="-16.96592122830441">
        <ele>578</ele>
      </trkpt>
      <trkpt lat="32.72695403395003" lon="-16.96593267213427">
        <ele>580</ele>
      </trkpt>
      <trkpt lat="32.72691111958802" lon="-16.96592599656685">
        <ele>582</ele>
      </trkpt>
      <trkpt lat="32.72686915887851" lon="-16.96590883082205">
        <ele>584</ele>
      </trkpt>
      <trkpt lat="32.72683196643143" lon="-16.96588308220484">
        <ele>587</ele>
      </trkpt>
      <trkpt lat="32.72652393667748" lon="-16.96559221819569">
        <ele>603</ele>
      </trkpt>
      <trkpt lat="32.72646576387564" lon="-16.96555979401106">
        <ele>605</ele>
      </trkpt>
      <trkpt lat="32.72640473011635" lon="-16.96553499904635">
        <ele>607</ele>
      </trkpt>
      <trkpt lat="32.72628647720771" lon="-16.96551115773412">
        <ele>610</ele>
      </trkpt>
      <trkpt lat="32.72617680717147" lon="-16.96551401869159">
        <ele>612</ele>
      </trkpt>
      <trkpt lat="32.72617680717147" lon="-16.96551401869159">
        <ele>612</ele>
      </trkpt>
      <trkpt lat="32.72626168224299" lon="-16.9654262826626">
        <ele>613</ele>
      </trkpt>
      <trkpt lat="32.72636944497425" lon="-16.96542532901011">
        <ele>610</ele>
      </trkpt>
      <trkpt lat="32.72645432004578" lon="-16.96546728971963">
        <ele>608</ele>
      </trkpt>
      <trkpt lat="32.7265391951173" lon="-16.96550925042914">
        <ele>605</ele>
      </trkpt>
      <trkpt lat="32.72664981880603" lon="-16.96559698645813">
        <ele>601</ele>
      </trkpt>
      <trkpt lat="32.72665458706847" lon="-16.96558554262826">
        <ele>601</ele>
      </trkpt>
      <trkpt lat="32.72655826816708" lon="-16.96547968720198">
        <ele>605</ele>
      </trkpt>
      <trkpt lat="32.72647625405303" lon="-16.96542342170513">
        <ele>608</ele>
      </trkpt>
      <trkpt lat="32.72638088880412" lon="-16.96538622925806">
        <ele>611</ele>
      </trkpt>
      <trkpt lat="32.72628552355522" lon="-16.96534903681098">
        <ele>614</ele>
      </trkpt>
      <trkpt lat="32.7262349799733" lon="-16.96531470532138">
        <ele>616</ele>
      </trkpt>
      <trkpt lat="32.72614915124929" lon="-16.96523841312226">
        <ele>619</ele>
      </trkpt>
      <trkpt lat="32.72608334922754" lon="-16.9652088498951">
        <ele>622</ele>
      </trkpt>
      <trkpt lat="32.72601850085829" lon="-16.96517928666794">
        <ele>624</ele>
      </trkpt>
      <trkpt lat="32.72595460614153" lon="-16.96512969673851">
        <ele>626</ele>
      </trkpt>
      <trkpt lat="32.72589166507725" lon="-16.96507915315659">
        <ele>629</ele>
      </trkpt>
      <trkpt lat="32.72566183482739" lon="-16.96479687201984">
        <ele>649</ele>
      </trkpt>
      <trkpt lat="32.72562178142285" lon="-16.96471867251573">
        <ele>654</ele>
      </trkpt>
      <trkpt lat="32.7255826816708" lon="-16.96464047301163">
        <ele>658</ele>
      </trkpt>
      <trkpt lat="32.72548064085448" lon="-16.96466336067137">
        <ele>660</ele>
      </trkpt>
      <trkpt lat="32.72542532901011" lon="-16.96464428762159">
        <ele>662</ele>
      </trkpt>
      <trkpt lat="32.72544440205989" lon="-16.96475300400534">
        <ele>657</ele>
      </trkpt>
      <trkpt lat="32.72546347510968" lon="-16.96486172038909">
        <ele>653</ele>
      </trkpt>
      <trkpt lat="32.72545584588976" lon="-16.96487125691398">
        <ele>653</ele>
      </trkpt>
      <trkpt lat="32.7254434484074" lon="-16.964869349609">
        <ele>653</ele>
      </trkpt>
      <trkpt lat="32.72542437535763" lon="-16.96480354758726">
        <ele>656</ele>
      </trkpt>
      <trkpt lat="32.72538432195309" lon="-16.96470627503338">
        <ele>661</ele>
      </trkpt>
      <trkpt lat="32.72534426854855" lon="-16.96460804882701">
        <ele>665</ele>
      </trkpt>
      <trkpt lat="32.72529467861911" lon="-16.96450791531566">
        <ele>668</ele>
      </trkpt>
      <trkpt lat="32.7252956322716" lon="-16.96461567804692">
        <ele>666</ele>
      </trkpt>
      <trkpt lat="32.72524699599467" lon="-16.96455178333015">
        <ele>668</ele>
      </trkpt>
      <trkpt lat="32.72519931337021" lon="-16.96454510776273">
        <ele>669</ele>
      </trkpt>
      <trkpt lat="32.72513255769598" lon="-16.96444974251383">
        <ele>672</ele>
      </trkpt>
      <trkpt lat="32.72507343124166" lon="-16.96451363723059">
        <ele>672</ele>
      </trkpt>
      <trkpt lat="32.7250696166317" lon="-16.96455559794011">
        <ele>671</ele>
      </trkpt>
      <trkpt lat="32.72520312798017" lon="-16.96484646194926">
        <ele>663</ele>
      </trkpt>
      <trkpt lat="32.72521171085257" lon="-16.96492275414839">
        <ele>661</ele>
      </trkpt>
      <trkpt lat="32.72522029372497" lon="-16.96499809269502">
        <ele>659</ele>
      </trkpt>
      <trkpt lat="32.72520789624262" lon="-16.96507438489414">
        <ele>658</ele>
      </trkpt>
      <trkpt lat="32.72519645241275" lon="-16.96515067709327">
        <ele>658</ele>
      </trkpt>
      <trkpt lat="32.72519645241275" lon="-16.96515067709327">
        <ele>658</ele>
      </trkpt>
      <trkpt lat="32.72509345794393" lon="-16.96518596223536">
        <ele>663</ele>
      </trkpt>
      <trkpt lat="32.72501907304979" lon="-16.96519168415029">
        <ele>666</ele>
      </trkpt>
      <trkpt lat="32.72494468815564" lon="-16.96519740606523">
        <ele>667</ele>
      </trkpt>
      <trkpt lat="32.72483978638185" lon="-16.96519454510776">
        <ele>667</ele>
      </trkpt>
      <trkpt lat="32.72473488460805" lon="-16.96519073049781">
        <ele>666</ele>
      </trkpt>
      <trkpt lat="32.72464142666413" lon="-16.96514209422087">
        <ele>666</ele>
      </trkpt>
      <trkpt lat="32.7245479687202" lon="-16.96509250429143">
        <ele>667</ele>
      </trkpt>
      <trkpt lat="32.72425424375358" lon="-16.96500953652489">
        <ele>667</ele>
      </trkpt>
      <trkpt lat="32.72416936868206" lon="-16.96497997329773">
        <ele>667</ele>
      </trkpt>
      <trkpt lat="32.72408544726302" lon="-16.96494945641808">
        <ele>668</ele>
      </trkpt>
      <trkpt lat="32.72397291626932" lon="-16.9648950982262">
        <ele>670</ele>
      </trkpt>
      <trkpt lat="32.72387469006294" lon="-16.96488079343887">
        <ele>670</ele>
      </trkpt>
      <trkpt lat="32.72387469006294" lon="-16.96488079343887">
        <ele>670</ele>
      </trkpt>
      <trkpt lat="32.72388994850277" lon="-16.96480450123975">
        <ele>672</ele>
      </trkpt>
      <trkpt lat="32.72388804119779" lon="-16.96469387755102">
        <ele>675</ele>
      </trkpt>
      <trkpt lat="32.72386229258058" lon="-16.96459374403967">
        <ele>677</ele>
      </trkpt>
      <trkpt lat="32.72383654396339" lon="-16.96449265687583">
        <ele>679</ele>
      </trkpt>
      <trkpt lat="32.72380888804121" lon="-16.96443066946405">
        <ele>681</ele>
      </trkpt>
      <trkpt lat="32.72377169559413" lon="-16.96437154300973">
        <ele>682</ele>
      </trkpt>
      <trkpt lat="32.72367060843029" lon="-16.96427999237078">
        <ele>684</ele>
      </trkpt>
      <trkpt lat="32.72356952126646" lon="-16.96418844173183">
        <ele>687</ele>
      </trkpt>
      <trkpt lat="32.72352279229449" lon="-16.96411214953271">
        <ele>690</ele>
      </trkpt>
      <trkpt lat="32.72347701697502" lon="-16.9640349036811">
        <ele>693</ele>
      </trkpt>
      <trkpt lat="32.72341502956323" lon="-16.96391951172992">
        <ele>698</ele>
      </trkpt>
      <trkpt lat="32.72338641998856" lon="-16.96384131222582">
        <ele>701</ele>
      </trkpt>
      <trkpt lat="32.7233740225062" lon="-16.96377741750906">
        <ele>704</ele>
      </trkpt>
      <trkpt lat="32.72336830059127" lon="-16.96367156208278">
        <ele>708</ele>
      </trkpt>
      <trkpt lat="32.7233997711234" lon="-16.96341884417318">
        <ele>719</ele>
      </trkpt>
      <trkpt lat="32.72349036810986" lon="-16.96302689300019">
        <ele>735</ele>
      </trkpt>
      <trkpt lat="32.723521838642" lon="-16.96295823002098">
        <ele>737</ele>
      </trkpt>
      <trkpt lat="32.72355426282663" lon="-16.96288956704177">
        <ele>740</ele>
      </trkpt>
      <trkpt lat="32.72357619683387" lon="-16.96279324814038">
        <ele>743</ele>
      </trkpt>
      <trkpt lat="32.72355998474156" lon="-16.96269216097654">
        <ele>748</ele>
      </trkpt>
      <trkpt lat="32.72354472630174" lon="-16.96264733930956">
        <ele>749</ele>
      </trkpt>
      <trkpt lat="32.72352565325196" lon="-16.96261491512493">
        <ele>751</ele>
      </trkpt>
      <trkpt lat="32.72350085828725" lon="-16.96259393477017">
        <ele>752</ele>
      </trkpt>
      <trkpt lat="32.72342265878314" lon="-16.96258630555026">
        <ele>753</ele>
      </trkpt>
      <trkpt lat="32.72334445927904" lon="-16.96257867633035">
        <ele>754</ele>
      </trkpt>
      <trkpt lat="32.72331775700935" lon="-16.96255769597559">
        <ele>755</ele>
      </trkpt>
      <trkpt lat="32.72330535952699" lon="-16.96253862292581">
        <ele>755</ele>
      </trkpt>
      <trkpt lat="32.72329105473965" lon="-16.96243753576197">
        <ele>759</ele>
      </trkpt>
      <trkpt lat="32.72329094629035" lon="-16.96243676938175">
        <ele>759</ele>
      </trkpt>
      <trkpt lat="32.72354854091169" lon="-16.96241178714476">
        <ele>758</ele>
      </trkpt>
      <trkpt lat="32.72354854091169" lon="-16.96241178714476">
        <ele>758</ele>
      </trkpt>
      <trkpt lat="32.72358096509632" lon="-16.96240797253481">
        <ele>758</ele>
      </trkpt>
      <trkpt lat="32.72358096509632" lon="-16.96240797253481">
        <ele>758</ele>
      </trkpt>
      <trkpt lat="32.72379649055885" lon="-16.96237650200267">
        <ele>758</ele>
      </trkpt>
      <trkpt lat="32.72379649055885" lon="-16.96237650200267">
        <ele>758</ele>
      </trkpt>
      <trkpt lat="32.72386038527561" lon="-16.96234121686058">
        <ele>759</ele>
      </trkpt>
      <trkpt lat="32.72392427999237" lon="-16.96230497806599">
        <ele>760</ele>
      </trkpt>
      <trkpt lat="32.7239652870494" lon="-16.96226778561892">
        <ele>761</ele>
      </trkpt>
      <trkpt lat="32.72400247949648" lon="-16.96222296395193">
        <ele>763</ele>
      </trkpt>
      <trkpt lat="32.72403681098608" lon="-16.96216955941255">
        <ele>765</ele>
      </trkpt>
      <trkpt lat="32.72406446690826" lon="-16.96211043295823">
        <ele>768</ele>
      </trkpt>
      <trkpt lat="32.72408544726302" lon="-16.96203604806409">
        <ele>771</ele>
      </trkpt>
      <trkpt lat="32.72408544726302" lon="-16.96203604806409">
        <ele>771</ele>
      </trkpt>
      <trkpt lat="32.72414171275987" lon="-16.9620169750143">
        <ele>771</ele>
      </trkpt>
      <trkpt lat="32.72414171275987" lon="-16.9620169750143">
        <ele>771</ele>
      </trkpt>
      <trkpt lat="32.72420083921419" lon="-16.96199313370208">
        <ele>772</ele>
      </trkpt>
      <trkpt lat="32.72425805836354" lon="-16.96198168987221">
        <ele>773</ele>
      </trkpt>
      <trkpt lat="32.72425805836354" lon="-16.96198168987221">
        <ele>773</ele>
      </trkpt>
      <trkpt lat="32.72430574098799" lon="-16.9619998092695">
        <ele>772</ele>
      </trkpt>
      <trkpt lat="32.72437154300973" lon="-16.96205607476636">
        <ele>770</ele>
      </trkpt>
      <trkpt lat="32.72437154300973" lon="-16.96205607476636">
        <ele>770</ele>
      </trkpt>
      <trkpt lat="32.72444974251383" lon="-16.96211615487316">
        <ele>767</ele>
      </trkpt>
      <trkpt lat="32.72452889567042" lon="-16.96217623497997">
        <ele>765</ele>
      </trkpt>
      <trkpt lat="32.72462902918177" lon="-16.9622344077818">
        <ele>762</ele>
      </trkpt>
      <trkpt lat="32.72472534808316" lon="-16.96227160022887">
        <ele>761</ele>
      </trkpt>
      <trkpt lat="32.72500286095747" lon="-16.96233358764066">
        <ele>759</ele>
      </trkpt>
      <trkpt lat="32.72505912645433" lon="-16.96237173374022">
        <ele>758</ele>
      </trkpt>
      <trkpt lat="32.72511253099371" lon="-16.96245088689681">
        <ele>755</ele>
      </trkpt>
      <trkpt lat="32.72513637230593" lon="-16.96251573526607">
        <ele>752</ele>
      </trkpt>
      <trkpt lat="32.72516307457563" lon="-16.96256055693305">
        <ele>750</ele>
      </trkpt>
      <trkpt lat="32.72518691588785" lon="-16.96257581537288">
        <ele>749</ele>
      </trkpt>
      <trkpt lat="32.72521838641999" lon="-16.96257962998283">
        <ele>749</ele>
      </trkpt>
      <trkpt lat="32.72525653251955" lon="-16.96257486172039">
        <ele>750</ele>
      </trkpt>
      <trkpt lat="32.72528800305169" lon="-16.96254625214572">
        <ele>752</ele>
      </trkpt>
      <trkpt lat="32.72530707610147" lon="-16.96248426473393">
        <ele>755</ele>
      </trkpt>
      <trkpt lat="32.72529753957658" lon="-16.96239557505245">
        <ele>760</ele>
      </trkpt>
      <trkpt lat="32.72524318138471" lon="-16.9622954415411">
        <ele>765</ele>
      </trkpt>
      <trkpt lat="32.72517642571047" lon="-16.9622515735266">
        <ele>766</ele>
      </trkpt>
      <trkpt lat="32.725087736029" lon="-16.96222773221438">
        <ele>765</ele>
      </trkpt>
      <trkpt lat="32.725" lon="-16.96220389090215">
        <ele>764</ele>
      </trkpt>
      <trkpt lat="32.725" lon="-16.96220389090215">
        <ele>764</ele>
      </trkpt>
      <trkpt lat="32.72492656875835" lon="-16.96217337402251">
        <ele>766</ele>
      </trkpt>
      <trkpt lat="32.72480450123975" lon="-16.96208182338356">
        <ele>769</ele>
      </trkpt>
      <trkpt lat="32.72468243372116" lon="-16.96198931909212">
        <ele>773</ele>
      </trkpt>
      <trkpt lat="32.72456704176998" lon="-16.96191874880793">
        <ele>776</ele>
      </trkpt>
      <trkpt lat="32.72449361052833" lon="-16.96180812511921">
        <ele>781</ele>
      </trkpt>
      <trkpt lat="32.72443734503148" lon="-16.96169082586306">
        <ele>786</ele>
      </trkpt>
      <trkpt lat="32.72438107953462" lon="-16.9615735266069">
        <ele>802</ele>
      </trkpt>
      <trkpt lat="32.72430097272554" lon="-16.9615134465001">
        <ele>811</ele>
      </trkpt>
      <trkpt lat="32.7242351707038" lon="-16.96148579057791">
        <ele>816</ele>
      </trkpt>
      <trkpt lat="32.72413885180241" lon="-16.96149723440778">
        <ele>814</ele>
      </trkpt>
      <trkpt lat="32.72404062559604" lon="-16.96154205607477">
        <ele>806</ele>
      </trkpt>
      <trkpt lat="32.7239919893191" lon="-16.96154300972725">
        <ele>806</ele>
      </trkpt>
      <trkpt lat="32.72389280946024" lon="-16.96149914171276">
        <ele>813</ele>
      </trkpt>
      <trkpt lat="32.72382223917605" lon="-16.96144764447835">
        <ele>820</ele>
      </trkpt>
      <trkpt lat="32.72375166889186" lon="-16.96139519359145">
        <ele>828</ele>
      </trkpt>
      <trkpt lat="32.72348559984742" lon="-16.96121686057601">
        <ele>851</ele>
      </trkpt>
      <trkpt lat="32.72345126835781" lon="-16.96120350944116">
        <ele>853</ele>
      </trkpt>
      <trkpt lat="32.72341502956323" lon="-16.9611996948312">
        <ele>853</ele>
      </trkpt>
      <trkpt lat="32.7233826053786" lon="-16.96120350944116">
        <ele>852</ele>
      </trkpt>
      <trkpt lat="32.72326053786001" lon="-16.9612607285905">
        <ele>842</ele>
      </trkpt>
      <trkpt lat="32.7231394239939" lon="-16.96131699408735">
        <ele>832</ele>
      </trkpt>
      <trkpt lat="32.72309460232692" lon="-16.96131985504482">
        <ele>831</ele>
      </trkpt>
      <trkpt lat="32.72303738317758" lon="-16.96130173564753">
        <ele>832</ele>
      </trkpt>
      <trkpt lat="32.72268357810415" lon="-16.96111958802213">
        <ele>842</ele>
      </trkpt>
      <trkpt lat="32.72257009345795" lon="-16.96108430288003">
        <ele>842</ele>
      </trkpt>
      <trkpt lat="32.72245756246424" lon="-16.96104901773793">
        <ele>843</ele>
      </trkpt>
      <trkpt lat="32.72159641426664" lon="-16.96086591646004">
        <ele>864</ele>
      </trkpt>
      <trkpt lat="32.72130841121496" lon="-16.96087163837498">
        <ele>865</ele>
      </trkpt>
      <trkpt lat="32.7212263971009" lon="-16.96085447263017">
        <ele>867</ele>
      </trkpt>
      <trkpt lat="32.72116154873164" lon="-16.96081251192065">
        <ele>872</ele>
      </trkpt>
      <trkpt lat="32.72109765401488" lon="-16.96077055121114">
        <ele>878</ele>
      </trkpt>
      <trkpt lat="32.72101182529087" lon="-16.9607304978066">
        <ele>883</ele>
      </trkpt>
      <trkpt lat="32.72095365248904" lon="-16.96071523936677">
        <ele>885</ele>
      </trkpt>
      <trkpt lat="32.72090787716957" lon="-16.96072859050162">
        <ele>883</ele>
      </trkpt>
      <trkpt lat="32.72083635323288" lon="-16.96081155826817">
        <ele>874</ele>
      </trkpt>
      <trkpt lat="32.7207657829487" lon="-16.96089452603471">
        <ele>869</ele>
      </trkpt>
      <trkpt lat="32.72071714667176" lon="-16.96092218195689">
        <ele>868</ele>
      </trkpt>
      <trkpt lat="32.72065802021744" lon="-16.96093362578676">
        <ele>869</ele>
      </trkpt>
      <trkpt lat="32.72056646957849" lon="-16.96092504291436">
        <ele>874</ele>
      </trkpt>
      <trkpt lat="32.72047491893954" lon="-16.96091550638947">
        <ele>878</ele>
      </trkpt>
      <trkpt lat="32.72047491893954" lon="-16.96091550638947">
        <ele>878</ele>
      </trkpt>
      <trkpt lat="32.72000000000001" lon="-16.96078771695594">
        <ele>908</ele>
      </trkpt>
      <trkpt lat="32.72000000000001" lon="-16.96078771695594">
        <ele>908</ele>
      </trkpt>
      <trkpt lat="32.71824051115775" lon="-16.96031375166889">
        <ele>874</ele>
      </trkpt>
      <trkpt lat="32.71824051115775" lon="-16.96031375166889">
        <ele>874</ele>
      </trkpt>
      <trkpt lat="32.71812035094413" lon="-16.96027655922182">
        <ele>868</ele>
      </trkpt>
      <trkpt lat="32.71800019073051" lon="-16.96023936677475">
        <ele>862</ele>
      </trkpt>
      <trkpt lat="32.71792962044632" lon="-16.96021075720008">
        <ele>859</ele>
      </trkpt>
      <trkpt lat="32.71786381842458" lon="-16.96015449170322">
        <ele>858</ele>
      </trkpt>
      <trkpt lat="32.71781232119017" lon="-16.96007247758916">
        <ele>860</ele>
      </trkpt>
      <trkpt lat="32.71779515544537" lon="-16.96">
        <ele>863</ele>
      </trkpt>
      <trkpt lat="32.71779515544537" lon="-16.95999999999999">
        <ele>863</ele>
      </trkpt>
      <trkpt lat="32.7177665458707" lon="-16.95990749570855">
        <ele>869</ele>
      </trkpt>
      <trkpt lat="32.71773888994851" lon="-16.95981499141712">
        <ele>874</ele>
      </trkpt>
      <trkpt lat="32.71770169750144" lon="-16.95973679191302">
        <ele>878</ele>
      </trkpt>
      <trkpt lat="32.71764257104712" lon="-16.95967289719625">
        <ele>880</ele>
      </trkpt>
      <trkpt lat="32.71735838260539" lon="-16.95941064276177">
        <ele>889</ele>
      </trkpt>
      <trkpt lat="32.71729925615107" lon="-16.95938870875452">
        <ele>889</ele>
      </trkpt>
      <trkpt lat="32.71719626168225" lon="-16.95940492084683">
        <ele>886</ele>
      </trkpt>
      <trkpt lat="32.71712378409308" lon="-16.9594516498188">
        <ele>881</ele>
      </trkpt>
      <trkpt lat="32.71705130650392" lon="-16.95949742513827">
        <ele>877</ele>
      </trkpt>
      <trkpt lat="32.71693782185773" lon="-16.95950028609574">
        <ele>874</ele>
      </trkpt>
      <trkpt lat="32.71682052260157" lon="-16.9594163646767">
        <ele>876</ele>
      </trkpt>
      <trkpt lat="32.71678809841694" lon="-16.95935151630745">
        <ele>878</ele>
      </trkpt>
      <trkpt lat="32.71675567423232" lon="-16.95928666793819">
        <ele>880</ele>
      </trkpt>
      <trkpt lat="32.71670799160787" lon="-16.95903776463856">
        <ele>897</ele>
      </trkpt>
      <trkpt lat="32.71669082586306" lon="-16.95898722105663">
        <ele>902</ele>
      </trkpt>
      <trkpt lat="32.71669082586306" lon="-16.95898722105663">
        <ele>902</ele>
      </trkpt>
      <trkpt lat="32.71666603089835" lon="-16.95896528704939">
        <ele>904</ele>
      </trkpt>
      <trkpt lat="32.71663837497616" lon="-16.95895098226205">
        <ele>910</ele>
      </trkpt>
      <trkpt lat="32.716608811749" lon="-16.95894526034712">
        <ele>916</ele>
      </trkpt>
      <trkpt lat="32.71657829486936" lon="-16.95894812130458">
        <ele>922</ele>
      </trkpt>
      <trkpt lat="32.71654968529469" lon="-16.95896051878694">
        <ele>926</ele>
      </trkpt>
      <trkpt lat="32.71652489032997" lon="-16.95898054548921">
        <ele>929</ele>
      </trkpt>
      <trkpt lat="32.71652489032997" lon="-16.95898054548921">
        <ele>929</ele>
      </trkpt>
      <trkpt lat="32.71644287621591" lon="-16.95904157924851">
        <ele>939</ele>
      </trkpt>
      <trkpt lat="32.71640568376884" lon="-16.95911501049017">
        <ele>939</ele>
      </trkpt>
      <trkpt lat="32.71632176234981" lon="-16.95947453747853">
        <ele>945</ele>
      </trkpt>
      <trkpt lat="32.71632080869732" lon="-16.95958516116726">
        <ele>942</ele>
      </trkpt>
      <trkpt lat="32.71639900820142" lon="-16.95999999999999">
        <ele>913</ele>
      </trkpt>
      <trkpt lat="32.71639900820142" lon="-16.96">
        <ele>913</ele>
      </trkpt>
      <trkpt lat="32.71655445355713" lon="-16.96078008773603">
        <ele>879</ele>
      </trkpt>
      <trkpt lat="32.71654491703224" lon="-16.96086496280755">
        <ele>880</ele>
      </trkpt>
      <trkpt lat="32.71651630745757" lon="-16.96094220865916">
        <ele>883</ele>
      </trkpt>
      <trkpt lat="32.71647339309556" lon="-16.96099370589357">
        <ele>888</ele>
      </trkpt>
      <trkpt lat="32.71636753766928" lon="-16.96109479305741">
        <ele>903</ele>
      </trkpt>
      <trkpt lat="32.71626263589549" lon="-16.96119492656876">
        <ele>916</ele>
      </trkpt>
      <trkpt lat="32.71620827770361" lon="-16.96125691398055">
        <ele>923</ele>
      </trkpt>
      <trkpt lat="32.71618825100134" lon="-16.9613389280946">
        <ele>923</ele>
      </trkpt>
      <trkpt lat="32.71617585351898" lon="-16.96145527369826">
        <ele>921</ele>
      </trkpt>
      <trkpt lat="32.71617871447646" lon="-16.96152489032996">
        <ele>918</ele>
      </trkpt>
      <trkpt lat="32.71618157543392" lon="-16.96159355330917">
        <ele>915</ele>
      </trkpt>
      <trkpt lat="32.71625214571811" lon="-16.96197596795728">
        <ele>885</ele>
      </trkpt>
      <trkpt lat="32.71624260919322" lon="-16.96209803547587">
        <ele>879</ele>
      </trkpt>
      <trkpt lat="32.71622448979593" lon="-16.96216002288766">
        <ele>878</ele>
      </trkpt>
      <trkpt lat="32.71620732405113" lon="-16.96222201029945">
        <ele>876</ele>
      </trkpt>
      <trkpt lat="32.71615105855427" lon="-16.96231737554835">
        <ele>877</ele>
      </trkpt>
      <trkpt lat="32.71609479305742" lon="-16.96241178714476">
        <ele>878</ele>
      </trkpt>
      <trkpt lat="32.71602136181576" lon="-16.96249094030135">
        <ele>882</ele>
      </trkpt>
      <trkpt lat="32.71594602326913" lon="-16.96252622544345">
        <ele>886</ele>
      </trkpt>
      <trkpt lat="32.71480545489224" lon="-16.96259584207515">
        <ele>912</ele>
      </trkpt>
      <trkpt lat="32.71468720198361" lon="-16.96260728590502">
        <ele>906</ele>
      </trkpt>
      <trkpt lat="32.71456894907497" lon="-16.96261872973488">
        <ele>901</ele>
      </trkpt>
      <trkpt lat="32.71445737173375" lon="-16.96264161739462">
        <ele>894</ele>
      </trkpt>
      <trkpt lat="32.71434579439253" lon="-16.96266355140187">
        <ele>887</ele>
      </trkpt>
      <trkpt lat="32.71423135609385" lon="-16.96269406828152">
        <ele>879</ele>
      </trkpt>
      <trkpt lat="32.71411691779517" lon="-16.96272363150868">
        <ele>873</ele>
      </trkpt>
      <trkpt lat="32.71402250619875" lon="-16.96273412168606">
        <ele>870</ele>
      </trkpt>
      <trkpt lat="32.71392809460234" lon="-16.96274461186344">
        <ele>867</ele>
      </trkpt>
      <trkpt lat="32.7138613389281" lon="-16.96273221438108">
        <ele>867</ele>
      </trkpt>
      <trkpt lat="32.71377741750907" lon="-16.96270360480641">
        <ele>868</ele>
      </trkpt>
      <trkpt lat="32.71369349609003" lon="-16.96267404157925">
        <ele>869</ele>
      </trkpt>
      <trkpt lat="32.71363150867825" lon="-16.96266355140187">
        <ele>869</ele>
      </trkpt>
      <trkpt lat="32.71357047491895" lon="-16.96265306122449">
        <ele>868</ele>
      </trkpt>
      <trkpt lat="32.71345889757773" lon="-16.96265878313942">
        <ele>865</ele>
      </trkpt>
      <trkpt lat="32.71335494945642" lon="-16.96267022696929">
        <ele>862</ele>
      </trkpt>
      <trkpt lat="32.71325100133512" lon="-16.96268071714667">
        <ele>860</ele>
      </trkpt>
      <trkpt lat="32.713174709136" lon="-16.96267308792676">
        <ele>860</ele>
      </trkpt>
      <trkpt lat="32.7131050925043" lon="-16.96264066374213">
        <ele>862</ele>
      </trkpt>
      <trkpt lat="32.71284379172231" lon="-16.9623822239176">
        <ele>888</ele>
      </trkpt>
      <trkpt lat="32.71284379172231" lon="-16.9623822239176">
        <ele>888</ele>
      </trkpt>
      <trkpt lat="32.71263589547969" lon="-16.96217814228495">
        <ele>919</ele>
      </trkpt>
      <trkpt lat="32.71263589547969" lon="-16.96217814228495">
        <ele>919</ele>
      </trkpt>
      <trkpt lat="32.71254148388328" lon="-16.962086591646">
        <ele>932</ele>
      </trkpt>
      <trkpt lat="32.71244802593935" lon="-16.96199504100706">
        <ele>951</ele>
      </trkpt>
      <trkpt lat="32.71236791913028" lon="-16.96194640473011">
        <ele>966</ele>
      </trkpt>
      <trkpt lat="32.71230879267596" lon="-16.9619216097654">
        <ele>975</ele>
      </trkpt>
      <trkpt lat="32.71224871256915" lon="-16.96191970246042">
        <ele>981</ele>
      </trkpt>
      <trkpt lat="32.71217051306505" lon="-16.96194259012016">
        <ele>985</ele>
      </trkpt>
      <trkpt lat="32.71210089643335" lon="-16.96199694831203">
        <ele>985</ele>
      </trkpt>
      <trkpt lat="32.71205416746138" lon="-16.96208277703605">
        <ele>980</ele>
      </trkpt>
      <trkpt lat="32.7120350944116" lon="-16.96214667175281">
        <ele>974</ele>
      </trkpt>
      <trkpt lat="32.71201697501431" lon="-16.96221056646958">
        <ele>969</ele>
      </trkpt>
      <trkpt lat="32.71200267022698" lon="-16.96227636849132">
        <ele>964</ele>
      </trkpt>
      <trkpt lat="32.71198836543964" lon="-16.96234217051306">
        <ele>959</ele>
      </trkpt>
      <trkpt lat="32.71195403395004" lon="-16.96243181384703">
        <ele>954</ele>
      </trkpt>
      <trkpt lat="32.71188537097083" lon="-16.9625128743086">
        <ele>957</ele>
      </trkpt>
      <trkpt lat="32.71181670799162" lon="-16.96259298111768">
        <ele>965</ele>
      </trkpt>
      <trkpt lat="32.71178046919703" lon="-16.96268167079916">
        <ele>969</ele>
      </trkpt>
      <trkpt lat="32.71174518405494" lon="-16.96277036048064">
        <ele>972</ele>
      </trkpt>
      <trkpt lat="32.71170703795538" lon="-16.96283139423994">
        <ele>976</ele>
      </trkpt>
      <trkpt lat="32.71170703795538" lon="-16.96283139423994">
        <ele>976</ele>
      </trkpt>
      <trkpt lat="32.71158592408927" lon="-16.96292580583635">
        <ele>984</ele>
      </trkpt>
      <trkpt lat="32.71149532710281" lon="-16.96294011062369">
        <ele>989</ele>
      </trkpt>
      <trkpt lat="32.70872782757964" lon="-16.96281804310509">
        <ele>940</ele>
      </trkpt>
      <trkpt lat="32.70867633034523" lon="-16.96281136753767">
        <ele>937</ele>
      </trkpt>
      <trkpt lat="32.7086353232882" lon="-16.96279706275033">
        <ele>934</ele>
      </trkpt>
      <trkpt lat="32.70859717718864" lon="-16.9627741750906">
        <ele>930</ele>
      </trkpt>
      <trkpt lat="32.70856189204655" lon="-16.96274079725348">
        <ele>926</ele>
      </trkpt>
      <trkpt lat="32.70853232881939" lon="-16.96269979019645">
        <ele>921</ele>
      </trkpt>
      <trkpt lat="32.70853232881939" lon="-16.96269979019645">
        <ele>921</ele>
      </trkpt>
      <trkpt lat="32.7085132557696" lon="-16.96265401487698">
        <ele>916</ele>
      </trkpt>
      <trkpt lat="32.7085132557696" lon="-16.96260156399008">
        <ele>913</ele>
      </trkpt>
      <trkpt lat="32.7085227922945" lon="-16.96254815945069">
        <ele>909</ele>
      </trkpt>
      <trkpt lat="32.70857905779135" lon="-16.96243276749952">
        <ele>908</ele>
      </trkpt>
      <trkpt lat="32.70864867442305" lon="-16.96233549494564">
        <ele>910</ele>
      </trkpt>
      <trkpt lat="32.70888041197788" lon="-16.96203700171657">
        <ele>917</ele>
      </trkpt>
      <trkpt lat="32.70892809460234" lon="-16.96199790196452">
        <ele>919</ele>
      </trkpt>
      <trkpt lat="32.70919225634179" lon="-16.96188918558077">
        <ele>932</ele>
      </trkpt>
      <trkpt lat="32.70925424375358" lon="-16.96185580774366">
        <ele>936</ele>
      </trkpt>
      <trkpt lat="32.70931623116537" lon="-16.96182242990654">
        <ele>940</ele>
      </trkpt>
      <trkpt lat="32.70934484074004" lon="-16.96178428380698">
        <ele>941</ele>
      </trkpt>
      <trkpt lat="32.70938775510205" lon="-16.96170513065039">
        <ele>942</ele>
      </trkpt>
      <trkpt lat="32.7094268548541" lon="-16.96161071905398">
        <ele>946</ele>
      </trkpt>
      <trkpt lat="32.70946690825864" lon="-16.96151535380507">
        <ele>951</ele>
      </trkpt>
      <trkpt lat="32.70953557123785" lon="-16.96139328628648">
        <ele>960</ele>
      </trkpt>
      <trkpt lat="32.70960518786955" lon="-16.96127121876788">
        <ele>967</ele>
      </trkpt>
      <trkpt lat="32.70962902918178" lon="-16.96121113866107">
        <ele>970</ele>
      </trkpt>
      <trkpt lat="32.70962902918178" lon="-16.96121113866107">
        <ele>970</ele>
      </trkpt>
      <trkpt lat="32.70963761205417" lon="-16.96113580011444">
        <ele>973</ele>
      </trkpt>
      <trkpt lat="32.70963761205417" lon="-16.96113580011444">
        <ele>973</ele>
      </trkpt>
      <trkpt lat="32.70963093648675" lon="-16.96107095174518">
        <ele>973</ele>
      </trkpt>
      <trkpt lat="32.70961949265688" lon="-16.96103566660309">
        <ele>973</ele>
      </trkpt>
      <trkpt lat="32.70957943925234" lon="-16.96097558649628">
        <ele>972</ele>
      </trkpt>
      <trkpt lat="32.70947835208851" lon="-16.96090692351707">
        <ele>968</ele>
      </trkpt>
      <trkpt lat="32.70937821857716" lon="-16.96083730688537">
        <ele>964</ele>
      </trkpt>
      <trkpt lat="32.70925710471105" lon="-16.96072286858669">
        <ele>964</ele>
      </trkpt>
      <trkpt lat="32.70921991226398" lon="-16.9606608811749">
        <ele>966</ele>
      </trkpt>
      <trkpt lat="32.7090701888232" lon="-16.96021647911501">
        <ele>989</ele>
      </trkpt>
      <trkpt lat="32.70901392332635" lon="-16.96010490177379">
        <ele>994</ele>
      </trkpt>
      <trkpt lat="32.70898626740416" lon="-16.96007152393668">
        <ele>995</ele>
      </trkpt>
      <trkpt lat="32.70895861148198" lon="-16.9600524508869">
        <ele>996</ele>
      </trkpt>
      <trkpt lat="32.70891188251002" lon="-16.96004100705703">
        <ele>995</ele>
      </trkpt>
      <trkpt lat="32.70882891474348" lon="-16.96003337783711">
        <ele>993</ele>
      </trkpt>
      <trkpt lat="32.70874594697693" lon="-16.96002479496471">
        <ele>991</ele>
      </trkpt>
      <trkpt lat="32.70868395956514" lon="-16.96001430478734">
        <ele>990</ele>
      </trkpt>
      <trkpt lat="32.70864581346558" lon="-16.96">
        <ele>990</ele>
      </trkpt>
      <trkpt lat="32.70864581346558" lon="-16.95999999999999">
        <ele>990</ele>
      </trkpt>
      <trkpt lat="32.70861434293344" lon="-16.95998855617012">
        <ele>990</ele>
      </trkpt>
      <trkpt lat="32.70850848750716" lon="-16.95990558840358">
        <ele>990</ele>
      </trkpt>
      <trkpt lat="32.70840263208088" lon="-16.95982262063703">
        <ele>990</ele>
      </trkpt>
      <trkpt lat="32.7083396910166" lon="-16.95981117680716">
        <ele>988</ele>
      </trkpt>
      <trkpt lat="32.70828533282473" lon="-16.95981403776463">
        <ele>988</ele>
      </trkpt>
      <trkpt lat="32.70825386229259" lon="-16.95982834255196">
        <ele>988</ele>
      </trkpt>
      <trkpt lat="32.70822239176045" lon="-16.95985313751668">
        <ele>986</ele>
      </trkpt>
      <trkpt lat="32.70815372878124" lon="-16.95992656875833">
        <ele>983</ele>
      </trkpt>
      <trkpt lat="32.70808601945452" lon="-16.95999999999999">
        <ele>979</ele>
      </trkpt>
      <trkpt lat="32.70808601945452" lon="-16.96">
        <ele>979</ele>
      </trkpt>
      <trkpt lat="32.70798016402824" lon="-16.96010680907877">
        <ele>972</ele>
      </trkpt>
      <trkpt lat="32.70795060080108" lon="-16.9601211138661">
        <ele>971</ele>
      </trkpt>
      <trkpt lat="32.70791817661645" lon="-16.96012778943353">
        <ele>970</ele>
      </trkpt>
      <trkpt lat="32.70788575243182" lon="-16.96012683578104">
        <ele>970</ele>
      </trkpt>
      <trkpt lat="32.7078533282472" lon="-16.96011729925615">
        <ele>970</ele>
      </trkpt>
      <trkpt lat="32.70782281136754" lon="-16.96009917985886">
        <ele>971</ele>
      </trkpt>
      <trkpt lat="32.70777512874309" lon="-16.96">
        <ele>977</ele>
      </trkpt>
      <trkpt lat="32.70777512874309" lon="-16.95999999999999">
        <ele>977</ele>
      </trkpt>
      <trkpt lat="32.70776273126074" lon="-16.95996090024794">
        <ele>980</ele>
      </trkpt>
      <trkpt lat="32.70769979019646" lon="-16.95968529467861">
        <ele>995</ele>
      </trkpt>
      <trkpt lat="32.70769979019646" lon="-16.95968529467861">
        <ele>995</ele>
      </trkpt>
      <trkpt lat="32.7075481594507" lon="-16.95936963570474">
        <ele>1015</ele>
      </trkpt>
      <trkpt lat="32.70750333778372" lon="-16.95930574098797">
        <ele>1020</ele>
      </trkpt>
      <trkpt lat="32.70745851611674" lon="-16.95924184627121">
        <ele>1024</ele>
      </trkpt>
      <trkpt lat="32.70740797253482" lon="-16.95918748807933">
        <ele>1028</ele>
      </trkpt>
      <trkpt lat="32.7073135609384" lon="-16.95910738127025">
        <ele>1037</ele>
      </trkpt>
      <trkpt lat="32.70721914934199" lon="-16.95902632080869">
        <ele>1047</ele>
      </trkpt>
      <trkpt lat="32.70715334732024" lon="-16.95898436009917">
        <ele>1052</ele>
      </trkpt>
      <trkpt lat="32.70709708182339" lon="-16.95896337974441">
        <ele>1054</ele>
      </trkpt>
      <trkpt lat="32.70703127980165" lon="-16.95895288956703">
        <ele>1054</ele>
      </trkpt>
      <trkpt lat="32.70696643143239" lon="-16.95894144573716">
        <ele>1055</ele>
      </trkpt>
      <trkpt lat="32.70692923898532" lon="-16.95894049208467">
        <ele>1055</ele>
      </trkpt>
      <trkpt lat="32.70685485409118" lon="-16.95895384321952">
        <ele>1053</ele>
      </trkpt>
      <trkpt lat="32.7067833301545" lon="-16.9589900820141">
        <ele>1048</ele>
      </trkpt>
      <trkpt lat="32.70674995231738" lon="-16.95901487697882">
        <ele>1045</ele>
      </trkpt>
      <trkpt lat="32.70666603089835" lon="-16.95910928857523">
        <ele>1035</ele>
      </trkpt>
      <trkpt lat="32.70658210947931" lon="-16.95920274651916">
        <ele>1024</ele>
      </trkpt>
      <trkpt lat="32.70651249284762" lon="-16.95925901201601">
        <ele>1017</ele>
      </trkpt>
      <trkpt lat="32.70644382986841" lon="-16.95931527751286">
        <ele>1010</ele>
      </trkpt>
      <trkpt lat="32.70641617394622" lon="-16.95933244325767">
        <ele>1008</ele>
      </trkpt>
      <trkpt lat="32.70638565706658" lon="-16.95934197978256">
        <ele>1007</ele>
      </trkpt>
      <trkpt lat="32.70633034522221" lon="-16.9593381651726">
        <ele>1006</ele>
      </trkpt>
      <trkpt lat="32.70628456990273" lon="-16.95931146290291">
        <ele>1009</ele>
      </trkpt>
      <trkpt lat="32.70623688727829" lon="-16.95924661453365">
        <ele>1015</ele>
      </trkpt>
      <trkpt lat="32.70619015830632" lon="-16.95918081251191">
        <ele>1021</ele>
      </trkpt>
      <trkpt lat="32.70614247568187" lon="-16.9591378981499">
        <ele>1025</ele>
      </trkpt>
      <trkpt lat="32.70609193209995" lon="-16.95910452031279">
        <ele>1028</ele>
      </trkpt>
      <trkpt lat="32.70602613007821" lon="-16.95908926187296">
        <ele>1028</ele>
      </trkpt>
      <trkpt lat="32.70596032805646" lon="-16.95907304978065">
        <ele>1029</ele>
      </trkpt>
      <trkpt lat="32.70589547968721" lon="-16.9590768643906">
        <ele>1028</ele>
      </trkpt>
      <trkpt lat="32.70585733358765" lon="-16.95909307648292">
        <ele>1026</ele>
      </trkpt>
      <trkpt lat="32.70582300209804" lon="-16.95911882510012">
        <ele>1023</ele>
      </trkpt>
      <trkpt lat="32.70579343887088" lon="-16.95915220293724">
        <ele>1019</ele>
      </trkpt>
      <trkpt lat="32.7055483501812" lon="-16.95947263017355">
        <ele>982</ele>
      </trkpt>
      <trkpt lat="32.70552355521649" lon="-16.95948693496089">
        <ele>980</ele>
      </trkpt>
      <trkpt lat="32.70549780659928" lon="-16.95949170322334">
        <ele>979</ele>
      </trkpt>
      <trkpt lat="32.70547205798208" lon="-16.95948884226587">
        <ele>979</ele>
      </trkpt>
      <trkpt lat="32.70542818996758" lon="-16.95945832538622">
        <ele>981</ele>
      </trkpt>
      <trkpt lat="32.70537573908069" lon="-16.95934770169749">
        <ele>992</ele>
      </trkpt>
      <trkpt lat="32.7053480831585" lon="-16.95924566088116">
        <ele>1002</ele>
      </trkpt>
      <trkpt lat="32.70533854663361" lon="-16.95917604424946">
        <ele>1008</ele>
      </trkpt>
      <trkpt lat="32.70532901010873" lon="-16.95910642761777">
        <ele>1015</ele>
      </trkpt>
      <trkpt lat="32.70531661262637" lon="-16.9590596986458">
        <ele>1019</ele>
      </trkpt>
      <trkpt lat="32.7052965859241" lon="-16.95902727446117">
        <ele>1021</ele>
      </trkpt>
      <trkpt lat="32.70527083730689" lon="-16.95900057219148">
        <ele>1023</ele>
      </trkpt>
      <trkpt lat="32.70524127407973" lon="-16.95898054548921">
        <ele>1025</ele>
      </trkpt>
      <trkpt lat="32.70517833301546" lon="-16.95896337974441">
        <ele>1025</ele>
      </trkpt>
      <trkpt lat="32.70514590883083" lon="-16.95896624070188">
        <ele>1024</ele>
      </trkpt>
      <trkpt lat="32.70511443829869" lon="-16.95897673087926">
        <ele>1023</ele>
      </trkpt>
      <trkpt lat="32.70501525843983" lon="-16.95903013541864">
        <ele>1016</ele>
      </trkpt>
      <trkpt lat="32.70491703223346" lon="-16.95908353995803">
        <ele>1011</ele>
      </trkpt>
      <trkpt lat="32.70479687201984" lon="-16.95913503719244">
        <ele>1007</ele>
      </trkpt>
      <trkpt lat="32.70467766545872" lon="-16.95918653442684">
        <ele>1002</ele>
      </trkpt>
      <trkpt lat="32.70455845889759" lon="-16.95926473393094">
        <ele>996</ele>
      </trkpt>
      <trkpt lat="32.70443925233646" lon="-16.95934293343505">
        <ele>990</ele>
      </trkpt>
      <trkpt lat="32.70434102613009" lon="-16.95939156971199">
        <ele>986</ele>
      </trkpt>
      <trkpt lat="32.70426854854092" lon="-16.95939347701696">
        <ele>987</ele>
      </trkpt>
      <trkpt lat="32.70373259584208" lon="-16.95925329010107">
        <ele>1002</ele>
      </trkpt>
      <trkpt lat="32.70368205226016" lon="-16.95924566088116">
        <ele>1003</ele>
      </trkpt>
      <trkpt lat="32.70364199885562" lon="-16.95925329010107">
        <ele>1003</ele>
      </trkpt>
      <trkpt lat="32.70360766736602" lon="-16.95926473393094">
        <ele>1003</ele>
      </trkpt>
      <trkpt lat="32.70354281899677" lon="-16.95930478733548">
        <ele>1000</ele>
      </trkpt>
      <trkpt lat="32.70348464619494" lon="-16.95936296013732">
        <ele>997</ele>
      </trkpt>
      <trkpt lat="32.70342361243564" lon="-16.95944115964141">
        <ele>992</ele>
      </trkpt>
      <trkpt lat="32.70336353232883" lon="-16.95950028609574">
        <ele>988</ele>
      </trkpt>
      <trkpt lat="32.70288193782186" lon="-16.95986934960899">
        <ele>963</ele>
      </trkpt>
      <trkpt lat="32.70285428189968" lon="-16.95988174709135">
        <ele>962</ele>
      </trkpt>
      <trkpt lat="32.70279610909785" lon="-16.95988460804882">
        <ele>962</ele>
      </trkpt>
      <trkpt lat="32.70276368491322" lon="-16.95987411787144">
        <ele>963</ele>
      </trkpt>
      <trkpt lat="32.70273412168606" lon="-16.95985599847414">
        <ele>964</ele>
      </trkpt>
      <trkpt lat="32.70240511157735" lon="-16.95960614152202">
        <ele>977</ele>
      </trkpt>
      <trkpt lat="32.70234979973299" lon="-16.95957467098988">
        <ele>976</ele>
      </trkpt>
      <trkpt lat="32.70226301735649" lon="-16.95955273698263">
        <ele>972</ele>
      </trkpt>
      <trkpt lat="32.70221342742705" lon="-16.95954987602516">
        <ele>969</ele>
      </trkpt>
      <trkpt lat="32.70214667175282" lon="-16.95955178333014">
        <ele>965</ele>
      </trkpt>
      <trkpt lat="32.70207991607859" lon="-16.95956227350752">
        <ele>959</ele>
      </trkpt>
      <trkpt lat="32.70201411405684" lon="-16.95957181003241">
        <ele>954</ele>
      </trkpt>
      <trkpt lat="32.70194449742515" lon="-16.95956990272743">
        <ele>950</ele>
      </trkpt>
      <trkpt lat="32.70184245660882" lon="-16.9595470150677">
        <ele>945</ele>
      </trkpt>
      <trkpt lat="32.70181480068664" lon="-16.95952984932289">
        <ele>945</ele>
      </trkpt>
      <trkpt lat="32.70177570093459" lon="-16.95948312035093">
        <ele>946</ele>
      </trkpt>
      <trkpt lat="32.70175567423232" lon="-16.95942971581155">
        <ele>949</ele>
      </trkpt>
      <trkpt lat="32.70175185962236" lon="-16.95937821857714">
        <ele>953</ele>
      </trkpt>
      <trkpt lat="32.70175758153729" lon="-16.95926950219339">
        <ele>962</ele>
      </trkpt>
      <trkpt lat="32.70176330345223" lon="-16.95915983215715">
        <ele>971</ele>
      </trkpt>
      <trkpt lat="32.70174136944498" lon="-16.9590768643906">
        <ele>976</ele>
      </trkpt>
      <trkpt lat="32.70171562082778" lon="-16.9590339500286">
        <ele>978</ele>
      </trkpt>
      <trkpt lat="32.70165077245852" lon="-16.95897863818423">
        <ele>978</ele>
      </trkpt>
      <trkpt lat="32.70160022887661" lon="-16.95895479687201">
        <ele>974</ele>
      </trkpt>
      <trkpt lat="32.70151821476255" lon="-16.95893286286476">
        <ele>967</ele>
      </trkpt>
      <trkpt lat="32.70143620064849" lon="-16.95890997520502">
        <ele>960</ele>
      </trkpt>
      <trkpt lat="32.70137993515164" lon="-16.95887659736791">
        <ele>956</ele>
      </trkpt>
      <trkpt lat="32.70135323288194" lon="-16.95884894144573">
        <ele>956</ele>
      </trkpt>
      <trkpt lat="32.70131508678239" lon="-16.95877932481403">
        <ele>958</ele>
      </trkpt>
      <trkpt lat="32.70122258249095" lon="-16.95846080488269">
        <ele>976</ele>
      </trkpt>
      <trkpt lat="32.70115105855427" lon="-16.95835208849894">
        <ele>979</ele>
      </trkpt>
      <trkpt lat="32.70108048827008" lon="-16.9582424184627">
        <ele>979</ele>
      </trkpt>
      <trkpt lat="32.70100991798589" lon="-16.95815372878122">
        <ele>978</ele>
      </trkpt>
      <trkpt lat="32.70094220865917" lon="-16.95809174136943">
        <ele>977</ele>
      </trkpt>
      <trkpt lat="32.70087545298494" lon="-16.95804691970245">
        <ele>974</ele>
      </trkpt>
      <trkpt lat="32.70080965096319" lon="-16.95800114438298">
        <ele>973</ele>
      </trkpt>
      <trkpt lat="32.70069807362198" lon="-16.95790768643905">
        <ele>974</ele>
      </trkpt>
      <trkpt lat="32.70058744993325" lon="-16.95781327484264">
        <ele>975</ele>
      </trkpt>
      <trkpt lat="32.70052355521648" lon="-16.95777036048063">
        <ele>975</ele>
      </trkpt>
      <trkpt lat="32.70045966049972" lon="-16.95772744611862">
        <ele>975</ele>
      </trkpt>
      <trkpt lat="32.70014400152585" lon="-16.95756723250047">
        <ele>969</ele>
      </trkpt>
      <trkpt lat="32.70007152393669" lon="-16.95753957657828">
        <ele>968</ele>
      </trkpt>
      <trkpt lat="32.70000000000001" lon="-16.95751096700361">
        <ele>966</ele>
      </trkpt>
      <trkpt lat="32.7" lon="-16.95751096700361">
        <ele>966</ele>
      </trkpt>
      <trkpt lat="32.69988174709136" lon="-16.95747186725156">
        <ele>962</ele>
      </trkpt>
      <trkpt lat="32.69976444783521" lon="-16.95743181384702">
        <ele>958</ele>
      </trkpt>
      <trkpt lat="32.69969864581346" lon="-16.95741369444973">
        <ele>955</ele>
      </trkpt>
      <trkpt lat="32.69963379744421" lon="-16.95739462139995">
        <ele>953</ele>
      </trkpt>
      <trkpt lat="32.69934865534999" lon="-16.9573641045203">
        <ele>944</ele>
      </trkpt>
      <trkpt lat="32.69931909212283" lon="-16.95734789242799">
        <ele>942</ele>
      </trkpt>
      <trkpt lat="32.69930192637803" lon="-16.9573297730307">
        <ele>941</ele>
      </trkpt>
      <trkpt lat="32.69927999237078" lon="-16.95728113675376">
        <ele>938</ele>
      </trkpt>
      <trkpt lat="32.69927713141331" lon="-16.95725348083158">
        <ele>937</ele>
      </trkpt>
      <trkpt lat="32.6992780850658" lon="-16.95722868586686">
        <ele>936</ele>
      </trkpt>
      <trkpt lat="32.69929334350562" lon="-16.9571819568949">
        <ele>934</ele>
      </trkpt>
      <trkpt lat="32.6993391188251" lon="-16.95710852565324">
        <ele>932</ele>
      </trkpt>
      <trkpt lat="32.69953461758535" lon="-16.95683864199884">
        <ele>925</ele>
      </trkpt>
      <trkpt lat="32.69962998283425" lon="-16.95674423040243">
        <ele>923</ele>
      </trkpt>
      <trkpt lat="32.69983129124968" lon="-16.95663735016125">
        <ele>923</ele>
      </trkpt>
      <trkpt lat="32.69983129125366" lon="-16.95663735016551">
        <ele>923</ele>
      </trkpt>
      <trkpt lat="32.69986648865153" lon="-16.95669940873545">
        <ele>927</ele>
      </trkpt>
      <trkpt lat="32.69989891283616" lon="-16.95672325004767">
        <ele>929</ele>
      </trkpt>
      <trkpt lat="32.69991607858096" lon="-16.95672611100514">
        <ele>930</ele>
      </trkpt>
      <trkpt lat="32.7" lon="-16.95671943543772">
        <ele>932</ele>
      </trkpt>
      <trkpt lat="32.70000000000001" lon="-16.95671943543772">
        <ele>932</ele>
      </trkpt>
      <trkpt lat="32.70008868968149" lon="-16.95670799160785">
        <ele>935</ele>
      </trkpt>
      <trkpt lat="32.70017833301546" lon="-16.95669559412549">
        <ele>938</ele>
      </trkpt>
      <trkpt lat="32.70048159450697" lon="-16.9566774747282">
        <ele>948</ele>
      </trkpt>
      <trkpt lat="32.70056646957849" lon="-16.95668128933815">
        <ele>952</ele>
      </trkpt>
      <trkpt lat="32.70065515925997" lon="-16.95670513065038">
        <ele>957</ele>
      </trkpt>
      <trkpt lat="32.70074384894146" lon="-16.95672801831012">
        <ele>962</ele>
      </trkpt>
      <trkpt lat="32.70080965096319" lon="-16.95674041579247">
        <ele>965</ele>
      </trkpt>
      <trkpt lat="32.70085924089263" lon="-16.95674232309745">
        <ele>967</ele>
      </trkpt>
      <trkpt lat="32.70093457943926" lon="-16.95672229639518">
        <ele>967</ele>
      </trkpt>
      <trkpt lat="32.70123497997331" lon="-16.9565906923517">
        <ele>964</ele>
      </trkpt>
      <trkpt lat="32.70129315277514" lon="-16.9565725729544">
        <ele>965</ele>
      </trkpt>
      <trkpt lat="32.70135990844937" lon="-16.95657924852183">
        <ele>967</ele>
      </trkpt>
      <trkpt lat="32.70144478352089" lon="-16.95660308983405">
        <ele>970</ele>
      </trkpt>
      <trkpt lat="32.70152965859241" lon="-16.95662693114628">
        <ele>974</ele>
      </trkpt>
      <trkpt lat="32.70163074575625" lon="-16.95663169940872">
        <ele>977</ele>
      </trkpt>
      <trkpt lat="32.70170322334542" lon="-16.95660976540148">
        <ele>977</ele>
      </trkpt>
      <trkpt lat="32.70176711806219" lon="-16.956563990082">
        <ele>976</ele>
      </trkpt>
      <trkpt lat="32.70182052260157" lon="-16.95650009536524">
        <ele>974</ele>
      </trkpt>
      <trkpt lat="32.70187488079345" lon="-16.95643620064847">
        <ele>972</ele>
      </trkpt>
      <trkpt lat="32.70195594125502" lon="-16.95635037192446">
        <ele>969</ele>
      </trkpt>
      <trkpt lat="32.70198455082969" lon="-16.9563293915697">
        <ele>969</ele>
      </trkpt>
      <trkpt lat="32.70201220675187" lon="-16.95632176234979">
        <ele>969</ele>
      </trkpt>
      <trkpt lat="32.70204939919894" lon="-16.95632176234979">
        <ele>971</ele>
      </trkpt>
      <trkpt lat="32.70214094983789" lon="-16.9563551401869">
        <ele>976</ele>
      </trkpt>
      <trkpt lat="32.70256532519551" lon="-16.95663742132366">
        <ele>1006</ele>
      </trkpt>
      <trkpt lat="32.70264257104712" lon="-16.95667079916078">
        <ele>1009</ele>
      </trkpt>
      <trkpt lat="32.7027140949838" lon="-16.95667366011824">
        <ele>1010</ele>
      </trkpt>
      <trkpt lat="32.70302784665269" lon="-16.95660976540148">
        <ele>1010</ele>
      </trkpt>
      <trkpt lat="32.70308792675949" lon="-16.9566078580965">
        <ele>1011</ele>
      </trkpt>
      <trkpt lat="32.70312321190159" lon="-16.95661930192637">
        <ele>1012</ele>
      </trkpt>
      <trkpt lat="32.70322811367539" lon="-16.95668796490558">
        <ele>1018</ele>
      </trkpt>
      <trkpt lat="32.70333301544918" lon="-16.95675662788479">
        <ele>1026</ele>
      </trkpt>
      <trkpt lat="32.70341598321573" lon="-16.9567728399771">
        <ele>1030</ele>
      </trkpt>
      <trkpt lat="32.70352565325197" lon="-16.95676902536714">
        <ele>1033</ele>
      </trkpt>
      <trkpt lat="32.7036353232882" lon="-16.95676521075719">
        <ele>1036</ele>
      </trkpt>
      <trkpt lat="32.70370589357239" lon="-16.95675281327483">
        <ele>1037</ele>
      </trkpt>
      <trkpt lat="32.70377646385658" lon="-16.95674041579247">
        <ele>1038</ele>
      </trkpt>
      <trkpt lat="32.70404920846844" lon="-16.95664886515353">
        <ele>1040</ele>
      </trkpt>
      <trkpt lat="32.70430955559794" lon="-16.9565906923517">
        <ele>1047</ele>
      </trkpt>
      <trkpt lat="32.70499332443259" lon="-16.95629696738508">
        <ele>1059</ele>
      </trkpt>
      <trkpt lat="32.70505912645433" lon="-16.95626454320045">
        <ele>1060</ele>
      </trkpt>
      <trkpt lat="32.70512588212856" lon="-16.95623116536333">
        <ele>1062</ele>
      </trkpt>
      <trkpt lat="32.7051926378028" lon="-16.95618729734883">
        <ele>1063</ele>
      </trkpt>
      <trkpt lat="32.70526034712952" lon="-16.95614342933434">
        <ele>1064</ele>
      </trkpt>
      <trkpt lat="32.70533377837117" lon="-16.9561033759298">
        <ele>1065</ele>
      </trkpt>
      <trkpt lat="32.70540720961282" lon="-16.95606236887277">
        <ele>1067</ele>
      </trkpt>
      <trkpt lat="32.70569425901203" lon="-16.95588308220483">
        <ele>1072</ele>
      </trkpt>
      <trkpt lat="32.70577245851612" lon="-16.95582967766545">
        <ele>1073</ele>
      </trkpt>
      <trkpt lat="32.70585161167271" lon="-16.95577531947357">
        <ele>1074</ele>
      </trkpt>
      <trkpt lat="32.70590692351708" lon="-16.95571142475681">
        <ele>1072</ele>
      </trkpt>
      <trkpt lat="32.70596318901393" lon="-16.95564753004004">
        <ele>1070</ele>
      </trkpt>
      <trkpt lat="32.70627312607287" lon="-16.9552603471295">
        <ele>1053</ele>
      </trkpt>
      <trkpt lat="32.70630459660501" lon="-16.95523173755482">
        <ele>1051</ele>
      </trkpt>
      <trkpt lat="32.70637039862675" lon="-16.95520122067517">
        <ele>1052</ele>
      </trkpt>
      <trkpt lat="32.70648579057792" lon="-16.95520122067517">
        <ele>1057</ele>
      </trkpt>
      <trkpt lat="32.70660118252909" lon="-16.95520026702269">
        <ele>1061</ele>
      </trkpt>
      <trkpt lat="32.70667461377075" lon="-16.95518882319282">
        <ele>1063</ele>
      </trkpt>
      <trkpt lat="32.7067480450124" lon="-16.95517737936295">
        <ele>1065</ele>
      </trkpt>
      <trkpt lat="32.70683387373642" lon="-16.95515258439823">
        <ele>1066</ele>
      </trkpt>
      <trkpt lat="32.70691970246043" lon="-16.95512778943352">
        <ele>1067</ele>
      </trkpt>
      <trkpt lat="32.70696261682244" lon="-16.95512588212854">
        <ele>1069</ele>
      </trkpt>
      <trkpt lat="32.70702746519169" lon="-16.95514114056837">
        <ele>1073</ele>
      </trkpt>
      <trkpt lat="32.70704749189396" lon="-16.9551554453557">
        <ele>1075</ele>
      </trkpt>
      <trkpt lat="32.70707419416365" lon="-16.9551993133702">
        <ele>1081</ele>
      </trkpt>
      <trkpt lat="32.7070789624261" lon="-16.95522601563989">
        <ele>1083</ele>
      </trkpt>
      <trkpt lat="32.70706942590121" lon="-16.95527942017927">
        <ele>1088</ele>
      </trkpt>
      <trkpt lat="32.70703795536907" lon="-16.95531851993132">
        <ele>1091</ele>
      </trkpt>
      <trkpt lat="32.70693686820523" lon="-16.95536906351325">
        <ele>1092</ele>
      </trkpt>
      <trkpt lat="32.70683673469389" lon="-16.95541960709516">
        <ele>1092</ele>
      </trkpt>
      <trkpt lat="32.70675376692734" lon="-16.95548540911691">
        <ele>1095</ele>
      </trkpt>
      <trkpt lat="32.70667175281329" lon="-16.95555025748616">
        <ele>1098</ele>
      </trkpt>
      <trkpt lat="32.70640186915889" lon="-16.95579248521837">
        <ele>1106</ele>
      </trkpt>
      <trkpt lat="32.70632366965479" lon="-16.95587545298492">
        <ele>1108</ele>
      </trkpt>
      <trkpt lat="32.70628266259776" lon="-16.95596032805645">
        <ele>1110</ele>
      </trkpt>
      <trkpt lat="32.70627407972535" lon="-16.95600324241845">
        <ele>1112</ele>
      </trkpt>
      <trkpt lat="32.70627407972535" lon="-16.95607667366011">
        <ele>1116</ele>
      </trkpt>
      <trkpt lat="32.7062960137326" lon="-16.95613007819949">
        <ele>1120</ele>
      </trkpt>
      <trkpt lat="32.70633606713714" lon="-16.95616250238412">
        <ele>1124</ele>
      </trkpt>
      <trkpt lat="32.70635895479688" lon="-16.95616822429906">
        <ele>1126</ele>
      </trkpt>
      <trkpt lat="32.70640473011635" lon="-16.95616059507914">
        <ele>1128</ele>
      </trkpt>
      <trkpt lat="32.70647434674805" lon="-16.95610909784473">
        <ele>1129</ele>
      </trkpt>
      <trkpt lat="32.70654491703224" lon="-16.95605760061033">
        <ele>1131</ele>
      </trkpt>
      <trkpt lat="32.7066355140187" lon="-16.9559994278085">
        <ele>1133</ele>
      </trkpt>
      <trkpt lat="32.70672611100516" lon="-16.95594125500666">
        <ele>1134</ele>
      </trkpt>
      <trkpt lat="32.70684054930384" lon="-16.9558859431623">
        <ele>1136</ele>
      </trkpt>
      <trkpt lat="32.70695594125502" lon="-16.95583063131794">
        <ele>1138</ele>
      </trkpt>
      <trkpt lat="32.70739557505246" lon="-16.95565039099751">
        <ele>1140</ele>
      </trkpt>
      <trkpt lat="32.70794487888614" lon="-16.95543868014494">
        <ele>1139</ele>
      </trkpt>
      <trkpt lat="32.70824909403014" lon="-16.95538813656303">
        <ele>1145</ele>
      </trkpt>
      <trkpt lat="32.70833492275415" lon="-16.95535952698835">
        <ele>1146</ele>
      </trkpt>
      <trkpt lat="32.70833492275415" lon="-16.95535952698835">
        <ele>1146</ele>
      </trkpt>
      <trkpt lat="32.70837020789625" lon="-16.95533663932862">
        <ele>1146</ele>
      </trkpt>
      <trkpt lat="32.70837020789625" lon="-16.95533663932862">
        <ele>1146</ele>
      </trkpt>
      <trkpt lat="32.70865439633798" lon="-16.95506961663169">
        <ele>1151</ele>
      </trkpt>
      <trkpt lat="32.70873450314706" lon="-16.95501239748235">
        <ele>1155</ele>
      </trkpt>
      <trkpt lat="32.70881460995614" lon="-16.95495422468052">
        <ele>1162</ele>
      </trkpt>
      <trkpt lat="32.70890806790006" lon="-16.95490272744611">
        <ele>1170</ele>
      </trkpt>
      <trkpt lat="32.70901678428382" lon="-16.95488174709135">
        <ele>1181</ele>
      </trkpt>
      <trkpt lat="32.70912645432006" lon="-16.9548598130841">
        <ele>1192</ele>
      </trkpt>
      <trkpt lat="32.70939633797445" lon="-16.95467385084874">
        <ele>1204</ele>
      </trkpt>
      <trkpt lat="32.70970722868587" lon="-16.95448502765591">
        <ele>1220</ele>
      </trkpt>
      <trkpt lat="32.70980354758727" lon="-16.95441731832919">
        <ele>1224</ele>
      </trkpt>
      <trkpt lat="32.70989509822621" lon="-16.95432386038527">
        <ele>1228</ele>
      </trkpt>
      <trkpt lat="32.70993515163075" lon="-16.95430001907304">
        <ele>1230</ele>
      </trkpt>
      <trkpt lat="32.70997615868778" lon="-16.95430001907304">
        <ele>1233</ele>
      </trkpt>
      <trkpt lat="32.71000858287241" lon="-16.95433053595269">
        <ele>1237</ele>
      </trkpt>
      <trkpt lat="32.7100181193973" lon="-16.95435723822238">
        <ele>1239</ele>
      </trkpt>
      <trkpt lat="32.7100181193973" lon="-16.95438680144954">
        <ele>1240</ele>
      </trkpt>
      <trkpt lat="32.71000858287241" lon="-16.95441350371923">
        <ele>1240</ele>
      </trkpt>
      <trkpt lat="32.70993419797826" lon="-16.95450219340071">
        <ele>1238</ele>
      </trkpt>
      <trkpt lat="32.70982452794203" lon="-16.95460423421704">
        <ele>1233</ele>
      </trkpt>
      <trkpt lat="32.70971581155828" lon="-16.95470532138088">
        <ele>1229</ele>
      </trkpt>
      <trkpt lat="32.70962139996186" lon="-16.95480640854472">
        <ele>1226</ele>
      </trkpt>
      <trkpt lat="32.70939633797445" lon="-16.95507533854662">
        <ele>1221</ele>
      </trkpt>
      <trkpt lat="32.70936868205226" lon="-16.95513255769596">
        <ele>1221</ele>
      </trkpt>
      <trkpt lat="32.70936486744231" lon="-16.95516593553308">
        <ele>1222</ele>
      </trkpt>
      <trkpt lat="32.70937058935725" lon="-16.95523078390233">
        <ele>1224</ele>
      </trkpt>
      <trkpt lat="32.70939252336449" lon="-16.95528991035665">
        <ele>1228</ele>
      </trkpt>
      <trkpt lat="32.70966717528133" lon="-16.95556360862101">
        <ele>1254</ele>
      </trkpt>
      <trkpt lat="32.70978638184246" lon="-16.95567423230974">
        <ele>1264</ele>
      </trkpt>
      <trkpt lat="32.70990654205608" lon="-16.95578485599846">
        <ele>1274</ele>
      </trkpt>
      <trkpt lat="32.71000000000001" lon="-16.95582014114056">
        <ele>1281</ele>
      </trkpt>
      <trkpt lat="32.71009345794393" lon="-16.95585542628265">
        <ele>1286</ele>
      </trkpt>
      <trkpt lat="32.71018405493039" lon="-16.95587545298492">
        <ele>1292</ele>
      </trkpt>
      <trkpt lat="32.71027274461187" lon="-16.95590596986457">
        <ele>1297</ele>
      </trkpt>
      <trkpt lat="32.71031661262636" lon="-16.95594793057409">
        <ele>1299</ele>
      </trkpt>
      <trkpt lat="32.71031661262636" lon="-16.95594793057409">
        <ele>1299</ele>
      </trkpt>
      <trkpt lat="32.71033663932864" lon="-16.95600419607094">
        <ele>1301</ele>
      </trkpt>
      <trkpt lat="32.71033473202366" lon="-16.95605950791531">
        <ele>1301</ele>
      </trkpt>
      <trkpt lat="32.71033473202366" lon="-16.95605950791531">
        <ele>1301</ele>
      </trkpt>
      <trkpt lat="32.71031089071143" lon="-16.95611863436962">
        <ele>1300</ele>
      </trkpt>
      <trkpt lat="32.71022029372497" lon="-16.95621209231355">
        <ele>1297</ele>
      </trkpt>
      <trkpt lat="32.7101573526607" lon="-16.9562683578104">
        <ele>1294</ele>
      </trkpt>
      <trkpt lat="32.71009441159642" lon="-16.95632462330726">
        <ele>1292</ele>
      </trkpt>
      <trkpt lat="32.70999237078009" lon="-16.9563732595842">
        <ele>1289</ele>
      </trkpt>
      <trkpt lat="32.70992847606333" lon="-16.95641903490367">
        <ele>1287</ele>
      </trkpt>
      <trkpt lat="32.7099046347511" lon="-16.95647053213808">
        <ele>1288</ele>
      </trkpt>
      <trkpt lat="32.70990654205608" lon="-16.95650390997519">
        <ele>1288</ele>
      </trkpt>
      <trkpt lat="32.70995041007058" lon="-16.95655254625213">
        <ele>1290</ele>
      </trkpt>
      <trkpt lat="32.71000762921992" lon="-16.956563990082">
        <ele>1292</ele>
      </trkpt>
      <trkpt lat="32.71006580202175" lon="-16.95654396337973">
        <ele>1294</ele>
      </trkpt>
      <trkpt lat="32.71013732595843" lon="-16.95650200267022">
        <ele>1296</ele>
      </trkpt>
      <trkpt lat="32.7102441350372" lon="-16.95645050543581">
        <ele>1300</ele>
      </trkpt>
      <trkpt lat="32.71057982071334" lon="-16.95633415983215">
        <ele>1313</ele>
      </trkpt>
      <trkpt lat="32.71069902727447" lon="-16.95630650390996">
        <ele>1318</ele>
      </trkpt>
      <trkpt lat="32.7107743658211" lon="-16.95631604043485">
        <ele>1322</ele>
      </trkpt>
      <trkpt lat="32.71084970436774" lon="-16.95632557695975">
        <ele>1325</ele>
      </trkpt>
      <trkpt lat="32.71094506961664" lon="-16.95635418653442">
        <ele>1329</ele>
      </trkpt>
      <trkpt lat="32.71102803738319" lon="-16.95637135227922">
        <ele>1333</ele>
      </trkpt>
      <trkpt lat="32.71111195880222" lon="-16.95640282281136">
        <ele>1337</ele>
      </trkpt>
      <trkpt lat="32.71117680717148" lon="-16.95640949837878">
        <ele>1340</ele>
      </trkpt>
      <trkpt lat="32.71126072859051" lon="-16.95639519359144">
        <ele>1344</ele>
      </trkpt>
      <trkpt lat="32.71134560366203" lon="-16.95637993515162">
        <ele>1348</ele>
      </trkpt>
      <trkpt lat="32.71142380316613" lon="-16.95634274270455">
        <ele>1351</ele>
      </trkpt>
      <trkpt lat="32.71150200267024" lon="-16.95630459660499">
        <ele>1355</ele>
      </trkpt>
      <trkpt lat="32.71157829486935" lon="-16.95628266259774">
        <ele>1358</ele>
      </trkpt>
      <trkpt lat="32.71168891855809" lon="-16.95626740415791">
        <ele>1362</ele>
      </trkpt>
      <trkpt lat="32.7118004958993" lon="-16.9562511920656">
        <ele>1364</ele>
      </trkpt>
      <trkpt lat="32.71191493419798" lon="-16.95624547015067">
        <ele>1367</ele>
      </trkpt>
      <trkpt lat="32.71198168987222" lon="-16.95626072859049">
        <ele>1368</ele>
      </trkpt>
      <trkpt lat="32.71204939919894" lon="-16.95627503337782">
        <ele>1370</ele>
      </trkpt>
      <trkpt lat="32.71211996948313" lon="-16.95629601373258">
        <ele>1371</ele>
      </trkpt>
      <trkpt lat="32.71219149341981" lon="-16.95631604043485">
        <ele>1373</ele>
      </trkpt>
      <trkpt lat="32.71228590501622" lon="-16.95632557695975">
        <ele>1375</ele>
      </trkpt>
      <trkpt lat="32.71239366774748" lon="-16.95631508678236">
        <ele>1377</ele>
      </trkpt>
      <trkpt lat="32.71248426473394" lon="-16.95628075529276">
        <ele>1379</ele>
      </trkpt>
      <trkpt lat="32.71253290101088" lon="-16.9562511920656">
        <ele>1379</ele>
      </trkpt>
      <trkpt lat="32.71258439824529" lon="-16.95618920465381">
        <ele>1379</ele>
      </trkpt>
      <trkpt lat="32.71258439824529" lon="-16.95618920465381">
        <ele>1379</ele>
      </trkpt>
      <trkpt lat="32.7125920274652" lon="-16.95611863436962">
        <ele>1378</ele>
      </trkpt>
      <trkpt lat="32.7125920274652" lon="-16.95611863436962">
        <ele>1378</ele>
      </trkpt>
      <trkpt lat="32.7125748617204" lon="-16.95599847415601">
        <ele>1377</ele>
      </trkpt>
      <trkpt lat="32.71251764257106" lon="-16.95573335876405">
        <ele>1377</ele>
      </trkpt>
      <trkpt lat="32.71250047682625" lon="-16.95557695975585">
        <ele>1378</ele>
      </trkpt>
      <trkpt lat="32.7124871256914" lon="-16.95550638947167">
        <ele>1379</ele>
      </trkpt>
      <trkpt lat="32.71246900629411" lon="-16.95547491893953">
        <ele>1379</ele>
      </trkpt>
      <trkpt lat="32.71246900629411" lon="-16.95547491893953">
        <ele>1379</ele>
      </trkpt>
      <trkpt lat="32.71241846271219" lon="-16.95543772649246">
        <ele>1378</ele>
      </trkpt>
      <trkpt lat="32.71241846271219" lon="-16.95543772649246">
        <ele>1378</ele>
      </trkpt>
      <trkpt lat="32.71232023650582" lon="-16.95539576578294">
        <ele>1377</ele>
      </trkpt>
      <trkpt lat="32.7121218767881" lon="-16.95533473202364">
        <ele>1374</ele>
      </trkpt>
      <trkpt lat="32.7120265115392" lon="-16.95525271790958">
        <ele>1373</ele>
      </trkpt>
      <trkpt lat="32.71187392714096" lon="-16.95509345794391">
        <ele>1372</ele>
      </trkpt>
      <trkpt lat="32.7116097654015" lon="-16.95490654205606">
        <ele>1363</ele>
      </trkpt>
      <trkpt lat="32.71156017547207" lon="-16.95484360099179">
        <ele>1357</ele>
      </trkpt>
      <trkpt lat="32.71154396337975" lon="-16.95477493801258">
        <ele>1354</ele>
      </trkpt>
      <trkpt lat="32.71155540720962" lon="-16.95469387755101">
        <ele>1351</ele>
      </trkpt>
      <trkpt lat="32.71160118252909" lon="-16.95459374403966">
        <ele>1350</ele>
      </trkpt>
      <trkpt lat="32.71165744802595" lon="-16.95453271028036">
        <ele>1350</ele>
      </trkpt>
      <trkpt lat="32.71177093267215" lon="-16.95444688155635">
        <ele>1351</ele>
      </trkpt>
      <trkpt lat="32.71196070951746" lon="-16.95438107953461">
        <ele>1355</ele>
      </trkpt>
      <trkpt lat="32.71230307076102" lon="-16.95429525081059">
        <ele>1365</ele>
      </trkpt>
      <trkpt lat="32.71256341789053" lon="-16.95419988556169">
        <ele>1373</ele>
      </trkpt>
      <trkpt lat="32.71292008392142" lon="-16.95408926187296">
        <ele>1384</ele>
      </trkpt>
      <trkpt lat="32.71330726683198" lon="-16.95399389662406">
        <ele>1396</ele>
      </trkpt>
      <trkpt lat="32.7134007247759" lon="-16.95398626740415">
        <ele>1397</ele>
      </trkpt>
      <trkpt lat="32.71351230211712" lon="-16.95398722105664">
        <ele>1397</ele>
      </trkpt>
      <trkpt lat="32.71392714094985" lon="-16.95410928857523">
        <ele>1400</ele>
      </trkpt>
      <trkpt lat="32.71414457371735" lon="-16.95413408353995">
        <ele>1401</ele>
      </trkpt>
      <trkpt lat="32.71446500095366" lon="-16.95412168605759">
        <ele>1404</ele>
      </trkpt>
      <trkpt lat="32.71493038336831" lon="-16.95404825481593">
        <ele>1408</ele>
      </trkpt>
      <trkpt lat="32.71534522220104" lon="-16.9539643333969">
        <ele>1414</ele>
      </trkpt>
      <trkpt lat="32.71555311844364" lon="-16.95389185580773">
        <ele>1416</ele>
      </trkpt>
      <trkpt lat="32.71569330535954" lon="-16.95385561701315">
        <ele>1418</ele>
      </trkpt>
      <trkpt lat="32.71592122830442" lon="-16.95386038527559">
        <ele>1422</ele>
      </trkpt>
      <trkpt lat="32.7162092313561" lon="-16.95383272935341">
        <ele>1426</ele>
      </trkpt>
      <trkpt lat="32.71635609383942" lon="-16.95379744421132">
        <ele>1428</ele>
      </trkpt>
      <trkpt lat="32.71651916841504" lon="-16.95374403967193">
        <ele>1431</ele>
      </trkpt>
      <trkpt lat="32.71674041579249" lon="-16.95361243562845">
        <ele>1435</ele>
      </trkpt>
      <trkpt lat="32.71674041579249" lon="-16.95361243562845">
        <ele>1435</ele>
      </trkpt>
      <trkpt lat="32.71674160237216" lon="-16.95362222491068">
        <ele>1435</ele>
      </trkpt>
      <trkpt lat="32.71674327674996" lon="-16.95362292580582">
        <ele>1435</ele>
      </trkpt>
      <trkpt lat="32.71678428380699" lon="-16.95364009155063">
        <ele>1436</ele>
      </trkpt>
      <trkpt lat="32.71688060270838" lon="-16.95365916460041">
        <ele>1438</ele>
      </trkpt>
      <trkpt lat="32.71697692160977" lon="-16.95367823765019">
        <ele>1440</ele>
      </trkpt>
      <trkpt lat="32.71709231356095" lon="-16.95371352279228">
        <ele>1443</ele>
      </trkpt>
      <trkpt lat="32.7172086591646" lon="-16.95374880793438">
        <ele>1445</ele>
      </trkpt>
      <trkpt lat="32.71729830249858" lon="-16.95378981499141">
        <ele>1446</ele>
      </trkpt>
      <trkpt lat="32.7174089261873" lon="-16.95382033187105">
        <ele>1447</ele>
      </trkpt>
      <trkpt lat="32.71751954987603" lon="-16.95384989509822">
        <ele>1449</ele>
      </trkpt>
      <trkpt lat="32.71759298111769" lon="-16.95388518024031">
        <ele>1450</ele>
      </trkpt>
      <trkpt lat="32.71766641235934" lon="-16.95391951172991">
        <ele>1451</ele>
      </trkpt>
      <trkpt lat="32.71792485218387" lon="-16.95392427999236">
        <ele>1457</ele>
      </trkpt>
      <trkpt lat="32.71802212473775" lon="-16.95397577722677">
        <ele>1458</ele>
      </trkpt>
      <trkpt lat="32.71810699980928" lon="-16.95404348655349">
        <ele>1458</ele>
      </trkpt>
      <trkpt lat="32.71820427236316" lon="-16.95410833492274">
        <ele>1459</ele>
      </trkpt>
      <trkpt lat="32.71830631317948" lon="-16.95420083921418">
        <ele>1459</ele>
      </trkpt>
      <trkpt lat="32.71837688346368" lon="-16.95423230974632">
        <ele>1460</ele>
      </trkpt>
      <trkpt lat="32.71862578676331" lon="-16.95425805836352">
        <ele>1467</ele>
      </trkpt>
      <trkpt lat="32.71874785428191" lon="-16.95431050925042">
        <ele>1469</ele>
      </trkpt>
      <trkpt lat="32.71899771123403" lon="-16.95439347701696">
        <ele>1474</ele>
      </trkpt>
      <trkpt lat="32.71908830822049" lon="-16.95434102613007">
        <ele>1479</ele>
      </trkpt>
      <trkpt lat="32.71917509059699" lon="-16.95434770169749">
        <ele>1481</ele>
      </trkpt>
      <trkpt lat="32.71929525081061" lon="-16.95439443066945">
        <ele>1482</ele>
      </trkpt>
      <trkpt lat="32.71941636467672" lon="-16.95444020598893">
        <ele>1484</ele>
      </trkpt>
      <trkpt lat="32.71945832538623" lon="-16.9544335304215">
        <ele>1485</ele>
      </trkpt>
      <trkpt lat="32.71949074957087" lon="-16.95444402059888">
        <ele>1485</ele>
      </trkpt>
      <trkpt lat="32.71958706847226" lon="-16.95445164981879">
        <ele>1487</ele>
      </trkpt>
      <trkpt lat="32.71964238031662" lon="-16.95441827198168">
        <ele>1490</ele>
      </trkpt>
      <trkpt lat="32.71960232691208" lon="-16.95434579439251">
        <ele>1492</ele>
      </trkpt>
      <trkpt lat="32.71956322716003" lon="-16.95427236315086">
        <ele>1494</ele>
      </trkpt>
      <trkpt lat="32.71952126645051" lon="-16.95418367346938">
        <ele>1496</ele>
      </trkpt>
      <trkpt lat="32.71948025939349" lon="-16.95409403013541">
        <ele>1496</ele>
      </trkpt>
      <trkpt lat="32.71943734503148" lon="-16.95398626740415">
        <ele>1496</ele>
      </trkpt>
      <trkpt lat="32.71944783520886" lon="-16.95394526034712">
        <ele>1497</ele>
      </trkpt>
      <trkpt lat="32.71953461758536" lon="-16.9540253671562">
        <ele>1498</ele>
      </trkpt>
      <trkpt lat="32.71962139996186" lon="-16.95410547396527">
        <ele>1500</ele>
      </trkpt>
      <trkpt lat="32.7197224871257" lon="-16.95410452031279">
        <ele>1502</ele>
      </trkpt>
      <trkpt lat="32.71973011634561" lon="-16.95406065229829">
        <ele>1503</ele>
      </trkpt>
      <trkpt lat="32.7196795727637" lon="-16.95399103566659">
        <ele>1502</ele>
      </trkpt>
      <trkpt lat="32.71970818233837" lon="-16.95395098226205">
        <ele>1502</ele>
      </trkpt>
      <trkpt lat="32.71976826244517" lon="-16.95395002860956">
        <ele>1504</ele>
      </trkpt>
      <trkpt lat="32.71982929620447" lon="-16.95397577722677">
        <ele>1505</ele>
      </trkpt>
      <trkpt lat="32.71988270074386" lon="-16.95403108907113">
        <ele>1506</ele>
      </trkpt>
      <trkpt lat="32.71988270074386" lon="-16.95403108907113">
        <ele>1506</ele>
      </trkpt>
      <trkpt lat="32.71995422468054" lon="-16.9540949837879">
        <ele>1508</ele>
      </trkpt>
      <trkpt lat="32.71995422468054" lon="-16.9540949837879">
        <ele>1508</ele>
      </trkpt>
      <trkpt lat="32.72000000000001" lon="-16.95412836162501">
        <ele>1509</ele>
      </trkpt>
      <trkpt lat="32.72000000000001" lon="-16.95412836162501">
        <ele>1509</ele>
      </trkpt>
      <trkpt lat="32.72003147053214" lon="-16.95413599084493">
        <ele>1509</ele>
      </trkpt>
      <trkpt lat="32.72008868968148" lon="-16.95404539385847">
        <ele>1508</ele>
      </trkpt>
      <trkpt lat="32.72025843982453" lon="-16.95370493991988">
        <ele>1508</ele>
      </trkpt>
      <trkpt lat="32.72029563227161" lon="-16.95361052832347">
        <ele>1508</ele>
      </trkpt>
      <trkpt lat="32.72033377837116" lon="-16.95351516307456">
        <ele>1509</ele>
      </trkpt>
      <trkpt lat="32.72038622925806" lon="-16.95341026130077">
        <ele>1510</ele>
      </trkpt>
      <trkpt lat="32.72043963379745" lon="-16.95330440587449">
        <ele>1511</ele>
      </trkpt>
      <trkpt lat="32.72045393858478" lon="-16.95322429906541">
        <ele>1513</ele>
      </trkpt>
      <trkpt lat="32.72046919702461" lon="-16.95314323860384">
        <ele>1515</ele>
      </trkpt>
      <trkpt lat="32.72052355521648" lon="-16.95302403204271">
        <ele>1518</ele>
      </trkpt>
      <trkpt lat="32.72057791340836" lon="-16.95290387182909">
        <ele>1521</ele>
      </trkpt>
      <trkpt lat="32.72058363532329" lon="-16.95280659927521">
        <ele>1523</ele>
      </trkpt>
      <trkpt lat="32.72062273507535" lon="-16.95271504863626">
        <ele>1526</ele>
      </trkpt>
      <trkpt lat="32.7206618348274" lon="-16.95262254434483">
        <ele>1528</ele>
      </trkpt>
      <trkpt lat="32.72064466908259" lon="-16.95253004005339">
        <ele>1530</ele>
      </trkpt>
      <trkpt lat="32.72060843028801" lon="-16.95244135037191">
        <ele>1531</ele>
      </trkpt>
      <trkpt lat="32.72057219149342" lon="-16.95235170703794">
        <ele>1530</ele>
      </trkpt>
      <trkpt lat="32.7205740987984" lon="-16.95228113675375">
        <ele>1530</ele>
      </trkpt>
      <trkpt lat="32.72053595269884" lon="-16.95218386419987">
        <ele>1529</ele>
      </trkpt>
      <trkpt lat="32.72076101468625" lon="-16.9514857905779">
        <ele>1538</ele>
      </trkpt>
      <trkpt lat="32.72082109479306" lon="-16.95116727064656">
        <ele>1550</ele>
      </trkpt>
      <trkpt lat="32.72086400915506" lon="-16.9511033759298">
        <ele>1552</ele>
      </trkpt>
      <trkpt lat="32.72090692351708" lon="-16.95103948121303">
        <ele>1552</ele>
      </trkpt>
      <trkpt lat="32.72084970436773" lon="-16.95095365248902">
        <ele>1557</ele>
      </trkpt>
      <trkpt lat="32.72079343887088" lon="-16.95086782376501">
        <ele>1560</ele>
      </trkpt>
      <trkpt lat="32.72076387564372" lon="-16.95078485599846">
        <ele>1562</ele>
      </trkpt>
      <trkpt lat="32.72077150486363" lon="-16.95073717337401">
        <ele>1563</ele>
      </trkpt>
      <trkpt lat="32.72083635323288" lon="-16.95071428571427">
        <ele>1565</ele>
      </trkpt>
      <trkpt lat="32.72089547968721" lon="-16.95074098798397">
        <ele>1562</ele>
      </trkpt>
      <trkpt lat="32.72095079153157" lon="-16.95070284188441">
        <ele>1561</ele>
      </trkpt>
      <trkpt lat="32.72092599656686" lon="-16.95065134465">
        <ele>1564</ele>
      </trkpt>
      <trkpt lat="32.72088594316232" lon="-16.95060461567804">
        <ele>1566</ele>
      </trkpt>
      <trkpt lat="32.7208964333397" lon="-16.9505121113866">
        <ele>1569</ele>
      </trkpt>
      <trkpt lat="32.72090692351708" lon="-16.95041865344268">
        <ele>1571</ele>
      </trkpt>
      <trkpt lat="32.72090215525463" lon="-16.95034903681097">
        <ele>1573</ele>
      </trkpt>
      <trkpt lat="32.72089738699218" lon="-16.95027846652679">
        <ele>1575</ele>
      </trkpt>
      <trkpt lat="32.72085542628267" lon="-16.95019835971771">
        <ele>1578</ele>
      </trkpt>
      <trkpt lat="32.72081441922564" lon="-16.95011825290863">
        <ele>1580</ele>
      </trkpt>
      <trkpt lat="32.72080965096319" lon="-16.9500514972344">
        <ele>1581</ele>
      </trkpt>
      <trkpt lat="32.72080583635324" lon="-16.94998474156016">
        <ele>1582</ele>
      </trkpt>
      <trkpt lat="32.72082395575053" lon="-16.94996566851038">
        <ele>1583</ele>
      </trkpt>
      <trkpt lat="32.72092027465192" lon="-16.95001239748235">
        <ele>1583</ele>
      </trkpt>
      <trkpt lat="32.72097272553881" lon="-16.94994278085065">
        <ele>1582</ele>
      </trkpt>
      <trkpt lat="32.72103948121305" lon="-16.94990654205606">
        <ele>1581</ele>
      </trkpt>
      <trkpt lat="32.72114438298684" lon="-16.94995422468051">
        <ele>1581</ele>
      </trkpt>
      <trkpt lat="32.72123974823575" lon="-16.94991798588593">
        <ele>1581</ele>
      </trkpt>
      <trkpt lat="32.72132462330727" lon="-16.94987507152393">
        <ele>1580</ele>
      </trkpt>
      <trkpt lat="32.72141045203129" lon="-16.94983120350943">
        <ele>1580</ele>
      </trkpt>
      <trkpt lat="32.7214867442304" lon="-16.94975014304786">
        <ele>1579</ele>
      </trkpt>
      <trkpt lat="32.72150200267023" lon="-16.94965859240892">
        <ele>1580</ele>
      </trkpt>
      <trkpt lat="32.72151821476255" lon="-16.94956704176997">
        <ele>1580</ele>
      </trkpt>
      <trkpt lat="32.72155159259966" lon="-16.949477398436">
        <ele>1580</ele>
      </trkpt>
      <trkpt lat="32.72158783139425" lon="-16.94944592790386">
        <ele>1580</ele>
      </trkpt>
      <trkpt lat="32.72168319664315" lon="-16.9494163646767">
        <ele>1581</ele>
      </trkpt>
      <trkpt lat="32.72173278657257" lon="-16.94936677474727">
        <ele>1579</ele>
      </trkpt>
      <trkpt lat="32.72176139614725" lon="-16.94932481403775">
        <ele>1579</ele>
      </trkpt>
      <trkpt lat="32.72179858859432" lon="-16.94922563417889">
        <ele>1579</ele>
      </trkpt>
      <trkpt lat="32.72183673469388" lon="-16.94912550066755">
        <ele>1579</ele>
      </trkpt>
      <trkpt lat="32.72184054930383" lon="-16.94904348655349">
        <ele>1579</ele>
      </trkpt>
      <trkpt lat="32.72188918558078" lon="-16.94896242609192">
        <ele>1578</ele>
      </trkpt>
      <trkpt lat="32.72190539767309" lon="-16.94888899485026">
        <ele>1578</ele>
      </trkpt>
      <trkpt lat="32.72195594125501" lon="-16.94876692733167">
        <ele>1578</ele>
      </trkpt>
      <trkpt lat="32.72199885561702" lon="-16.94871733740224">
        <ele>1579</ele>
      </trkpt>
      <trkpt lat="32.72207228685868" lon="-16.94868109860766">
        <ele>1579</ele>
      </trkpt>
      <trkpt lat="32.72214667175282" lon="-16.94864485981307">
        <ele>1580</ele>
      </trkpt>
      <trkpt lat="32.72225061987412" lon="-16.94860099179858">
        <ele>1581</ele>
      </trkpt>
      <trkpt lat="32.72236791913027" lon="-16.9485733358764">
        <ele>1582</ele>
      </trkpt>
      <trkpt lat="32.72244135037193" lon="-16.94856475300399">
        <ele>1583</ele>
      </trkpt>
      <trkpt lat="32.72248235742896" lon="-16.94858954796871">
        <ele>1583</ele>
      </trkpt>
      <trkpt lat="32.72253766927332" lon="-16.94857715048635">
        <ele>1584</ele>
      </trkpt>
      <trkpt lat="32.72259870303262" lon="-16.94863627694067">
        <ele>1583</ele>
      </trkpt>
      <trkpt lat="32.72262731260729" lon="-16.94863436963569">
        <ele>1584</ele>
      </trkpt>
      <trkpt lat="32.7226788098417" lon="-16.94861243562844">
        <ele>1586</ele>
      </trkpt>
      <trkpt lat="32.72269502193401" lon="-16.94862960137325">
        <ele>1585</ele>
      </trkpt>
      <trkpt lat="32.72273698264353" lon="-16.94863436963569">
        <ele>1586</ele>
      </trkpt>
      <trkpt lat="32.72278466526798" lon="-16.94862101850085">
        <ele>1587</ele>
      </trkpt>
      <trkpt lat="32.72281422849514" lon="-16.94858477970626">
        <ele>1589</ele>
      </trkpt>
      <trkpt lat="32.72288289147435" lon="-16.94858096509631">
        <ele>1590</ele>
      </trkpt>
      <trkpt lat="32.72295155445356" lon="-16.94857715048635">
        <ele>1591</ele>
      </trkpt>
      <trkpt lat="32.72303929048255" lon="-16.94855807743657">
        <ele>1593</ele>
      </trkpt>
      <trkpt lat="32.72315372878123" lon="-16.94857047491893">
        <ele>1595</ele>
      </trkpt>
      <trkpt lat="32.7232090406256" lon="-16.94856666030897">
        <ele>1596</ele>
      </trkpt>
      <trkpt lat="32.72328151821477" lon="-16.9486248331108">
        <ele>1596</ele>
      </trkpt>
      <trkpt lat="32.72335018119398" lon="-16.9486429525081">
        <ele>1596</ele>
      </trkpt>
      <trkpt lat="32.72345794392524" lon="-16.94864009155063">
        <ele>1594</ele>
      </trkpt>
      <trkpt lat="32.72351420942209" lon="-16.94860957467098">
        <ele>1594</ele>
      </trkpt>
      <trkpt lat="32.72358573335877" lon="-16.94851802403203">
        <ele>1594</ele>
      </trkpt>
      <trkpt lat="32.72373641045203" lon="-16.94821476254052">
        <ele>1598</ele>
      </trkpt>
      <trkpt lat="32.72375452984933" lon="-16.94812893381651">
        <ele>1599</ele>
      </trkpt>
      <trkpt lat="32.72384035857334" lon="-16.94803070761014">
        <ele>1600</ele>
      </trkpt>
      <trkpt lat="32.72387469006294" lon="-16.94793152775128">
        <ele>1602</ele>
      </trkpt>
      <trkpt lat="32.72392618729735" lon="-16.94786191111958">
        <ele>1603</ele>
      </trkpt>
      <trkpt lat="32.72397768453176" lon="-16.94779134083539">
        <ele>1604</ele>
      </trkpt>
      <trkpt lat="32.72419416364677" lon="-16.94743181384702">
        <ele>1614</ele>
      </trkpt>
      <trkpt lat="32.72426473393096" lon="-16.94717718863245">
        <ele>1620</ele>
      </trkpt>
      <trkpt lat="32.72437345031471" lon="-16.94688155636085">
        <ele>1628</ele>
      </trkpt>
      <trkpt lat="32.72436391378982" lon="-16.94676807171465">
        <ele>1632</ele>
      </trkpt>
      <trkpt lat="32.72435533091742" lon="-16.94665363341597">
        <ele>1635</ele>
      </trkpt>
      <trkpt lat="32.72440682815183" lon="-16.9466078580965">
        <ele>1636</ele>
      </trkpt>
      <trkpt lat="32.72440873545681" lon="-16.94653061224489">
        <ele>1638</ele>
      </trkpt>
      <trkpt lat="32.72432958230021" lon="-16.9464943734503">
        <ele>1639</ele>
      </trkpt>
      <trkpt lat="32.72424470722869" lon="-16.94643524699598">
        <ele>1642</ele>
      </trkpt>
      <trkpt lat="32.72421895861149" lon="-16.94637707419415">
        <ele>1643</ele>
      </trkpt>
      <trkpt lat="32.72426568758345" lon="-16.94627121876787">
        <ele>1646</ele>
      </trkpt>
      <trkpt lat="32.72433625786763" lon="-16.94620350944115">
        <ele>1647</ele>
      </trkpt>
      <trkpt lat="32.72435342361244" lon="-16.94613103185198">
        <ele>1649</ele>
      </trkpt>
      <trkpt lat="32.72433435056266" lon="-16.94608525653251">
        <ele>1650</ele>
      </trkpt>
      <trkpt lat="32.7242704558459" lon="-16.94615773412167">
        <ele>1649</ele>
      </trkpt>
      <trkpt lat="32.72420560747664" lon="-16.94614438298683">
        <ele>1649</ele>
      </trkpt>
      <trkpt lat="32.72414075910739" lon="-16.94613103185198">
        <ele>1650</ele>
      </trkpt>
      <trkpt lat="32.7240959374404" lon="-16.94610814419224">
        <ele>1650</ele>
      </trkpt>
      <trkpt lat="32.72406923517071" lon="-16.94606904444019">
        <ele>1651</ele>
      </trkpt>
      <trkpt lat="32.72406923517071" lon="-16.94603280564561">
        <ele>1651</ele>
      </trkpt>
      <trkpt lat="32.72414266641236" lon="-16.94600324241845">
        <ele>1653</ele>
      </trkpt>
      <trkpt lat="32.72421419034904" lon="-16.94594793057409">
        <ele>1654</ele>
      </trkpt>
      <trkpt lat="32.72421895861149" lon="-16.94588308220483">
        <ele>1656</ele>
      </trkpt>
      <trkpt lat="32.72411977875262" lon="-16.94578294869348">
        <ele>1657</ele>
      </trkpt>
      <trkpt lat="32.7241131031852" lon="-16.9456856761396">
        <ele>1658</ele>
      </trkpt>
      <trkpt lat="32.72414457371734" lon="-16.94561796681288">
        <ele>1659</ele>
      </trkpt>
      <trkpt lat="32.72417604424948" lon="-16.94555025748616">
        <ele>1659</ele>
      </trkpt>
      <trkpt lat="32.72424661453367" lon="-16.94544821666983">
        <ele>1660</ele>
      </trkpt>
      <trkpt lat="32.72426378027847" lon="-16.94535094411595">
        <ele>1661</ele>
      </trkpt>
      <trkpt lat="32.72433244325768" lon="-16.94528037383176">
        <ele>1662</ele>
      </trkpt>
      <trkpt lat="32.72440110623689" lon="-16.94520980354758">
        <ele>1663</ele>
      </trkpt>
      <trkpt lat="32.72444592790388" lon="-16.94514495517832">
        <ele>1664</ele>
      </trkpt>
      <trkpt lat="32.72449074957086" lon="-16.94508010680907">
        <ele>1666</ele>
      </trkpt>
      <trkpt lat="32.72458897577723" lon="-16.94498283425519">
        <ele>1668</ele>
      </trkpt>
      <trkpt lat="32.72468815563609" lon="-16.94488556170131">
        <ele>1670</ele>
      </trkpt>
      <trkpt lat="32.72471008964334" lon="-16.94481308411214">
        <ele>1671</ele>
      </trkpt>
      <trkpt lat="32.72473202365059" lon="-16.94473965287048">
        <ele>1672</ele>
      </trkpt>
      <trkpt lat="32.72484741560176" lon="-16.9446948312035">
        <ele>1674</ele>
      </trkpt>
      <trkpt lat="32.72496280755293" lon="-16.94465000953651">
        <ele>1677</ele>
      </trkpt>
      <trkpt lat="32.72502098035476" lon="-16.9445813465573">
        <ele>1678</ele>
      </trkpt>
      <trkpt lat="32.72511825290864" lon="-16.9445727636849">
        <ele>1680</ele>
      </trkpt>
      <trkpt lat="32.72521552546252" lon="-16.9445641808125">
        <ele>1681</ele>
      </trkpt>
      <trkpt lat="32.72525462521457" lon="-16.94449647148578">
        <ele>1683</ele>
      </trkpt>
      <trkpt lat="32.72529372496663" lon="-16.94442780850657">
        <ele>1685</ele>
      </trkpt>
      <trkpt lat="32.72534712950601" lon="-16.94435628456989">
        <ele>1688</ele>
      </trkpt>
      <trkpt lat="32.7254005340454" lon="-16.94428476063321">
        <ele>1690</ele>
      </trkpt>
      <trkpt lat="32.72575624642381" lon="-16.94431527751286">
        <ele>1697</ele>
      </trkpt>
      <trkpt lat="32.72583921419035" lon="-16.94420083921418">
        <ele>1703</ele>
      </trkpt>
      <trkpt lat="32.72635609383941" lon="-16.94401964524126">
        <ele>1716</ele>
      </trkpt>
      <trkpt lat="32.72656494373451" lon="-16.9437640663742">
        <ele>1726</ele>
      </trkpt>
      <trkpt lat="32.72682433721153" lon="-16.94356952126644">
        <ele>1737</ele>
      </trkpt>
      <trkpt lat="32.72691970246043" lon="-16.94345794392522">
        <ele>1742</ele>
      </trkpt>
      <trkpt lat="32.72721152012207" lon="-16.94340263208086">
        <ele>1752</ele>
      </trkpt>
      <trkpt lat="32.72749475491131" lon="-16.94326912073239">
        <ele>1761</ele>
      </trkpt>
      <trkpt lat="32.72758630555026" lon="-16.94324623307266">
        <ele>1759</ele>
      </trkpt>
      <trkpt lat="32.72764066374214" lon="-16.94327007438488">
        <ele>1759</ele>
      </trkpt>
      <trkpt lat="32.72775224108335" lon="-16.94322143810794">
        <ele>1756</ele>
      </trkpt>
      <trkpt lat="32.72782853328248" lon="-16.94328437917222">
        <ele>1756</ele>
      </trkpt>
      <trkpt lat="32.72792771314133" lon="-16.94331966431431">
        <ele>1755</ele>
      </trkpt>
      <trkpt lat="32.72802784665269" lon="-16.94335399580392">
        <ele>1753</ele>
      </trkpt>
      <trkpt lat="32.72802784665269" lon="-16.94335399580392">
        <ele>1753</ele>
      </trkpt>
      <trkpt lat="32.72802498569521" lon="-16.94327865725728">
        <ele>1753</ele>
      </trkpt>
      <trkpt lat="32.72802307839024" lon="-16.94320236505816">
        <ele>1751</ele>
      </trkpt>
      <trkpt lat="32.72801449551784" lon="-16.94311844363913">
        <ele>1749</ele>
      </trkpt>
      <trkpt lat="32.72800591264544" lon="-16.94303452222009">
        <ele>1748</ele>
      </trkpt>
      <trkpt lat="32.72809460232692" lon="-16.94297921037573">
        <ele>1745</ele>
      </trkpt>
      <trkpt lat="32.72813274842648" lon="-16.94289242799923">
        <ele>1743</ele>
      </trkpt>
      <trkpt lat="32.72819664314324" lon="-16.94289814991416">
        <ele>1742</ele>
      </trkpt>
      <trkpt lat="32.72820713332062" lon="-16.94283044058744">
        <ele>1741</ele>
      </trkpt>
      <trkpt lat="32.72828247186725" lon="-16.9428247186725">
        <ele>1740</ele>
      </trkpt>
      <trkpt lat="32.72830822048446" lon="-16.94277512874308">
        <ele>1739</ele>
      </trkpt>
      <trkpt lat="32.72835018119397" lon="-16.94276177760823">
        <ele>1737</ele>
      </trkpt>
      <trkpt lat="32.72835304215145" lon="-16.9427207705512">
        <ele>1736</ele>
      </trkpt>
      <trkpt lat="32.72843410261301" lon="-16.94269979019644">
        <ele>1732</ele>
      </trkpt>
      <trkpt lat="32.7284264733931" lon="-16.94262731260728">
        <ele>1731</ele>
      </trkpt>
      <trkpt lat="32.72850181193974" lon="-16.94250619874117">
        <ele>1725</ele>
      </trkpt>
      <trkpt lat="32.72857715048637" lon="-16.94238508487506">
        <ele>1720</ele>
      </trkpt>
      <trkpt lat="32.72865916460042" lon="-16.94227922944878">
        <ele>1716</ele>
      </trkpt>
      <trkpt lat="32.72874117871448" lon="-16.94217242037001">
        <ele>1712</ele>
      </trkpt>
      <trkpt lat="32.72880221247378" lon="-16.94208754529848">
        <ele>1710</ele>
      </trkpt>
      <trkpt lat="32.72886324623308" lon="-16.94200171657447">
        <ele>1709</ele>
      </trkpt>
      <trkpt lat="32.7291312225825" lon="-16.94160118252908">
        <ele>1707</ele>
      </trkpt>
      <trkpt lat="32.72910356666031" lon="-16.94152012206751">
        <ele>1706</ele>
      </trkpt>
      <trkpt lat="32.72910356666031" lon="-16.94152012206751">
        <ele>1706</ele>
      </trkpt>
      <trkpt lat="32.72961377074195" lon="-16.94094888422658">
        <ele>1693</ele>
      </trkpt>
      <trkpt lat="32.72983883272936" lon="-16.94062273507533">
        <ele>1690</ele>
      </trkpt>
      <trkpt lat="32.73025843982453" lon="-16.94026702269692">
        <ele>1685</ele>
      </trkpt>
      <trkpt lat="32.73039671943544" lon="-16.94012683578103">
        <ele>1683</ele>
      </trkpt>
      <trkpt lat="32.73038050734313" lon="-16.93999999999999">
        <ele>1685</ele>
      </trkpt>
      <trkpt lat="32.73038050734313" lon="-16.94000000000001">
        <ele>1685</ele>
      </trkpt>
      <trkpt lat="32.73031661262636" lon="-16.93942780850659">
        <ele>1690</ele>
      </trkpt>
      <trkpt lat="32.73028323478925" lon="-16.93930860194546">
        <ele>1692</ele>
      </trkpt>
      <trkpt lat="32.73007152393668" lon="-16.93885561701317">
        <ele>1705</ele>
      </trkpt>
      <trkpt lat="32.72996757581538" lon="-16.9385046728972">
        <ele>1713</ele>
      </trkpt>
      <trkpt lat="32.72995994659546" lon="-16.93842265878315">
        <ele>1714</ele>
      </trkpt>
      <trkpt lat="32.72998474156018" lon="-16.93819950410071">
        <ele>1718</ele>
      </trkpt>
      <trkpt lat="32.72998474156018" lon="-16.93819950410071">
        <ele>1718</ele>
      </trkpt>
      <trkpt lat="32.73000286095747" lon="-16.93799542246806">
        <ele>1721</ele>
      </trkpt>
      <trkpt lat="32.72996090024795" lon="-16.93782853328248">
        <ele>1725</ele>
      </trkpt>
      <trkpt lat="32.72988365439634" lon="-16.93770074384895">
        <ele>1728</ele>
      </trkpt>
      <trkpt lat="32.72973011634561" lon="-16.9374699599466">
        <ele>1735</ele>
      </trkpt>
      <trkpt lat="32.72970341407591" lon="-16.93732595842076">
        <ele>1736</ele>
      </trkpt>
      <trkpt lat="32.72967575815373" lon="-16.93698455082968">
        <ele>1739</ele>
      </trkpt>
      <trkpt lat="32.7296090024795" lon="-16.93678046919703">
        <ele>1742</ele>
      </trkpt>
      <trkpt lat="32.7295565515926" lon="-16.93667270646577">
        <ele>1744</ele>
      </trkpt>
      <trkpt lat="32.7294440205989" lon="-16.93648674423041">
        <ele>1748</ele>
      </trkpt>
      <trkpt lat="32.72936868205226" lon="-16.93646099561321">
        <ele>1749</ele>
      </trkpt>
      <trkpt lat="32.72930860194545" lon="-16.93641712759871">
        <ele>1751</ele>
      </trkpt>
      <trkpt lat="32.72930860194545" lon="-16.93641712759871">
        <ele>1751</ele>
      </trkpt>
      <trkpt lat="32.72942017928667" lon="-16.93628933816518">
        <ele>1750</ele>
      </trkpt>
      <trkpt lat="32.72942494754912" lon="-16.93621495327103">
        <ele>1750</ele>
      </trkpt>
      <trkpt lat="32.72940205988938" lon="-16.93602040816327">
        <ele>1752</ele>
      </trkpt>
      <trkpt lat="32.72940682815182" lon="-16.93593744039673">
        <ele>1753</ele>
      </trkpt>
      <trkpt lat="32.72943257676903" lon="-16.93586496280756">
        <ele>1753</ele>
      </trkpt>
      <trkpt lat="32.72950982262064" lon="-16.9358001144383">
        <ele>1752</ele>
      </trkpt>
      <trkpt lat="32.7296614533664" lon="-16.93576769025368">
        <ele>1750</ele>
      </trkpt>
      <trkpt lat="32.72971390425329" lon="-16.93569235170704">
        <ele>1749</ele>
      </trkpt>
      <trkpt lat="32.72976254053023" lon="-16.93546633606714">
        <ele>1747</ele>
      </trkpt>
      <trkpt lat="32.73018024032043" lon="-16.93489700553119">
        <ele>1737</ele>
      </trkpt>
      <trkpt lat="32.73025176425711" lon="-16.93481880602709">
        <ele>1735</ele>
      </trkpt>
      <trkpt lat="32.73041483883274" lon="-16.93469101659356">
        <ele>1732</ele>
      </trkpt>
      <trkpt lat="32.73066469578486" lon="-16.93462712187679">
        <ele>1731</ele>
      </trkpt>
      <trkpt lat="32.73095460614152" lon="-16.93442208659165">
        <ele>1732</ele>
      </trkpt>
      <trkpt lat="32.73113580011444" lon="-16.93436391378982">
        <ele>1733</ele>
      </trkpt>
      <trkpt lat="32.73120732405112" lon="-16.93432099942781">
        <ele>1734</ele>
      </trkpt>
      <trkpt lat="32.73166316994088" lon="-16.9339662407019">
        <ele>1733</ele>
      </trkpt>
      <trkpt lat="32.7320350944116" lon="-16.9334703414076">
        <ele>1713</ele>
      </trkpt>
      <trkpt lat="32.73219053976732" lon="-16.93323478924281">
        <ele>1709</ele>
      </trkpt>
      <trkpt lat="32.73236315086783" lon="-16.93306980736221">
        <ele>1705</ele>
      </trkpt>
      <trkpt lat="32.73251096700363" lon="-16.93283139423995">
        <ele>1701</ele>
      </trkpt>
      <trkpt lat="32.73275414838833" lon="-16.93262445164983">
        <ele>1698</ele>
      </trkpt>
      <trkpt lat="32.7327913408354" lon="-16.93247663551402">
        <ele>1698</ele>
      </trkpt>
      <trkpt lat="32.73280755292772" lon="-16.93232500476827">
        <ele>1698</ele>
      </trkpt>
      <trkpt lat="32.73280755292772" lon="-16.93232500476827">
        <ele>1698</ele>
      </trkpt>
      <trkpt lat="32.73242323097464" lon="-16.93202269692924">
        <ele>1690</ele>
      </trkpt>
      <trkpt lat="32.73234312416556" lon="-16.93194926568759">
        <ele>1687</ele>
      </trkpt>
      <trkpt lat="32.73219244707229" lon="-16.93185485409118">
        <ele>1682</ele>
      </trkpt>
      <trkpt lat="32.73184245660882" lon="-16.93166412359337">
        <ele>1669</ele>
      </trkpt>
      <trkpt lat="32.73153347320237" lon="-16.93142857142858">
        <ele>1664</ele>
      </trkpt>
      <trkpt lat="32.73122353614343" lon="-16.93125596032806">
        <ele>1661</ele>
      </trkpt>
      <trkpt lat="32.73076864390617" lon="-16.93093362578677">
        <ele>1651</ele>
      </trkpt>
      <trkpt lat="32.73058554262827" lon="-16.93071714667176">
        <ele>1649</ele>
      </trkpt>
      <trkpt lat="32.7304615678047" lon="-16.93066088117491">
        <ele>1647</ele>
      </trkpt>
      <trkpt lat="32.73018405493039" lon="-16.93064753004006">
        <ele>1642</ele>
      </trkpt>
      <trkpt lat="32.73012397482358" lon="-16.93066564943735">
        <ele>1641</ele>
      </trkpt>
      <trkpt lat="32.72996185390044" lon="-16.93079534617586">
        <ele>1634</ele>
      </trkpt>
      <trkpt lat="32.72987793248141" lon="-16.93082490940302">
        <ele>1631</ele>
      </trkpt>
      <trkpt lat="32.72966431432386" lon="-16.9308525653252">
        <ele>1626</ele>
      </trkpt>
      <trkpt lat="32.72958420751478" lon="-16.93084875071525">
        <ele>1624</ele>
      </trkpt>
      <trkpt lat="32.72928380698074" lon="-16.93078199504101">
        <ele>1617</ele>
      </trkpt>
      <trkpt lat="32.72902727446119" lon="-16.93068662979211">
        <ele>1614</ele>
      </trkpt>
      <trkpt lat="32.72869731069999" lon="-16.93049303833684">
        <ele>1610</ele>
      </trkpt>
      <trkpt lat="32.72857905779134" lon="-16.93037860003815">
        <ele>1608</ele>
      </trkpt>
      <trkpt lat="32.72842265878315" lon="-16.93017261110052">
        <ele>1603</ele>
      </trkpt>
      <trkpt lat="32.7282433721152" lon="-16.92985695212665">
        <ele>1601</ele>
      </trkpt>
      <trkpt lat="32.7282433721152" lon="-16.92985695212665">
        <ele>1601</ele>
      </trkpt>
      <trkpt lat="32.72820808697311" lon="-16.92971676521076">
        <ele>1603</ele>
      </trkpt>
      <trkpt lat="32.72818424566088" lon="-16.92950219340073">
        <ele>1608</ele>
      </trkpt>
      <trkpt lat="32.72818615296586" lon="-16.92928952889568">
        <ele>1613</ele>
      </trkpt>
      <trkpt lat="32.72821285523555" lon="-16.92912931527752">
        <ele>1618</ele>
      </trkpt>
      <trkpt lat="32.72819378218578" lon="-16.92908926187298">
        <ele>1619</ele>
      </trkpt>
      <trkpt lat="32.72809555597941" lon="-16.92908067900058">
        <ele>1618</ele>
      </trkpt>
      <trkpt lat="32.72790101087164" lon="-16.92903967194355">
        <ele>1616</ele>
      </trkpt>
      <trkpt lat="32.72777131413314" lon="-16.92895098226207">
        <ele>1617</ele>
      </trkpt>
      <trkpt lat="32.72747758916651" lon="-16.9288003051688">
        <ele>1617</ele>
      </trkpt>
      <trkpt lat="32.72718958611483" lon="-16.92874976158689">
        <ele>1611</ele>
      </trkpt>
      <trkpt lat="32.72705035285143" lon="-16.92868872782759">
        <ele>1610</ele>
      </trkpt>
      <trkpt lat="32.72697501430479" lon="-16.9286181575434">
        <ele>1611</ele>
      </trkpt>
      <trkpt lat="32.72685390043868" lon="-16.92843791722297">
        <ele>1616</ele>
      </trkpt>
      <trkpt lat="32.72673374022506" lon="-16.9283139423994">
        <ele>1618</ele>
      </trkpt>
      <trkpt lat="32.72641045203128" lon="-16.92809746328438">
        <ele>1609</ele>
      </trkpt>
      <trkpt lat="32.72633702078963" lon="-16.92799065420562">
        <ele>1608</ele>
      </trkpt>
      <trkpt lat="32.72624833110815" lon="-16.92783616250239">
        <ele>1607</ele>
      </trkpt>
      <trkpt lat="32.72607953461759" lon="-16.927478542819">
        <ele>1605</ele>
      </trkpt>
      <trkpt lat="32.7260356666031" lon="-16.92730688537098">
        <ele>1606</ele>
      </trkpt>
      <trkpt lat="32.72598989128362" lon="-16.92686534426856">
        <ele>1614</ele>
      </trkpt>
      <trkpt lat="32.72596795727637" lon="-16.9267747472821">
        <ele>1616</ele>
      </trkpt>
      <trkpt lat="32.7259307648293" lon="-16.9267222963952">
        <ele>1615</ele>
      </trkpt>
      <trkpt lat="32.7257219149342" lon="-16.92657543391189">
        <ele>1608</ele>
      </trkpt>
      <trkpt lat="32.7256351325577" lon="-16.92648388327294">
        <ele>1606</ele>
      </trkpt>
      <trkpt lat="32.72559507915316" lon="-16.9264266641236">
        <ele>1606</ele>
      </trkpt>
      <trkpt lat="32.72555979401107" lon="-16.92633511348465">
        <ele>1606</ele>
      </trkpt>
      <trkpt lat="32.72551974060653" lon="-16.92590596986459">
        <ele>1613</ele>
      </trkpt>
      <trkpt lat="32.72556742323098" lon="-16.92556742323098">
        <ele>1620</ele>
      </trkpt>
      <trkpt lat="32.72557028418844" lon="-16.92546538241465">
        <ele>1622</ele>
      </trkpt>
      <trkpt lat="32.72540816326531" lon="-16.92525081060462">
        <ele>1619</ele>
      </trkpt>
      <trkpt lat="32.72540148769789" lon="-16.92498760251765">
        <ele>1623</ele>
      </trkpt>
      <trkpt lat="32.72540148769789" lon="-16.92498760251765">
        <ele>1623</ele>
      </trkpt>
      <trkpt lat="32.72542151440015" lon="-16.924826435247">
        <ele>1623</ele>
      </trkpt>
      <trkpt lat="32.72543295823002" lon="-16.92453175662789">
        <ele>1623</ele>
      </trkpt>
      <trkpt lat="32.72543295823002" lon="-16.92453175662789">
        <ele>1623</ele>
      </trkpt>
      <trkpt lat="32.72540434865535" lon="-16.92451649818807">
        <ele>1622</ele>
      </trkpt>
      <trkpt lat="32.72531375166889" lon="-16.92448502765593">
        <ele>1619</ele>
      </trkpt>
      <trkpt lat="32.72522410833493" lon="-16.9244526034713">
        <ele>1615</ele>
      </trkpt>
      <trkpt lat="32.72510680907877" lon="-16.92438870875454">
        <ele>1610</ele>
      </trkpt>
      <trkpt lat="32.72498950982263" lon="-16.92432386038528">
        <ele>1606</ele>
      </trkpt>
      <trkpt lat="32.72468434102613" lon="-16.92402345985124">
        <ele>1596</ele>
      </trkpt>
      <trkpt lat="32.72461090978448" lon="-16.92392714094985">
        <ele>1593</ele>
      </trkpt>
      <trkpt lat="32.72453843219531" lon="-16.92382986839596">
        <ele>1591</ele>
      </trkpt>
      <trkpt lat="32.72446500095366" lon="-16.92375357619684">
        <ele>1589</ele>
      </trkpt>
      <trkpt lat="32.72439252336449" lon="-16.92367633034523">
        <ele>1587</ele>
      </trkpt>
      <trkpt lat="32.72432004577532" lon="-16.92364199885562">
        <ele>1585</ele>
      </trkpt>
      <trkpt lat="32.72424756818616" lon="-16.92360766736602">
        <ele>1583</ele>
      </trkpt>
      <trkpt lat="32.72414743467481" lon="-16.9236267404158">
        <ele>1580</ele>
      </trkpt>
      <trkpt lat="32.72403204272364" lon="-16.92370207896243">
        <ele>1577</ele>
      </trkpt>
      <trkpt lat="32.72393000190731" lon="-16.92362387945833">
        <ele>1575</ele>
      </trkpt>
      <trkpt lat="32.72382033187107" lon="-16.92355521647912">
        <ele>1573</ele>
      </trkpt>
      <trkpt lat="32.72382033187107" lon="-16.92355521647912">
        <ele>1573</ele>
      </trkpt>
      <trkpt lat="32.72376025176426" lon="-16.92347510967004">
        <ele>1571</ele>
      </trkpt>
      <trkpt lat="32.72371829105474" lon="-16.92340263208088">
        <ele>1571</ele>
      </trkpt>
      <trkpt lat="32.72367633034523" lon="-16.92333015449171">
        <ele>1570</ele>
      </trkpt>
      <trkpt lat="32.72362483311082" lon="-16.92321094793058">
        <ele>1569</ele>
      </trkpt>
      <trkpt lat="32.7235742895289" lon="-16.92314991417128">
        <ele>1569</ele>
      </trkpt>
      <trkpt lat="32.7235742895289" lon="-16.92314991417128">
        <ele>1569</ele>
      </trkpt>
      <trkpt lat="32.72355998474156" lon="-16.92310318519932">
        <ele>1569</ele>
      </trkpt>
      <trkpt lat="32.72355998474156" lon="-16.92310318519932">
        <ele>1569</ele>
      </trkpt>
      <trkpt lat="32.7235742895289" lon="-16.92314991417128">
        <ele>1569</ele>
      </trkpt>
      <trkpt lat="32.7235742895289" lon="-16.92314991417128">
        <ele>1569</ele>
      </trkpt>
      <trkpt lat="32.72359336257868" lon="-16.92306599275225">
        <ele>1569</ele>
      </trkpt>
      <trkpt lat="32.72359336257868" lon="-16.92306599275225">
        <ele>1569</ele>
      </trkpt>
      <trkpt lat="32.72377360289911" lon="-16.92226397100897">
        <ele>1574</ele>
      </trkpt>
      <trkpt lat="32.72387469006294" lon="-16.92192637802785">
        <ele>1574</ele>
      </trkpt>
      <trkpt lat="32.72393286286478" lon="-16.92179763494184">
        <ele>1574</ele>
      </trkpt>
      <trkpt lat="32.72400534045394" lon="-16.92167079916079">
        <ele>1573</ele>
      </trkpt>
      <trkpt lat="32.72400534045394" lon="-16.92167079916079">
        <ele>1573</ele>
      </trkpt>
      <trkpt lat="32.72397577722678" lon="-16.92164123593363">
        <ele>1573</ele>
      </trkpt>
      <trkpt lat="32.72396147243945" lon="-16.92152107572002">
        <ele>1573</ele>
      </trkpt>
      <trkpt lat="32.72396147243945" lon="-16.92152107572002">
        <ele>1573</ele>
      </trkpt>
      <trkpt lat="32.72399294297158" lon="-16.92144764447836">
        <ele>1573</ele>
      </trkpt>
      <trkpt lat="32.72397673087927" lon="-16.92135990844937">
        <ele>1573</ele>
      </trkpt>
      <trkpt lat="32.72394335304215" lon="-16.92127407972535">
        <ele>1573</ele>
      </trkpt>
      <trkpt lat="32.72390997520504" lon="-16.92118729734885">
        <ele>1573</ele>
      </trkpt>
      <trkpt lat="32.72391760442495" lon="-16.92111958802213">
        <ele>1573</ele>
      </trkpt>
      <trkpt lat="32.72392523364486" lon="-16.92105092504292">
        <ele>1573</ele>
      </trkpt>
      <trkpt lat="32.72393381651727" lon="-16.92096795727637">
        <ele>1573</ele>
      </trkpt>
      <trkpt lat="32.72395765782949" lon="-16.92089929429716">
        <ele>1573</ele>
      </trkpt>
      <trkpt lat="32.7239824527942" lon="-16.92083063131795">
        <ele>1573</ele>
      </trkpt>
      <trkpt lat="32.72406828151822" lon="-16.92071237840931">
        <ele>1571</ele>
      </trkpt>
      <trkpt lat="32.72414075910739" lon="-16.92065611291246">
        <ele>1570</ele>
      </trkpt>
      <trkpt lat="32.72415220293725" lon="-16.92060747663552">
        <ele>1569</ele>
      </trkpt>
      <trkpt lat="32.72414075910739" lon="-16.92050448216671">
        <ele>1567</ele>
      </trkpt>
      <trkpt lat="32.72416364676712" lon="-16.92043200457754">
        <ele>1566</ele>
      </trkpt>
      <trkpt lat="32.72418653442686" lon="-16.92035857333588">
        <ele>1565</ele>
      </trkpt>
      <trkpt lat="32.72423135609385" lon="-16.92028228113676">
        <ele>1564</ele>
      </trkpt>
      <trkpt lat="32.72434388708755" lon="-16.92016498188061">
        <ele>1564</ele>
      </trkpt>
      <trkpt lat="32.72445832538623" lon="-16.92007247758917">
        <ele>1564</ele>
      </trkpt>
      <trkpt lat="32.724565134465" lon="-16.92000000000001">
        <ele>1563</ele>
      </trkpt>
      <trkpt lat="32.724565134465" lon="-16.92">
        <ele>1563</ele>
      </trkpt>
      <trkpt lat="32.72461567804692" lon="-16.9199647148579">
        <ele>1564</ele>
      </trkpt>
      <trkpt lat="32.72475395765783" lon="-16.91991607858096">
        <ele>1566</ele>
      </trkpt>
      <trkpt lat="32.72483311081442" lon="-16.91989795918367">
        <ele>1567</ele>
      </trkpt>
      <trkpt lat="32.72488460804883" lon="-16.91985313751669">
        <ele>1567</ele>
      </trkpt>
      <trkpt lat="32.72512492847607" lon="-16.91943639137898">
        <ele>1565</ele>
      </trkpt>
      <trkpt lat="32.72512492847607" lon="-16.91943639137898">
        <ele>1565</ele>
      </trkpt>
      <trkpt lat="32.72499809269502" lon="-16.91921895861148">
        <ele>1561</ele>
      </trkpt>
      <trkpt lat="32.72499809269502" lon="-16.91921895861148">
        <ele>1561</ele>
      </trkpt>
      <trkpt lat="32.72509917985887" lon="-16.91908544726301">
        <ele>1560</ele>
      </trkpt>
      <trkpt lat="32.72509917985887" lon="-16.91908544726301">
        <ele>1560</ele>
      </trkpt>
      <trkpt lat="32.725" lon="-16.91908926187297">
        <ele>1560</ele>
      </trkpt>
      <trkpt lat="32.72490368109861" lon="-16.91908353995803">
        <ele>1562</ele>
      </trkpt>
      <trkpt lat="32.72480831584971" lon="-16.91907686439061">
        <ele>1564</ele>
      </trkpt>
      <trkpt lat="32.7247224871257" lon="-16.91904253290101">
        <ele>1566</ele>
      </trkpt>
      <trkpt lat="32.72463665840169" lon="-16.91900724775891">
        <ele>1568</ele>
      </trkpt>
      <trkpt lat="32.72456608811749" lon="-16.91896910165935">
        <ele>1570</ele>
      </trkpt>
      <trkpt lat="32.7244955178333" lon="-16.9189300019073">
        <ele>1572</ele>
      </trkpt>
      <trkpt lat="32.72440205988938" lon="-16.91881556360862">
        <ele>1576</ele>
      </trkpt>
      <trkpt lat="32.72435914552737" lon="-16.9188346366584">
        <ele>1577</ele>
      </trkpt>
      <trkpt lat="32.72428952889567" lon="-16.91885084875071">
        <ele>1579</ele>
      </trkpt>
      <trkpt lat="32.72421991226398" lon="-16.91886706084303">
        <ele>1581</ele>
      </trkpt>
      <trkpt lat="32.72415124928477" lon="-16.9188518024032">
        <ele>1583</ele>
      </trkpt>
      <trkpt lat="32.72408353995804" lon="-16.91883559031089">
        <ele>1583</ele>
      </trkpt>
      <trkpt lat="32.72408353995804" lon="-16.91883559031089">
        <ele>1583</ele>
      </trkpt>
      <trkpt lat="32.72389662407019" lon="-16.91865534999046">
        <ele>1585</ele>
      </trkpt>
      <trkpt lat="32.72384035857334" lon="-16.91854663360671">
        <ele>1587</ele>
      </trkpt>
      <trkpt lat="32.7236877741751" lon="-16.91812511920656">
        <ele>1590</ele>
      </trkpt>
      <trkpt lat="32.72361911119589" lon="-16.91798683959565">
        <ele>1590</ele>
      </trkpt>
      <trkpt lat="32.72269120732405" lon="-16.91675281327484">
        <ele>1594</ele>
      </trkpt>
      <trkpt lat="32.72251859622354" lon="-16.91653919511729">
        <ele>1595</ele>
      </trkpt>
      <trkpt lat="32.72251859622354" lon="-16.91653919511729">
        <ele>1595</ele>
      </trkpt>
      <trkpt lat="32.72215239366775" lon="-16.91668415029563">
        <ele>1593</ele>
      </trkpt>
      <trkpt lat="32.72168796490559" lon="-16.91665077245851">
        <ele>1592</ele>
      </trkpt>
      <trkpt lat="32.72149341979783" lon="-16.91667270646576">
        <ele>1591</ele>
      </trkpt>
      <trkpt lat="32.72126072859051" lon="-16.91672801831012">
        <ele>1590</ele>
      </trkpt>
      <trkpt lat="32.72100610337593" lon="-16.91687678809841">
        <ele>1588</ele>
      </trkpt>
      <trkpt lat="32.72078771695595" lon="-16.91694831203509">
        <ele>1586</ele>
      </trkpt>
      <trkpt lat="32.72057505245089" lon="-16.9169387755102">
        <ele>1583</ele>
      </trkpt>
      <trkpt lat="32.72041007057029" lon="-16.91692256341789">
        <ele>1580</ele>
      </trkpt>
      <trkpt lat="32.72006675567424" lon="-16.91669368682052">
        <ele>1579</ele>
      </trkpt>
      <trkpt lat="32.72006675567424" lon="-16.91669368682052">
        <ele>1579</ele>
      </trkpt>
      <trkpt lat="32.72000000000001" lon="-16.91666507724585">
        <ele>1578</ele>
      </trkpt>
      <trkpt lat="32.72000000000001" lon="-16.91666507724585">
        <ele>1578</ele>
      </trkpt>
      <trkpt lat="32.71997997329774" lon="-16.91665744802594">
        <ele>1578</ele>
      </trkpt>
      <trkpt lat="32.71993610528325" lon="-16.91661834827389">
        <ele>1576</ele>
      </trkpt>
      <trkpt lat="32.7198788861339" lon="-16.91651440015258">
        <ele>1574</ele>
      </trkpt>
      <trkpt lat="32.71986458134656" lon="-16.91638756437154">
        <ele>1573</ele>
      </trkpt>
      <trkpt lat="32.71989414457372" lon="-16.91615773412168">
        <ele>1573</ele>
      </trkpt>
      <trkpt lat="32.71989414457372" lon="-16.91602994468815">
        <ele>1572</ele>
      </trkpt>
      <trkpt lat="32.71986553499905" lon="-16.91590024794964">
        <ele>1571</ele>
      </trkpt>
      <trkpt lat="32.71981022315469" lon="-16.91577913408354">
        <ele>1569</ele>
      </trkpt>
      <trkpt lat="32.71978542818997" lon="-16.91565706656494">
        <ele>1568</ele>
      </trkpt>
      <trkpt lat="32.71975300400535" lon="-16.91534140759107">
        <ele>1565</ele>
      </trkpt>
      <trkpt lat="32.71975205035286" lon="-16.91517165744802">
        <ele>1563</ele>
      </trkpt>
      <trkpt lat="32.71969959946596" lon="-16.91491512492847">
        <ele>1560</ele>
      </trkpt>
      <trkpt lat="32.71969959946596" lon="-16.91491512492847">
        <ele>1560</ele>
      </trkpt>
      <trkpt lat="32.71963665840168" lon="-16.9148779324814">
        <ele>1558</ele>
      </trkpt>
      <trkpt lat="32.71956227350754" lon="-16.9147911501049">
        <ele>1556</ele>
      </trkpt>
      <trkpt lat="32.71944115964143" lon="-16.91446690825863">
        <ele>1549</ele>
      </trkpt>
      <trkpt lat="32.71940110623689" lon="-16.9144001525844">
        <ele>1548</ele>
      </trkpt>
      <trkpt lat="32.71936105283235" lon="-16.91433339691016">
        <ele>1546</ele>
      </trkpt>
      <trkpt lat="32.7192962044631" lon="-16.91424756818615">
        <ele>1544</ele>
      </trkpt>
      <trkpt lat="32.71923230974634" lon="-16.91416173946214">
        <ele>1542</ele>
      </trkpt>
      <trkpt lat="32.71918748807935" lon="-16.91408067900057">
        <ele>1541</ele>
      </trkpt>
      <trkpt lat="32.71914266641237" lon="-16.91399866488651">
        <ele>1539</ele>
      </trkpt>
      <trkpt lat="32.719087354568" lon="-16.91393190921228">
        <ele>1537</ele>
      </trkpt>
      <trkpt lat="32.71900724775892" lon="-16.91386515353805">
        <ele>1534</ele>
      </trkpt>
      <trkpt lat="32.71892714094984" lon="-16.91379839786381">
        <ele>1532</ele>
      </trkpt>
      <trkpt lat="32.71883082204845" lon="-16.91368300591264">
        <ele>1530</ele>
      </trkpt>
      <trkpt lat="32.71873545679955" lon="-16.91356761396147">
        <ele>1528</ele>
      </trkpt>
      <trkpt lat="32.71864867442305" lon="-16.91349799732977">
        <ele>1527</ele>
      </trkpt>
      <trkpt lat="32.71854281899677" lon="-16.91345985123021">
        <ele>1526</ele>
      </trkpt>
      <trkpt lat="32.71844936105284" lon="-16.91344840740034">
        <ele>1524</ele>
      </trkpt>
      <trkpt lat="32.71835590310891" lon="-16.91343600991798">
        <ele>1523</ele>
      </trkpt>
      <trkpt lat="32.71827198168988" lon="-16.91339309555597">
        <ele>1523</ele>
      </trkpt>
      <trkpt lat="32.71818806027085" lon="-16.91334922754148">
        <ele>1522</ele>
      </trkpt>
      <trkpt lat="32.71808506580203" lon="-16.91330917413694">
        <ele>1521</ele>
      </trkpt>
      <trkpt lat="32.71798302498571" lon="-16.91326816707991">
        <ele>1520</ele>
      </trkpt>
      <trkpt lat="32.71792008392143" lon="-16.91318043105092">
        <ele>1518</ele>
      </trkpt>
      <trkpt lat="32.71796776654588" lon="-16.9124775891665">
        <ele>1514</ele>
      </trkpt>
      <trkpt lat="32.71784283806981" lon="-16.91215811558268">
        <ele>1513</ele>
      </trkpt>
      <trkpt lat="32.71779706275034" lon="-16.91190539767308">
        <ele>1513</ele>
      </trkpt>
      <trkpt lat="32.71776368491322" lon="-16.91180144955178">
        <ele>1513</ele>
      </trkpt>
      <trkpt lat="32.71772267785619" lon="-16.91172038909021">
        <ele>1512</ele>
      </trkpt>
      <trkpt lat="32.71768167079917" lon="-16.91163932862865">
        <ele>1512</ele>
      </trkpt>
      <trkpt lat="32.71750429143621" lon="-16.91139328628647">
        <ele>1512</ele>
      </trkpt>
      <trkpt lat="32.71746423803167" lon="-16.91136181575434">
        <ele>1512</ele>
      </trkpt>
      <trkpt lat="32.71746423803167" lon="-16.91136181575434">
        <ele>1512</ele>
      </trkpt>
      <trkpt lat="32.71746423803167" lon="-16.91126263589548">
        <ele>1511</ele>
      </trkpt>
      <trkpt lat="32.71744230402442" lon="-16.91119492656875">
        <ele>1511</ele>
      </trkpt>
      <trkpt lat="32.71742037001717" lon="-16.91112626358954">
        <ele>1511</ele>
      </trkpt>
      <trkpt lat="32.71741464810224" lon="-16.91101182529086">
        <ele>1510</ele>
      </trkpt>
      <trkpt lat="32.71734693877552" lon="-16.91076387564371">
        <ele>1509</ele>
      </trkpt>
      <trkpt lat="32.71735647530041" lon="-16.91066374213236">
        <ele>1508</ele>
      </trkpt>
      <trkpt lat="32.7173660118253" lon="-16.91056265496853">
        <ele>1506</ele>
      </trkpt>
      <trkpt lat="32.71736887278276" lon="-16.91049399198932">
        <ele>1506</ele>
      </trkpt>
      <trkpt lat="32.71737173374024" lon="-16.91042532901011">
        <ele>1505</ele>
      </trkpt>
      <trkpt lat="32.71734598512303" lon="-16.91033950028609">
        <ele>1504</ele>
      </trkpt>
      <trkpt lat="32.71732119015832" lon="-16.91025367156208">
        <ele>1503</ele>
      </trkpt>
      <trkpt lat="32.71731642189587" lon="-16.91018119397291">
        <ele>1502</ele>
      </trkpt>
      <trkpt lat="32.71731165363342" lon="-16.91010871638375">
        <ele>1501</ele>
      </trkpt>
      <trkpt lat="32.71724871256914" lon="-16.90999713904253">
        <ele>1500</ele>
      </trkpt>
      <trkpt lat="32.71718672515736" lon="-16.90988460804882">
        <ele>1499</ele>
      </trkpt>
      <trkpt lat="32.71716955941256" lon="-16.90979877932481">
        <ele>1498</ele>
      </trkpt>
      <trkpt lat="32.71719244707229" lon="-16.90973393095556">
        <ele>1497</ele>
      </trkpt>
      <trkpt lat="32.71726969292391" lon="-16.90963093648674">
        <ele>1496</ele>
      </trkpt>
      <trkpt lat="32.71731832920085" lon="-16.90955750524509">
        <ele>1495</ele>
      </trkpt>
      <trkpt lat="32.71736696547779" lon="-16.90948407400343">
        <ele>1494</ele>
      </trkpt>
      <trkpt lat="32.71748140377647" lon="-16.90937249666221">
        <ele>1493</ele>
      </trkpt>
      <trkpt lat="32.71754148388328" lon="-16.90930478733549">
        <ele>1492</ele>
      </trkpt>
      <trkpt lat="32.71760251764258" lon="-16.90923612435628">
        <ele>1491</ele>
      </trkpt>
      <trkpt lat="32.71760633225254" lon="-16.9091646004196">
        <ele>1491</ele>
      </trkpt>
      <trkpt lat="32.71761014686249" lon="-16.90909307648293">
        <ele>1490</ele>
      </trkpt>
      <trkpt lat="32.71768357810414" lon="-16.90904444020599">
        <ele>1489</ele>
      </trkpt>
      <trkpt lat="32.7177570093458" lon="-16.90899485027656">
        <ele>1489</ele>
      </trkpt>
      <trkpt lat="32.7178008773603" lon="-16.90890902155254">
        <ele>1488</ele>
      </trkpt>
      <trkpt lat="32.71784569902728" lon="-16.90882319282853">
        <ele>1487</ele>
      </trkpt>
      <trkpt lat="32.71804501239749" lon="-16.90853614342933">
        <ele>1487</ele>
      </trkpt>
      <trkpt lat="32.71808792675949" lon="-16.90844745374785">
        <ele>1486</ele>
      </trkpt>
      <trkpt lat="32.71810032424185" lon="-16.90837020789624">
        <ele>1486</ele>
      </trkpt>
      <trkpt lat="32.71811272172421" lon="-16.90829200839214">
        <ele>1486</ele>
      </trkpt>
      <trkpt lat="32.718131794774" lon="-16.90763208086973">
        <ele>1489</ele>
      </trkpt>
      <trkpt lat="32.71816994087355" lon="-16.90751764257104">
        <ele>1491</ele>
      </trkpt>
      <trkpt lat="32.71811939729164" lon="-16.90716002288766">
        <ele>1491</ele>
      </trkpt>
      <trkpt lat="32.71812130459661" lon="-16.90688918558077">
        <ele>1492</ele>
      </trkpt>
      <trkpt lat="32.7181308411215" lon="-16.9067909593744">
        <ele>1493</ele>
      </trkpt>
      <trkpt lat="32.71815468243373" lon="-16.90668224299065">
        <ele>1493</ele>
      </trkpt>
      <trkpt lat="32.7181661262636" lon="-16.90659259965668">
        <ele>1493</ele>
      </trkpt>
      <trkpt lat="32.7181565897387" lon="-16.90652298302498">
        <ele>1493</ele>
      </trkpt>
      <trkpt lat="32.71814705321382" lon="-16.90645336639328">
        <ele>1492</ele>
      </trkpt>
      <trkpt lat="32.71814323860386" lon="-16.90637707419416">
        <ele>1492</ele>
      </trkpt>
      <trkpt lat="32.71815468243373" lon="-16.9063217623498">
        <ele>1492</ele>
      </trkpt>
      <trkpt lat="32.71819568949076" lon="-16.90626263589548">
        <ele>1492</ele>
      </trkpt>
      <trkpt lat="32.71824241846272" lon="-16.90624070188823">
        <ele>1493</ele>
      </trkpt>
      <trkpt lat="32.71830726683197" lon="-16.90622067518596">
        <ele>1493</ele>
      </trkpt>
      <trkpt lat="32.71837783711617" lon="-16.90620732405111">
        <ele>1494</ele>
      </trkpt>
      <trkpt lat="32.71844936105284" lon="-16.90619397291627">
        <ele>1495</ele>
      </trkpt>
      <trkpt lat="32.71851230211712" lon="-16.90617108525653">
        <ele>1496</ele>
      </trkpt>
      <trkpt lat="32.71852946786192" lon="-16.90614533663933">
        <ele>1496</ele>
      </trkpt>
      <trkpt lat="32.71855500973025" lon="-16.90607418429185">
        <ele>1497</ele>
      </trkpt>
      <trkpt lat="32.71855500970842" lon="-16.90607418418271">
        <ele>1497</ele>
      </trkpt>
      <trkpt lat="32.71874403967195" lon="-16.9061653633416">
        <ele>1500</ele>
      </trkpt>
      <trkpt lat="32.71874403967195" lon="-16.9061653633416">
        <ele>1500</ele>
      </trkpt>
      <trkpt lat="32.71859431623118" lon="-16.90587926759488">
        <ele>1498</ele>
      </trkpt>
      <trkpt lat="32.71849990463476" lon="-16.90563990082014">
        <ele>1494</ele>
      </trkpt>
      <trkpt lat="32.71830059126455" lon="-16.90518405493038">
        <ele>1486</ele>
      </trkpt>
      <trkpt lat="32.71825481594508" lon="-16.90463189013923">
        <ele>1480</ele>
      </trkpt>
      <trkpt lat="32.71814133129888" lon="-16.90426854854091">
        <ele>1476</ele>
      </trkpt>
      <trkpt lat="32.71806790005723" lon="-16.90397577722678">
        <ele>1471</ele>
      </trkpt>
      <trkpt lat="32.71802307839025" lon="-16.90360385275605">
        <ele>1462</ele>
      </trkpt>
      <trkpt lat="32.718044058745" lon="-16.90320331871066">
        <ele>1453</ele>
      </trkpt>
      <trkpt lat="32.71802117108526" lon="-16.90299256151058">
        <ele>1449</ele>
      </trkpt>
      <trkpt lat="32.71800400534046" lon="-16.90268262445165">
        <ele>1442</ele>
      </trkpt>
      <trkpt lat="32.71792485218387" lon="-16.90238413122258">
        <ele>1436</ele>
      </trkpt>
      <trkpt lat="32.71796299828343" lon="-16.90227160022887">
        <ele>1433</ele>
      </trkpt>
      <trkpt lat="32.71796299828343" lon="-16.90227160022887">
        <ele>1433</ele>
      </trkpt>
      <trkpt lat="32.71787144764448" lon="-16.90213808888041">
        <ele>1430</ele>
      </trkpt>
      <trkpt lat="32.7177570093458" lon="-16.90201888231928">
        <ele>1428</ele>
      </trkpt>
      <trkpt lat="32.71760728590503" lon="-16.90176616440969">
        <ele>1422</ele>
      </trkpt>
      <trkpt lat="32.71752527179097" lon="-16.90166221628838">
        <ele>1421</ele>
      </trkpt>
      <trkpt lat="32.71751859622354" lon="-16.90167556742323">
        <ele>1421</ele>
      </trkpt>
      <trkpt lat="32.71735361434294" lon="-16.90155063894716">
        <ele>1422</ele>
      </trkpt>
      <trkpt lat="32.7171399961854" lon="-16.90135514018691">
        <ele>1423</ele>
      </trkpt>
      <trkpt lat="32.71690158306314" lon="-16.90121876788098">
        <ele>1427</ele>
      </trkpt>
      <trkpt lat="32.71682338355904" lon="-16.90112817089452">
        <ele>1427</ele>
      </trkpt>
      <trkpt lat="32.71661739462141" lon="-16.90074384894144">
        <ele>1425</ele>
      </trkpt>
      <trkpt lat="32.71649914171277" lon="-16.90057314514591">
        <ele>1424</ele>
      </trkpt>
      <trkpt lat="32.71641617394622" lon="-16.90028037383177">
        <ele>1420</ele>
      </trkpt>
      <trkpt lat="32.71623211901584" lon="-16.9">
        <ele>1417</ele>
      </trkpt>
      <trkpt lat="32.71623211901584" lon="-16.89999999999999">
        <ele>1417</ele>
      </trkpt>
      <trkpt lat="32.71618920465383" lon="-16.89993419797824">
        <ele>1416</ele>
      </trkpt>
      <trkpt lat="32.71614629029182" lon="-16.8998683959565">
        <ele>1415</ele>
      </trkpt>
      <trkpt lat="32.71603471295061" lon="-16.89975205035284">
        <ele>1414</ele>
      </trkpt>
      <trkpt lat="32.71596128170896" lon="-16.89969864581345">
        <ele>1414</ele>
      </trkpt>
      <trkpt lat="32.71585542628267" lon="-16.89965477779896">
        <ele>1414</ele>
      </trkpt>
      <trkpt lat="32.71575052450888" lon="-16.89961090978446">
        <ele>1415</ele>
      </trkpt>
      <trkpt lat="32.71565134465002" lon="-16.89954320045774">
        <ele>1416</ele>
      </trkpt>
      <trkpt lat="32.71542532901012" lon="-16.89928285332823">
        <ele>1413</ele>
      </trkpt>
      <trkpt lat="32.7153576196834" lon="-16.89922849513636">
        <ele>1414</ele>
      </trkpt>
      <trkpt lat="32.71529086400916" lon="-16.89917413694448">
        <ele>1414</ele>
      </trkpt>
      <trkpt lat="32.71522792294488" lon="-16.89914934197977">
        <ele>1414</ele>
      </trkpt>
      <trkpt lat="32.71512397482358" lon="-16.8991378981499">
        <ele>1416</ele>
      </trkpt>
      <trkpt lat="32.71502098035477" lon="-16.89912550066754">
        <ele>1419</ele>
      </trkpt>
      <trkpt lat="32.71491607858097" lon="-16.89909403013541">
        <ele>1419</ele>
      </trkpt>
      <trkpt lat="32.71464333396911" lon="-16.89893858477969">
        <ele>1419</ele>
      </trkpt>
      <trkpt lat="32.71456131985505" lon="-16.8988508487507">
        <ele>1418</ele>
      </trkpt>
      <trkpt lat="32.71443734503148" lon="-16.89859813084111">
        <ele>1414</ele>
      </trkpt>
      <trkpt lat="32.71423898531376" lon="-16.89829677665457">
        <ele>1412</ele>
      </trkpt>
      <trkpt lat="32.71412550066756" lon="-16.89818424566087">
        <ele>1411</ele>
      </trkpt>
      <trkpt lat="32.71401201602137" lon="-16.89807076101467">
        <ele>1408</ele>
      </trkpt>
      <trkpt lat="32.71390711424758" lon="-16.89801926378026">
        <ele>1407</ele>
      </trkpt>
      <trkpt lat="32.71380221247378" lon="-16.89796776654586">
        <ele>1407</ele>
      </trkpt>
      <trkpt lat="32.71373736410453" lon="-16.89795250810603">
        <ele>1407</ele>
      </trkpt>
      <trkpt lat="32.71367346938776" lon="-16.89793629601372">
        <ele>1407</ele>
      </trkpt>
      <trkpt lat="32.71332157161931" lon="-16.89791722296394">
        <ele>1410</ele>
      </trkpt>
      <trkpt lat="32.71283616250239" lon="-16.89784855998473">
        <ele>1412</ele>
      </trkpt>
      <trkpt lat="32.71275891665078" lon="-16.89781899675757">
        <ele>1412</ele>
      </trkpt>
      <trkpt lat="32.7126616440969" lon="-16.89771695594124">
        <ele>1411</ele>
      </trkpt>
      <trkpt lat="32.71256437154302" lon="-16.89761491512492">
        <ele>1409</ele>
      </trkpt>
      <trkpt lat="32.7122525271791" lon="-16.89742323097462">
        <ele>1407</ele>
      </trkpt>
      <trkpt lat="32.71194068281519" lon="-16.8972859050162">
        <ele>1406</ele>
      </trkpt>
      <trkpt lat="32.71148197596796" lon="-16.89714857905778">
        <ele>1408</ele>
      </trkpt>
      <trkpt lat="32.71140568376885" lon="-16.89711043295821">
        <ele>1409</ele>
      </trkpt>
      <trkpt lat="32.7112874308602" lon="-16.89706656494372">
        <ele>1409</ele>
      </trkpt>
      <trkpt lat="32.71121495327104" lon="-16.89703032614914">
        <ele>1410</ele>
      </trkpt>
      <trkpt lat="32.71113198550449" lon="-16.89692542437534">
        <ele>1410</ele>
      </trkpt>
      <trkpt lat="32.71104997139043" lon="-16.89681956894906">
        <ele>1410</ele>
      </trkpt>
      <trkpt lat="32.71094602326913" lon="-16.89676711806217">
        <ele>1410</ele>
      </trkpt>
      <trkpt lat="32.71086496280756" lon="-16.89668796490557">
        <ele>1410</ele>
      </trkpt>
      <trkpt lat="32.71079916078582" lon="-16.89659736791912">
        <ele>1410</ele>
      </trkpt>
      <trkpt lat="32.71073335876407" lon="-16.89650677093266">
        <ele>1409</ele>
      </trkpt>
      <trkpt lat="32.71069044440207" lon="-16.89642189586113">
        <ele>1408</ele>
      </trkpt>
      <trkpt lat="32.71064848369255" lon="-16.89633702078961">
        <ele>1407</ele>
      </trkpt>
      <trkpt lat="32.7106170131404" lon="-16.89625519735403">
        <ele>1406</ele>
      </trkpt>
      <trkpt lat="32.71061701317679" lon="-16.89625519734675">
        <ele>1406</ele>
      </trkpt>
      <trkpt lat="32.71063417890522" lon="-16.89619301926377">
        <ele>1405</ele>
      </trkpt>
      <trkpt lat="32.71066946404731" lon="-16.8960947930574">
        <ele>1404</ele>
      </trkpt>
      <trkpt lat="32.71070761014687" lon="-16.89601945451076">
        <ele>1403</ele>
      </trkpt>
      <trkpt lat="32.71095269883655" lon="-16.89569044440205">
        <ele>1399</ele>
      </trkpt>
      <trkpt lat="32.71125691398056" lon="-16.89530802975395">
        <ele>1395</ele>
      </trkpt>
      <trkpt lat="32.71151249284762" lon="-16.89500953652488">
        <ele>1395</ele>
      </trkpt>
      <trkpt lat="32.71219721533474" lon="-16.89410928857523">
        <ele>1394</ele>
      </trkpt>
      <trkpt lat="32.7122963951936" lon="-16.89394907495707">
        <ele>1392</ele>
      </trkpt>
      <trkpt lat="32.7123574289529" lon="-16.8938165172611">
        <ele>1391</ele>
      </trkpt>
      <trkpt lat="32.7123917604425" lon="-16.89367537669272">
        <ele>1391</ele>
      </trkpt>
      <trkpt lat="32.71240415792486" lon="-16.89349132176234">
        <ele>1393</ele>
      </trkpt>
      <trkpt lat="32.71240320427237" lon="-16.89304596604996">
        <ele>1397</ele>
      </trkpt>
      <trkpt lat="32.71241560175473" lon="-16.89284093076482">
        <ele>1398</ele>
      </trkpt>
      <trkpt lat="32.71258821285524" lon="-16.8918510394812">
        <ele>1398</ele>
      </trkpt>
      <trkpt lat="32.71259298111769" lon="-16.89169940873544">
        <ele>1398</ele>
      </trkpt>
      <trkpt lat="32.71256723250048" lon="-16.89155826816707">
        <ele>1399</ele>
      </trkpt>
      <trkpt lat="32.71246328437918" lon="-16.89130745756245">
        <ele>1400</ele>
      </trkpt>
      <trkpt lat="32.71187964905589" lon="-16.89021266450504">
        <ele>1404</ele>
      </trkpt>
      <trkpt lat="32.71184245660882" lon="-16.89007533854662">
        <ele>1404</ele>
      </trkpt>
      <trkpt lat="32.71183673469388" lon="-16.88998474156016">
        <ele>1403</ele>
      </trkpt>
      <trkpt lat="32.71184627121877" lon="-16.88987507152392">
        <ele>1402</ele>
      </trkpt>
      <trkpt lat="32.71188346366585" lon="-16.88973965287048">
        <ele>1401</ele>
      </trkpt>
      <trkpt lat="32.7121485790578" lon="-16.88922181956893">
        <ele>1396</ele>
      </trkpt>
      <trkpt lat="32.7124175090597" lon="-16.88871543009726">
        <ele>1390</ele>
      </trkpt>
      <trkpt lat="32.71275510204082" lon="-16.88805645622734">
        <ele>1384</ele>
      </trkpt>
      <trkpt lat="32.71277989700554" lon="-16.88799637612053">
        <ele>1384</ele>
      </trkpt>
      <trkpt lat="32.71277989700554" lon="-16.88799637612053">
        <ele>1384</ele>
      </trkpt>
      <trkpt lat="32.71280659927523" lon="-16.88787430860193">
        <ele>1383</ele>
      </trkpt>
      <trkpt lat="32.71280659927523" lon="-16.88787430860193">
        <ele>1383</ele>
      </trkpt>
      <trkpt lat="32.71282281136754" lon="-16.88772458516115">
        <ele>1381</ele>
      </trkpt>
      <trkpt lat="32.71282094402167" lon="-16.88756586076147">
        <ele>1380</ele>
      </trkpt>
      <trkpt lat="32.71282094411944" lon="-16.8875658607119">
        <ele>1380</ele>
      </trkpt>
      <trkpt lat="32.71288384512685" lon="-16.88753480831583">
        <ele>1380</ele>
      </trkpt>
      <trkpt lat="32.71300305168797" lon="-16.88750619874116">
        <ele>1382</ele>
      </trkpt>
      <trkpt lat="32.71308125119207" lon="-16.8874947549113">
        <ele>1383</ele>
      </trkpt>
      <trkpt lat="32.71315945069617" lon="-16.88748235742894">
        <ele>1384</ele>
      </trkpt>
      <trkpt lat="32.71355998474156" lon="-16.88740415792484">
        <ele>1386</ele>
      </trkpt>
      <trkpt lat="32.7138489548914" lon="-16.88730227742329">
        <ele>1385</ele>
      </trkpt>
      <trkpt lat="32.71384895392373" lon="-16.88730227860925">
        <ele>1385</ele>
      </trkpt>
      <trkpt lat="32.71388231928286" lon="-16.88773412168604">
        <ele>1383</ele>
      </trkpt>
      <trkpt lat="32.71389948502767" lon="-16.88778752622543">
        <ele>1383</ele>
      </trkpt>
      <trkpt lat="32.71391188251002" lon="-16.88779229448787">
        <ele>1383</ele>
      </trkpt>
      <trkpt lat="32.71393667747473" lon="-16.88778466526796">
        <ele>1382</ele>
      </trkpt>
      <trkpt lat="32.71395670417701" lon="-16.88776082395574">
        <ele>1382</ele>
      </trkpt>
      <trkpt lat="32.71400152584399" lon="-16.88767213427426">
        <ele>1381</ele>
      </trkpt>
      <trkpt lat="32.71408544726302" lon="-16.88760823955749">
        <ele>1380</ele>
      </trkpt>
      <trkpt lat="32.71417032233455" lon="-16.88754434484073">
        <ele>1379</ele>
      </trkpt>
      <trkpt lat="32.71428189967577" lon="-16.88748331108143">
        <ele>1375</ele>
      </trkpt>
      <trkpt lat="32.71434960900249" lon="-16.88743753576195">
        <ele>1374</ele>
      </trkpt>
      <trkpt lat="32.7144182719817" lon="-16.88739176044248">
        <ele>1372</ele>
      </trkpt>
      <trkpt lat="32.71448502765593" lon="-16.88734121686056">
        <ele>1371</ele>
      </trkpt>
      <trkpt lat="32.71455178333017" lon="-16.88729067327864">
        <ele>1370</ele>
      </trkpt>
      <trkpt lat="32.71462426091933" lon="-16.88724585161166">
        <ele>1369</ele>
      </trkpt>
      <trkpt lat="32.71469769216098" lon="-16.88720007629219">
        <ele>1368</ele>
      </trkpt>
      <trkpt lat="32.71476063322526" lon="-16.88714571810031">
        <ele>1367</ele>
      </trkpt>
      <trkpt lat="32.71482357428954" lon="-16.88709040625595">
        <ele>1367</ele>
      </trkpt>
      <trkpt lat="32.7148960518787" lon="-16.88703795536905">
        <ele>1366</ele>
      </trkpt>
      <trkpt lat="32.71496948312036" lon="-16.88698455082966">
        <ele>1365</ele>
      </trkpt>
      <trkpt lat="32.71535094411598" lon="-16.88668796490558">
        <ele>1362</ele>
      </trkpt>
      <trkpt lat="32.71544821666986" lon="-16.88666698455082">
        <ele>1360</ele>
      </trkpt>
      <trkpt lat="32.71580488270075" lon="-16.8867032233454">
        <ele>1348</ele>
      </trkpt>
      <trkpt lat="32.7163312988747" lon="-16.88669845508295">
        <ele>1336</ele>
      </trkpt>
      <trkpt lat="32.71643906160596" lon="-16.8866774747282">
        <ele>1335</ele>
      </trkpt>
      <trkpt lat="32.71652775128744" lon="-16.88663456036619">
        <ele>1334</ele>
      </trkpt>
      <trkpt lat="32.71662120923136" lon="-16.886563990082">
        <ele>1333</ele>
      </trkpt>
      <trkpt lat="32.71669464047302" lon="-16.8864514590883">
        <ele>1334</ele>
      </trkpt>
      <trkpt lat="32.71676902536716" lon="-16.88633892809459">
        <ele>1335</ele>
      </trkpt>
      <trkpt lat="32.71686820522602" lon="-16.88627026511538">
        <ele>1334</ele>
      </trkpt>
      <trkpt lat="32.71697024604235" lon="-16.88624547015066">
        <ele>1332</ele>
      </trkpt>
      <trkpt lat="32.71735742895289" lon="-16.88625214571809">
        <ele>1322</ele>
      </trkpt>
      <trkpt lat="32.71761014686249" lon="-16.88616345603661">
        <ele>1318</ele>
      </trkpt>
      <trkpt lat="32.71768930001908" lon="-16.88610242227731">
        <ele>1318</ele>
      </trkpt>
      <trkpt lat="32.71776940682816" lon="-16.88604043486552">
        <ele>1317</ele>
      </trkpt>
      <trkpt lat="32.71801544917033" lon="-16.8858773602899">
        <ele>1316</ele>
      </trkpt>
      <trkpt lat="32.71806885370972" lon="-16.88582967766544">
        <ele>1316</ele>
      </trkpt>
      <trkpt lat="32.71809841693688" lon="-16.88576769025366">
        <ele>1316</ele>
      </trkpt>
      <trkpt lat="32.71812702651155" lon="-16.88564943734502">
        <ele>1318</ele>
      </trkpt>
      <trkpt lat="32.71816803356857" lon="-16.88557600610336">
        <ele>1318</ele>
      </trkpt>
      <trkpt lat="32.71825004768263" lon="-16.88550066755673">
        <ele>1318</ele>
      </trkpt>
      <trkpt lat="32.71836830059127" lon="-16.88541388518023">
        <ele>1317</ele>
      </trkpt>
      <trkpt lat="32.71843696357048" lon="-16.88538432195307">
        <ele>1316</ele>
      </trkpt>
      <trkpt lat="32.71850562654969" lon="-16.88535475872591">
        <ele>1315</ele>
      </trkpt>
      <trkpt lat="32.71859336257869" lon="-16.88537383177569">
        <ele>1313</ele>
      </trkpt>
      <trkpt lat="32.71868968148008" lon="-16.88541388518023">
        <ele>1311</ele>
      </trkpt>
      <trkpt lat="32.71878695403396" lon="-16.88545298493228">
        <ele>1308</ele>
      </trkpt>
      <trkpt lat="32.7192790387183" lon="-16.88576482929619">
        <ele>1291</ele>
      </trkpt>
      <trkpt lat="32.71955464428763" lon="-16.88579629982833">
        <ele>1286</ele>
      </trkpt>
      <trkpt lat="32.71962330726684" lon="-16.88576673660117">
        <ele>1286</ele>
      </trkpt>
      <trkpt lat="32.71969197024605" lon="-16.88573621972152">
        <ele>1286</ele>
      </trkpt>
      <trkpt lat="32.71978256723251" lon="-16.88572477589165">
        <ele>1284</ele>
      </trkpt>
      <trkpt lat="32.71989128361626" lon="-16.88574861720388">
        <ele>1282</ele>
      </trkpt>
      <trkpt lat="32.72000000000001" lon="-16.8857724585161">
        <ele>1280</ele>
      </trkpt>
      <trkpt lat="32.72000000000001" lon="-16.8857724585161">
        <ele>1280</ele>
      </trkpt>
      <trkpt lat="32.72029277131413" lon="-16.8858334922754">
        <ele>1271</ele>
      </trkpt>
      <trkpt lat="32.72065611291246" lon="-16.88598798397862">
        <ele>1260</ele>
      </trkpt>
      <trkpt lat="32.72090310890712" lon="-16.88606236887277">
        <ele>1254</ele>
      </trkpt>
      <trkpt lat="32.72115296585925" lon="-16.88607476635513">
        <ele>1252</ele>
      </trkpt>
      <trkpt lat="32.72115296585925" lon="-16.88607476635513">
        <ele>1252</ele>
      </trkpt>
      <trkpt lat="32.72201411405684" lon="-16.88623497997328">
        <ele>1245</ele>
      </trkpt>
      <trkpt lat="32.72262445164982" lon="-16.88632843791721">
        <ele>1241</ele>
      </trkpt>
      <trkpt lat="32.72379076864391" lon="-16.88655063894715">
        <ele>1232</ele>
      </trkpt>
      <trkpt lat="32.72436963570475" lon="-16.88663169940872">
        <ele>1231</ele>
      </trkpt>
      <trkpt lat="32.7245308029754" lon="-16.88666126263588">
        <ele>1232</ele>
      </trkpt>
      <trkpt lat="32.72485504482167" lon="-16.88667938203317">
        <ele>1232</ele>
      </trkpt>
      <trkpt lat="32.72509917985887" lon="-16.88665267976348">
        <ele>1231</ele>
      </trkpt>
      <trkpt lat="32.72509917985887" lon="-16.88665267976348">
        <ele>1231</ele>
      </trkpt>
      <trkpt lat="32.72594220865917" lon="-16.88641235933624">
        <ele>1218</ele>
      </trkpt>
      <trkpt lat="32.72610146862484" lon="-16.88638565706655">
        <ele>1215</ele>
      </trkpt>
      <trkpt lat="32.726304596605" lon="-16.88637993515162">
        <ele>1211</ele>
      </trkpt>
      <trkpt lat="32.7265391951173" lon="-16.88633702078961">
        <ele>1206</ele>
      </trkpt>
      <trkpt lat="32.72703215854987" lon="-16.88619636546239">
        <ele>1197</ele>
      </trkpt>
      <trkpt lat="32.72703215858753" lon="-16.88619636545164">
        <ele>1197</ele>
      </trkpt>
      <trkpt lat="32.72696166316994" lon="-16.8857552927713">
        <ele>1192</ele>
      </trkpt>
      <trkpt lat="32.72701602136182" lon="-16.88540434865534">
        <ele>1187</ele>
      </trkpt>
      <trkpt lat="32.7271829105474" lon="-16.88509059698644">
        <ele>1183</ele>
      </trkpt>
      <trkpt lat="32.72736887278276" lon="-16.8850591264543">
        <ele>1184</ele>
      </trkpt>
      <trkpt lat="32.72736887278276" lon="-16.8850591264543">
        <ele>1184</ele>
      </trkpt>
      <trkpt lat="32.72733644859814" lon="-16.8849027274461">
        <ele>1182</ele>
      </trkpt>
      <trkpt lat="32.72733644859814" lon="-16.8849027274461">
        <ele>1182</ele>
      </trkpt>
      <trkpt lat="32.72730020980355" lon="-16.8848683959565">
        <ele>1181</ele>
      </trkpt>
      <trkpt lat="32.72730593171848" lon="-16.88477016975013">
        <ele>1179</ele>
      </trkpt>
      <trkpt lat="32.72730593171848" lon="-16.88477016975013">
        <ele>1179</ele>
      </trkpt>
      <trkpt lat="32.72726397100897" lon="-16.88455273698263">
        <ele>1176</ele>
      </trkpt>
      <trkpt lat="32.72726397100897" lon="-16.88425233644858">
        <ele>1172</ele>
      </trkpt>
      <trkpt lat="32.72734026320809" lon="-16.88387564371542">
        <ele>1164</ele>
      </trkpt>
      <trkpt lat="32.72734026320809" lon="-16.88387564371542">
        <ele>1164</ele>
      </trkpt>
      <trkpt lat="32.72729544154111" lon="-16.88361720389089">
        <ele>1158</ele>
      </trkpt>
      <trkpt lat="32.72737936296014" lon="-16.88311939729161">
        <ele>1146</ele>
      </trkpt>
      <trkpt lat="32.72736791913027" lon="-16.88300209803546">
        <ele>1143</ele>
      </trkpt>
      <trkpt lat="32.72736791913027" lon="-16.88300209803546">
        <ele>1143</ele>
      </trkpt>
      <trkpt lat="32.72735742895289" lon="-16.88289624260918">
        <ele>1141</ele>
      </trkpt>
      <trkpt lat="32.72735361434294" lon="-16.88277894335303">
        <ele>1138</ele>
      </trkpt>
      <trkpt lat="32.72735075338547" lon="-16.88266164409688">
        <ele>1135</ele>
      </trkpt>
      <trkpt lat="32.72735933625787" lon="-16.88257772267784">
        <ele>1133</ele>
      </trkpt>
      <trkpt lat="32.72736791913027" lon="-16.88249284760632">
        <ele>1131</ele>
      </trkpt>
      <trkpt lat="32.72740701888232" lon="-16.88240034331488">
        <ele>1131</ele>
      </trkpt>
      <trkpt lat="32.72744707228686" lon="-16.88230783902345">
        <ele>1130</ele>
      </trkpt>
      <trkpt lat="32.72774079725348" lon="-16.88212378409306">
        <ele>1129</ele>
      </trkpt>
      <trkpt lat="32.72781232119016" lon="-16.88212378409306">
        <ele>1129</ele>
      </trkpt>
      <trkpt lat="32.72788479877933" lon="-16.88212378409306">
        <ele>1130</ele>
      </trkpt>
      <trkpt lat="32.7280001907305" lon="-16.8820513065039">
        <ele>1129</ele>
      </trkpt>
      <trkpt lat="32.72811558268167" lon="-16.88197787526224">
        <ele>1127</ele>
      </trkpt>
      <trkpt lat="32.72815849704368" lon="-16.88187964905587">
        <ele>1124</ele>
      </trkpt>
      <trkpt lat="32.72820236505817" lon="-16.88178046919701">
        <ele>1121</ele>
      </trkpt>
      <trkpt lat="32.72836830059127" lon="-16.88146290291816">
        <ele>1114</ele>
      </trkpt>
      <trkpt lat="32.72836830059127" lon="-16.88139042532899">
        <ele>1113</ele>
      </trkpt>
      <trkpt lat="32.72836830059127" lon="-16.88131699408734">
        <ele>1112</ele>
      </trkpt>
      <trkpt lat="32.72844077818043" lon="-16.88124833110813">
        <ele>1112</ele>
      </trkpt>
      <trkpt lat="32.7285313751669" lon="-16.88118443639137">
        <ele>1112</ele>
      </trkpt>
      <trkpt lat="32.72862197215335" lon="-16.88111958802211">
        <ele>1111</ele>
      </trkpt>
      <trkpt lat="32.72866488651536" lon="-16.88102136181574">
        <ele>1109</ele>
      </trkpt>
      <trkpt lat="32.72870780087737" lon="-16.88092218195688">
        <ele>1106</ele>
      </trkpt>
      <trkpt lat="32.72871829105475" lon="-16.88084970436772">
        <ele>1104</ele>
      </trkpt>
      <trkpt lat="32.72872973488461" lon="-16.88077627312606">
        <ele>1103</ele>
      </trkpt>
      <trkpt lat="32.72871161548732" lon="-16.88069044440205">
        <ele>1102</ele>
      </trkpt>
      <trkpt lat="32.72869349609003" lon="-16.88060461567803">
        <ele>1102</ele>
      </trkpt>
      <trkpt lat="32.72872973488461" lon="-16.88051878695402">
        <ele>1101</ele>
      </trkpt>
      <trkpt lat="32.7287659736792" lon="-16.88043295823001">
        <ele>1099</ele>
      </trkpt>
      <trkpt lat="32.72883845126836" lon="-16.880347129506">
        <ele>1097</ele>
      </trkpt>
      <trkpt lat="32.72890997520504" lon="-16.880347129506">
        <ele>1095</ele>
      </trkpt>
      <trkpt lat="32.72890234598513" lon="-16.8802508106046">
        <ele>1093</ele>
      </trkpt>
      <trkpt lat="32.72889567041771" lon="-16.88015353805072">
        <ele>1092</ele>
      </trkpt>
      <trkpt lat="32.72895098226207" lon="-16.88015258439823">
        <ele>1090</ele>
      </trkpt>
      <trkpt lat="32.72895098226207" lon="-16.88015258439823">
        <ele>1090</ele>
      </trkpt>
      <trkpt lat="32.72903776463857" lon="-16.88016021361814">
        <ele>1087</ele>
      </trkpt>
      <trkpt lat="32.7291741369445" lon="-16.88014400152583">
        <ele>1082</ele>
      </trkpt>
      <trkpt lat="32.72938489414458" lon="-16.88013160404347">
        <ele>1082</ele>
      </trkpt>
      <trkpt lat="32.72955845889758" lon="-16.87999999999998">
        <ele>1077</ele>
      </trkpt>
      <trkpt lat="32.72955845889758" lon="-16.88000000000001">
        <ele>1077</ele>
      </trkpt>
      <trkpt lat="32.72963189013924" lon="-16.87994373450315">
        <ele>1076</ele>
      </trkpt>
      <trkpt lat="32.72979115010491" lon="-16.87977207705513">
        <ele>1070</ele>
      </trkpt>
      <trkpt lat="32.72993515163075" lon="-16.87951459088309">
        <ele>1061</ele>
      </trkpt>
      <trkpt lat="32.72996471485791" lon="-16.87925710471105">
        <ele>1053</ele>
      </trkpt>
      <trkpt lat="32.72991417127599" lon="-16.87899961853901">
        <ele>1047</ele>
      </trkpt>
      <trkpt lat="32.72996471485791" lon="-16.87887945832539">
        <ele>1043</ele>
      </trkpt>
      <trkpt lat="32.73008010680908" lon="-16.87874213236697">
        <ele>1041</ele>
      </trkpt>
      <trkpt lat="32.73019549876025" lon="-16.87865630364296">
        <ele>1041</ele>
      </trkpt>
      <trkpt lat="32.73028228113676" lon="-16.87861338928095">
        <ele>1041</ele>
      </trkpt>
      <trkpt lat="32.7303395002861" lon="-16.87855330917414">
        <ele>1041</ele>
      </trkpt>
      <trkpt lat="32.73036906351326" lon="-16.87843314896053">
        <ele>1038</ele>
      </trkpt>
      <trkpt lat="32.7304262826626" lon="-16.87835590310891">
        <ele>1036</ele>
      </trkpt>
      <trkpt lat="32.73067232500478" lon="-16.87810699980927">
        <ele>1033</ele>
      </trkpt>
      <trkpt lat="32.73078008773604" lon="-16.87796109097845">
        <ele>1030</ele>
      </trkpt>
      <trkpt lat="32.73075147816136" lon="-16.87782376502003">
        <ele>1026</ele>
      </trkpt>
      <trkpt lat="32.73074384894145" lon="-16.87766927331681">
        <ele>1022</ele>
      </trkpt>
      <trkpt lat="32.73080202174328" lon="-16.87747186725158">
        <ele>1016</ele>
      </trkpt>
      <trkpt lat="32.7308525653252" lon="-16.87736028991036">
        <ele>1013</ele>
      </trkpt>
      <trkpt lat="32.73101850085829" lon="-16.87724012969674">
        <ele>1011</ele>
      </trkpt>
      <trkpt lat="32.73117013160405" lon="-16.87721438107954">
        <ele>1011</ele>
      </trkpt>
      <trkpt lat="32.73135037192448" lon="-16.87721438107954">
        <ele>1012</ele>
      </trkpt>
      <trkpt lat="32.73163932862865" lon="-16.87710280373832">
        <ele>1009</ele>
      </trkpt>
      <trkpt lat="32.73179095937441" lon="-16.87690539767309">
        <ele>1000</ele>
      </trkpt>
      <trkpt lat="32.73189967575816" lon="-16.87673374022507">
        <ele>993</ele>
      </trkpt>
      <trkpt lat="32.73202937249667" lon="-16.87664791150105">
        <ele>991</ele>
      </trkpt>
      <trkpt lat="32.73222296395194" lon="-16.87666793820332">
        <ele>994</ele>
      </trkpt>
      <trkpt lat="32.73234979973298" lon="-16.87676616440969">
        <ele>999</ele>
      </trkpt>
      <trkpt lat="32.73234026320809" lon="-16.87667366011826">
        <ele>996</ele>
      </trkpt>
      <trkpt lat="32.73236124356285" lon="-16.87640759107382">
        <ele>992</ele>
      </trkpt>
      <trkpt lat="32.73234026320809" lon="-16.87615010490178">
        <ele>989</ele>
      </trkpt>
      <trkpt lat="32.73234026320809" lon="-16.87578962426092">
        <ele>984</ele>
      </trkpt>
      <trkpt lat="32.73232595842075" lon="-16.87554930383369">
        <ele>980</ele>
      </trkpt>
      <trkpt lat="32.73234693877551" lon="-16.87507724585162">
        <ele>972</ele>
      </trkpt>
      <trkpt lat="32.7324527942018" lon="-16.87497234407782">
        <ele>970</ele>
      </trkpt>
      <trkpt lat="32.7324527942018" lon="-16.87497234407782">
        <ele>970</ele>
      </trkpt>
      <trkpt lat="32.73248426473393" lon="-16.87491512492848">
        <ele>968</ele>
      </trkpt>
      <trkpt lat="32.73248426473393" lon="-16.87491512492848">
        <ele>968</ele>
      </trkpt>
      <trkpt lat="32.73241178714477" lon="-16.87484550829678">
        <ele>967</ele>
      </trkpt>
      <trkpt lat="32.73239080679001" lon="-16.87474251382796">
        <ele>964</ele>
      </trkpt>
      <trkpt lat="32.73236887278276" lon="-16.87401296967386">
        <ele>946</ele>
      </trkpt>
      <trkpt lat="32.73244802593935" lon="-16.87389280946024">
        <ele>943</ele>
      </trkpt>
      <trkpt lat="32.73242227732215" lon="-16.87379458325387">
        <ele>942</ele>
      </trkpt>
      <trkpt lat="32.73239748235743" lon="-16.87369540339501">
        <ele>940</ele>
      </trkpt>
      <trkpt lat="32.73238603852757" lon="-16.87357524318139">
        <ele>938</ele>
      </trkpt>
      <trkpt lat="32.73237554835018" lon="-16.87345508296777">
        <ele>936</ele>
      </trkpt>
      <trkpt lat="32.73240415792485" lon="-16.8733654396338">
        <ele>934</ele>
      </trkpt>
      <trkpt lat="32.73243372115201" lon="-16.87327484264734">
        <ele>932</ele>
      </trkpt>
      <trkpt lat="32.73248426473393" lon="-16.87319759679573">
        <ele>929</ele>
      </trkpt>
      <trkpt lat="32.73253480831585" lon="-16.87315468243373">
        <ele>929</ele>
      </trkpt>
      <trkpt lat="32.73262826625978" lon="-16.87310318519932">
        <ele>931</ele>
      </trkpt>
      <trkpt lat="32.7326788098417" lon="-16.87301354186535">
        <ele>930</ele>
      </trkpt>
      <trkpt lat="32.73272935342361" lon="-16.87292294487889">
        <ele>929</ele>
      </trkpt>
      <trkpt lat="32.73283806980736" lon="-16.87254529849323">
        <ele>918</ele>
      </trkpt>
      <trkpt lat="32.73288098416937" lon="-16.87246805264162">
        <ele>917</ele>
      </trkpt>
      <trkpt lat="32.732913408354" lon="-16.87236124356285">
        <ele>915</ele>
      </trkpt>
      <trkpt lat="32.73294678619111" lon="-16.87225348083159">
        <ele>913</ele>
      </trkpt>
      <trkpt lat="32.73297921037575" lon="-16.87218958611482">
        <ele>912</ele>
      </trkpt>
      <trkpt lat="32.73301163456037" lon="-16.87212473774557">
        <ele>910</ele>
      </trkpt>
      <trkpt lat="32.73306217814229" lon="-16.87206465763876">
        <ele>908</ele>
      </trkpt>
      <trkpt lat="32.73314514590884" lon="-16.87201316040435">
        <ele>905</ele>
      </trkpt>
      <trkpt lat="32.73322811367538" lon="-16.87196166316994">
        <ele>902</ele>
      </trkpt>
      <trkpt lat="32.73326435246997" lon="-16.87187201983598">
        <ele>898</ele>
      </trkpt>
      <trkpt lat="32.73330059126454" lon="-16.87178142284952">
        <ele>893</ele>
      </trkpt>
      <trkpt lat="32.73334350562656" lon="-16.87174709135991">
        <ele>891</ele>
      </trkpt>
      <trkpt lat="32.73356761396148" lon="-16.87142952508107">
        <ele>890</ele>
      </trkpt>
      <trkpt lat="32.73363913789815" lon="-16.87118062178143">
        <ele>887</ele>
      </trkpt>
      <trkpt lat="32.73367537669274" lon="-16.87112054167462">
        <ele>886</ele>
      </trkpt>
      <trkpt lat="32.73397100896434" lon="-16.87074194163647">
        <ele>877</ele>
      </trkpt>
      <trkpt lat="32.73400343314896" lon="-16.87074575624643">
        <ele>876</ele>
      </trkpt>
      <trkpt lat="32.73404062559604" lon="-16.870696166317">
        <ele>875</ele>
      </trkpt>
      <trkpt lat="32.73404062559604" lon="-16.870696166317">
        <ele>875</ele>
      </trkpt>
      <trkpt lat="32.73404444020599" lon="-16.87069044440207">
        <ele>875</ele>
      </trkpt>
      <trkpt lat="32.73404444020599" lon="-16.87069044440207">
        <ele>875</ele>
      </trkpt>
      <trkpt lat="32.73404825481595" lon="-16.87068567613962">
        <ele>875</ele>
      </trkpt>
      <trkpt lat="32.73404825481595" lon="-16.87068567613962">
        <ele>875</ele>
      </trkpt>
      <trkpt lat="32.73399485027657" lon="-16.87067423230975">
        <ele>876</ele>
      </trkpt>
      <trkpt lat="32.73398912836163" lon="-16.87066660308984">
        <ele>876</ele>
      </trkpt>
      <trkpt lat="32.73398912836163" lon="-16.87066660308984">
        <ele>876</ele>
      </trkpt>
      <trkpt lat="32.73393477016975" lon="-16.87059412550067">
        <ele>876</ele>
      </trkpt>
      <trkpt lat="32.73393477016975" lon="-16.87059412550067">
        <ele>876</ele>
      </trkpt>
      <trkpt lat="32.73393477016975" lon="-16.87053690635133">
        <ele>876</ele>
      </trkpt>
      <trkpt lat="32.7339481213046" lon="-16.87049017737937">
        <ele>875</ele>
      </trkpt>
      <trkpt lat="32.73403776463857" lon="-16.87038718291055">
        <ele>872</ele>
      </trkpt>
      <trkpt lat="32.73405874499333" lon="-16.87034236124357">
        <ele>870</ele>
      </trkpt>
      <trkpt lat="32.73406351325578" lon="-16.87027274461187">
        <ele>869</ele>
      </trkpt>
      <trkpt lat="32.73406828151822" lon="-16.87020312798017">
        <ele>868</ele>
      </trkpt>
      <trkpt lat="32.7340701888232" lon="-16.87008964333397">
        <ele>866</ele>
      </trkpt>
      <trkpt lat="32.73407304978066" lon="-16.86997520503529">
        <ele>865</ele>
      </trkpt>
      <trkpt lat="32.73409116917796" lon="-16.86990177379364">
        <ele>864</ele>
      </trkpt>
      <trkpt lat="32.73411024222774" lon="-16.86982834255198">
        <ele>863</ele>
      </trkpt>
      <trkpt lat="32.73423230974633" lon="-16.86951935914553">
        <ele>860</ele>
      </trkpt>
      <trkpt lat="32.73427522410834" lon="-16.86946404730117">
        <ele>859</ele>
      </trkpt>
      <trkpt lat="32.73427045584589" lon="-16.86936105283235">
        <ele>859</ele>
      </trkpt>
      <trkpt lat="32.73423707800877" lon="-16.86932862864773">
        <ele>859</ele>
      </trkpt>
      <trkpt lat="32.73418653442686" lon="-16.86922372687393">
        <ele>860</ele>
      </trkpt>
      <trkpt lat="32.73412740797254" lon="-16.86912836162503">
        <ele>862</ele>
      </trkpt>
      <trkpt lat="32.73411691779516" lon="-16.86903871829106">
        <ele>863</ele>
      </trkpt>
      <trkpt lat="32.73417985885943" lon="-16.86894335304216">
        <ele>858</ele>
      </trkpt>
      <trkpt lat="32.7342437535762" lon="-16.86884703414076">
        <ele>856</ele>
      </trkpt>
      <trkpt lat="32.73427522410834" lon="-16.86873354949457">
        <ele>854</ele>
      </trkpt>
      <trkpt lat="32.73430764829297" lon="-16.86861911119588">
        <ele>851</ele>
      </trkpt>
      <trkpt lat="32.73430001907305" lon="-16.86853328247187">
        <ele>851</ele>
      </trkpt>
      <trkpt lat="32.73429334350563" lon="-16.86844745374786">
        <ele>850</ele>
      </trkpt>
      <trkpt lat="32.73435723822239" lon="-16.86840453938585">
        <ele>847</ele>
      </trkpt>
      <trkpt lat="32.73442208659165" lon="-16.86836067137136">
        <ele>844</ele>
      </trkpt>
      <trkpt lat="32.73450123974824" lon="-16.8682614915125">
        <ele>838</ele>
      </trkpt>
      <trkpt lat="32.73450696166317" lon="-16.86815372878124">
        <ele>834</ele>
      </trkpt>
      <trkpt lat="32.73443066946405" lon="-16.86808888041198">
        <ele>836</ele>
      </trkpt>
      <trkpt lat="32.73432386038528" lon="-16.86809555597941">
        <ele>841</ele>
      </trkpt>
      <trkpt lat="32.7342780850658" lon="-16.86801163456037">
        <ele>840</ele>
      </trkpt>
      <trkpt lat="32.73423230974633" lon="-16.86792771314133">
        <ele>840</ele>
      </trkpt>
      <trkpt lat="32.73396719435438" lon="-16.86766355140187">
        <ele>843</ele>
      </trkpt>
      <trkpt lat="32.73370875452985" lon="-16.8675224108335">
        <ele>846</ele>
      </trkpt>
      <trkpt lat="32.73365916460043" lon="-16.86745660881175">
        <ele>846</ele>
      </trkpt>
      <trkpt lat="32.73360957467099" lon="-16.86739080679001">
        <ele>847</ele>
      </trkpt>
      <trkpt lat="32.73326149151249" lon="-16.86732786572573">
        <ele>856</ele>
      </trkpt>
      <trkpt lat="32.73299828342552" lon="-16.86717146671753">
        <ele>860</ele>
      </trkpt>
      <trkpt lat="32.73296967385085" lon="-16.86715239366775">
        <ele>860</ele>
      </trkpt>
      <trkpt lat="32.73295441541103" lon="-16.86712569139806">
        <ele>860</ele>
      </trkpt>
      <trkpt lat="32.73293915697121" lon="-16.86711615487317">
        <ele>860</ele>
      </trkpt>
      <trkpt lat="32.73289052069426" lon="-16.86711901583064">
        <ele>861</ele>
      </trkpt>
      <trkpt lat="32.73284569902728" lon="-16.86713999618539">
        <ele>862</ele>
      </trkpt>
      <trkpt lat="32.73277512874309" lon="-16.86715430097273">
        <ele>864</ele>
      </trkpt>
      <trkpt lat="32.7327045584589" lon="-16.86718100324242">
        <ele>866</ele>
      </trkpt>
      <trkpt lat="32.73261586877742" lon="-16.86720389090216">
        <ele>869</ele>
      </trkpt>
      <trkpt lat="32.73252813274843" lon="-16.86719721533474">
        <ele>871</ele>
      </trkpt>
      <trkpt lat="32.73244135037193" lon="-16.86718958611483">
        <ele>873</ele>
      </trkpt>
      <trkpt lat="32.73236696547779" lon="-16.86719530802976">
        <ele>874</ele>
      </trkpt>
      <trkpt lat="32.73229258058364" lon="-16.86720102994469">
        <ele>876</ele>
      </trkpt>
      <trkpt lat="32.73222201029945" lon="-16.86718863246233">
        <ele>878</ele>
      </trkpt>
      <trkpt lat="32.73222201029945" lon="-16.86718863246233">
        <ele>878</ele>
      </trkpt>
      <trkpt lat="32.73218195689491" lon="-16.86711234026321">
        <ele>878</ele>
      </trkpt>
      <trkpt lat="32.73218195689491" lon="-16.86711234026321">
        <ele>878</ele>
      </trkpt>
      <trkpt lat="32.73215525462522" lon="-16.86704463093649">
        <ele>878</ele>
      </trkpt>
      <trkpt lat="32.73215525462522" lon="-16.86704463093649">
        <ele>878</ele>
      </trkpt>
      <trkpt lat="32.73215334732024" lon="-16.86701125309937">
        <ele>878</ele>
      </trkpt>
      <trkpt lat="32.73213618157543" lon="-16.86700457753195">
        <ele>878</ele>
      </trkpt>
      <trkpt lat="32.73213618157543" lon="-16.86699885561702">
        <ele>878</ele>
      </trkpt>
      <trkpt lat="32.73213618157543" lon="-16.86699885561702">
        <ele>878</ele>
      </trkpt>
      <trkpt lat="32.73221247377456" lon="-16.86699885561702">
        <ele>876</ele>
      </trkpt>
      <trkpt lat="32.73228876597368" lon="-16.86699885561702">
        <ele>874</ele>
      </trkpt>
      <trkpt lat="32.73239843600992" lon="-16.86702365058173">
        <ele>871</ele>
      </trkpt>
      <trkpt lat="32.73250905969865" lon="-16.86704844554645">
        <ele>869</ele>
      </trkpt>
      <trkpt lat="32.73258916650773" lon="-16.86705035285143">
        <ele>867</ele>
      </trkpt>
      <trkpt lat="32.73265782948694" lon="-16.86704176997902">
        <ele>865</ele>
      </trkpt>
      <trkpt lat="32.73275414838833" lon="-16.86701316040435">
        <ele>863</ele>
      </trkpt>
      <trkpt lat="32.73285046728972" lon="-16.86698455082968">
        <ele>860</ele>
      </trkpt>
      <trkpt lat="32.7329219912264" lon="-16.86698931909213">
        <ele>858</ele>
      </trkpt>
      <trkpt lat="32.73299351516308" lon="-16.86699313370208">
        <ele>857</ele>
      </trkpt>
      <trkpt lat="32.73303452222011" lon="-16.86694926568759">
        <ele>855</ele>
      </trkpt>
      <trkpt lat="32.73308506580202" lon="-16.86692351707038">
        <ele>854</ele>
      </trkpt>
      <trkpt lat="32.73313465573145" lon="-16.86687106618349">
        <ele>852</ele>
      </trkpt>
      <trkpt lat="32.73315468243373" lon="-16.86682719816899">
        <ele>851</ele>
      </trkpt>
      <trkpt lat="32.73315468243373" lon="-16.86677570093459">
        <ele>850</ele>
      </trkpt>
      <trkpt lat="32.73307362197216" lon="-16.86665935533092">
        <ele>850</ele>
      </trkpt>
      <trkpt lat="32.73299256151059" lon="-16.86654300972726">
        <ele>856</ele>
      </trkpt>
      <trkpt lat="32.73292389853138" lon="-16.86649818806028">
        <ele>858</ele>
      </trkpt>
      <trkpt lat="32.73288575243182" lon="-16.86648674423041">
        <ele>859</ele>
      </trkpt>
      <trkpt lat="32.73286286477208" lon="-16.86648674423041">
        <ele>860</ele>
      </trkpt>
      <trkpt lat="32.73285905016213" lon="-16.866435246996">
        <ele>861</ele>
      </trkpt>
      <trkpt lat="32.73287240129697" lon="-16.86637230593172">
        <ele>863</ele>
      </trkpt>
      <trkpt lat="32.732913408354" lon="-16.86637707419417">
        <ele>862</ele>
      </trkpt>
      <trkpt lat="32.73302021743277" lon="-16.86643429334351">
        <ele>859</ele>
      </trkpt>
      <trkpt lat="32.73308601945452" lon="-16.86644096891093">
        <ele>857</ele>
      </trkpt>
      <trkpt lat="32.73314133129888" lon="-16.86643047873356">
        <ele>857</ele>
      </trkpt>
      <trkpt lat="32.73319568949076" lon="-16.86640568376884">
        <ele>857</ele>
      </trkpt>
      <trkpt lat="32.7332529086401" lon="-16.86634369635705">
        <ele>859</ele>
      </trkpt>
      <trkpt lat="32.73331489605188" lon="-16.86630268930002">
        <ele>859</ele>
      </trkpt>
      <trkpt lat="32.73337783711616" lon="-16.86626072859051">
        <ele>860</ele>
      </trkpt>
      <trkpt lat="32.73343982452795" lon="-16.86627407972535">
        <ele>858</ele>
      </trkpt>
      <trkpt lat="32.73348178523747" lon="-16.86636276940683">
        <ele>854</ele>
      </trkpt>
      <trkpt lat="32.73352469959947" lon="-16.86645050543583">
        <ele>849</ele>
      </trkpt>
      <trkpt lat="32.73359813084112" lon="-16.86654777798971">
        <ele>843</ele>
      </trkpt>
      <trkpt lat="32.73365630364296" lon="-16.8665916460042">
        <ele>840</ele>
      </trkpt>
      <trkpt lat="32.73371256913981" lon="-16.86661262635896">
        <ele>838</ele>
      </trkpt>
      <trkpt lat="32.73378027846653" lon="-16.86658592408927">
        <ele>838</ele>
      </trkpt>
      <trkpt lat="32.73381937821858" lon="-16.86654300972726">
        <ele>839</ele>
      </trkpt>
      <trkpt lat="32.73383463665841" lon="-16.8664695784856">
        <ele>842</ele>
      </trkpt>
      <trkpt lat="32.73385084875072" lon="-16.86639519359146">
        <ele>845</ele>
      </trkpt>
      <trkpt lat="32.73388708754531" lon="-16.86632843791723">
        <ele>848</ele>
      </trkpt>
      <trkpt lat="32.73392427999237" lon="-16.866261682243">
        <ele>850</ele>
      </trkpt>
      <trkpt lat="32.73395956513447" lon="-16.86624070188824">
        <ele>851</ele>
      </trkpt>
      <trkpt lat="32.7340177379363" lon="-16.8662435628457">
        <ele>850</ele>
      </trkpt>
      <trkpt lat="32.73409975205035" lon="-16.86628647720771">
        <ele>846</ele>
      </trkpt>
      <trkpt lat="32.73419702460424" lon="-16.86637707419417">
        <ele>839</ele>
      </trkpt>
      <trkpt lat="32.73429525081061" lon="-16.86646671752814">
        <ele>832</ele>
      </trkpt>
      <trkpt lat="32.73435819187488" lon="-16.8664609956132">
        <ele>830</ele>
      </trkpt>
      <trkpt lat="32.73442113293916" lon="-16.86645527369827">
        <ele>828</ele>
      </trkpt>
      <trkpt lat="32.73446690825863" lon="-16.86641331298875">
        <ele>829</ele>
      </trkpt>
      <trkpt lat="32.73448312035095" lon="-16.86631413312989">
        <ele>834</ele>
      </trkpt>
      <trkpt lat="32.73449933244326" lon="-16.86621399961854">
        <ele>838</ele>
      </trkpt>
      <trkpt lat="32.7345479687202" lon="-16.86611958802213">
        <ele>842</ele>
      </trkpt>
      <trkpt lat="32.73459755864963" lon="-16.86602517642572">
        <ele>845</ele>
      </trkpt>
      <trkpt lat="32.73470913599085" lon="-16.86563703986268">
        <ele>862</ele>
      </trkpt>
      <trkpt lat="32.7348006866298" lon="-16.86551974060653">
        <ele>865</ele>
      </trkpt>
      <trkpt lat="32.73487507152394" lon="-16.86549017737937">
        <ele>864</ele>
      </trkpt>
      <trkpt lat="32.73525843982453" lon="-16.86547110432959">
        <ele>849</ele>
      </trkpt>
      <trkpt lat="32.73558935723823" lon="-16.8653223345413">
        <ele>839</ele>
      </trkpt>
      <trkpt lat="32.73562559603281" lon="-16.86522315468244">
        <ele>841</ele>
      </trkpt>
      <trkpt lat="32.73558649628076" lon="-16.86512874308603">
        <ele>845</ele>
      </trkpt>
      <trkpt lat="32.73553309174137" lon="-16.86508487507153">
        <ele>850</ele>
      </trkpt>
      <trkpt lat="32.73553023078391" lon="-16.86504672897197">
        <ele>851</ele>
      </trkpt>
      <trkpt lat="32.73558268167081" lon="-16.86497139042534">
        <ele>850</ele>
      </trkpt>
      <trkpt lat="32.73563608621019" lon="-16.86489509822621">
        <ele>849</ele>
      </trkpt>
      <trkpt lat="32.73569902727446" lon="-16.86483692542438">
        <ele>848</ele>
      </trkpt>
      <trkpt lat="32.73579820713332" lon="-16.86481213045966">
        <ele>843</ele>
      </trkpt>
      <trkpt lat="32.73587640663742" lon="-16.86478065992753">
        <ele>840</ele>
      </trkpt>
      <trkpt lat="32.73595555979401" lon="-16.8647482357429">
        <ele>838</ele>
      </trkpt>
      <trkpt lat="32.73604138851803" lon="-16.86475014304788">
        <ele>835</ele>
      </trkpt>
      <trkpt lat="32.73612721724204" lon="-16.86475205035286">
        <ele>832</ele>
      </trkpt>
      <trkpt lat="32.73621304596605" lon="-16.86471962616823">
        <ele>829</ele>
      </trkpt>
      <trkpt lat="32.73624165554072" lon="-16.86463856570666">
        <ele>830</ele>
      </trkpt>
      <trkpt lat="32.73623784093077" lon="-16.86455178333016">
        <ele>833</ele>
      </trkpt>
      <trkpt lat="32.73617203890903" lon="-16.8644354377265">
        <ele>838</ele>
      </trkpt>
      <trkpt lat="32.73610719053977" lon="-16.86431813847035">
        <ele>843</ele>
      </trkpt>
      <trkpt lat="32.73603948121305" lon="-16.86391569711997">
        <ele>857</ele>
      </trkpt>
      <trkpt lat="32.73601087163838" lon="-16.86387659736792">
        <ele>859</ele>
      </trkpt>
      <trkpt lat="32.73597081823384" lon="-16.86385466336068">
        <ele>861</ele>
      </trkpt>
      <trkpt lat="32.73590406255961" lon="-16.86385466336068">
        <ele>862</ele>
      </trkpt>
      <trkpt lat="32.73595079153157" lon="-16.86379267594889">
        <ele>863</ele>
      </trkpt>
      <trkpt lat="32.73599752050353" lon="-16.86372973488461">
        <ele>863</ele>
      </trkpt>
      <trkpt lat="32.73605092504292" lon="-16.86368205226016">
        <ele>863</ele>
      </trkpt>
      <trkpt lat="32.73617013160405" lon="-16.86366584016785">
        <ele>861</ele>
      </trkpt>
      <trkpt lat="32.73628933816518" lon="-16.86364962807554">
        <ele>860</ele>
      </trkpt>
      <trkpt lat="32.73637325958421" lon="-16.86364867442304">
        <ele>858</ele>
      </trkpt>
      <trkpt lat="32.73641998855617" lon="-16.86368300591265">
        <ele>855</ele>
      </trkpt>
      <trkpt lat="32.73646576387565" lon="-16.86370017165745">
        <ele>854</ele>
      </trkpt>
      <trkpt lat="32.73652489032997" lon="-16.86369158878505">
        <ele>853</ele>
      </trkpt>
      <trkpt lat="32.73655922181958" lon="-16.86367537669274">
        <ele>853</ele>
      </trkpt>
      <trkpt lat="32.73660213618158" lon="-16.86363436963571">
        <ele>854</ele>
      </trkpt>
      <trkpt lat="32.73663551401869" lon="-16.86358191874881">
        <ele>856</ele>
      </trkpt>
      <trkpt lat="32.7366870112531" lon="-16.86352469959947">
        <ele>858</ele>
      </trkpt>
      <trkpt lat="32.73679000572192" lon="-16.86342742704559">
        <ele>862</ele>
      </trkpt>
      <trkpt lat="32.73686820522602" lon="-16.8634007247759">
        <ele>863</ele>
      </trkpt>
      <trkpt lat="32.73694640473012" lon="-16.8633740225062">
        <ele>863</ele>
      </trkpt>
      <trkpt lat="32.73706656494374" lon="-16.86340549303834">
        <ele>861</ele>
      </trkpt>
      <trkpt lat="32.73713522792295" lon="-16.86345126835781">
        <ele>858</ele>
      </trkpt>
      <trkpt lat="32.73720389090216" lon="-16.86349704367729">
        <ele>855</ele>
      </trkpt>
      <trkpt lat="32.73732119015831" lon="-16.86359908449361">
        <ele>849</ele>
      </trkpt>
      <trkpt lat="32.73738889948503" lon="-16.86363055502575">
        <ele>847</ele>
      </trkpt>
      <trkpt lat="32.73745660881175" lon="-16.8636610719054">
        <ele>845</ele>
      </trkpt>
      <trkpt lat="32.7375309937059" lon="-16.86365916460042">
        <ele>843</ele>
      </trkpt>
      <trkpt lat="32.73760633225253" lon="-16.86365630364296">
        <ele>841</ele>
      </trkpt>
      <trkpt lat="32.73771314133131" lon="-16.8636181575434">
        <ele>838</ele>
      </trkpt>
      <trkpt lat="32.73777036048065" lon="-16.8635742895289">
        <ele>838</ele>
      </trkpt>
      <trkpt lat="32.73781327484265" lon="-16.8634960900248">
        <ele>839</ele>
      </trkpt>
      <trkpt lat="32.73790387182911" lon="-16.86307934388709">
        <ele>845</ele>
      </trkpt>
      <trkpt lat="32.73796776654587" lon="-16.8629744421133">
        <ele>843</ele>
      </trkpt>
      <trkpt lat="32.73799732977304" lon="-16.86289052069426">
        <ele>844</ele>
      </trkpt>
      <trkpt lat="32.7380268930002" lon="-16.86280659927523">
        <ele>844</ele>
      </trkpt>
      <trkpt lat="32.7380698073622" lon="-16.86274175090598">
        <ele>843</ele>
      </trkpt>
      <trkpt lat="32.7381136753767" lon="-16.86267690253672">
        <ele>842</ele>
      </trkpt>
      <trkpt lat="32.73816040434866" lon="-16.8625653251955">
        <ele>841</ele>
      </trkpt>
      <trkpt lat="32.73817661644097" lon="-16.86249761586878">
        <ele>842</ele>
      </trkpt>
      <trkpt lat="32.73817184817852" lon="-16.86241846271219">
        <ele>841</ele>
      </trkpt>
      <trkpt lat="32.73812893381652" lon="-16.86237078008774">
        <ele>843</ele>
      </trkpt>
      <trkpt lat="32.7380526416174" lon="-16.86233263398818">
        <ele>846</ele>
      </trkpt>
      <trkpt lat="32.73793534236125" lon="-16.86222487125692">
        <ele>851</ele>
      </trkpt>
      <trkpt lat="32.73789433530422" lon="-16.8621571619302">
        <ele>852</ele>
      </trkpt>
      <trkpt lat="32.73785428189968" lon="-16.86208849895099">
        <ele>853</ele>
      </trkpt>
      <trkpt lat="32.73781995041008" lon="-16.86201316040435">
        <ele>853</ele>
      </trkpt>
      <trkpt lat="32.73778657257296" lon="-16.86193686820523">
        <ele>854</ele>
      </trkpt>
      <trkpt lat="32.73772553881366" lon="-16.86181956894908">
        <ele>855</ele>
      </trkpt>
      <trkpt lat="32.73750524508869" lon="-16.86157352660691">
        <ele>862</ele>
      </trkpt>
      <trkpt lat="32.73744897959184" lon="-16.86147053213809">
        <ele>864</ele>
      </trkpt>
      <trkpt lat="32.73739271409499" lon="-16.86136658401679">
        <ele>866</ele>
      </trkpt>
      <trkpt lat="32.73730020980355" lon="-16.86129696738509">
        <ele>871</ele>
      </trkpt>
      <trkpt lat="32.73726015639901" lon="-16.86122067518597">
        <ele>872</ele>
      </trkpt>
      <trkpt lat="32.73719435437727" lon="-16.86112435628457">
        <ele>875</ele>
      </trkpt>
      <trkpt lat="32.73715811558269" lon="-16.86108239557506">
        <ele>876</ele>
      </trkpt>
      <trkpt lat="32.73715811558269" lon="-16.86101945451078">
        <ele>875</ele>
      </trkpt>
      <trkpt lat="32.7372000762922" lon="-16.86094697692161">
        <ele>872</ele>
      </trkpt>
      <trkpt lat="32.73728113675377" lon="-16.86086591646005">
        <ele>867</ele>
      </trkpt>
      <trkpt lat="32.73755388136563" lon="-16.86064848369255">
        <ele>854</ele>
      </trkpt>
      <trkpt lat="32.73762063703987" lon="-16.86062178142285">
        <ele>852</ele>
      </trkpt>
      <trkpt lat="32.73768834636659" lon="-16.86059412550067">
        <ele>849</ele>
      </trkpt>
      <trkpt lat="32.73778371161549" lon="-16.86051020408164">
        <ele>845</ele>
      </trkpt>
      <trkpt lat="32.73779801640283" lon="-16.86044726301736">
        <ele>845</ele>
      </trkpt>
      <trkpt lat="32.73781232119016" lon="-16.86038432195308">
        <ele>844</ele>
      </trkpt>
      <trkpt lat="32.73780659927523" lon="-16.86028037383178">
        <ele>845</ele>
      </trkpt>
      <trkpt lat="32.73773507533855" lon="-16.86001621209232">
        <ele>848</ele>
      </trkpt>
      <trkpt lat="32.73773602899104" lon="-16.86">
        <ele>848</ele>
      </trkpt>
      <trkpt lat="32.73773602899104" lon="-16.86">
        <ele>848</ele>
      </trkpt>
      <trkpt lat="32.73773888994851" lon="-16.85993515163074">
        <ele>845</ele>
      </trkpt>
      <trkpt lat="32.73774270455846" lon="-16.85987030326148">
        <ele>842</ele>
      </trkpt>
      <trkpt lat="32.73769979019646" lon="-16.8597644478352">
        <ele>839</ele>
      </trkpt>
      <trkpt lat="32.73765020026703" lon="-16.85970341407591">
        <ele>839</ele>
      </trkpt>
      <trkpt lat="32.73760061033759" lon="-16.85964142666412">
        <ele>838</ele>
      </trkpt>
      <trkpt lat="32.73701220675186" lon="-16.85932862864772">
        <ele>851</ele>
      </trkpt>
      <trkpt lat="32.73692733168034" lon="-16.85923707800877">
        <ele>851</ele>
      </trkpt>
      <trkpt lat="32.73684245660881" lon="-16.85914552736982">
        <ele>851</ele>
      </trkpt>
      <trkpt lat="32.7366870112531" lon="-16.85868300591264">
        <ele>844</ele>
      </trkpt>
      <trkpt lat="32.73661262635896" lon="-16.8586257867633">
        <ele>845</ele>
      </trkpt>
      <trkpt lat="32.7365391951173" lon="-16.85856856761395">
        <ele>847</ele>
      </trkpt>
      <trkpt lat="32.73642761777609" lon="-16.85853995803928">
        <ele>851</ele>
      </trkpt>
      <trkpt lat="32.73600419607096" lon="-16.85851420942208">
        <ele>870</ele>
      </trkpt>
      <trkpt lat="32.7359736791913" lon="-16.85849799732977">
        <ele>871</ele>
      </trkpt>
      <trkpt lat="32.73596795727637" lon="-16.85845412931527">
        <ele>870</ele>
      </trkpt>
      <trkpt lat="32.73602803738318" lon="-16.85834445927903">
        <ele>864</ele>
      </trkpt>
      <trkpt lat="32.73604138851803" lon="-16.85825290864009">
        <ele>863</ele>
      </trkpt>
      <trkpt lat="32.73605473965287" lon="-16.85816135800114">
        <ele>861</ele>
      </trkpt>
      <trkpt lat="32.73602803738318" lon="-16.85805073431241">
        <ele>861</ele>
      </trkpt>
      <trkpt lat="32.73599942780851" lon="-16.85799351516307">
        <ele>862</ele>
      </trkpt>
      <trkpt lat="32.73594125500668" lon="-16.85793343505626">
        <ele>863</ele>
      </trkpt>
      <trkpt lat="32.73590406255961" lon="-16.85791150104901">
        <ele>865</ele>
      </trkpt>
      <trkpt lat="32.73585161167271" lon="-16.85784093076482">
        <ele>866</ele>
      </trkpt>
      <trkpt lat="32.73579534617586" lon="-16.85773316803356">
        <ele>867</ele>
      </trkpt>
      <trkpt lat="32.73576292199123" lon="-16.85764447835208">
        <ele>868</ele>
      </trkpt>
      <trkpt lat="32.73576292199123" lon="-16.85764447835208">
        <ele>868</ele>
      </trkpt>
      <trkpt lat="32.73574384894145" lon="-16.85754815945069">
        <ele>867</ele>
      </trkpt>
      <trkpt lat="32.73574384894145" lon="-16.85754815945069">
        <ele>867</ele>
      </trkpt>
      <trkpt lat="32.73570856379936" lon="-16.85745279420179">
        <ele>870</ele>
      </trkpt>
      <trkpt lat="32.73567137135228" lon="-16.85740606522982">
        <ele>873</ele>
      </trkpt>
      <trkpt lat="32.7356179668129" lon="-16.8573822239176">
        <ele>876</ele>
      </trkpt>
      <trkpt lat="32.7356179668129" lon="-16.8573822239176">
        <ele>876</ele>
      </trkpt>
      <trkpt lat="32.73556170131604" lon="-16.85737554835018">
        <ele>879</ele>
      </trkpt>
      <trkpt lat="32.73554262826627" lon="-16.8573469387755">
        <ele>880</ele>
      </trkpt>
      <trkpt lat="32.73550638947168" lon="-16.85725538813656">
        <ele>884</ele>
      </trkpt>
      <trkpt lat="32.73551974060653" lon="-16.85720007629219">
        <ele>884</ele>
      </trkpt>
      <trkpt lat="32.73551974060653" lon="-16.85720007629219">
        <ele>884</ele>
      </trkpt>
      <trkpt lat="32.73553023078391" lon="-16.85715334732023">
        <ele>885</ele>
      </trkpt>
      <trkpt lat="32.73553023078391" lon="-16.85715334732023">
        <ele>885</ele>
      </trkpt>
      <trkpt lat="32.73553976730879" lon="-16.85711329391569">
        <ele>885</ele>
      </trkpt>
      <trkpt lat="32.73553976730879" lon="-16.85711329391569">
        <ele>885</ele>
      </trkpt>
      <trkpt lat="32.7356437154301" lon="-16.85711615487316">
        <ele>881</ele>
      </trkpt>
      <trkpt lat="32.73575910738128" lon="-16.85713236696547">
        <ele>876</ele>
      </trkpt>
      <trkpt lat="32.73585161167271" lon="-16.85711901583063">
        <ele>873</ele>
      </trkpt>
      <trkpt lat="32.73594506961663" lon="-16.85710566469578">
        <ele>873</ele>
      </trkpt>
      <trkpt lat="32.73599465954607" lon="-16.85710757200076">
        <ele>872</ele>
      </trkpt>
      <trkpt lat="32.73606713713523" lon="-16.85716193019263">
        <ele>869</ele>
      </trkpt>
      <trkpt lat="32.73613198550449" lon="-16.85725252717909">
        <ele>864</ele>
      </trkpt>
      <trkpt lat="32.73619397291628" lon="-16.85730211710852">
        <ele>860</ele>
      </trkpt>
      <trkpt lat="32.73625691398055" lon="-16.85735170703795">
        <ele>857</ele>
      </trkpt>
      <trkpt lat="32.73631127217242" lon="-16.85735170703795">
        <ele>855</ele>
      </trkpt>
      <trkpt lat="32.73634178905208" lon="-16.85733930955559">
        <ele>855</ele>
      </trkpt>
      <trkpt lat="32.73644096891093" lon="-16.85735456799542">
        <ele>852</ele>
      </trkpt>
      <trkpt lat="32.73653442685486" lon="-16.85734503147053">
        <ele>851</ele>
      </trkpt>
      <trkpt lat="32.73660404348656" lon="-16.8572687392714">
        <ele>854</ele>
      </trkpt>
      <trkpt lat="32.73667270646577" lon="-16.85720961281708">
        <ele>857</ele>
      </trkpt>
      <trkpt lat="32.73677760823956" lon="-16.8571647911501">
        <ele>860</ele>
      </trkpt>
      <trkpt lat="32.73685962235362" lon="-16.85714953271027">
        <ele>861</ele>
      </trkpt>
      <trkpt lat="32.73691493419798" lon="-16.85717623497997">
        <ele>860</ele>
      </trkpt>
      <trkpt lat="32.7369397291627" lon="-16.85724108334922">
        <ele>855</ele>
      </trkpt>
      <trkpt lat="32.73697501430479" lon="-16.85730879267594">
        <ele>850</ele>
      </trkpt>
      <trkpt lat="32.73704176997902" lon="-16.85738699218004">
        <ele>844</ele>
      </trkpt>
      <trkpt lat="32.73710566469579" lon="-16.85741846271218">
        <ele>842</ele>
      </trkpt>
      <trkpt lat="32.73716955941256" lon="-16.85744897959183">
        <ele>840</ele>
      </trkpt>
      <trkpt lat="32.73724871256914" lon="-16.85744707228685">
        <ele>840</ele>
      </trkpt>
      <trkpt lat="32.73732881937822" lon="-16.85744421132939">
        <ele>840</ele>
      </trkpt>
      <trkpt lat="32.73743372115202" lon="-16.85740606522982">
        <ele>842</ele>
      </trkpt>
      <trkpt lat="32.73749475491132" lon="-16.85737459469768">
        <ele>845</ele>
      </trkpt>
      <trkpt lat="32.7375567423231" lon="-16.85734217051306">
        <ele>846</ele>
      </trkpt>
      <trkpt lat="32.73761205416746" lon="-16.8572773221438">
        <ele>849</ele>
      </trkpt>
      <trkpt lat="32.73766736601183" lon="-16.85721247377455">
        <ele>853</ele>
      </trkpt>
      <trkpt lat="32.73776654587069" lon="-16.85720961281708">
        <ele>850</ele>
      </trkpt>
      <trkpt lat="32.73788193782186" lon="-16.85726492466145">
        <ele>842</ele>
      </trkpt>
      <trkpt lat="32.73799446881556" lon="-16.8573564753004">
        <ele>832</ele>
      </trkpt>
      <trkpt lat="32.73806503909976" lon="-16.8573822239176">
        <ele>829</ele>
      </trkpt>
      <trkpt lat="32.73813656303643" lon="-16.85740701888231">
        <ele>825</ele>
      </trkpt>
      <trkpt lat="32.73821476254054" lon="-16.85740606522982">
        <ele>823</ele>
      </trkpt>
      <trkpt lat="32.73828628647721" lon="-16.85736124356284">
        <ele>824</ele>
      </trkpt>
      <trkpt lat="32.73830345222201" lon="-16.85729734884607">
        <ele>828</ele>
      </trkpt>
      <trkpt lat="32.73832061796681" lon="-16.85723250047682">
        <ele>832</ele>
      </trkpt>
      <trkpt lat="32.73832061796681" lon="-16.85714285714285">
        <ele>838</ele>
      </trkpt>
      <trkpt lat="32.7382958230021" lon="-16.85704749189395">
        <ele>845</ele>
      </trkpt>
      <trkpt lat="32.73828914743468" lon="-16.85694354377264">
        <ele>852</ele>
      </trkpt>
      <trkpt lat="32.7383396910166" lon="-16.85683959565134">
        <ele>858</ele>
      </trkpt>
      <trkpt lat="32.7384350562655" lon="-16.85677856189204">
        <ele>861</ele>
      </trkpt>
      <trkpt lat="32.73848941445738" lon="-16.85671371352279">
        <ele>864</ele>
      </trkpt>
      <trkpt lat="32.73852374594698" lon="-16.8566173946214">
        <ele>871</ele>
      </trkpt>
      <trkpt lat="32.73855807743659" lon="-16.85652107572">
        <ele>877</ele>
      </trkpt>
      <trkpt lat="32.7386000381461" lon="-16.85649914171275">
        <ele>878</ele>
      </trkpt>
      <trkpt lat="32.73863723059318" lon="-16.85650867823765">
        <ele>877</ele>
      </trkpt>
      <trkpt lat="32.73869826435247" lon="-16.85662693114628">
        <ele>868</ele>
      </trkpt>
      <trkpt lat="32.73873545679955" lon="-16.8567127598703">
        <ele>862</ele>
      </trkpt>
      <trkpt lat="32.73877264924662" lon="-16.85679763494182">
        <ele>855</ele>
      </trkpt>
      <trkpt lat="32.73884131222583" lon="-16.85686152965859">
        <ele>849</ele>
      </trkpt>
      <trkpt lat="32.73890997520504" lon="-16.85692542437535">
        <ele>842</ele>
      </trkpt>
      <trkpt lat="32.7390005721915" lon="-16.85695975586496">
        <ele>838</ele>
      </trkpt>
      <trkpt lat="32.73909212283044" lon="-16.85699313370207">
        <ele>833</ele>
      </trkpt>
      <trkpt lat="32.73918081251193" lon="-16.85698645813465">
        <ele>833</ele>
      </trkpt>
      <trkpt lat="32.73943734503148" lon="-16.85686820522601">
        <ele>850</ele>
      </trkpt>
      <trkpt lat="32.73950410070571" lon="-16.85683005912645">
        <ele>854</ele>
      </trkpt>
      <trkpt lat="32.73957085637994" lon="-16.8567909593744">
        <ele>859</ele>
      </trkpt>
      <trkpt lat="32.73965096318902" lon="-16.85670799160785">
        <ele>867</ele>
      </trkpt>
      <trkpt lat="32.73971485790578" lon="-16.85668415029563">
        <ele>871</ele>
      </trkpt>
      <trkpt lat="32.73977970627504" lon="-16.8566603089834">
        <ele>873</ele>
      </trkpt>
      <trkpt lat="32.73986648865154" lon="-16.85670608430287">
        <ele>872</ele>
      </trkpt>
      <trkpt lat="32.73990368109861" lon="-16.85676711806217">
        <ele>868</ele>
      </trkpt>
      <trkpt lat="32.73992656875835" lon="-16.85686152965859">
        <ele>862</ele>
      </trkpt>
      <trkpt lat="32.73995041007058" lon="-16.85695498760251">
        <ele>856</ele>
      </trkpt>
      <trkpt lat="32.74" lon="-16.85702937249666">
        <ele>852</ele>
      </trkpt>
      <trkpt lat="32.74" lon="-16.85702937249666">
        <ele>852</ele>
      </trkpt>
      <trkpt lat="32.74007533854663" lon="-16.85714476444783">
        <ele>844</ele>
      </trkpt>
      <trkpt lat="32.74015163074576" lon="-16.857260156399">
        <ele>837</ele>
      </trkpt>
      <trkpt lat="32.7405569330536" lon="-16.85791817661644">
        <ele>814</ele>
      </trkpt>
      <trkpt lat="32.74058172801831" lon="-16.85789242799923">
        <ele>816</ele>
      </trkpt>
      <trkpt lat="32.74061319855045" lon="-16.8578170894526">
        <ele>819</ele>
      </trkpt>
      <trkpt lat="32.74062559603281" lon="-16.85775510204081">
        <ele>821</ele>
      </trkpt>
      <trkpt lat="32.74063894716765" lon="-16.85769311462902">
        <ele>824</ele>
      </trkpt>
      <trkpt lat="32.7406170131604" lon="-16.85760919320999">
        <ele>827</ele>
      </trkpt>
      <trkpt lat="32.74059603280565" lon="-16.85752527179095">
        <ele>829</ele>
      </trkpt>
      <trkpt lat="32.74060747663552" lon="-16.85723154682433">
        <ele>842</ele>
      </trkpt>
      <trkpt lat="32.74063131794774" lon="-16.85711138661071">
        <ele>848</ele>
      </trkpt>
      <trkpt lat="32.74069616631699" lon="-16.85701125309937">
        <ele>852</ele>
      </trkpt>
      <trkpt lat="32.74076101468625" lon="-16.85691111958802">
        <ele>856</ele>
      </trkpt>
      <trkpt lat="32.74077627312607" lon="-16.85683101277894">
        <ele>859</ele>
      </trkpt>
      <trkpt lat="32.7407915315659" lon="-16.85674995231737">
        <ele>862</ele>
      </trkpt>
      <trkpt lat="32.7408611481976" lon="-16.85647434674804">
        <ele>869</ele>
      </trkpt>
      <trkpt lat="32.74092027465192" lon="-16.85635895479687">
        <ele>870</ele>
      </trkpt>
      <trkpt lat="32.74102517642571" lon="-16.85625214571809">
        <ele>868</ele>
      </trkpt>
      <trkpt lat="32.74141426664124" lon="-16.85611672706465">
        <ele>850</ele>
      </trkpt>
      <trkpt lat="32.74150104901774" lon="-16.85606713713522">
        <ele>847</ele>
      </trkpt>
      <trkpt lat="32.74155826816708" lon="-16.85600610337593">
        <ele>845</ele>
      </trkpt>
      <trkpt lat="32.74159069235171" lon="-16.8559383940492">
        <ele>846</ele>
      </trkpt>
      <trkpt lat="32.74162407018882" lon="-16.85586973106999">
        <ele>847</ele>
      </trkpt>
      <trkpt lat="32.7416431432386" lon="-16.8557905779134">
        <ele>847</ele>
      </trkpt>
      <trkpt lat="32.74166221628838" lon="-16.85571142475681">
        <ele>847</ele>
      </trkpt>
      <trkpt lat="32.74166698455083" lon="-16.85564180812511">
        <ele>848</ele>
      </trkpt>
      <trkpt lat="32.74167175281328" lon="-16.85557219149342">
        <ele>848</ele>
      </trkpt>
      <trkpt lat="32.74165935533092" lon="-16.85550734312416">
        <ele>850</ele>
      </trkpt>
      <trkpt lat="32.74164791150105" lon="-16.85544249475491">
        <ele>851</ele>
      </trkpt>
      <trkpt lat="32.74165744802594" lon="-16.85536238794583">
        <ele>852</ele>
      </trkpt>
      <trkpt lat="32.74168319664314" lon="-16.85529086400915">
        <ele>851</ele>
      </trkpt>
      <trkpt lat="32.74185580774366" lon="-16.85496280755292">
        <ele>849</ele>
      </trkpt>
      <trkpt lat="32.74192637802785" lon="-16.8549036810986">
        <ele>848</ele>
      </trkpt>
      <trkpt lat="32.74199790196452" lon="-16.85484360099179">
        <ele>846</ele>
      </trkpt>
      <trkpt lat="32.74204272363151" lon="-16.85483597177188">
        <ele>845</ele>
      </trkpt>
      <trkpt lat="32.74208659164601" lon="-16.85481975967957">
        <ele>845</ele>
      </trkpt>
      <trkpt lat="32.74210375739081" lon="-16.85478447453747">
        <ele>845</ele>
      </trkpt>
      <trkpt lat="32.74208945260347" lon="-16.85471390425328">
        <ele>847</ele>
      </trkpt>
      <trkpt lat="32.74207514781614" lon="-16.85464238031661">
        <ele>848</ele>
      </trkpt>
      <trkpt lat="32.74203890902155" lon="-16.85457562464238">
        <ele>850</ele>
      </trkpt>
      <trkpt lat="32.74200267022697" lon="-16.85450791531565">
        <ele>851</ele>
      </trkpt>
      <trkpt lat="32.74200267022697" lon="-16.85450791531565">
        <ele>851</ele>
      </trkpt>
      <trkpt lat="32.74194259012016" lon="-16.85439633797444">
        <ele>851</ele>
      </trkpt>
      <trkpt lat="32.74194259012016" lon="-16.85439633797444">
        <ele>851</ele>
      </trkpt>
      <trkpt lat="32.74183959565134" lon="-16.85428380698073">
        <ele>850</ele>
      </trkpt>
      <trkpt lat="32.74173660118253" lon="-16.85417032233454">
        <ele>847</ele>
      </trkpt>
      <trkpt lat="32.74169177951554" lon="-16.85416936868205">
        <ele>846</ele>
      </trkpt>
      <trkpt lat="32.74161834827389" lon="-16.85417890520694">
        <ele>844</ele>
      </trkpt>
      <trkpt lat="32.74154587068472" lon="-16.85418844173183">
        <ele>843</ele>
      </trkpt>
      <trkpt lat="32.7412778943353" lon="-16.85444211329391">
        <ele>844</ele>
      </trkpt>
      <trkpt lat="32.74115868777417" lon="-16.85448216669845">
        <ele>844</ele>
      </trkpt>
      <trkpt lat="32.7410957467099" lon="-16.85447549113103">
        <ele>843</ele>
      </trkpt>
      <trkpt lat="32.74103375929811" lon="-16.85446786191111">
        <ele>842</ele>
      </trkpt>
      <trkpt lat="32.74094030135419" lon="-16.85443925233644">
        <ele>839</ele>
      </trkpt>
      <trkpt lat="32.74084779706275" lon="-16.85441064276177">
        <ele>837</ele>
      </trkpt>
      <trkpt lat="32.74072668319664" lon="-16.85440873545679">
        <ele>843</ele>
      </trkpt>
      <trkpt lat="32.74063894716765" lon="-16.85443162311653">
        <ele>849</ele>
      </trkpt>
      <trkpt lat="32.74054930383368" lon="-16.85443353042151">
        <ele>855</ele>
      </trkpt>
      <trkpt lat="32.7405044821667" lon="-16.8544259012016">
        <ele>857</ele>
      </trkpt>
      <trkpt lat="32.74040244135037" lon="-16.85438680144955">
        <ele>862</ele>
      </trkpt>
      <trkpt lat="32.74030040053405" lon="-16.8543477016975">
        <ele>867</ele>
      </trkpt>
      <trkpt lat="32.7401993133702" lon="-16.85434388708754">
        <ele>873</ele>
      </trkpt>
      <trkpt lat="32.74009822620637" lon="-16.85434007247758">
        <ele>879</ele>
      </trkpt>
      <trkpt lat="32.74009917985886" lon="-16.854303833683">
        <ele>878</ele>
      </trkpt>
      <trkpt lat="32.7400524508869" lon="-16.85418558077436">
        <ele>877</ele>
      </trkpt>
      <trkpt lat="32.74002574861721" lon="-16.85409975205035">
        <ele>873</ele>
      </trkpt>
      <trkpt lat="32.74" lon="-16.85401296967385">
        <ele>868</ele>
      </trkpt>
      <trkpt lat="32.74" lon="-16.85401296967385">
        <ele>868</ele>
      </trkpt>
      <trkpt lat="32.73995899294297" lon="-16.85394049208468">
        <ele>866</ele>
      </trkpt>
      <trkpt lat="32.73991893953843" lon="-16.85386706084302">
        <ele>864</ele>
      </trkpt>
      <trkpt lat="32.73990177379363" lon="-16.85380411977875">
        <ele>861</ele>
      </trkpt>
      <trkpt lat="32.73987602517643" lon="-16.85336830059126">
        <ele>833</ele>
      </trkpt>
      <trkpt lat="32.73993515163075" lon="-16.85300495899294">
        <ele>813</ele>
      </trkpt>
      <trkpt lat="32.73991798588595" lon="-16.85298111768071">
        <ele>814</ele>
      </trkpt>
      <trkpt lat="32.73988460804883" lon="-16.85297539576578">
        <ele>818</ele>
      </trkpt>
      <trkpt lat="32.73977493801259" lon="-16.85297062750333">
        <ele>831</ele>
      </trkpt>
      <trkpt lat="32.73966526797636" lon="-16.8529649055884">
        <ele>844</ele>
      </trkpt>
      <trkpt lat="32.7395746709899" lon="-16.85290482548159">
        <ele>853</ele>
      </trkpt>
      <trkpt lat="32.73950791531566" lon="-16.85287716955941">
        <ele>860</ele>
      </trkpt>
      <trkpt lat="32.73944211329392" lon="-16.85284855998474">
        <ele>867</ele>
      </trkpt>
      <trkpt lat="32.73938870875453" lon="-16.85273602899103">
        <ele>870</ele>
      </trkpt>
      <trkpt lat="32.73933625786763" lon="-16.85262254434484">
        <ele>873</ele>
      </trkpt>
      <trkpt lat="32.73931241655541" lon="-16.85250905969864">
        <ele>873</ele>
      </trkpt>
      <trkpt lat="32.73931241655541" lon="-16.85250905969864">
        <ele>873</ele>
      </trkpt>
      <trkpt lat="32.73929620446309" lon="-16.85243753576196">
        <ele>874</ele>
      </trkpt>
      <trkpt lat="32.73930574098799" lon="-16.85236219721533">
        <ele>871</ele>
      </trkpt>
      <trkpt lat="32.73929048254816" lon="-16.85228399771123">
        <ele>872</ele>
      </trkpt>
      <trkpt lat="32.73929620446309" lon="-16.85219816898721">
        <ele>870</ele>
      </trkpt>
      <trkpt lat="32.73928189967576" lon="-16.85212378409307">
        <ele>870</ele>
      </trkpt>
      <trkpt lat="32.7392876215907" lon="-16.85205035285141">
        <ele>868</ele>
      </trkpt>
      <trkpt lat="32.7392876215907" lon="-16.85205035285141">
        <ele>868</ele>
      </trkpt>
      <trkpt lat="32.73929334350563" lon="-16.85197501430478">
        <ele>866</ele>
      </trkpt>
      <trkpt lat="32.73928857524319" lon="-16.85190253671562">
        <ele>865</ele>
      </trkpt>
      <trkpt lat="32.73928380698074" lon="-16.85182910547396">
        <ele>865</ele>
      </trkpt>
      <trkpt lat="32.73928380698074" lon="-16.85182910547396">
        <ele>865</ele>
      </trkpt>
      <trkpt lat="32.73926759488842" lon="-16.85177570093457">
        <ele>866</ele>
      </trkpt>
      <trkpt lat="32.73928285332825" lon="-16.85173183292008">
        <ele>863</ele>
      </trkpt>
      <trkpt lat="32.73928285332825" lon="-16.85173183292008">
        <ele>863</ele>
      </trkpt>
      <trkpt lat="32.73925996566852" lon="-16.85163742132366">
        <ele>864</ele>
      </trkpt>
      <trkpt lat="32.73923803166127" lon="-16.85154205607476">
        <ele>865</ele>
      </trkpt>
      <trkpt lat="32.73925329010109" lon="-16.85150295632271">
        <ele>862</ele>
      </trkpt>
      <trkpt lat="32.73929525081061" lon="-16.85148579057791">
        <ele>856</ele>
      </trkpt>
      <trkpt lat="32.73936009917986" lon="-16.85148102231546">
        <ele>848</ele>
      </trkpt>
      <trkpt lat="32.73936009917986" lon="-16.85148102231546">
        <ele>848</ele>
      </trkpt>
      <trkpt lat="32.73938680144956" lon="-16.85141140568376">
        <ele>843</ele>
      </trkpt>
      <trkpt lat="32.73938680144956" lon="-16.85141140568376">
        <ele>843</ele>
      </trkpt>
      <trkpt lat="32.73940587449933" lon="-16.85133606713713">
        <ele>838</ele>
      </trkpt>
      <trkpt lat="32.73940587449933" lon="-16.85121590692351">
        <ele>836</ele>
      </trkpt>
      <trkpt lat="32.73931909212283" lon="-16.85096604997138">
        <ele>841</ele>
      </trkpt>
      <trkpt lat="32.73931813847035" lon="-16.85075815372878">
        <ele>837</ele>
      </trkpt>
      <trkpt lat="32.73924947549114" lon="-16.85061129124546">
        <ele>843</ele>
      </trkpt>
      <trkpt lat="32.73924947549114" lon="-16.85061129124546">
        <ele>843</ele>
      </trkpt>
      <trkpt lat="32.73912931527752" lon="-16.85056170131604">
        <ele>854</ele>
      </trkpt>
      <trkpt lat="32.73912931527752" lon="-16.85056170131604">
        <ele>854</ele>
      </trkpt>
      <trkpt lat="32.73905493038338" lon="-16.85049685294678">
        <ele>858</ele>
      </trkpt>
      <trkpt lat="32.73900724775892" lon="-16.85029658592408">
        <ele>858</ele>
      </trkpt>
      <trkpt lat="32.73902822811368" lon="-16.85005054358191">
        <ele>851</ele>
      </trkpt>
      <trkpt lat="32.73902822811368" lon="-16.85005054358191">
        <ele>851</ele>
      </trkpt>
      <trkpt lat="32.73903871829106" lon="-16.8499818806027">
        <ele>849</ele>
      </trkpt>
      <trkpt lat="32.73904920846844" lon="-16.849912263971">
        <ele>848</ele>
      </trkpt>
      <trkpt lat="32.73904920846844" lon="-16.849912263971">
        <ele>848</ele>
      </trkpt>
      <trkpt lat="32.73905874499333" lon="-16.84982643524699">
        <ele>847</ele>
      </trkpt>
      <trkpt lat="32.73906828151822" lon="-16.84973965287049">
        <ele>846</ele>
      </trkpt>
      <trkpt lat="32.73905016212093" lon="-16.84965382414648">
        <ele>847</ele>
      </trkpt>
      <trkpt lat="32.73906446690826" lon="-16.84956894907495">
        <ele>845</ele>
      </trkpt>
      <trkpt lat="32.73912931527752" lon="-16.84947930574098">
        <ele>841</ele>
      </trkpt>
      <trkpt lat="32.73914457371734" lon="-16.84941445737173">
        <ele>840</ele>
      </trkpt>
      <trkpt lat="32.73916078580965" lon="-16.84934960900247">
        <ele>839</ele>
      </trkpt>
      <trkpt lat="32.73916173946214" lon="-16.84928857524318">
        <ele>839</ele>
      </trkpt>
      <trkpt lat="32.73916269311464" lon="-16.84922658783139">
        <ele>839</ele>
      </trkpt>
      <trkpt lat="32.73907686439062" lon="-16.84890997520503">
        <ele>846</ele>
      </trkpt>
      <trkpt lat="32.73907209612818" lon="-16.84883749761586">
        <ele>847</ele>
      </trkpt>
      <trkpt lat="32.73906732786573" lon="-16.8487650200267">
        <ele>848</ele>
      </trkpt>
      <trkpt lat="32.73914362006485" lon="-16.84842838069807">
        <ele>851</ele>
      </trkpt>
      <trkpt lat="32.7391998855617" lon="-16.84833492275414">
        <ele>850</ele>
      </trkpt>
      <trkpt lat="32.73949074957086" lon="-16.84814896051878">
        <ele>830</ele>
      </trkpt>
      <trkpt lat="32.73960423421705" lon="-16.84804024413503">
        <ele>824</ele>
      </trkpt>
      <trkpt lat="32.73971771886325" lon="-16.84793057409879">
        <ele>820</ele>
      </trkpt>
      <trkpt lat="32.73977112340263" lon="-16.84782757962998">
        <ele>819</ele>
      </trkpt>
      <trkpt lat="32.73978161358001" lon="-16.84771886324623">
        <ele>821</ele>
      </trkpt>
      <trkpt lat="32.7397568186153" lon="-16.84760251764256">
        <ele>823</ele>
      </trkpt>
      <trkpt lat="32.73973202365059" lon="-16.84748521838641">
        <ele>825</ele>
      </trkpt>
      <trkpt lat="32.73973297730308" lon="-16.84741560175472">
        <ele>823</ele>
      </trkpt>
      <trkpt lat="32.73973393095557" lon="-16.84734598512302">
        <ele>822</ele>
      </trkpt>
      <trkpt lat="32.73969101659355" lon="-16.8472258249094">
        <ele>820</ele>
      </trkpt>
      <trkpt lat="32.73966717528133" lon="-16.84710757200076">
        <ele>819</ele>
      </trkpt>
      <trkpt lat="32.73964047301164" lon="-16.84704558458897">
        <ele>818</ele>
      </trkpt>
      <trkpt lat="32.73960709517452" lon="-16.84701792866679">
        <ele>817</ele>
      </trkpt>
      <trkpt lat="32.73954510776274" lon="-16.84698073621972">
        <ele>817</ele>
      </trkpt>
      <trkpt lat="32.73947453747855" lon="-16.8469998092695">
        <ele>818</ele>
      </trkpt>
      <trkpt lat="32.73947453747855" lon="-16.8469998092695">
        <ele>818</ele>
      </trkpt>
      <trkpt lat="32.73967671180622" lon="-16.84652679763494">
        <ele>809</ele>
      </trkpt>
      <trkpt lat="32.73969387755103" lon="-16.84637421323669">
        <ele>806</ele>
      </trkpt>
      <trkpt lat="32.73969673850849" lon="-16.84626740415792">
        <ele>805</ele>
      </trkpt>
      <trkpt lat="32.7397129506008" lon="-16.84613580011443">
        <ele>803</ele>
      </trkpt>
      <trkpt lat="32.73980736219722" lon="-16.84586496280755">
        <ele>800</ele>
      </trkpt>
      <trkpt lat="32.73985409116919" lon="-16.84566564943734">
        <ele>798</ele>
      </trkpt>
      <trkpt lat="32.7398703032615" lon="-16.84549971390425">
        <ele>796</ele>
      </trkpt>
      <trkpt lat="32.73986267404158" lon="-16.84528895670417">
        <ele>793</ele>
      </trkpt>
      <trkpt lat="32.73987793248141" lon="-16.84515925996566">
        <ele>792</ele>
      </trkpt>
      <trkpt lat="32.73989700553119" lon="-16.84508010680907">
        <ele>791</ele>
      </trkpt>
      <trkpt lat="32.74" lon="-16.84503623879458">
        <ele>791</ele>
      </trkpt>
      <trkpt lat="32.74" lon="-16.84503623879458">
        <ele>791</ele>
      </trkpt>
      <trkpt lat="32.74017737936296" lon="-16.84496090024794">
        <ele>787</ele>
      </trkpt>
      <trkpt lat="32.74027655922182" lon="-16.8449294297158">
        <ele>785</ele>
      </trkpt>
      <trkpt lat="32.74043581918749" lon="-16.84489891283616">
        <ele>782</ele>
      </trkpt>
      <trkpt lat="32.74056551592599" lon="-16.84469387755102">
        <ele>778</ele>
      </trkpt>
      <trkpt lat="32.74072477589166" lon="-16.84458611481976">
        <ele>774</ele>
      </trkpt>
      <trkpt lat="32.74100324241846" lon="-16.84445737173374">
        <ele>773</ele>
      </trkpt>
      <trkpt lat="32.7412178142285" lon="-16.84441064276177">
        <ele>773</ele>
      </trkpt>
      <trkpt lat="32.7412178142285" lon="-16.84441064276177">
        <ele>773</ele>
      </trkpt>
      <trkpt lat="32.74127217242037" lon="-16.84429334350562">
        <ele>773</ele>
      </trkpt>
      <trkpt lat="32.74134655731451" lon="-16.84416078580965">
        <ele>774</ele>
      </trkpt>
      <trkpt lat="32.74140663742132" lon="-16.84403490368109">
        <ele>773</ele>
      </trkpt>
      <trkpt lat="32.74143715430098" lon="-16.8439471676521">
        <ele>773</ele>
      </trkpt>
      <trkpt lat="32.7415306122449" lon="-16.84356666030898">
        <ele>770</ele>
      </trkpt>
      <trkpt lat="32.74171657448026" lon="-16.8431909212283">
        <ele>767</ele>
      </trkpt>
      <trkpt lat="32.74180335685676" lon="-16.84309841693686">
        <ele>767</ele>
      </trkpt>
      <trkpt lat="32.74204749189396" lon="-16.84287621590692">
        <ele>769</ele>
      </trkpt>
      <trkpt lat="32.74215525462522" lon="-16.8427474728209">
        <ele>770</ele>
      </trkpt>
      <trkpt lat="32.74227922944879" lon="-16.84242037001716">
        <ele>769</ele>
      </trkpt>
      <trkpt lat="32.74234503147053" lon="-16.84210661834827">
        <ele>763</ele>
      </trkpt>
      <trkpt lat="32.74239652870494" lon="-16.8419645241274">
        <ele>760</ele>
      </trkpt>
      <trkpt lat="32.74247091359909" lon="-16.84184245660881">
        <ele>759</ele>
      </trkpt>
      <trkpt lat="32.74247091359909" lon="-16.84184245660881">
        <ele>759</ele>
      </trkpt>
      <trkpt lat="32.74258058363532" lon="-16.84179000572191">
        <ele>759</ele>
      </trkpt>
      <trkpt lat="32.74287240129696" lon="-16.84179382033187">
        <ele>762</ele>
      </trkpt>
      <trkpt lat="32.74310986076674" lon="-16.84176330345221">
        <ele>764</ele>
      </trkpt>
      <trkpt lat="32.74345412931527" lon="-16.84142189586114">
        <ele>757</ele>
      </trkpt>
      <trkpt lat="32.74352469959947" lon="-16.84126072859049">
        <ele>753</ele>
      </trkpt>
      <trkpt lat="32.74358001144383" lon="-16.84089357238222">
        <ele>746</ele>
      </trkpt>
      <trkpt lat="32.74357047491894" lon="-16.84065039099751">
        <ele>746</ele>
      </trkpt>
      <trkpt lat="32.74363246233073" lon="-16.84045393858477">
        <ele>745</ele>
      </trkpt>
      <trkpt lat="32.74373831775701" lon="-16.84003337783711">
        <ele>742</ele>
      </trkpt>
      <trkpt lat="32.74374117871448" lon="-16.83999999999999">
        <ele>742</ele>
      </trkpt>
      <trkpt lat="32.74374117871448" lon="-16.83999999999999">
        <ele>742</ele>
      </trkpt>
      <trkpt lat="32.74375166889185" lon="-16.83985313751667">
        <ele>740</ele>
      </trkpt>
      <trkpt lat="32.74373354949456" lon="-16.83956894907494">
        <ele>738</ele>
      </trkpt>
      <trkpt lat="32.7437135227923" lon="-16.83943543772648">
        <ele>736</ele>
      </trkpt>
      <trkpt lat="32.7437135227923" lon="-16.83943543772648">
        <ele>736</ele>
      </trkpt>
      <trkpt lat="32.74377646385657" lon="-16.83940015258438">
        <ele>735</ele>
      </trkpt>
      <trkpt lat="32.74377646385657" lon="-16.83940015258438">
        <ele>735</ele>
      </trkpt>
      <trkpt lat="32.74398054548922" lon="-16.83932958230019">
        <ele>731</ele>
      </trkpt>
      <trkpt lat="32.74419034903681" lon="-16.83920179286666">
        <ele>727</ele>
      </trkpt>
      <trkpt lat="32.74426759488842" lon="-16.8391378981499">
        <ele>724</ele>
      </trkpt>
      <trkpt lat="32.74433721152012" lon="-16.83905016212091">
        <ele>722</ele>
      </trkpt>
      <trkpt lat="32.74438680144955" lon="-16.83893095555978">
        <ele>720</ele>
      </trkpt>
      <trkpt lat="32.74461090978448" lon="-16.83812702651152">
        <ele>721</ele>
      </trkpt>
      <trkpt lat="32.74461090978448" lon="-16.83812702651152">
        <ele>721</ele>
      </trkpt>
      <trkpt lat="32.74471581155827" lon="-16.83775700934578">
        <ele>726</ele>
      </trkpt>
      <trkpt lat="32.74501907304978" lon="-16.83720961281707">
        <ele>735</ele>
      </trkpt>
      <trkpt lat="32.74515353805074" lon="-16.83705702841883">
        <ele>736</ele>
      </trkpt>
      <trkpt lat="32.74527179095937" lon="-16.8369721533473">
        <ele>735</ele>
      </trkpt>
      <trkpt lat="32.74553118443639" lon="-16.83689013923325">
        <ele>731</ele>
      </trkpt>
      <trkpt lat="32.74571142475682" lon="-16.83689300019071">
        <ele>727</ele>
      </trkpt>
      <trkpt lat="32.74587259202747" lon="-16.83691398054548">
        <ele>722</ele>
      </trkpt>
      <trkpt lat="32.74599656685104" lon="-16.83696452412739">
        <ele>716</ele>
      </trkpt>
      <trkpt lat="32.74604043486553" lon="-16.83693591455272">
        <ele>714</ele>
      </trkpt>
      <trkpt lat="32.7460957467099" lon="-16.83684341026128">
        <ele>714</ele>
      </trkpt>
      <trkpt lat="32.7460957467099" lon="-16.83684341026128">
        <ele>714</ele>
      </trkpt>
      <trkpt lat="32.74613389280946" lon="-16.83648483692541">
        <ele>716</ele>
      </trkpt>
      <trkpt lat="32.74613389280946" lon="-16.83648483692541">
        <ele>716</ele>
      </trkpt>
      <trkpt lat="32.74620732405111" lon="-16.83626454320044">
        <ele>711</ele>
      </trkpt>
      <trkpt lat="32.74621590692352" lon="-16.83612149532709">
        <ele>710</ele>
      </trkpt>
      <trkpt lat="32.74617871447644" lon="-16.83606141522028">
        <ele>712</ele>
      </trkpt>
      <trkpt lat="32.74610528323479" lon="-16.8358506580202">
        <ele>715</ele>
      </trkpt>
      <trkpt lat="32.74610051497234" lon="-16.83567995422467">
        <ele>710</ele>
      </trkpt>
      <trkpt lat="32.74599465954606" lon="-16.83555884035856">
        <ele>712</ele>
      </trkpt>
      <trkpt lat="32.74584302880031" lon="-16.83556074766354">
        <ele>721</ele>
      </trkpt>
      <trkpt lat="32.74544058744993" lon="-16.83540625596031">
        <ele>729</ele>
      </trkpt>
      <trkpt lat="32.74535189776845" lon="-16.83527465191683">
        <ele>728</ele>
      </trkpt>
      <trkpt lat="32.74530802975396" lon="-16.83485123021169">
        <ele>721</ele>
      </trkpt>
      <trkpt lat="32.74501144382987" lon="-16.83464333396909">
        <ele>735</ele>
      </trkpt>
      <trkpt lat="32.74488079343887" lon="-16.83401678428379">
        <ele>733</ele>
      </trkpt>
      <trkpt lat="32.74496090024795" lon="-16.83370017165743">
        <ele>730</ele>
      </trkpt>
      <trkpt lat="32.74490177379363" lon="-16.83338546633605">
        <ele>729</ele>
      </trkpt>
      <trkpt lat="32.74488270074385" lon="-16.83303738317755">
        <ele>723</ele>
      </trkpt>
      <trkpt lat="32.74492466145337" lon="-16.83297539576577">
        <ele>720</ele>
      </trkpt>
      <trkpt lat="32.74491893953843" lon="-16.83283902345984">
        <ele>717</ele>
      </trkpt>
      <trkpt lat="32.74483311081442" lon="-16.83276273126071">
        <ele>719</ele>
      </trkpt>
      <trkpt lat="32.74469959946595" lon="-16.83271028037382">
        <ele>725</ele>
      </trkpt>
      <trkpt lat="32.74432862864772" lon="-16.83232214381078">
        <ele>737</ele>
      </trkpt>
      <trkpt lat="32.74427140949838" lon="-16.83207228685865">
        <ele>734</ele>
      </trkpt>
      <trkpt lat="32.74437821857715" lon="-16.83192160976538">
        <ele>724</ele>
      </trkpt>
      <trkpt lat="32.74446690825863" lon="-16.83169177951553">
        <ele>713</ele>
      </trkpt>
      <trkpt lat="32.74439633797444" lon="-16.83147434674803">
        <ele>716</ele>
      </trkpt>
      <trkpt lat="32.74436677474728" lon="-16.83130841121494">
        <ele>717</ele>
      </trkpt>
      <trkpt lat="32.74451172992561" lon="-16.83098321571618">
        <ele>710</ele>
      </trkpt>
      <trkpt lat="32.74465191684151" lon="-16.83084493610527">
        <ele>705</ele>
      </trkpt>
      <trkpt lat="32.74483215716193" lon="-16.83080488270073">
        <ele>697</ele>
      </trkpt>
      <trkpt lat="32.7449561319855" lon="-16.83065611291244">
        <ele>691</ele>
      </trkpt>
      <trkpt lat="32.74526893000191" lon="-16.83015258439823">
        <ele>675</ele>
      </trkpt>
      <trkpt lat="32.74529849322906" lon="-16.82999523173754">
        <ele>673</ele>
      </trkpt>
      <trkpt lat="32.7452260156399" lon="-16.8297901964524">
        <ele>673</ele>
      </trkpt>
      <trkpt lat="32.74520408163265" lon="-16.82976540148768">
        <ele>673</ele>
      </trkpt>
      <trkpt lat="32.74517547205798" lon="-16.82974728209039">
        <ele>674</ele>
      </trkpt>
      <trkpt lat="32.74512302117108" lon="-16.82973488460803">
        <ele>675</ele>
      </trkpt>
      <trkpt lat="32.74512302117108" lon="-16.82973488460803">
        <ele>675</ele>
      </trkpt>
      <trkpt lat="32.74507724585161" lon="-16.82945737173372">
        <ele>673</ele>
      </trkpt>
      <trkpt lat="32.74507724585161" lon="-16.82945737173372">
        <ele>673</ele>
      </trkpt>
      <trkpt lat="32.74501525843982" lon="-16.82896528704938">
        <ele>669</ele>
      </trkpt>
      <trkpt lat="32.74490082014114" lon="-16.82848464619491">
        <ele>663</ele>
      </trkpt>
      <trkpt lat="32.74485313751669" lon="-16.82841979782566">
        <ele>661</ele>
      </trkpt>
      <trkpt lat="32.74479687201983" lon="-16.82793534236123">
        <ele>654</ele>
      </trkpt>
      <trkpt lat="32.74487888613389" lon="-16.8278857524318">
        <ele>657</ele>
      </trkpt>
      <trkpt lat="32.74487888613389" lon="-16.8278857524318">
        <ele>657</ele>
      </trkpt>
      <trkpt lat="32.74484836925424" lon="-16.82764066374212">
        <ele>654</ele>
      </trkpt>
      <trkpt lat="32.74480640854473" lon="-16.82757581537286">
        <ele>651</ele>
      </trkpt>
      <trkpt lat="32.74476444783521" lon="-16.82751001335112">
        <ele>649</ele>
      </trkpt>
      <trkpt lat="32.74473202365058" lon="-16.82744611863435">
        <ele>646</ele>
      </trkpt>
      <trkpt lat="32.74472057982072" lon="-16.82740415792484">
        <ele>644</ele>
      </trkpt>
      <trkpt lat="32.74472820904062" lon="-16.82736601182528">
        <ele>644</ele>
      </trkpt>
      <trkpt lat="32.74476730879267" lon="-16.82734312416554">
        <ele>644</ele>
      </trkpt>
      <trkpt lat="32.74505054358192" lon="-16.82729925615104">
        <ele>650</ele>
      </trkpt>
      <trkpt lat="32.74510871638375" lon="-16.82725824909402">
        <ele>648</ele>
      </trkpt>
      <trkpt lat="32.74514114056838" lon="-16.82719435437725">
        <ele>645</ele>
      </trkpt>
      <trkpt lat="32.74516784283807" lon="-16.8271113866107">
        <ele>641</ele>
      </trkpt>
      <trkpt lat="32.74521361815754" lon="-16.82668891855806">
        <ele>626</ele>
      </trkpt>
      <trkpt lat="32.74524985695213" lon="-16.82661739462138">
        <ele>623</ele>
      </trkpt>
      <trkpt lat="32.74528609574671" lon="-16.82654587068471">
        <ele>620</ele>
      </trkpt>
      <trkpt lat="32.7457133320618" lon="-16.82651630745755">
        <ele>616</ele>
      </trkpt>
      <trkpt lat="32.74572572954416" lon="-16.82643238603851">
        <ele>613</ele>
      </trkpt>
      <trkpt lat="32.74571523936677" lon="-16.82641140568375">
        <ele>613</ele>
      </trkpt>
      <trkpt lat="32.74571523936677" lon="-16.82641140568375">
        <ele>613</ele>
      </trkpt>
      <trkpt lat="32.74579057791341" lon="-16.82640091550637">
        <ele>612</ele>
      </trkpt>
      <trkpt lat="32.74614438298684" lon="-16.8263198550448">
        <ele>607</ele>
      </trkpt>
      <trkpt lat="32.74680717146672" lon="-16.82615105855425">
        <ele>599</ele>
      </trkpt>
      <trkpt lat="32.74689013923327" lon="-16.82611481975966">
        <ele>597</ele>
      </trkpt>
      <trkpt lat="32.74695308029754" lon="-16.82607953461757">
        <ele>596</ele>
      </trkpt>
      <trkpt lat="32.74695308029754" lon="-16.82607953461757">
        <ele>596</ele>
      </trkpt>
      <trkpt lat="32.74701506770933" lon="-16.8260337592981">
        <ele>595</ele>
      </trkpt>
      <trkpt lat="32.74707800877361" lon="-16.82598703032613">
        <ele>594</ele>
      </trkpt>
      <trkpt lat="32.74707800877361" lon="-16.82598703032613">
        <ele>594</ele>
      </trkpt>
      <trkpt lat="32.74712950600801" lon="-16.82592790387181">
        <ele>594</ele>
      </trkpt>
      <trkpt lat="32.74714953271028" lon="-16.82588785046728">
        <ele>594</ele>
      </trkpt>
      <trkpt lat="32.74716193019264" lon="-16.82584302880029">
        <ele>594</ele>
      </trkpt>
      <trkpt lat="32.74716288384513" lon="-16.82575720007627">
        <ele>595</ele>
      </trkpt>
      <trkpt lat="32.74716288384513" lon="-16.82575720007627">
        <ele>595</ele>
      </trkpt>
      <trkpt lat="32.74724012969674" lon="-16.82571333206178">
        <ele>594</ele>
      </trkpt>
      <trkpt lat="32.74729258058363" lon="-16.8256685103948">
        <ele>594</ele>
      </trkpt>
      <trkpt lat="32.74738889948502" lon="-16.82556456227349">
        <ele>594</ele>
      </trkpt>
      <trkpt lat="32.74748521838642" lon="-16.8254596604997">
        <ele>594</ele>
      </trkpt>
      <trkpt lat="32.7475567423231" lon="-16.82535285142093">
        <ele>592</ele>
      </trkpt>
      <trkpt lat="32.74757676902536" lon="-16.82526416173945">
        <ele>591</ele>
      </trkpt>
      <trkpt lat="32.74756913980546" lon="-16.8252069425901">
        <ele>592</ele>
      </trkpt>
      <trkpt lat="32.74754720579821" lon="-16.82515067709325">
        <ele>594</ele>
      </trkpt>
      <trkpt lat="32.747347892428" lon="-16.82478447453746">
        <ele>599</ele>
      </trkpt>
      <trkpt lat="32.7473040244135" lon="-16.82467766545869">
        <ele>599</ele>
      </trkpt>
      <trkpt lat="32.74726015639901" lon="-16.82456990272743">
        <ele>600</ele>
      </trkpt>
      <trkpt lat="32.74723154682434" lon="-16.82445260347128">
        <ele>601</ele>
      </trkpt>
      <trkpt lat="32.74717146671752" lon="-16.82436868205225">
        <ele>602</ele>
      </trkpt>
      <trkpt lat="32.74717146671752" lon="-16.82436868205225">
        <ele>602</ele>
      </trkpt>
      <trkpt lat="32.74719816898722" lon="-16.82429143620063">
        <ele>603</ele>
      </trkpt>
      <trkpt lat="32.74722487125691" lon="-16.82425233644858">
        <ele>602</ele>
      </trkpt>
      <trkpt lat="32.74727922944879" lon="-16.82419130268928">
        <ele>602</ele>
      </trkpt>
      <trkpt lat="32.74727922944879" lon="-16.82419130268928">
        <ele>602</ele>
      </trkpt>
      <trkpt lat="32.747347892428" lon="-16.82416650772457">
        <ele>601</ele>
      </trkpt>
      <trkpt lat="32.7474175090597" lon="-16.82414075910737">
        <ele>599</ele>
      </trkpt>
      <trkpt lat="32.74748903299638" lon="-16.82403871829104">
        <ele>597</ele>
      </trkpt>
      <trkpt lat="32.74748903299638" lon="-16.82403871829104">
        <ele>597</ele>
      </trkpt>
      <trkpt lat="32.74750047682625" lon="-16.82395002860956">
        <ele>596</ele>
      </trkpt>
      <trkpt lat="32.74745660881175" lon="-16.82384703414074">
        <ele>596</ele>
      </trkpt>
      <trkpt lat="32.74741369444974" lon="-16.82374403967193">
        <ele>597</ele>
      </trkpt>
      <trkpt lat="32.74740606522983" lon="-16.82367156208276">
        <ele>596</ele>
      </trkpt>
      <trkpt lat="32.74742418462712" lon="-16.82360766736599">
        <ele>595</ele>
      </trkpt>
      <trkpt lat="32.74747472820904" lon="-16.82355330917412">
        <ele>593</ele>
      </trkpt>
      <trkpt lat="32.7475042914362" lon="-16.82349799732976">
        <ele>591</ele>
      </trkpt>
      <trkpt lat="32.74753099370589" lon="-16.8234245660881">
        <ele>589</ele>
      </trkpt>
      <trkpt lat="32.74772935342362" lon="-16.82311939729161">
        <ele>570</ele>
      </trkpt>
      <trkpt lat="32.74781518214763" lon="-16.82301640282279">
        <ele>563</ele>
      </trkpt>
      <trkpt lat="32.74790196452413" lon="-16.82291245470149">
        <ele>556</ele>
      </trkpt>
      <trkpt lat="32.7479048254816" lon="-16.82288765973678">
        <ele>555</ele>
      </trkpt>
      <trkpt lat="32.74792485218386" lon="-16.82283902345984">
        <ele>553</ele>
      </trkpt>
      <trkpt lat="32.74801354186535" lon="-16.82277894335303">
        <ele>547</ele>
      </trkpt>
      <trkpt lat="32.74810318519931" lon="-16.82271886324622">
        <ele>542</ele>
      </trkpt>
      <trkpt lat="32.74817566278848" lon="-16.82270741941635">
        <ele>538</ele>
      </trkpt>
      <trkpt lat="32.74824814037765" lon="-16.82269502193399">
        <ele>534</ele>
      </trkpt>
      <trkpt lat="32.74829677665458" lon="-16.82273888994849">
        <ele>533</ele>
      </trkpt>
      <trkpt lat="32.74831966431432" lon="-16.82281041388516">
        <ele>532</ele>
      </trkpt>
      <trkpt lat="32.74834255197406" lon="-16.82288098416935">
        <ele>532</ele>
      </trkpt>
      <trkpt lat="32.74832920083922" lon="-16.82298302498568">
        <ele>535</ele>
      </trkpt>
      <trkpt lat="32.74828628647721" lon="-16.8230679000572">
        <ele>538</ele>
      </trkpt>
      <trkpt lat="32.74824432576769" lon="-16.82315182147624">
        <ele>542</ele>
      </trkpt>
      <trkpt lat="32.74823574289529" lon="-16.82324051115772">
        <ele>544</ele>
      </trkpt>
      <trkpt lat="32.74822811367537" lon="-16.8233292008392">
        <ele>546</ele>
      </trkpt>
      <trkpt lat="32.74831108144192" lon="-16.82335781041387">
        <ele>541</ele>
      </trkpt>
      <trkpt lat="32.74839404920847" lon="-16.82338641998854">
        <ele>536</ele>
      </trkpt>
      <trkpt lat="32.74846652679764" lon="-16.82347320236504">
        <ele>532</ele>
      </trkpt>
      <trkpt lat="32.74852469959946" lon="-16.82356189204652">
        <ele>529</ele>
      </trkpt>
      <trkpt lat="32.74858382605379" lon="-16.823650581728">
        <ele>526</ele>
      </trkpt>
      <trkpt lat="32.748564753004" lon="-16.82371352279228">
        <ele>527</ele>
      </trkpt>
      <trkpt lat="32.74854663360671" lon="-16.82377551020407">
        <ele>528</ele>
      </trkpt>
      <trkpt lat="32.74854663360671" lon="-16.82377551020407">
        <ele>528</ele>
      </trkpt>
      <trkpt lat="32.74862769406828" lon="-16.82385275605568">
        <ele>524</ele>
      </trkpt>
      <trkpt lat="32.74870875452985" lon="-16.8239290482548">
        <ele>519</ele>
      </trkpt>
      <trkpt lat="32.74877741750906" lon="-16.8240158306313">
        <ele>515</ele>
      </trkpt>
      <trkpt lat="32.7488699218005" lon="-16.82403967194353">
        <ele>510</ele>
      </trkpt>
      <trkpt lat="32.74889471676521" lon="-16.82410642761776">
        <ele>509</ele>
      </trkpt>
      <trkpt lat="32.74886229258058" lon="-16.82421705130649">
        <ele>511</ele>
      </trkpt>
      <trkpt lat="32.7487650200267" lon="-16.82426091932098">
        <ele>518</ele>
      </trkpt>
      <trkpt lat="32.74872878123212" lon="-16.82430860194544">
        <ele>521</ele>
      </trkpt>
      <trkpt lat="32.74872496662216" lon="-16.82435151630744">
        <ele>521</ele>
      </trkpt>
      <trkpt lat="32.74878123211901" lon="-16.82443829868394">
        <ele>519</ele>
      </trkpt>
      <trkpt lat="32.74889471676521" lon="-16.82450982262062">
        <ele>514</ele>
      </trkpt>
      <trkpt lat="32.74889471676521" lon="-16.82450982262062">
        <ele>514</ele>
      </trkpt>
      <trkpt lat="32.74898722105664" lon="-16.82449074957084">
        <ele>508</ele>
      </trkpt>
      <trkpt lat="32.7490434865535" lon="-16.82452984932289">
        <ele>505</ele>
      </trkpt>
      <trkpt lat="32.74918462712188" lon="-16.8248941445737">
        <ele>502</ele>
      </trkpt>
      <trkpt lat="32.7492170513065" lon="-16.82492275414837">
        <ele>501</ele>
      </trkpt>
      <trkpt lat="32.7493219530803" lon="-16.82494754911309">
        <ele>495</ele>
      </trkpt>
      <trkpt lat="32.74931050925043" lon="-16.82490844936104">
        <ele>495</ele>
      </trkpt>
      <trkpt lat="32.74924184627122" lon="-16.8248512302117">
        <ele>498</ele>
      </trkpt>
      <trkpt lat="32.74923803166126" lon="-16.82474060652297">
        <ele>497</ele>
      </trkpt>
      <trkpt lat="32.74929048254816" lon="-16.82473583826052">
        <ele>493</ele>
      </trkpt>
      <trkpt lat="32.7493305359527" lon="-16.82470722868585">
        <ele>491</ele>
      </trkpt>
      <trkpt lat="32.74939538432195" lon="-16.82479782567231">
        <ele>488</ele>
      </trkpt>
      <trkpt lat="32.74950028609575" lon="-16.82484646194925">
        <ele>483</ele>
      </trkpt>
      <trkpt lat="32.74957276368492" lon="-16.82487030326148">
        <ele>480</ele>
      </trkpt>
      <trkpt lat="32.74964524127408" lon="-16.8248941445737">
        <ele>476</ele>
      </trkpt>
      <trkpt lat="32.74969006294106" lon="-16.82488937631125">
        <ele>473</ele>
      </trkpt>
      <trkpt lat="32.74976635514019" lon="-16.82491607858095">
        <ele>470</ele>
      </trkpt>
      <trkpt lat="32.7498436009918" lon="-16.82494182719815">
        <ele>466</ele>
      </trkpt>
      <trkpt lat="32.74991226397101" lon="-16.82495231737553">
        <ele>463</ele>
      </trkpt>
      <trkpt lat="32.75003051687965" lon="-16.82503623879457">
        <ele>457</ele>
      </trkpt>
      <trkpt lat="32.75014972344078" lon="-16.8251201602136">
        <ele>450</ele>
      </trkpt>
      <trkpt lat="32.75026702269693" lon="-16.82509155063893">
        <ele>442</ele>
      </trkpt>
      <trkpt lat="32.75035189776845" lon="-16.82510108716382">
        <ele>437</ele>
      </trkpt>
      <trkpt lat="32.75042437535762" lon="-16.82506198741177">
        <ele>432</ele>
      </trkpt>
      <trkpt lat="32.7504873164219" lon="-16.82504577531946">
        <ele>428</ele>
      </trkpt>
      <trkpt lat="32.75055025748618" lon="-16.82502860957466">
        <ele>424</ele>
      </trkpt>
      <trkpt lat="32.75062654968529" lon="-16.82502860957466">
        <ele>419</ele>
      </trkpt>
      <trkpt lat="32.75070379553691" lon="-16.82502860957466">
        <ele>414</ele>
      </trkpt>
      <trkpt lat="32.7507562464238" lon="-16.82504768262444">
        <ele>411</ele>
      </trkpt>
      <trkpt lat="32.7508001144383" lon="-16.82512206751858">
        <ele>409</ele>
      </trkpt>
      <trkpt lat="32.75084493610528" lon="-16.82519645241273">
        <ele>407</ele>
      </trkpt>
      <trkpt lat="32.75085733358764" lon="-16.82524985695211">
        <ele>407</ele>
      </trkpt>
      <trkpt lat="32.75090978447454" lon="-16.82533568567612">
        <ele>404</ele>
      </trkpt>
      <trkpt lat="32.75092981117681" lon="-16.8254157924852">
        <ele>403</ele>
      </trkpt>
      <trkpt lat="32.75094983787908" lon="-16.82549494564179">
        <ele>402</ele>
      </trkpt>
      <trkpt lat="32.75097940110624" lon="-16.82559126454318">
        <ele>401</ele>
      </trkpt>
      <trkpt lat="32.75100991798588" lon="-16.82568662979209">
        <ele>400</ele>
      </trkpt>
      <trkpt lat="32.75098893763113" lon="-16.82579534617584">
        <ele>402</ele>
      </trkpt>
      <trkpt lat="32.75094220865916" lon="-16.82591264543199">
        <ele>401</ele>
      </trkpt>
      <trkpt lat="32.7509736791913" lon="-16.8259460232691">
        <ele>396</ele>
      </trkpt>
      <trkpt lat="32.75102803738318" lon="-16.82593362578675">
        <ele>394</ele>
      </trkpt>
      <trkpt lat="32.75109956131985" lon="-16.82589738699216">
        <ele>391</ele>
      </trkpt>
      <trkpt lat="32.75118157543391" lon="-16.82588117489985">
        <ele>386</ele>
      </trkpt>
      <trkpt lat="32.75126454320046" lon="-16.82586400915505">
        <ele>381</ele>
      </trkpt>
      <trkpt lat="32.75133702078963" lon="-16.82591741369443">
        <ele>374</ele>
      </trkpt>
      <trkpt lat="32.7513389280946" lon="-16.82601850085827">
        <ele>370</ele>
      </trkpt>
      <trkpt lat="32.75134178905207" lon="-16.82611863436962">
        <ele>366</ele>
      </trkpt>
      <trkpt lat="32.75139423993897" lon="-16.82617108525652">
        <ele>362</ele>
      </trkpt>
      <trkpt lat="32.75148292962044" lon="-16.82616154873163">
        <ele>357</ele>
      </trkpt>
      <trkpt lat="32.75159546061415" lon="-16.82609479305739">
        <ele>353</ele>
      </trkpt>
      <trkpt lat="32.75166603089834" lon="-16.82599370589356">
        <ele>350</ele>
      </trkpt>
      <trkpt lat="32.75168224299065" lon="-16.82592790387181">
        <ele>350</ele>
      </trkpt>
      <trkpt lat="32.75169845508297" lon="-16.82586114819758">
        <ele>350</ele>
      </trkpt>
      <trkpt lat="32.75167270646576" lon="-16.82574384894143">
        <ele>352</ele>
      </trkpt>
      <trkpt lat="32.75171466717528" lon="-16.82565325195497">
        <ele>351</ele>
      </trkpt>
      <trkpt lat="32.75175758153729" lon="-16.82556170131603">
        <ele>349</ele>
      </trkpt>
      <trkpt lat="32.75182147625405" lon="-16.82550448216668">
        <ele>346</ele>
      </trkpt>
      <trkpt lat="32.75182147625405" lon="-16.82550448216668">
        <ele>346</ele>
      </trkpt>
      <trkpt lat="32.75189013923326" lon="-16.82555216479113">
        <ele>343</ele>
      </trkpt>
      <trkpt lat="32.75188632462331" lon="-16.8255903108907">
        <ele>343</ele>
      </trkpt>
      <trkpt lat="32.75195498760252" lon="-16.82568186152964">
        <ele>340</ele>
      </trkpt>
      <trkpt lat="32.75197692160977" lon="-16.82579439252335">
        <ele>338</ele>
      </trkpt>
      <trkpt lat="32.7519998092695" lon="-16.82590692351705">
        <ele>336</ele>
      </trkpt>
      <trkpt lat="32.75203604806408" lon="-16.82600324241845">
        <ele>333</ele>
      </trkpt>
      <trkpt lat="32.75212092313561" lon="-16.82610719053975">
        <ele>327</ele>
      </trkpt>
      <trkpt lat="32.75220579820714" lon="-16.82621018500857">
        <ele>321</ele>
      </trkpt>
      <trkpt lat="32.75224871256914" lon="-16.82613484646193">
        <ele>320</ele>
      </trkpt>
      <trkpt lat="32.75224871256914" lon="-16.82613484646193">
        <ele>320</ele>
      </trkpt>
      <trkpt lat="32.75225538813656" lon="-16.82615678046918">
        <ele>320</ele>
      </trkpt>
      <trkpt lat="32.75227255388137" lon="-16.82616727064656">
        <ele>319</ele>
      </trkpt>
      <trkpt lat="32.7523564753004" lon="-16.8261901583063">
        <ele>314</ele>
      </trkpt>
      <trkpt lat="32.75253004005341" lon="-16.82629792103756">
        <ele>305</ele>
      </trkpt>
      <trkpt lat="32.75253004005341" lon="-16.82629792103756">
        <ele>305</ele>
      </trkpt>
      <trkpt lat="32.75200076292199" lon="-16.82645241274078">
        <ele>328</ele>
      </trkpt>
      <trkpt lat="32.75192256341789" lon="-16.82652489032995">
        <ele>331</ele>
      </trkpt>
      <trkpt lat="32.7518777417509" lon="-16.82662216288383">
        <ele>331</ele>
      </trkpt>
      <trkpt lat="32.75183387373641" lon="-16.82671943543771">
        <ele>331</ele>
      </trkpt>
      <trkpt lat="32.75171943543773" lon="-16.82683959565133">
        <ele>331</ele>
      </trkpt>
      <trkpt lat="32.75160595079153" lon="-16.82695975586495">
        <ele>329</ele>
      </trkpt>
      <trkpt lat="32.7515649437345" lon="-16.82705988937629">
        <ele>325</ele>
      </trkpt>
      <trkpt lat="32.75156112912455" lon="-16.82716479115009">
        <ele>320</ele>
      </trkpt>
      <trkpt lat="32.75155826816708" lon="-16.82726969292388">
        <ele>315</ele>
      </trkpt>
      <trkpt lat="32.7515735266069" lon="-16.82737745565514">
        <ele>310</ele>
      </trkpt>
      <trkpt lat="32.75158878504673" lon="-16.8274852183864">
        <ele>305</ele>
      </trkpt>
      <trkpt lat="32.75155254625214" lon="-16.8275901201602">
        <ele>304</ele>
      </trkpt>
      <trkpt lat="32.75151726111005" lon="-16.8276940682815">
        <ele>305</ele>
      </trkpt>
      <trkpt lat="32.75118825100134" lon="-16.82750238413121">
        <ele>315</ele>
      </trkpt>
      <trkpt lat="32.75110814419226" lon="-16.82746995994658">
        <ele>319</ele>
      </trkpt>
      <trkpt lat="32.75103089834064" lon="-16.82751001335112">
        <ele>320</ele>
      </trkpt>
      <trkpt lat="32.75095460614152" lon="-16.82754911310317">
        <ele>322</ele>
      </trkpt>
      <trkpt lat="32.75088212855236" lon="-16.8275376692733">
        <ele>324</ele>
      </trkpt>
      <trkpt lat="32.75080965096319" lon="-16.82752622544343">
        <ele>326</ele>
      </trkpt>
      <trkpt lat="32.75053690635133" lon="-16.82734407781803">
        <ele>342</ele>
      </trkpt>
      <trkpt lat="32.75046156780469" lon="-16.82735075338545">
        <ele>345</ele>
      </trkpt>
      <trkpt lat="32.7504176997902" lon="-16.82739176044248">
        <ele>344</ele>
      </trkpt>
      <trkpt lat="32.75034426854854" lon="-16.8275119206561">
        <ele>341</ele>
      </trkpt>
      <trkpt lat="32.75027179095937" lon="-16.82763112721723">
        <ele>342</ele>
      </trkpt>
      <trkpt lat="32.75014972344078" lon="-16.82751478161357">
        <ele>347</ele>
      </trkpt>
      <trkpt lat="32.75002860957467" lon="-16.8273984360099">
        <ele>358</ele>
      </trkpt>
      <trkpt lat="32.74991798588594" lon="-16.8274852183864">
        <ele>359</ele>
      </trkpt>
      <trkpt lat="32.74980831584971" lon="-16.82757200076291">
        <ele>364</ele>
      </trkpt>
      <trkpt lat="32.74983215716193" lon="-16.82768739271408">
        <ele>361</ele>
      </trkpt>
      <trkpt lat="32.74975586496281" lon="-16.82765782948692">
        <ele>367</ele>
      </trkpt>
      <trkpt lat="32.74968052641617" lon="-16.82762731260727">
        <ele>372</ele>
      </trkpt>
      <trkpt lat="32.74963951935914" lon="-16.8276769025367">
        <ele>374</ele>
      </trkpt>
      <trkpt lat="32.749565134465" lon="-16.82765687583443">
        <ele>379</ele>
      </trkpt>
      <trkpt lat="32.74946500095366" lon="-16.82777894335302">
        <ele>383</ele>
      </trkpt>
      <trkpt lat="32.74915506389472" lon="-16.82801163456035">
        <ele>396</ele>
      </trkpt>
      <trkpt lat="32.74897291626931" lon="-16.82830917413693">
        <ele>407</ele>
      </trkpt>
      <trkpt lat="32.7487039862674" lon="-16.82843505626548">
        <ele>438</ele>
      </trkpt>
      <trkpt lat="32.7486782376502" lon="-16.82852183864198">
        <ele>444</ele>
      </trkpt>
      <trkpt lat="32.748652489033" lon="-16.82860862101849">
        <ele>450</ele>
      </trkpt>
      <trkpt lat="32.74874117871448" lon="-16.82871352279228">
        <ele>444</ele>
      </trkpt>
      <trkpt lat="32.74900152584398" lon="-16.82874022506197">
        <ele>419</ele>
      </trkpt>
      <trkpt lat="32.74938870875453" lon="-16.82887945832537">
        <ele>395</ele>
      </trkpt>
      <trkpt lat="32.74946786191112" lon="-16.82888804119777">
        <ele>391</ele>
      </trkpt>
      <trkpt lat="32.7495479687202" lon="-16.82889567041768">
        <ele>386</ele>
      </trkpt>
      <trkpt lat="32.74964428762159" lon="-16.8290072477589">
        <ele>385</ele>
      </trkpt>
      <trkpt lat="32.7497215334732" lon="-16.82927236315085">
        <ele>390</ele>
      </trkpt>
      <trkpt lat="32.74978638184245" lon="-16.82934197978255">
        <ele>389</ele>
      </trkpt>
      <trkpt lat="32.7498521838642" lon="-16.82941159641425">
        <ele>388</ele>
      </trkpt>
      <trkpt lat="32.74993515163074" lon="-16.8294249475491">
        <ele>384</ele>
      </trkpt>
      <trkpt lat="32.75001907304978" lon="-16.82943829868394">
        <ele>379</ele>
      </trkpt>
      <trkpt lat="32.75009631890139" lon="-16.82936772839976">
        <ele>373</ele>
      </trkpt>
      <trkpt lat="32.75017451840549" lon="-16.82929715811557">
        <ele>367</ele>
      </trkpt>
      <trkpt lat="32.75025843982453" lon="-16.8292942971581">
        <ele>362</ele>
      </trkpt>
      <trkpt lat="32.75034236124356" lon="-16.82929143620063">
        <ele>358</ele>
      </trkpt>
      <trkpt lat="32.75038622925805" lon="-16.82953652489032">
        <ele>364</ele>
      </trkpt>
      <trkpt lat="32.7504873164219" lon="-16.8296423803166">
        <ele>363</ele>
      </trkpt>
      <trkpt lat="32.75057982071333" lon="-16.8296595460614">
        <ele>358</ele>
      </trkpt>
      <trkpt lat="32.75067327865726" lon="-16.8296767118062">
        <ele>354</ele>
      </trkpt>
      <trkpt lat="32.75077150486363" lon="-16.82964714857904">
        <ele>348</ele>
      </trkpt>
      <trkpt lat="32.75087068472249" lon="-16.82961663169939">
        <ele>342</ele>
      </trkpt>
      <trkpt lat="32.75096700362388" lon="-16.82959565134463">
        <ele>338</ele>
      </trkpt>
      <trkpt lat="32.75106427617776" lon="-16.82957467098987">
        <ele>334</ele>
      </trkpt>
      <trkpt lat="32.75114915124929" lon="-16.82998569521265">
        <ele>337</ele>
      </trkpt>
      <trkpt lat="32.75112626358955" lon="-16.83024508868967">
        <ele>340</ele>
      </trkpt>
      <trkpt lat="32.75119492656876" lon="-16.83027465191682">
        <ele>337</ele>
      </trkpt>
      <trkpt lat="32.75116250238413" lon="-16.83034522220101">
        <ele>339</ele>
      </trkpt>
      <trkpt lat="32.75113103185199" lon="-16.8304157924852">
        <ele>341</ele>
      </trkpt>
      <trkpt lat="32.75112435628457" lon="-16.83047968720197">
        <ele>341</ele>
      </trkpt>
      <trkpt lat="32.75111863436963" lon="-16.83054262826624">
        <ele>342</ele>
      </trkpt>
      <trkpt lat="32.75117108525653" lon="-16.83064848369253">
        <ele>341</ele>
      </trkpt>
      <trkpt lat="32.75122353614343" lon="-16.83075433911881">
        <ele>340</ele>
      </trkpt>
      <trkpt lat="32.7512950600801" lon="-16.83081441922562">
        <ele>339</ele>
      </trkpt>
      <trkpt lat="32.75136753766927" lon="-16.83087449933243">
        <ele>339</ele>
      </trkpt>
      <trkpt lat="32.75141903490368" lon="-16.83090596986457">
        <ele>339</ele>
      </trkpt>
      <trkpt lat="32.75150867823765" lon="-16.83085542628265">
        <ele>336</ele>
      </trkpt>
      <trkpt lat="32.75158592408926" lon="-16.83076482929619">
        <ele>332</ele>
      </trkpt>
      <trkpt lat="32.75167652107572" lon="-16.83072477589165">
        <ele>329</ele>
      </trkpt>
      <trkpt lat="32.75174709135991" lon="-16.83076101468623">
        <ele>330</ele>
      </trkpt>
      <trkpt lat="32.7518176616441" lon="-16.83079629982833">
        <ele>331</ele>
      </trkpt>
      <trkpt lat="32.75191970246043" lon="-16.83083539958038">
        <ele>332</ele>
      </trkpt>
      <trkpt lat="32.75202269692924" lon="-16.83087449933243">
        <ele>333</ele>
      </trkpt>
      <trkpt lat="32.7520961281709" lon="-16.83088975777225">
        <ele>333</ele>
      </trkpt>
      <trkpt lat="32.75216955941255" lon="-16.83090406255959">
        <ele>333</ele>
      </trkpt>
      <trkpt lat="32.75226778561892" lon="-16.83080965096317">
        <ele>329</ele>
      </trkpt>
      <trkpt lat="32.75236696547778" lon="-16.83071428571427">
        <ele>325</ele>
      </trkpt>
      <trkpt lat="32.75287526225443" lon="-16.83075815372877">
        <ele>317</ele>
      </trkpt>
      <trkpt lat="32.75297062750334" lon="-16.83071619301925">
        <ele>314</ele>
      </trkpt>
      <trkpt lat="32.75306408544726" lon="-16.83071619301925">
        <ele>312</ele>
      </trkpt>
      <trkpt lat="32.7531127217242" lon="-16.83075910738125">
        <ele>312</ele>
      </trkpt>
      <trkpt lat="32.7531127217242" lon="-16.83075910738125">
        <ele>312</ele>
      </trkpt>
      <trkpt lat="32.75315372878124" lon="-16.83072477589165">
        <ele>310</ele>
      </trkpt>
      <trkpt lat="32.75319664314324" lon="-16.83070856379933">
        <ele>308</ele>
      </trkpt>
      <trkpt lat="32.75328533282472" lon="-16.83070665649436">
        <ele>306</ele>
      </trkpt>
      <trkpt lat="32.7533740225062" lon="-16.83070474918938">
        <ele>304</ele>
      </trkpt>
      <trkpt lat="32.75345603662026" lon="-16.83066183482737">
        <ele>301</ele>
      </trkpt>
      <trkpt lat="32.75356761396147" lon="-16.83059412550065">
        <ele>298</ele>
      </trkpt>
      <trkpt lat="32.75368014495518" lon="-16.83052546252144">
        <ele>295</ele>
      </trkpt>
      <trkpt lat="32.75378600038146" lon="-16.83047396528703">
        <ele>292</ele>
      </trkpt>
      <trkpt lat="32.75389185580774" lon="-16.83042246805262">
        <ele>290</ele>
      </trkpt>
      <trkpt lat="32.75401296967385" lon="-16.83037097081822">
        <ele>288</ele>
      </trkpt>
      <trkpt lat="32.75413503719245" lon="-16.83031947358381">
        <ele>287</ele>
      </trkpt>
      <trkpt lat="32.75413503719245" lon="-16.83031947358381">
        <ele>287</ele>
      </trkpt>
      <trkpt lat="32.75415983215716" lon="-16.83031661262634">
        <ele>286</ele>
      </trkpt>
      <trkpt lat="32.75417222963952" lon="-16.83032424184626">
        <ele>286</ele>
      </trkpt>
      <trkpt lat="32.75417509059699" lon="-16.83033854663359">
        <ele>286</ele>
      </trkpt>
      <trkpt lat="32.75413980545489" lon="-16.83039385847795">
        <ele>287</ele>
      </trkpt>
      <trkpt lat="32.75414266641236" lon="-16.83041293152774">
        <ele>287</ele>
      </trkpt>
      <trkpt lat="32.75415315658974" lon="-16.83041960709516">
        <ele>287</ele>
      </trkpt>
      <trkpt lat="32.75423230974633" lon="-16.83040530230782">
        <ele>284</ele>
      </trkpt>
      <trkpt lat="32.75426187297349" lon="-16.83039195117298">
        <ele>283</ele>
      </trkpt>
      <trkpt lat="32.75430192637803" lon="-16.83032805645621">
        <ele>281</ele>
      </trkpt>
      <trkpt lat="32.75431241655541" lon="-16.8303290101087">
        <ele>281</ele>
      </trkpt>
      <trkpt lat="32.75432099942781" lon="-16.83033950028608">
        <ele>281</ele>
      </trkpt>
      <trkpt lat="32.75432290673279" lon="-16.83041293152774">
        <ele>281</ele>
      </trkpt>
      <trkpt lat="32.75432862864772" lon="-16.83042628266258">
        <ele>280</ele>
      </trkpt>
      <trkpt lat="32.75440110623688" lon="-16.83044821666983">
        <ele>278</ele>
      </trkpt>
      <trkpt lat="32.75447453747854" lon="-16.83046919702459">
        <ele>275</ele>
      </trkpt>
      <trkpt lat="32.75446500095365" lon="-16.83048827007437">
        <ele>276</ele>
      </trkpt>
      <trkpt lat="32.75435723822239" lon="-16.83057600610336">
        <ele>280</ele>
      </trkpt>
      <trkpt lat="32.75435342361244" lon="-16.83058458897576">
        <ele>280</ele>
      </trkpt>
      <trkpt lat="32.75437058935724" lon="-16.83062845699026">
        <ele>279</ele>
      </trkpt>
      <trkpt lat="32.75437107708989" lon="-16.83062970457743">
        <ele>279</ele>
      </trkpt>
      <trkpt lat="32.75449170322334" lon="-16.83055788670607">
        <ele>275</ele>
      </trkpt>
      <trkpt lat="32.75452889567042" lon="-16.83051306503909">
        <ele>273</ele>
      </trkpt>
      <trkpt lat="32.75452889567042" lon="-16.83051306503909">
        <ele>273</ele>
      </trkpt>
      <trkpt lat="32.75478447453748" lon="-16.8306418081251">
        <ele>265</ele>
      </trkpt>
      <trkpt lat="32.75481308411215" lon="-16.8306418081251">
        <ele>264</ele>
      </trkpt>
      <trkpt lat="32.75491703223346" lon="-16.83059794011061">
        <ele>260</ele>
      </trkpt>
      <trkpt lat="32.7551745184055" lon="-16.83059698645812">
        <ele>252</ele>
      </trkpt>
      <trkpt lat="32.75523364485981" lon="-16.83061987411785">
        <ele>251</ele>
      </trkpt>
      <trkpt lat="32.75531470532138" lon="-16.83067423230973">
        <ele>250</ele>
      </trkpt>
      <trkpt lat="32.75529181766164" lon="-16.8308945260347">
        <ele>251</ele>
      </trkpt>
      <trkpt lat="32.75529181766164" lon="-16.8308945260347">
        <ele>251</ele>
      </trkpt>
      <trkpt lat="32.75527942017928" lon="-16.83096223536142">
        <ele>251</ele>
      </trkpt>
      <trkpt lat="32.75527942017928" lon="-16.83096223536142">
        <ele>251</ele>
      </trkpt>
      <trkpt lat="32.75526702269693" lon="-16.83101754720578">
        <ele>251</ele>
      </trkpt>
      <trkpt lat="32.75525271790959" lon="-16.83103662025556">
        <ele>251</ele>
      </trkpt>
      <trkpt lat="32.75522410833492" lon="-16.83103089834063">
        <ele>251</ele>
      </trkpt>
      <trkpt lat="32.75517833301545" lon="-16.830998474156">
        <ele>252</ele>
      </trkpt>
      <trkpt lat="32.75509822620637" lon="-16.83089834064465">
        <ele>255</ele>
      </trkpt>
      <trkpt lat="32.75504577531947" lon="-16.83089261872972">
        <ele>256</ele>
      </trkpt>
      <trkpt lat="32.75498760251764" lon="-16.8309116917795">
        <ele>258</ele>
      </trkpt>
      <trkpt lat="32.75495708563799" lon="-16.83102231546823">
        <ele>257</ele>
      </trkpt>
      <trkpt lat="32.75492752241083" lon="-16.83113293915696">
        <ele>256</ele>
      </trkpt>
      <trkpt lat="32.75487411787145" lon="-16.83119492656874">
        <ele>257</ele>
      </trkpt>
      <trkpt lat="32.75482166698455" lon="-16.83125691398053">
        <ele>257</ele>
      </trkpt>
      <trkpt lat="32.75477684531756" lon="-16.83134560366201">
        <ele>257</ele>
      </trkpt>
      <trkpt lat="32.75476635514018" lon="-16.83145432004576">
        <ele>256</ele>
      </trkpt>
      <trkpt lat="32.75474060652299" lon="-16.83151821476253">
        <ele>255</ele>
      </trkpt>
      <trkpt lat="32.75471485790578" lon="-16.8315811558268">
        <ele>255</ele>
      </trkpt>
      <trkpt lat="32.75471104329582" lon="-16.83170226969291">
        <ele>254</ele>
      </trkpt>
      <trkpt lat="32.75472344077818" lon="-16.83176711806216">
        <ele>255</ele>
      </trkpt>
      <trkpt lat="32.75473583826054" lon="-16.83183101277893">
        <ele>255</ele>
      </trkpt>
      <trkpt lat="32.75476349418272" lon="-16.8318767880984">
        <ele>255</ele>
      </trkpt>
      <trkpt lat="32.75480640854472" lon="-16.83188441731831">
        <ele>254</ele>
      </trkpt>
      <trkpt lat="32.75488079343887" lon="-16.83187392714093">
        <ele>253</ele>
      </trkpt>
      <trkpt lat="32.75494850276559" lon="-16.8318853709708">
        <ele>251</ele>
      </trkpt>
      <trkpt lat="32.7550171657448" lon="-16.83189681480067">
        <ele>250</ele>
      </trkpt>
      <trkpt lat="32.75511348464619" lon="-16.83186725157351">
        <ele>249</ele>
      </trkpt>
      <trkpt lat="32.75521075720008" lon="-16.83183673469386">
        <ele>248</ele>
      </trkpt>
      <trkpt lat="32.7555740987984" lon="-16.83191111958801">
        <ele>249</ele>
      </trkpt>
      <trkpt lat="32.75565515925997" lon="-16.83187106618347">
        <ele>247</ele>
      </trkpt>
      <trkpt lat="32.75573717337402" lon="-16.83183101277893">
        <ele>246</ele>
      </trkpt>
      <trkpt lat="32.75580392904826" lon="-16.83183101277893">
        <ele>246</ele>
      </trkpt>
      <trkpt lat="32.75587068472249" lon="-16.83183101277893">
        <ele>245</ele>
      </trkpt>
      <trkpt lat="32.75594316231165" lon="-16.83188346366583">
        <ele>246</ele>
      </trkpt>
      <trkpt lat="32.75601659355331" lon="-16.83193591455272">
        <ele>246</ele>
      </trkpt>
      <trkpt lat="32.75627980164028" lon="-16.83189109288574">
        <ele>241</ele>
      </trkpt>
      <trkpt lat="32.75663837497616" lon="-16.8318510394812">
        <ele>234</ele>
      </trkpt>
      <trkpt lat="32.75674709135991" lon="-16.83182624451648">
        <ele>233</ele>
      </trkpt>
      <trkpt lat="32.75685580774365" lon="-16.83180144955177">
        <ele>232</ele>
      </trkpt>
      <trkpt lat="32.75693877551021" lon="-16.83174518405491">
        <ele>230</ele>
      </trkpt>
      <trkpt lat="32.75702269692924" lon="-16.83168796490557">
        <ele>228</ele>
      </trkpt>
      <trkpt lat="32.75711424756819" lon="-16.83158878504671">
        <ele>225</ele>
      </trkpt>
      <trkpt lat="32.75720579820713" lon="-16.83148865153537">
        <ele>222</ele>
      </trkpt>
      <trkpt lat="32.75727255388136" lon="-16.83114342933434">
        <ele>208</ele>
      </trkpt>
      <trkpt lat="32.7573221438108" lon="-16.83104615678045">
        <ele>203</ele>
      </trkpt>
      <trkpt lat="32.75739652870494" lon="-16.8309898912836">
        <ele>200</ele>
      </trkpt>
      <trkpt lat="32.75746805264162" lon="-16.83098512302115">
        <ele>199</ele>
      </trkpt>
      <trkpt lat="32.7575395765783" lon="-16.83097940110622">
        <ele>198</ele>
      </trkpt>
      <trkpt lat="32.75764257104711" lon="-16.83093267213426">
        <ele>195</ele>
      </trkpt>
      <trkpt lat="32.75775414838833" lon="-16.830824909403">
        <ele>191</ele>
      </trkpt>
      <trkpt lat="32.75775414838833" lon="-16.830824909403">
        <ele>191</ele>
      </trkpt>
      <trkpt lat="32.75818996757582" lon="-16.83067041769977">
        <ele>188</ele>
      </trkpt>
      <trkpt lat="32.75818996757582" lon="-16.83067041769977">
        <ele>188</ele>
      </trkpt>
      <trkpt lat="32.75816803356857" lon="-16.83063131794772">
        <ele>187</ele>
      </trkpt>
      <trkpt lat="32.75815372878123" lon="-16.83058935723821">
        <ele>186</ele>
      </trkpt>
      <trkpt lat="32.75814419225634" lon="-16.83053881365629">
        <ele>185</ele>
      </trkpt>
      <trkpt lat="32.75814419225634" lon="-16.83048731642188">
        <ele>184</ele>
      </trkpt>
      <trkpt lat="32.75815945069617" lon="-16.83040530230782">
        <ele>183</ele>
      </trkpt>
      <trkpt lat="32.75838737364104" lon="-16.82994564180811">
        <ele>173</ele>
      </trkpt>
      <trkpt lat="32.75858573335876" lon="-16.82960900247948">
        <ele>167</ele>
      </trkpt>
      <trkpt lat="32.75864772077055" lon="-16.82951649818805">
        <ele>166</ele>
      </trkpt>
      <trkpt lat="32.75872401296967" lon="-16.82946213999617">
        <ele>165</ele>
      </trkpt>
      <trkpt lat="32.75876215906924" lon="-16.82945260347128">
        <ele>166</ele>
      </trkpt>
      <trkpt lat="32.75876215906924" lon="-16.82945260347128">
        <ele>166</ele>
      </trkpt>
      <trkpt lat="32.75876597367919" lon="-16.82940682815181">
        <ele>165</ele>
      </trkpt>
      <trkpt lat="32.75878600038146" lon="-16.82936105283233">
        <ele>165</ele>
      </trkpt>
      <trkpt lat="32.75881937821858" lon="-16.82931909212282">
        <ele>165</ele>
      </trkpt>
      <trkpt lat="32.75886896814801" lon="-16.8292771314133">
        <ele>165</ele>
      </trkpt>
      <trkpt lat="32.7589128361625" lon="-16.82925329010107">
        <ele>165</ele>
      </trkpt>
      <trkpt lat="32.75899580392905" lon="-16.82922754148387">
        <ele>166</ele>
      </trkpt>
      <trkpt lat="32.75907972534808" lon="-16.82920083921417">
        <ele>167</ele>
      </trkpt>
      <trkpt lat="32.75913694449743" lon="-16.82917127598702">
        <ele>167</ele>
      </trkpt>
      <trkpt lat="32.75919034903681" lon="-16.82912359336256">
        <ele>167</ele>
      </trkpt>
      <trkpt lat="32.75925042914362" lon="-16.82905683768833">
        <ele>166</ele>
      </trkpt>
      <trkpt lat="32.75931146290292" lon="-16.82898912836161">
        <ele>165</ele>
      </trkpt>
      <trkpt lat="32.75960423421705" lon="-16.82855617013159">
        <ele>164</ele>
      </trkpt>
      <trkpt lat="32.75985981308411" lon="-16.82834541293151">
        <ele>169</ele>
      </trkpt>
      <trkpt lat="32.75992942971581" lon="-16.8283120350944">
        <ele>171</ele>
      </trkpt>
      <trkpt lat="32.76" lon="-16.82827865725728">
        <ele>172</ele>
      </trkpt>
      <trkpt lat="32.76" lon="-16.82827865725728">
        <ele>172</ele>
      </trkpt>
      <trkpt lat="32.76039671943543" lon="-16.82808888041196">
        <ele>166</ele>
      </trkpt>
      <trkpt lat="32.76071428571428" lon="-16.82794487888612">
        <ele>163</ele>
      </trkpt>
      <trkpt lat="32.76102231546824" lon="-16.82788384512682">
        <ele>164</ele>
      </trkpt>
      <trkpt lat="32.7612521457181" lon="-16.82769883654395">
        <ele>166</ele>
      </trkpt>
      <trkpt lat="32.76153538050734" lon="-16.82740320427235">
        <ele>170</ele>
      </trkpt>
      <trkpt lat="32.76169273316803" lon="-16.82730020980353">
        <ele>171</ele>
      </trkpt>
      <trkpt lat="32.76183768834636" lon="-16.82725538813655">
        <ele>170</ele>
      </trkpt>
      <trkpt lat="32.7619998092695" lon="-16.82724489795917">
        <ele>170</ele>
      </trkpt>
      <trkpt lat="32.76275510204081" lon="-16.82741178714475">
        <ele>172</ele>
      </trkpt>
      <trkpt lat="32.76275510204081" lon="-16.82741178714475">
        <ele>172</ele>
      </trkpt>
      <trkpt lat="32.76303738317757" lon="-16.82747377455653">
        <ele>172</ele>
      </trkpt>
      <trkpt lat="32.76337402250619" lon="-16.82765878313941">
        <ele>168</ele>
      </trkpt>
      <trkpt lat="32.76346175853519" lon="-16.82766355140185">
        <ele>167</ele>
      </trkpt>
      <trkpt lat="32.76393667747472" lon="-16.82752622544343">
        <ele>174</ele>
      </trkpt>
      <trkpt lat="32.76448979591837" lon="-16.82751382796107">
        <ele>173</ele>
      </trkpt>
      <trkpt lat="32.76491035666603" lon="-16.82740892618728">
        <ele>168</ele>
      </trkpt>
      <trkpt lat="32.76523745946977" lon="-16.82724775891663">
        <ele>160</ele>
      </trkpt>
      <trkpt lat="32.76556742323097" lon="-16.82717146671751">
        <ele>154</ele>
      </trkpt>
      <trkpt lat="32.76574480259393" lon="-16.82707991607856">
        <ele>151</ele>
      </trkpt>
      <trkpt lat="32.76588594316231" lon="-16.8268853709708">
        <ele>147</ele>
      </trkpt>
      <trkpt lat="32.76606236887278" lon="-16.82659164600418">
        <ele>141</ele>
      </trkpt>
      <trkpt lat="32.76606236887278" lon="-16.82659164600418">
        <ele>141</ele>
      </trkpt>
      <trkpt lat="32.76623211901583" lon="-16.82641045203126">
        <ele>135</ele>
      </trkpt>
      <trkpt lat="32.7665391951173" lon="-16.82603757390805">
        <ele>131</ele>
      </trkpt>
      <trkpt lat="32.76669177951554" lon="-16.82597177188631">
        <ele>132</ele>
      </trkpt>
      <trkpt lat="32.76688918558077" lon="-16.8259727255388">
        <ele>132</ele>
      </trkpt>
      <trkpt lat="32.76703700171657" lon="-16.82603185199312">
        <ele>132</ele>
      </trkpt>
      <trkpt lat="32.76750238413122" lon="-16.82640568376882">
        <ele>131</ele>
      </trkpt>
      <trkpt lat="32.76750238413122" lon="-16.82640568376882">
        <ele>131</ele>
      </trkpt>
      <trkpt lat="32.76790768643906" lon="-16.82642571047109">
        <ele>127</ele>
      </trkpt>
      <trkpt lat="32.76835208849895" lon="-16.82633415983214">
        <ele>122</ele>
      </trkpt>
      <trkpt lat="32.76842075147816" lon="-16.82634274270454">
        <ele>121</ele>
      </trkpt>
      <trkpt lat="32.76848941445737" lon="-16.82635037192446">
        <ele>120</ele>
      </trkpt>
      <trkpt lat="32.7685828724013" lon="-16.8263808888041">
        <ele>120</ele>
      </trkpt>
      <trkpt lat="32.7686772839977" lon="-16.82641140568375">
        <ele>119</ele>
      </trkpt>
      <trkpt lat="32.76921132939157" lon="-16.82626358954795">
        <ele>108</ele>
      </trkpt>
      <trkpt lat="32.76929238985313" lon="-16.82626549685293">
        <ele>107</ele>
      </trkpt>
      <trkpt lat="32.76934484074003" lon="-16.82628647720769">
        <ele>106</ele>
      </trkpt>
      <trkpt lat="32.76941350371924" lon="-16.82634560366201">
        <ele>107</ele>
      </trkpt>
      <trkpt lat="32.76952889567041" lon="-16.82646194926567">
        <ele>108</ele>
      </trkpt>
      <trkpt lat="32.76958706847225" lon="-16.82648674423039">
        <ele>108</ele>
      </trkpt>
      <trkpt lat="32.769695784856" lon="-16.82649628075528">
        <ele>107</ele>
      </trkpt>
      <trkpt lat="32.769695784856" lon="-16.82649628075528">
        <ele>107</ele>
      </trkpt>
      <trkpt lat="32.76976444783521" lon="-16.82650867823763">
        <ele>106</ele>
      </trkpt>
      <trkpt lat="32.76981022315468" lon="-16.82647530040052">
        <ele>104</ele>
      </trkpt>
      <trkpt lat="32.76986172038909" lon="-16.82640473011633">
        <ele>101</ele>
      </trkpt>
      <trkpt lat="32.7699132176235" lon="-16.82633415983214">
        <ele>98</ele>
      </trkpt>
      <trkpt lat="32.77000190730497" lon="-16.82641998855615">
        <ele>100</ele>
      </trkpt>
      <trkpt lat="32.77006675567423" lon="-16.82649914171274">
        <ele>97</ele>
      </trkpt>
      <trkpt lat="32.77013160404348" lon="-16.82657734121684">
        <ele>95</ele>
      </trkpt>
      <trkpt lat="32.77002288765974" lon="-16.82668224299064">
        <ele>106</ele>
      </trkpt>
      <trkpt lat="32.77001907304977" lon="-16.82670894526033">
        <ele>105</ele>
      </trkpt>
      <trkpt lat="32.77003528514209" lon="-16.82673278657256">
        <ele>102</ele>
      </trkpt>
      <trkpt lat="32.77004958992943" lon="-16.82673660118251">
        <ele>101</ele>
      </trkpt>
      <trkpt lat="32.77006294106427" lon="-16.82673183292007">
        <ele>100</ele>
      </trkpt>
      <trkpt lat="32.7701478161358" lon="-16.82666030898339">
        <ele>96</ele>
      </trkpt>
      <trkpt lat="32.7701821476254" lon="-16.82665267976348">
        <ele>93</ele>
      </trkpt>
      <trkpt lat="32.77022220102994" lon="-16.82666507724583">
        <ele>91</ele>
      </trkpt>
      <trkpt lat="32.7702517642571" lon="-16.82668605760059">
        <ele>88</ele>
      </trkpt>
      <trkpt lat="32.77024794964714" lon="-16.8267032233454">
        <ele>88</ele>
      </trkpt>
      <trkpt lat="32.77021552546252" lon="-16.82672515735264">
        <ele>89</ele>
      </trkpt>
      <trkpt lat="32.77021838641998" lon="-16.82673946213998">
        <ele>89</ele>
      </trkpt>
      <trkpt lat="32.77024985695212" lon="-16.82674327674994">
        <ele>86</ele>
      </trkpt>
      <trkpt lat="32.77031470532138" lon="-16.8267203890902">
        <ele>82</ele>
      </trkpt>
      <trkpt lat="32.77032614915124" lon="-16.82670799160784">
        <ele>82</ele>
      </trkpt>
      <trkpt lat="32.77032042723631" lon="-16.82664600419605">
        <ele>82</ele>
      </trkpt>
      <trkpt lat="32.77033473202365" lon="-16.82663742132365">
        <ele>81</ele>
      </trkpt>
      <trkpt lat="32.77035761968338" lon="-16.82671848178522">
        <ele>79</ele>
      </trkpt>
      <trkpt lat="32.77035761968338" lon="-16.82671848178522">
        <ele>79</ele>
      </trkpt>
      <trkpt lat="32.77037478542819" lon="-16.82673469387754">
        <ele>77</ele>
      </trkpt>
      <trkpt lat="32.7703728781232" lon="-16.82676711806216">
        <ele>77</ele>
      </trkpt>
      <trkpt lat="32.77043486553499" lon="-16.82677665458705">
        <ele>72</ele>
      </trkpt>
      <trkpt lat="32.7704434484074" lon="-16.82679286667937">
        <ele>71</ele>
      </trkpt>
      <trkpt lat="32.77047015067709" lon="-16.82676616440967">
        <ele>70</ele>
      </trkpt>
      <trkpt lat="32.77048064085447" lon="-16.82680526416172">
        <ele>68</ele>
      </trkpt>
      <trkpt lat="32.77050448216669" lon="-16.82678714476443">
        <ele>67</ele>
      </trkpt>
      <trkpt lat="32.77051115773412" lon="-16.82680144955177">
        <ele>66</ele>
      </trkpt>
      <trkpt lat="32.77051115773412" lon="-16.82680144955177">
        <ele>66</ele>
      </trkpt>
      <trkpt lat="32.77050638947167" lon="-16.82681384703412">
        <ele>67</ele>
      </trkpt>
      <trkpt lat="32.77043009727255" lon="-16.82688823192827">
        <ele>70</ele>
      </trkpt>
      <trkpt lat="32.77043963379744" lon="-16.82690349036809">
        <ele>69</ele>
      </trkpt>
      <trkpt lat="32.77052832347892" lon="-16.82683196643142">
        <ele>65</ele>
      </trkpt>
      <trkpt lat="32.77053976730879" lon="-16.82684913217622">
        <ele>64</ele>
      </trkpt>
      <trkpt lat="32.77044535571238" lon="-16.82694354377263">
        <ele>68</ele>
      </trkpt>
      <trkpt lat="32.7704434484074" lon="-16.82699218004957">
        <ele>68</ele>
      </trkpt>
      <trkpt lat="32.7704398526637" lon="-16.82699721409075">
        <ele>68</ele>
      </trkpt>
      <trkpt lat="32.77043985267461" lon="-16.82699721407961">
        <ele>68</ele>
      </trkpt>
      <trkpt lat="32.77049303833682" lon="-16.82695880221246">
        <ele>65</ele>
      </trkpt>
      <trkpt lat="32.77053786000381" lon="-16.82692542437534">
        <ele>63</ele>
      </trkpt>
      <trkpt lat="32.77064371543009" lon="-16.82682815182146">
        <ele>57</ele>
      </trkpt>
      <trkpt lat="32.77064371543009" lon="-16.82682815182146">
        <ele>57</ele>
      </trkpt>
      <trkpt lat="32.77096604997138" lon="-16.8270684722487">
        <ele>39</ele>
      </trkpt>
      <trkpt lat="32.77101945451077" lon="-16.82711901583061">
        <ele>37</ele>
      </trkpt>
      <trkpt lat="32.77103852756056" lon="-16.8271466717528">
        <ele>36</ele>
      </trkpt>
      <trkpt lat="32.77106522983025" lon="-16.82721247377454">
        <ele>36</ele>
      </trkpt>
      <trkpt lat="32.77107285905016" lon="-16.82726015639899">
        <ele>36</ele>
      </trkpt>
      <trkpt lat="32.77107190539767" lon="-16.82730974632842">
        <ele>36</ele>
      </trkpt>
      <trkpt lat="32.77106236887278" lon="-16.82735742895287">
        <ele>37</ele>
      </trkpt>
      <trkpt lat="32.77100419607095" lon="-16.8274680526416">
        <ele>40</ele>
      </trkpt>
      <trkpt lat="32.77033568567614" lon="-16.82825863055501">
        <ele>42</ele>
      </trkpt>
      <trkpt lat="32.77029944688155" lon="-16.82830631317946">
        <ele>41</ele>
      </trkpt>
      <trkpt lat="32.7702775128743" lon="-16.82836448598129">
        <ele>41</ele>
      </trkpt>
      <trkpt lat="32.7702775128743" lon="-16.82836448598129">
        <ele>41</ele>
      </trkpt>
      <trkpt lat="32.77028323478924" lon="-16.82840835399579">
        <ele>41</ele>
      </trkpt>
      <trkpt lat="32.77032901010871" lon="-16.8285113484646">
        <ele>42</ele>
      </trkpt>
      <trkpt lat="32.77038718291055" lon="-16.82855903108906">
        <ele>41</ele>
      </trkpt>
      <trkpt lat="32.7704520312798" lon="-16.82856189204652">
        <ele>41</ele>
      </trkpt>
      <trkpt lat="32.77050829677665" lon="-16.82852374594696">
        <ele>40</ele>
      </trkpt>
      <trkpt lat="32.77109193209994" lon="-16.82781708945259">
        <ele>34</ele>
      </trkpt>
      <trkpt lat="32.77114819759679" lon="-16.82778752622543">
        <ele>32</ele>
      </trkpt>
      <trkpt lat="32.77119588022124" lon="-16.82778561892045">
        <ele>30</ele>
      </trkpt>
      <trkpt lat="32.77125023841312" lon="-16.82779134083538">
        <ele>28</ele>
      </trkpt>
      <trkpt lat="32.77132176234979" lon="-16.82783044058743">
        <ele>26</ele>
      </trkpt>
      <trkpt lat="32.77139519359145" lon="-16.82791245470149">
        <ele>23</ele>
      </trkpt>
      <trkpt lat="32.77146957848559" lon="-16.82799351516306">
        <ele>21</ele>
      </trkpt>
      <trkpt lat="32.77146957848559" lon="-16.82799351516306">
        <ele>21</ele>
      </trkpt>
      <trkpt lat="32.77149341979782" lon="-16.82802212473773">
        <ele>21</ele>
      </trkpt>
      <trkpt lat="32.77149341979782" lon="-16.82802212473773">
        <ele>21</ele>
      </trkpt>
      <trkpt lat="32.77156685103948" lon="-16.82810795346174">
        <ele>19</ele>
      </trkpt>
      <trkpt lat="32.77156685103948" lon="-16.82810795346174">
        <ele>19</ele>
      </trkpt>
      <trkpt lat="32.77168319664314" lon="-16.82828628647719">
        <ele>18</ele>
      </trkpt>
      <trkpt lat="32.77180240320427" lon="-16.82845222201028">
        <ele>20</ele>
      </trkpt>
      <trkpt lat="32.77195117299256" lon="-16.82863913789813">
        <ele>23</ele>
      </trkpt>
      <trkpt lat="32.77200648483692" lon="-16.82868968148005">
        <ele>24</ele>
      </trkpt>
      <trkpt lat="32.77200648483692" lon="-16.82868968148005">
        <ele>24</ele>
      </trkpt>
      <trkpt lat="32.77209135990844" lon="-16.82838832729352">
        <ele>19</ele>
      </trkpt>
      <trkpt lat="32.77216002288765" lon="-16.82820427236313">
        <ele>17</ele>
      </trkpt>
      <trkpt lat="32.77220389090215" lon="-16.82814133129886">
        <ele>16</ele>
      </trkpt>
      <trkpt lat="32.77224108334922" lon="-16.82810890711423">
        <ele>16</ele>
      </trkpt>
      <trkpt lat="32.77231165363341" lon="-16.82808220484454">
        <ele>16</ele>
      </trkpt>
      <trkpt lat="32.77238317757009" lon="-16.82806694640471">
        <ele>16</ele>
      </trkpt>
      <trkpt lat="32.77269883654396" lon="-16.82804501239747">
        <ele>15</ele>
      </trkpt>
      <trkpt lat="32.77269883654396" lon="-16.82804501239747">
        <ele>15</ele>
      </trkpt>
      <trkpt lat="32.77276273126073" lon="-16.8280068662979">
        <ele>15</ele>
      </trkpt>
      <trkpt lat="32.77304787335495" lon="-16.82795823002096">
        <ele>14</ele>
      </trkpt>
      <trkpt lat="32.77304787335495" lon="-16.82795823002096">
        <ele>14</ele>
      </trkpt>
      <trkpt lat="32.77304405874499" lon="-16.82791245470149">
        <ele>14</ele>
      </trkpt>
      <trkpt lat="32.77294964714857" lon="-16.82787049399197">
        <ele>14</ele>
      </trkpt>
      <trkpt lat="32.77285523555216" lon="-16.82782853328246">
        <ele>13</ele>
      </trkpt>
      <trkpt lat="32.77274270455845" lon="-16.82775414838831">
        <ele>12</ele>
      </trkpt>
      <trkpt lat="32.77263017356475" lon="-16.82767880984168">
        <ele>11</ele>
      </trkpt>
      <trkpt lat="32.77256341789052" lon="-16.82760823955749">
        <ele>10</ele>
      </trkpt>
      <trkpt lat="32.77249761586877" lon="-16.82753671562081">
        <ele>9</ele>
      </trkpt>
      <trkpt lat="32.77242895288956" lon="-16.82743658210946">
        <ele>8</ele>
      </trkpt>
      <trkpt lat="32.77238317757009" lon="-16.82739366774746">
        <ele>8</ele>
      </trkpt>
      <trkpt lat="32.77238317757009" lon="-16.82739366774746">
        <ele>8</ele>
      </trkpt>
      <trkpt lat="32.77223726873927" lon="-16.82724299065419">
        <ele>8</ele>
      </trkpt>
      <trkpt lat="32.77223726873927" lon="-16.82724299065419">
        <ele>8</ele>
      </trkpt>
      <trkpt lat="32.77216574480259" lon="-16.82717242037">
        <ele>7</ele>
      </trkpt>
      <trkpt lat="32.77216574480259" lon="-16.82717242037">
        <ele>7</ele>
      </trkpt>
      <trkpt lat="32.77211996948311" lon="-16.82712473774555">
        <ele>7</ele>
      </trkpt>
      <trkpt lat="32.77206275033377" lon="-16.82722296395192">
        <ele>8</ele>
      </trkpt>
      <trkpt lat="32.77206275033377" lon="-16.82722296395192">
        <ele>8</ele>
      </trkpt>
      <trkpt lat="32.77181575433912" lon="-16.82705512111385">
        <ele>7</ele>
      </trkpt>
      <trkpt lat="32.77166126263589" lon="-16.82691493419796">
        <ele>7</ele>
      </trkpt>
      <trkpt lat="32.77166126263589" lon="-16.82691493419796">
        <ele>7</ele>
      </trkpt>
      <trkpt lat="32.77134941827197" lon="-16.82666698455082">
        <ele>19</ele>
      </trkpt>
      <trkpt lat="32.77117776082395" lon="-16.82649818806026">
        <ele>24</ele>
      </trkpt>
      <trkpt lat="32.77103757390806" lon="-16.82629219912262">
        <ele>23</ele>
      </trkpt>
      <trkpt lat="32.77051115773412" lon="-16.82537383177569">
        <ele>25</ele>
      </trkpt>
      <trkpt lat="32.77028228113675" lon="-16.82503719244706">
        <ele>23</ele>
      </trkpt>
      <trkpt lat="32.7699732977303" lon="-16.82475300400532">
        <ele>22</ele>
      </trkpt>
      <trkpt lat="32.76936009917986" lon="-16.82426282662596">
        <ele>19</ele>
      </trkpt>
      <trkpt lat="32.76875548350181" lon="-16.82334541293151">
        <ele>8</ele>
      </trkpt>
      <trkpt lat="32.76870112530993" lon="-16.82323860385274">
        <ele>8</ele>
      </trkpt>
      <trkpt lat="32.76859303763639" lon="-16.82308402685724">
        <ele>9</ele>
      </trkpt>
      <trkpt lat="32.76859303765639" lon="-16.82308402692817">
        <ele>9</ele>
      </trkpt>
      <trkpt lat="32.76850848750715" lon="-16.82305645622733">
        <ele>10</ele>
      </trkpt>
      <trkpt lat="32.76842075147816" lon="-16.82302689300018">
        <ele>10</ele>
      </trkpt>
      <trkpt lat="32.76832252527178" lon="-16.82308411214952">
        <ele>12</ele>
      </trkpt>
      <trkpt lat="32.76821571619301" lon="-16.82300591264542">
        <ele>13</ele>
      </trkpt>
      <trkpt lat="32.76810986076674" lon="-16.82292675948883">
        <ele>14</ele>
      </trkpt>
      <trkpt lat="32.76777608239557" lon="-16.82292771314131">
        <ele>18</ele>
      </trkpt>
      <trkpt lat="32.76772363150867" lon="-16.8228943353042">
        <ele>19</ele>
      </trkpt>
      <trkpt lat="32.7677121876788" lon="-16.82288003051686">
        <ele>19</ele>
      </trkpt>
      <trkpt lat="32.76771314133129" lon="-16.82285332824717">
        <ele>18</ele>
      </trkpt>
      <trkpt lat="32.76773698264352" lon="-16.82282185771503">
        <ele>18</ele>
      </trkpt>
      <trkpt lat="32.76773698264352" lon="-16.82282185771503">
        <ele>18</ele>
      </trkpt>
      <trkpt lat="32.76770646576387" lon="-16.82279992370778">
        <ele>18</ele>
      </trkpt>
      <trkpt lat="32.76763017356475" lon="-16.82279801640281">
        <ele>19</ele>
      </trkpt>
      <trkpt lat="32.76763017356475" lon="-16.82279801640281">
        <ele>19</ele>
      </trkpt>
      <trkpt lat="32.76758058363532" lon="-16.82280564562272">
        <ele>20</ele>
      </trkpt>
      <trkpt lat="32.76758058363532" lon="-16.82280564562272">
        <ele>20</ele>
      </trkpt>
      <trkpt lat="32.76756627884799" lon="-16.82273126072857">
        <ele>19</ele>
      </trkpt>
      <trkpt lat="32.76755292771314" lon="-16.82265592218194">
        <ele>18</ele>
      </trkpt>
      <trkpt lat="32.76755292771314" lon="-16.82265592218194">
        <ele>18</ele>
      </trkpt>
      <trkpt lat="32.76755769597558" lon="-16.8226244516498">
        <ele>18</ele>
      </trkpt>
      <trkpt lat="32.76761491512492" lon="-16.82259584207513">
        <ele>17</ele>
      </trkpt>
      <trkpt lat="32.76761491512492" lon="-16.82259584207513">
        <ele>17</ele>
      </trkpt>
      <trkpt lat="32.76757581537287" lon="-16.82255197406064">
        <ele>16</ele>
      </trkpt>
      <trkpt lat="32.76757581537287" lon="-16.82255197406064">
        <ele>16</ele>
      </trkpt>
      <trkpt lat="32.76745279420179" lon="-16.82240797253479">
        <ele>18</ele>
      </trkpt>
      <trkpt lat="32.76736601182529" lon="-16.82233454129314">
        <ele>21</ele>
      </trkpt>
      <trkpt lat="32.76723726873927" lon="-16.82213522792293">
        <ele>28</ele>
      </trkpt>
      <trkpt lat="32.76715525462521" lon="-16.82192637802783">
        <ele>33</ele>
      </trkpt>
      <trkpt lat="32.76715344201101" lon="-16.82192176244059">
        <ele>33</ele>
      </trkpt>
      <trkpt lat="32.76710280373831" lon="-16.8221113866107">
        <ele>32</ele>
      </trkpt>
      <trkpt lat="32.76710280373831" lon="-16.8221113866107">
        <ele>32</ele>
      </trkpt>
      <trkpt lat="32.76703795536906" lon="-16.82206942590119">
        <ele>35</ele>
      </trkpt>
      <trkpt lat="32.7669473583826" lon="-16.82204367728398">
        <ele>39</ele>
      </trkpt>
      <trkpt lat="32.76685390043868" lon="-16.82201029944687">
        <ele>43</ele>
      </trkpt>
      <trkpt lat="32.76676044249475" lon="-16.82197596795726">
        <ele>47</ele>
      </trkpt>
      <trkpt lat="32.76672706465764" lon="-16.8219464047301">
        <ele>49</ele>
      </trkpt>
      <trkpt lat="32.76672897196261" lon="-16.8219025367156">
        <ele>50</ele>
      </trkpt>
      <trkpt lat="32.76675376692733" lon="-16.82183005912644">
        <ele>50</ele>
      </trkpt>
      <trkpt lat="32.76677856189204" lon="-16.82175662788478">
        <ele>51</ele>
      </trkpt>
      <trkpt lat="32.76682719816898" lon="-16.82171752813273">
        <ele>50</ele>
      </trkpt>
      <trkpt lat="32.76686820522601" lon="-16.82169273316802">
        <ele>49</ele>
      </trkpt>
      <trkpt lat="32.76689300019073" lon="-16.82165458706845">
        <ele>48</ele>
      </trkpt>
      <trkpt lat="32.76688251001335" lon="-16.8216164409689">
        <ele>49</ele>
      </trkpt>
      <trkpt lat="32.76683959565134" lon="-16.82160022887658">
        <ele>51</ele>
      </trkpt>
      <trkpt lat="32.76657638756437" lon="-16.82145527369825">
        <ele>58</ele>
      </trkpt>
      <trkpt lat="32.76654587068472" lon="-16.82141140568375">
        <ele>57</ele>
      </trkpt>
      <trkpt lat="32.76654968529468" lon="-16.82132080869729">
        <ele>59</ele>
      </trkpt>
      <trkpt lat="32.76655349990463" lon="-16.82123021171084">
        <ele>60</ele>
      </trkpt>
      <trkpt lat="32.7665296585924" lon="-16.8211377074194">
        <ele>60</ele>
      </trkpt>
      <trkpt lat="32.76650677093266" lon="-16.82104520312797">
        <ele>61</ele>
      </trkpt>
      <trkpt lat="32.76649055884035" lon="-16.82094316231164">
        <ele>62</ele>
      </trkpt>
      <trkpt lat="32.76646767118062" lon="-16.82088308220483">
        <ele>62</ele>
      </trkpt>
      <trkpt lat="32.76637898149914" lon="-16.82082777036046">
        <ele>60</ele>
      </trkpt>
      <trkpt lat="32.76632557695975" lon="-16.82076482929619">
        <ele>59</ele>
      </trkpt>
      <trkpt lat="32.76625691398054" lon="-16.82074003433148">
        <ele>57</ele>
      </trkpt>
      <trkpt lat="32.76619492656875" lon="-16.82070093457942">
        <ele>56</ele>
      </trkpt>
      <trkpt lat="32.76617203890902" lon="-16.82062368872781">
        <ele>57</ele>
      </trkpt>
      <trkpt lat="32.76616059507915" lon="-16.82054453557122">
        <ele>58</ele>
      </trkpt>
      <trkpt lat="32.76616059507915" lon="-16.82048636276939">
        <ele>60</ele>
      </trkpt>
      <trkpt lat="32.76621495327102" lon="-16.82039195117298">
        <ele>63</ele>
      </trkpt>
      <trkpt lat="32.7662693114629" lon="-16.82029658592407">
        <ele>66</ele>
      </trkpt>
      <trkpt lat="32.76629410642762" lon="-16.82022887659735">
        <ele>68</ele>
      </trkpt>
      <trkpt lat="32.76631985504482" lon="-16.82016116727063">
        <ele>70</ele>
      </trkpt>
      <trkpt lat="32.76633320617967" lon="-16.82009059698644">
        <ele>71</ele>
      </trkpt>
      <trkpt lat="32.76634655731451" lon="-16.82002002670225">
        <ele>73</ele>
      </trkpt>
      <trkpt lat="32.76634465000953" lon="-16.81999999999998">
        <ele>73</ele>
      </trkpt>
      <trkpt lat="32.76634465000953" lon="-16.82">
        <ele>73</ele>
      </trkpt>
      <trkpt lat="32.76633606713713" lon="-16.81990272744612">
        <ele>73</ele>
      </trkpt>
      <trkpt lat="32.76631604043486" lon="-16.81980450123975">
        <ele>72</ele>
      </trkpt>
      <trkpt lat="32.76629410642762" lon="-16.81973011634561">
        <ele>71</ele>
      </trkpt>
      <trkpt lat="32.7662693114629" lon="-16.81968910928858">
        <ele>71</ele>
      </trkpt>
      <trkpt lat="32.76621972153347" lon="-16.81964714857906">
        <ele>71</ele>
      </trkpt>
      <trkpt lat="32.76621972153347" lon="-16.81964714857906">
        <ele>71</ele>
      </trkpt>
      <trkpt lat="32.76611386610718" lon="-16.81940301354187">
        <ele>71</ele>
      </trkpt>
      <trkpt lat="32.76604424947548" lon="-16.81929238985314">
        <ele>72</ele>
      </trkpt>
      <trkpt lat="32.76596604997139" lon="-16.81913312988747">
        <ele>75</ele>
      </trkpt>
      <trkpt lat="32.76564466908258" lon="-16.81837020789624">
        <ele>108</ele>
      </trkpt>
      <trkpt lat="32.76564466908258" lon="-16.81837020789624">
        <ele>108</ele>
      </trkpt>
      <trkpt lat="32.76566660308983" lon="-16.81831108144193">
        <ele>109</ele>
      </trkpt>
      <trkpt lat="32.76566564943734" lon="-16.81822811367538">
        <ele>111</ele>
      </trkpt>
      <trkpt lat="32.76566469578485" lon="-16.81814514590883">
        <ele>113</ele>
      </trkpt>
      <trkpt lat="32.76563227160023" lon="-16.81785618920465">
        <ele>118</ele>
      </trkpt>
      <trkpt lat="32.76558268167079" lon="-16.81759965668511">
        <ele>124</ele>
      </trkpt>
      <trkpt lat="32.76550925042914" lon="-16.81735456799542">
        <ele>128</ele>
      </trkpt>
      <trkpt lat="32.76549399198932" lon="-16.8172696929239">
        <ele>130</ele>
      </trkpt>
      <trkpt lat="32.76547873354949" lon="-16.81718386419989">
        <ele>131</ele>
      </trkpt>
      <trkpt lat="32.765477779897" lon="-16.81708659164601">
        <ele>132</ele>
      </trkpt>
      <trkpt lat="32.765477779897" lon="-16.81698836543963">
        <ele>133</ele>
      </trkpt>
      <trkpt lat="32.76548159450696" lon="-16.81691207324051">
        <ele>134</ele>
      </trkpt>
      <trkpt lat="32.7654863627694" lon="-16.8168348273889">
        <ele>135</ele>
      </trkpt>
      <trkpt lat="32.76546252145717" lon="-16.81671752813275">
        <ele>137</ele>
      </trkpt>
      <trkpt lat="32.76541960709517" lon="-16.81662502384131">
        <ele>139</ele>
      </trkpt>
      <trkpt lat="32.76529944688155" lon="-16.8165220293725">
        <ele>141</ele>
      </trkpt>
      <trkpt lat="32.76523841312225" lon="-16.81644478352089">
        <ele>143</ele>
      </trkpt>
      <trkpt lat="32.76517833301545" lon="-16.81636658401679">
        <ele>144</ele>
      </trkpt>
      <trkpt lat="32.76514304787335" lon="-16.81629887469007">
        <ele>145</ele>
      </trkpt>
      <trkpt lat="32.76510871638374" lon="-16.81623116536334">
        <ele>147</ele>
      </trkpt>
      <trkpt lat="32.76509059698645" lon="-16.81617013160405">
        <ele>147</ele>
      </trkpt>
      <trkpt lat="32.76507343124165" lon="-16.81610909784475">
        <ele>148</ele>
      </trkpt>
      <trkpt lat="32.76499332443257" lon="-16.81545775319474">
        <ele>160</ele>
      </trkpt>
      <trkpt lat="32.76463189013923" lon="-16.81473774556552">
        <ele>175</ele>
      </trkpt>
      <trkpt lat="32.76456894907496" lon="-16.81465000953653">
        <ele>177</ele>
      </trkpt>
      <trkpt lat="32.76450600801068" lon="-16.81456131985505">
        <ele>179</ele>
      </trkpt>
      <trkpt lat="32.76439443066946" lon="-16.81445451077628">
        <ele>182</ele>
      </trkpt>
      <trkpt lat="32.76404157924852" lon="-16.81429143620065">
        <ele>187</ele>
      </trkpt>
      <trkpt lat="32.76394812130459" lon="-16.81421228304406">
        <ele>188</ele>
      </trkpt>
      <trkpt lat="32.76385561701316" lon="-16.81413312988747">
        <ele>190</ele>
      </trkpt>
      <trkpt lat="32.76364772077055" lon="-16.81388613389281">
        <ele>194</ele>
      </trkpt>
      <trkpt lat="32.76354663360671" lon="-16.8137917222964">
        <ele>195</ele>
      </trkpt>
      <trkpt lat="32.76344650009536" lon="-16.81369635704749">
        <ele>195</ele>
      </trkpt>
      <trkpt lat="32.76337688346366" lon="-16.81367346938776">
        <ele>194</ele>
      </trkpt>
      <trkpt lat="32.76330822048445" lon="-16.81364962807553">
        <ele>192</ele>
      </trkpt>
      <trkpt lat="32.76318996757581" lon="-16.81359336257868">
        <ele>187</ele>
      </trkpt>
      <trkpt lat="32.76314133129887" lon="-16.81352756055693">
        <ele>185</ele>
      </trkpt>
      <trkpt lat="32.76314896051878" lon="-16.81343696357048">
        <ele>187</ele>
      </trkpt>
      <trkpt lat="32.76315754339119" lon="-16.81334541293153">
        <ele>188</ele>
      </trkpt>
      <trkpt lat="32.76317470913599" lon="-16.81326816707992">
        <ele>190</ele>
      </trkpt>
      <trkpt lat="32.76319282853328" lon="-16.81319092122831">
        <ele>192</ele>
      </trkpt>
      <trkpt lat="32.76327198168987" lon="-16.81307171466718">
        <ele>198</ele>
      </trkpt>
      <trkpt lat="32.76335208849895" lon="-16.81295155445356">
        <ele>203</ele>
      </trkpt>
      <trkpt lat="32.76338641998855" lon="-16.81285809650963">
        <ele>205</ele>
      </trkpt>
      <trkpt lat="32.76342170513065" lon="-16.81276368491322">
        <ele>208</ele>
      </trkpt>
      <trkpt lat="32.76347510967003" lon="-16.81265592218196">
        <ele>211</ele>
      </trkpt>
      <trkpt lat="32.76352946786191" lon="-16.8125481594507">
        <ele>213</ele>
      </trkpt>
      <trkpt lat="32.76356952126645" lon="-16.81248807934389">
        <ele>215</ele>
      </trkpt>
      <trkpt lat="32.76362864772076" lon="-16.81243562845699">
        <ele>217</ele>
      </trkpt>
      <trkpt lat="32.76370875452984" lon="-16.81238508487507">
        <ele>220</ele>
      </trkpt>
      <trkpt lat="32.76379839786382" lon="-16.81234598512302">
        <ele>223</ele>
      </trkpt>
      <trkpt lat="32.76388804119778" lon="-16.81230593171848">
        <ele>225</ele>
      </trkpt>
      <trkpt lat="32.76400438680145" lon="-16.8121914934198">
        <ele>231</ele>
      </trkpt>
      <trkpt lat="32.76405016212092" lon="-16.812174327675">
        <ele>233</ele>
      </trkpt>
      <trkpt lat="32.76409498378791" lon="-16.81217718863246">
        <ele>234</ele>
      </trkpt>
      <trkpt lat="32.76415315658974" lon="-16.81221438107954">
        <ele>234</ele>
      </trkpt>
      <trkpt lat="32.76421800495899" lon="-16.81228209040626">
        <ele>234</ele>
      </trkpt>
      <trkpt lat="32.76428285332824" lon="-16.81234979973298">
        <ele>233</ele>
      </trkpt>
      <trkpt lat="32.76431909212283" lon="-16.81236982643525">
        <ele>233</ele>
      </trkpt>
      <trkpt lat="32.76434865534998" lon="-16.81237173374023">
        <ele>234</ele>
      </trkpt>
      <trkpt lat="32.76438584779706" lon="-16.81236028991036">
        <ele>235</ele>
      </trkpt>
      <trkpt lat="32.76440778180431" lon="-16.81232977303071">
        <ele>236</ele>
      </trkpt>
      <trkpt lat="32.76442685485409" lon="-16.81228209040626">
        <ele>237</ele>
      </trkpt>
      <trkpt lat="32.76441064276177" lon="-16.81219721533473">
        <ele>239</ele>
      </trkpt>
      <trkpt lat="32.76417890520694" lon="-16.81185676139615">
        <ele>244</ele>
      </trkpt>
      <trkpt lat="32.7641216860576" lon="-16.81176425710471">
        <ele>245</ele>
      </trkpt>
      <trkpt lat="32.76406542056074" lon="-16.81167079916079">
        <ele>245</ele>
      </trkpt>
      <trkpt lat="32.76391188251001" lon="-16.81137039862674">
        <ele>244</ele>
      </trkpt>
      <trkpt lat="32.76389376311272" lon="-16.81127598703033">
        <ele>245</ele>
      </trkpt>
      <trkpt lat="32.76387564371542" lon="-16.81118062178142">
        <ele>246</ele>
      </trkpt>
      <trkpt lat="32.76382891474346" lon="-16.81084684341026">
        <ele>249</ele>
      </trkpt>
      <trkpt lat="32.7638079343887" lon="-16.8107743658211">
        <ele>249</ele>
      </trkpt>
      <trkpt lat="32.76378790768644" lon="-16.81070093457944">
        <ele>250</ele>
      </trkpt>
      <trkpt lat="32.76378790768644" lon="-16.81070093457944">
        <ele>250</ele>
      </trkpt>
      <trkpt lat="32.76361243562845" lon="-16.81042246805264">
        <ele>248</ele>
      </trkpt>
      <trkpt lat="32.7635914552737" lon="-16.8102956322716">
        <ele>249</ele>
      </trkpt>
      <trkpt lat="32.76352469959946" lon="-16.81002956322716">
        <ele>252</ele>
      </trkpt>
      <trkpt lat="32.76347129506008" lon="-16.80990272744612">
        <ele>253</ele>
      </trkpt>
      <trkpt lat="32.76339404920846" lon="-16.80980640854473">
        <ele>254</ele>
      </trkpt>
      <trkpt lat="32.76324146481022" lon="-16.80972630173565">
        <ele>253</ele>
      </trkpt>
      <trkpt lat="32.76320999427808" lon="-16.80969387755102">
        <ele>252</ele>
      </trkpt>
      <trkpt lat="32.76317947739843" lon="-16.80965000953653">
        <ele>253</ele>
      </trkpt>
      <trkpt lat="32.76317947739843" lon="-16.80965000953653">
        <ele>253</ele>
      </trkpt>
      <trkpt lat="32.7630688537097" lon="-16.80937631127217">
        <ele>257</ele>
      </trkpt>
      <trkpt lat="32.76306217814228" lon="-16.80927522410834">
        <ele>259</ele>
      </trkpt>
      <trkpt lat="32.76306790005722" lon="-16.80897768453176">
        <ele>263</ele>
      </trkpt>
      <trkpt lat="32.7630516879649" lon="-16.80891665077246">
        <ele>263</ele>
      </trkpt>
      <trkpt lat="32.76303642952508" lon="-16.80885466336067">
        <ele>262</ele>
      </trkpt>
      <trkpt lat="32.76299637612054" lon="-16.80879362960138">
        <ele>262</ele>
      </trkpt>
      <trkpt lat="32.76294869349609" lon="-16.80875166889186">
        <ele>261</ele>
      </trkpt>
      <trkpt lat="32.76287335494946" lon="-16.80869826435247">
        <ele>261</ele>
      </trkpt>
      <trkpt lat="32.76279801640282" lon="-16.8086439061606">
        <ele>261</ele>
      </trkpt>
      <trkpt lat="32.76274556551592" lon="-16.80858477970628">
        <ele>261</ele>
      </trkpt>
      <trkpt lat="32.76265115391951" lon="-16.80831966431433">
        <ele>267</ele>
      </trkpt>
      <trkpt lat="32.76259202746519" lon="-16.80824718672516">
        <ele>269</ele>
      </trkpt>
      <trkpt lat="32.76253385466336" lon="-16.80817470913599">
        <ele>271</ele>
      </trkpt>
      <trkpt lat="32.76249475491131" lon="-16.80816135800115">
        <ele>272</ele>
      </trkpt>
      <trkpt lat="32.76244230402441" lon="-16.80817757009346">
        <ele>270</ele>
      </trkpt>
      <trkpt lat="32.76236696547777" lon="-16.80819187488079">
        <ele>267</ele>
      </trkpt>
      <trkpt lat="32.76229258058363" lon="-16.80820522601564">
        <ele>264</ele>
      </trkpt>
      <trkpt lat="32.76222677856189" lon="-16.80820427236315">
        <ele>262</ele>
      </trkpt>
      <trkpt lat="32.76215811558268" lon="-16.80815849704368">
        <ele>261</ele>
      </trkpt>
      <trkpt lat="32.76208373068853" lon="-16.80808220484456">
        <ele>260</ele>
      </trkpt>
      <trkpt lat="32.76198836543963" lon="-16.80796967385085">
        <ele>260</ele>
      </trkpt>
      <trkpt lat="32.76194640473011" lon="-16.80787526225444">
        <ele>262</ele>
      </trkpt>
      <trkpt lat="32.76187392714095" lon="-16.80759393477017">
        <ele>268</ele>
      </trkpt>
      <trkpt lat="32.76180049589929" lon="-16.80749952317376">
        <ele>269</ele>
      </trkpt>
      <trkpt lat="32.76172801831012" lon="-16.80740415792485">
        <ele>269</ele>
      </trkpt>
      <trkpt lat="32.76166603089834" lon="-16.80729734884608">
        <ele>272</ele>
      </trkpt>
      <trkpt lat="32.76150677093267" lon="-16.80690539767309">
        <ele>280</ele>
      </trkpt>
      <trkpt lat="32.76148769788288" lon="-16.80680812511921">
        <ele>282</ele>
      </trkpt>
      <trkpt lat="32.76145718100324" lon="-16.80607095174519">
        <ele>283</ele>
      </trkpt>
      <trkpt lat="32.76143810795346" lon="-16.80578199504101">
        <ele>282</ele>
      </trkpt>
      <trkpt lat="32.76144859813084" lon="-16.80566564943735">
        <ele>280</ele>
      </trkpt>
      <trkpt lat="32.7614600419607" lon="-16.80558649628076">
        <ele>280</ele>
      </trkpt>
      <trkpt lat="32.76147243944306" lon="-16.80550734312417">
        <ele>279</ele>
      </trkpt>
      <trkpt lat="32.76147339309555" lon="-16.80544535571238">
        <ele>278</ele>
      </trkpt>
      <trkpt lat="32.76147434674804" lon="-16.8053824146481">
        <ele>277</ele>
      </trkpt>
      <trkpt lat="32.76145145908831" lon="-16.80526702269693">
        <ele>276</ele>
      </trkpt>
      <trkpt lat="32.76142761777608" lon="-16.80501430478734">
        <ele>274</ele>
      </trkpt>
      <trkpt lat="32.76145432004577" lon="-16.80491417127599">
        <ele>275</ele>
      </trkpt>
      <trkpt lat="32.76147434674804" lon="-16.80456990272745">
        <ele>283</ele>
      </trkpt>
      <trkpt lat="32.76147434674804" lon="-16.80456990272745">
        <ele>283</ele>
      </trkpt>
      <trkpt lat="32.76152584398245" lon="-16.80438107953462">
        <ele>288</ele>
      </trkpt>
      <trkpt lat="32.76152584398245" lon="-16.80438107953462">
        <ele>288</ele>
      </trkpt>
      <trkpt lat="32.76157448025939" lon="-16.80430574098799">
        <ele>289</ele>
      </trkpt>
      <trkpt lat="32.76161358001144" lon="-16.80422277322144">
        <ele>291</ele>
      </trkpt>
      <trkpt lat="32.76164409689109" lon="-16.80394907495709">
        <ele>296</ele>
      </trkpt>
      <trkpt lat="32.76162693114629" lon="-16.80368777417509">
        <ele>301</ele>
      </trkpt>
      <trkpt lat="32.76162979210375" lon="-16.80358668701125">
        <ele>303</ele>
      </trkpt>
      <trkpt lat="32.76176807171466" lon="-16.80317566278848">
        <ele>307</ele>
      </trkpt>
      <trkpt lat="32.76181193972916" lon="-16.80307076101469">
        <ele>307</ele>
      </trkpt>
      <trkpt lat="32.76185580774366" lon="-16.80296490558841">
        <ele>307</ele>
      </trkpt>
      <trkpt lat="32.76187583444592" lon="-16.80287621590693">
        <ele>307</ele>
      </trkpt>
      <trkpt lat="32.76189586114819" lon="-16.80278657257296">
        <ele>308</ele>
      </trkpt>
      <trkpt lat="32.76188155636085" lon="-16.80267022696929">
        <ele>311</ele>
      </trkpt>
      <trkpt lat="32.76169368682052" lon="-16.80230974632844">
        <ele>318</ele>
      </trkpt>
      <trkpt lat="32.76162216288384" lon="-16.8022267785619">
        <ele>318</ele>
      </trkpt>
      <trkpt lat="32.76152107572" lon="-16.80213808888042">
        <ele>318</ele>
      </trkpt>
      <trkpt lat="32.76141998855616" lon="-16.80204844554644">
        <ele>320</ele>
      </trkpt>
      <trkpt lat="32.7613389280946" lon="-16.80195784855999">
        <ele>322</ele>
      </trkpt>
      <trkpt lat="32.76130268930002" lon="-16.80188537097082">
        <ele>323</ele>
      </trkpt>
      <trkpt lat="32.76123307266832" lon="-16.80182910547397">
        <ele>326</ele>
      </trkpt>
      <trkpt lat="32.7611214953271" lon="-16.80177474728209">
        <ele>333</ele>
      </trkpt>
      <trkpt lat="32.76102803738318" lon="-16.80171275987031">
        <ele>340</ele>
      </trkpt>
      <trkpt lat="32.76098130841121" lon="-16.80162311653634">
        <ele>341</ele>
      </trkpt>
      <trkpt lat="32.76096414266641" lon="-16.80153824146481">
        <ele>339</ele>
      </trkpt>
      <trkpt lat="32.76094697692161" lon="-16.80145336639329">
        <ele>336</ele>
      </trkpt>
      <trkpt lat="32.76085542628266" lon="-16.80111863436964">
        <ele>326</ele>
      </trkpt>
      <trkpt lat="32.76076006103376" lon="-16.80082490940302">
        <ele>321</ele>
      </trkpt>
      <trkpt lat="32.76070761014686" lon="-16.8007133320618">
        <ele>321</ele>
      </trkpt>
      <trkpt lat="32.76065706656494" lon="-16.80064180812512">
        <ele>322</ele>
      </trkpt>
      <trkpt lat="32.76060747663551" lon="-16.80056933053595">
        <ele>323</ele>
      </trkpt>
      <trkpt lat="32.76050543581918" lon="-16.80050734312417">
        <ele>329</ele>
      </trkpt>
      <trkpt lat="32.76050543581918" lon="-16.80050734312417">
        <ele>329</ele>
      </trkpt>
      <trkpt lat="32.7604167461377" lon="-16.80048254815945">
        <ele>336</ele>
      </trkpt>
      <trkpt lat="32.76033187106618" lon="-16.80043963379745">
        <ele>341</ele>
      </trkpt>
      <trkpt lat="32.76026702269692" lon="-16.80036048064086">
        <ele>343</ele>
      </trkpt>
      <trkpt lat="32.76021075720007" lon="-16.80027274461187">
        <ele>342</ele>
      </trkpt>
      <trkpt lat="32.76016402822811" lon="-16.80016116727065">
        <ele>340</ele>
      </trkpt>
      <trkpt lat="32.76008868968147" lon="-16.80005721914934">
        <ele>339</ele>
      </trkpt>
      <trkpt lat="32.76005626549685" lon="-16.8">
        <ele>339</ele>
      </trkpt>
      <trkpt lat="32.76005626549685" lon="-16.79999999999999">
        <ele>339</ele>
      </trkpt>
      <trkpt lat="32.76002384131222" lon="-16.79994087354567">
        <ele>338</ele>
      </trkpt>
      <trkpt lat="32.76" lon="-16.7998683959565">
        <ele>336</ele>
      </trkpt>
      <trkpt lat="32.76" lon="-16.7998683959565">
        <ele>336</ele>
      </trkpt>
      <trkpt lat="32.75997711234027" lon="-16.79979591836734">
        <ele>334</ele>
      </trkpt>
      <trkpt lat="32.75987888613389" lon="-16.79971962616822">
        <ele>340</ele>
      </trkpt>
      <trkpt lat="32.75984836925424" lon="-16.79965859240892">
        <ele>339</ele>
      </trkpt>
      <trkpt lat="32.75981880602708" lon="-16.79959755864962">
        <ele>339</ele>
      </trkpt>
      <trkpt lat="32.7597825672325" lon="-16.79950982262063">
        <ele>338</ele>
      </trkpt>
      <trkpt lat="32.75974728209041" lon="-16.79942113293915">
        <ele>336</ele>
      </trkpt>
      <trkpt lat="32.7596872019836" lon="-16.79930288003051">
        <ele>335</ele>
      </trkpt>
      <trkpt lat="32.75960900247949" lon="-16.79921132939156">
        <ele>338</ele>
      </trkpt>
      <trkpt lat="32.75953938584779" lon="-16.79919225634178">
        <ele>343</ele>
      </trkpt>
      <trkpt lat="32.7594697692161" lon="-16.79917222963951">
        <ele>349</ele>
      </trkpt>
      <trkpt lat="32.75935056265497" lon="-16.79909403013541">
        <ele>358</ele>
      </trkpt>
      <trkpt lat="32.75928952889567" lon="-16.79903585733358">
        <ele>363</ele>
      </trkpt>
      <trkpt lat="32.75930001907305" lon="-16.79898626740415">
        <ele>361</ele>
      </trkpt>
      <trkpt lat="32.75934388708755" lon="-16.79889853137516">
        <ele>356</ele>
      </trkpt>
      <trkpt lat="32.7593391188251" lon="-16.7987907686439">
        <ele>355</ele>
      </trkpt>
      <trkpt lat="32.75933530421514" lon="-16.79868205226015">
        <ele>354</ele>
      </trkpt>
      <trkpt lat="32.75929429715811" lon="-16.79859431623116">
        <ele>356</ele>
      </trkpt>
      <trkpt lat="32.75922658783139" lon="-16.79852756055692">
        <ele>361</ele>
      </trkpt>
      <trkpt lat="32.75919511729926" lon="-16.79844840740034">
        <ele>362</ele>
      </trkpt>
      <trkpt lat="32.75916364676712" lon="-16.79836830059126">
        <ele>364</ele>
      </trkpt>
      <trkpt lat="32.75917222963952" lon="-16.79829677665458">
        <ele>363</ele>
      </trkpt>
      <trkpt lat="32.75918844173183" lon="-16.79826149151248">
        <ele>363</ele>
      </trkpt>
      <trkpt lat="32.75923993896624" lon="-16.79822429906541">
        <ele>360</ele>
      </trkpt>
      <trkpt lat="32.75933721152012" lon="-16.79818329200839">
        <ele>353</ele>
      </trkpt>
      <trkpt lat="32.75936105283235" lon="-16.79810795346175">
        <ele>353</ele>
      </trkpt>
      <trkpt lat="32.75938489414457" lon="-16.79803261491512">
        <ele>353</ele>
      </trkpt>
      <trkpt lat="32.75942685485409" lon="-16.79800019073049">
        <ele>350</ele>
      </trkpt>
      <trkpt lat="32.75946500095365" lon="-16.79794773984359">
        <ele>348</ele>
      </trkpt>
      <trkpt lat="32.75952126645051" lon="-16.79794297158115">
        <ele>344</ele>
      </trkpt>
      <trkpt lat="32.75955941255007" lon="-16.79792866679381">
        <ele>341</ele>
      </trkpt>
      <trkpt lat="32.75962807552928" lon="-16.79784951363722">
        <ele>338</ele>
      </trkpt>
      <trkpt lat="32.7596347510967" lon="-16.79777894335303">
        <ele>339</ele>
      </trkpt>
      <trkpt lat="32.75964238031661" lon="-16.79770741941636">
        <ele>341</ele>
      </trkpt>
      <trkpt lat="32.75970150677093" lon="-16.79762921991226">
        <ele>338</ele>
      </trkpt>
      <trkpt lat="32.75976158687774" lon="-16.79755102040815">
        <ele>336</ele>
      </trkpt>
      <trkpt lat="32.75983024985695" lon="-16.79748712569139">
        <ele>332</ele>
      </trkpt>
      <trkpt lat="32.75983883272935" lon="-16.7974251382796">
        <ele>332</ele>
      </trkpt>
      <trkpt lat="32.75984741560175" lon="-16.79736315086782">
        <ele>331</ele>
      </trkpt>
      <trkpt lat="32.75989319092123" lon="-16.79729925615105">
        <ele>328</ele>
      </trkpt>
      <trkpt lat="32.7599389662407" lon="-16.7972344077818">
        <ele>325</ele>
      </trkpt>
      <trkpt lat="32.76" lon="-16.7971819568949">
        <ele>321</ele>
      </trkpt>
      <trkpt lat="32.76" lon="-16.7971819568949">
        <ele>321</ele>
      </trkpt>
      <trkpt lat="32.76001621209231" lon="-16.79716765210756">
        <ele>320</ele>
      </trkpt>
      <trkpt lat="32.76007057028419" lon="-16.79708277703604">
        <ele>316</ele>
      </trkpt>
      <trkpt lat="32.76012588212855" lon="-16.79699694831203">
        <ele>313</ele>
      </trkpt>
      <trkpt lat="32.76019645241274" lon="-16.79693496090024">
        <ele>309</ele>
      </trkpt>
      <trkpt lat="32.76026797634941" lon="-16.79687297348845">
        <ele>305</ele>
      </trkpt>
      <trkpt lat="32.76028609574671" lon="-16.79681098607666">
        <ele>305</ele>
      </trkpt>
      <trkpt lat="32.76028037383177" lon="-16.79674899866488">
        <ele>306</ele>
      </trkpt>
      <trkpt lat="32.76021838641999" lon="-16.79669273316803">
        <ele>311</ele>
      </trkpt>
      <trkpt lat="32.76014495517833" lon="-16.79659259965668">
        <ele>320</ele>
      </trkpt>
      <trkpt lat="32.76007247758916" lon="-16.79654873164218">
        <ele>327</ele>
      </trkpt>
      <trkpt lat="32.76" lon="-16.7965039099752">
        <ele>334</ele>
      </trkpt>
      <trkpt lat="32.76" lon="-16.7965039099752">
        <ele>334</ele>
      </trkpt>
      <trkpt lat="32.75992656875835" lon="-16.79645908830821">
        <ele>341</ele>
      </trkpt>
      <trkpt lat="32.75990463475109" lon="-16.79634369635704">
        <ele>350</ele>
      </trkpt>
      <trkpt lat="32.75984074003433" lon="-16.79643333969101">
        <ele>348</ele>
      </trkpt>
      <trkpt lat="32.75976063322526" lon="-16.79643143238603">
        <ele>352</ele>
      </trkpt>
      <trkpt lat="32.75975205035285" lon="-16.79636849132175">
        <ele>356</ele>
      </trkpt>
      <trkpt lat="32.75981975967957" lon="-16.7963122258249">
        <ele>356</ele>
      </trkpt>
      <trkpt lat="32.75988079343887" lon="-16.79627026511539">
        <ele>355</ele>
      </trkpt>
      <trkpt lat="32.75994278085066" lon="-16.79622830440587">
        <ele>355</ele>
      </trkpt>
      <trkpt lat="32.76" lon="-16.79620541674613">
        <ele>353</ele>
      </trkpt>
      <trkpt lat="32.76" lon="-16.79620541674613">
        <ele>353</ele>
      </trkpt>
      <trkpt lat="32.76010490177379" lon="-16.79616345603661">
        <ele>349</ele>
      </trkpt>
      <trkpt lat="32.76021075720007" lon="-16.7961214953271">
        <ele>346</ele>
      </trkpt>
      <trkpt lat="32.76028418844173" lon="-16.79609765401487">
        <ele>343</ele>
      </trkpt>
      <trkpt lat="32.76035857333587" lon="-16.79607381270264">
        <ele>340</ele>
      </trkpt>
      <trkpt lat="32.7604167461377" lon="-16.79604806408544">
        <ele>338</ele>
      </trkpt>
      <trkpt lat="32.76045107762731" lon="-16.79596128170894">
        <ele>342</ele>
      </trkpt>
      <trkpt lat="32.76045298493229" lon="-16.79586782376501">
        <ele>348</ele>
      </trkpt>
      <trkpt lat="32.76050066755674" lon="-16.79581251192065">
        <ele>348</ele>
      </trkpt>
      <trkpt lat="32.76058458897577" lon="-16.79579725348082">
        <ele>344</ele>
      </trkpt>
      <trkpt lat="32.76064943734503" lon="-16.79579820713331">
        <ele>340</ele>
      </trkpt>
      <trkpt lat="32.76071523936677" lon="-16.79585447263016">
        <ele>333</ele>
      </trkpt>
      <trkpt lat="32.76077245851612" lon="-16.79588308220483">
        <ele>328</ele>
      </trkpt>
      <trkpt lat="32.76083826053786" lon="-16.79584207514781">
        <ele>326</ele>
      </trkpt>
      <trkpt lat="32.76092313560938" lon="-16.79576864390615">
        <ele>326</ele>
      </trkpt>
      <trkpt lat="32.76099275224108" lon="-16.79567518596223">
        <ele>326</ele>
      </trkpt>
      <trkpt lat="32.76102708373068" lon="-16.79561415220293">
        <ele>327</ele>
      </trkpt>
      <trkpt lat="32.76106236887278" lon="-16.79555311844363">
        <ele>328</ele>
      </trkpt>
      <trkpt lat="32.76111672706465" lon="-16.79552164791149">
        <ele>326</ele>
      </trkpt>
      <trkpt lat="32.76122735075338" lon="-16.79549208468433">
        <ele>319</ele>
      </trkpt>
      <trkpt lat="32.76129219912264" lon="-16.79548159450695">
        <ele>315</ele>
      </trkpt>
      <trkpt lat="32.76135800114438" lon="-16.79547110432958">
        <ele>310</ele>
      </trkpt>
      <trkpt lat="32.76143715430097" lon="-16.79544917032233">
        <ele>305</ele>
      </trkpt>
      <trkpt lat="32.76146576387564" lon="-16.79538718291054">
        <ele>305</ele>
      </trkpt>
      <trkpt lat="32.76149437345031" lon="-16.79532424184626">
        <ele>305</ele>
      </trkpt>
      <trkpt lat="32.76151821476254" lon="-16.79492847606332">
        <ele>314</ele>
      </trkpt>
      <trkpt lat="32.76150295632272" lon="-16.79485027655921">
        <ele>314</ele>
      </trkpt>
      <trkpt lat="32.76148865153537" lon="-16.79477207705511">
        <ele>313</ele>
      </trkpt>
      <trkpt lat="32.76141808125119" lon="-16.79468434102612">
        <ele>318</ele>
      </trkpt>
      <trkpt lat="32.76134846461949" lon="-16.79459660499713">
        <ele>323</ele>
      </trkpt>
      <trkpt lat="32.76127407972535" lon="-16.79455655159259">
        <ele>329</ele>
      </trkpt>
      <trkpt lat="32.76125596032805" lon="-16.7944602326912">
        <ele>328</ele>
      </trkpt>
      <trkpt lat="32.76123879458325" lon="-16.79436296013732">
        <ele>328</ele>
      </trkpt>
      <trkpt lat="32.76123974823574" lon="-16.79425710471104">
        <ele>325</ele>
      </trkpt>
      <trkpt lat="32.76121018500858" lon="-16.79415315658973">
        <ele>326</ele>
      </trkpt>
      <trkpt lat="32.76121590692351" lon="-16.79387564371542">
        <ele>316</ele>
      </trkpt>
      <trkpt lat="32.76106332252527" lon="-16.79344745374785">
        <ele>313</ele>
      </trkpt>
      <trkpt lat="32.76102708373068" lon="-16.79336639328628">
        <ele>312</ele>
      </trkpt>
      <trkpt lat="32.7609908449361" lon="-16.79328533282471">
        <ele>316</ele>
      </trkpt>
      <trkpt lat="32.76093076482929" lon="-16.79318901392332">
        <ele>324</ele>
      </trkpt>
      <trkpt lat="32.76087068472248" lon="-16.79309269502193">
        <ele>332</ele>
      </trkpt>
      <trkpt lat="32.76079916078581" lon="-16.79304596604996">
        <ele>340</ele>
      </trkpt>
      <trkpt lat="32.76072763684913" lon="-16.79299828342551">
        <ele>348</ele>
      </trkpt>
      <trkpt lat="32.76072096128171" lon="-16.79296585924088">
        <ele>350</ele>
      </trkpt>
      <trkpt lat="32.76074670989891" lon="-16.79294106427617">
        <ele>349</ele>
      </trkpt>
      <trkpt lat="32.76081632653061" lon="-16.79291531565897">
        <ele>344</ele>
      </trkpt>
      <trkpt lat="32.76087640663741" lon="-16.79288098416936">
        <ele>341</ele>
      </trkpt>
      <trkpt lat="32.76093744039672" lon="-16.79286095746709">
        <ele>338</ele>
      </trkpt>
      <trkpt lat="32.7609994278085" lon="-16.79283997711233">
        <ele>334</ele>
      </trkpt>
      <trkpt lat="32.76106904444021" lon="-16.79275700934579">
        <ele>333</ele>
      </trkpt>
      <trkpt lat="32.7611386610719" lon="-16.79267308792675">
        <ele>331</ele>
      </trkpt>
      <trkpt lat="32.76108811748998" lon="-16.79259584207514">
        <ele>338</ele>
      </trkpt>
      <trkpt lat="32.76103852756055" lon="-16.79251859622353">
        <ele>345</ele>
      </trkpt>
      <trkpt lat="32.76104711043295" lon="-16.79247091359908">
        <ele>347</ele>
      </trkpt>
      <trkpt lat="32.7611472439443" lon="-16.79241464810222">
        <ele>342</ele>
      </trkpt>
      <trkpt lat="32.76122639710089" lon="-16.79238603852755">
        <ele>338</ele>
      </trkpt>
      <trkpt lat="32.76132271600228" lon="-16.79228781232118">
        <ele>337</ele>
      </trkpt>
      <trkpt lat="32.76134369635705" lon="-16.79222296395193">
        <ele>339</ele>
      </trkpt>
      <trkpt lat="32.76134846461949" lon="-16.79214094983787">
        <ele>343</ele>
      </trkpt>
      <trkpt lat="32.76135323288193" lon="-16.79205893572382">
        <ele>347</ele>
      </trkpt>
      <trkpt lat="32.76134846461949" lon="-16.79196547777989">
        <ele>352</ele>
      </trkpt>
      <trkpt lat="32.76135800114438" lon="-16.79190730497806">
        <ele>355</ele>
      </trkpt>
      <trkpt lat="32.76138851802403" lon="-16.79182242990654">
        <ele>357</ele>
      </trkpt>
      <trkpt lat="32.76145145908831" lon="-16.79181766164409">
        <ele>353</ele>
      </trkpt>
      <trkpt lat="32.76153919511729" lon="-16.79174327674994">
        <ele>350</ele>
      </trkpt>
      <trkpt lat="32.76156875834445" lon="-16.791694640473">
        <ele>351</ele>
      </trkpt>
      <trkpt lat="32.76159546061415" lon="-16.79163265306122">
        <ele>353</ele>
      </trkpt>
      <trkpt lat="32.76165458706847" lon="-16.79156780469196">
        <ele>354</ele>
      </trkpt>
      <trkpt lat="32.76172706465763" lon="-16.79154491703223">
        <ele>352</ele>
      </trkpt>
      <trkpt lat="32.76179572763684" lon="-16.79148674423039">
        <ele>352</ele>
      </trkpt>
      <trkpt lat="32.76186439061605" lon="-16.79142761777608">
        <ele>352</ele>
      </trkpt>
      <trkpt lat="32.76198455082967" lon="-16.79137039862673">
        <ele>348</ele>
      </trkpt>
      <trkpt lat="32.76207133320617" lon="-16.79134846461949">
        <ele>344</ele>
      </trkpt>
      <trkpt lat="32.76218672515735" lon="-16.79136849132176">
        <ele>335</ele>
      </trkpt>
      <trkpt lat="32.76228685866869" lon="-16.79128361625023">
        <ele>334</ele>
      </trkpt>
      <trkpt lat="32.76238031661262" lon="-16.79119778752622">
        <ele>332</ele>
      </trkpt>
      <trkpt lat="32.76247377455655" lon="-16.7911119588022">
        <ele>329</ele>
      </trkpt>
      <trkpt lat="32.76253957657829" lon="-16.79105855426282">
        <ele>327</ele>
      </trkpt>
      <trkpt lat="32.76260633225252" lon="-16.79100419607094">
        <ele>326</ele>
      </trkpt>
      <trkpt lat="32.76269692923898" lon="-16.79091836734693">
        <ele>325</ele>
      </trkpt>
      <trkpt lat="32.76314228495136" lon="-16.79076006103375">
        <ele>310</ele>
      </trkpt>
      <trkpt lat="32.76321762349799" lon="-16.79076006103375">
        <ele>306</ele>
      </trkpt>
      <trkpt lat="32.763303452222" lon="-16.7907037955369">
        <ele>304</ele>
      </trkpt>
      <trkpt lat="32.76339023459851" lon="-16.79064753004004">
        <ele>295</ele>
      </trkpt>
      <trkpt lat="32.76343791722296" lon="-16.79056265496852">
        <ele>291</ele>
      </trkpt>
      <trkpt lat="32.7634865534999" lon="-16.79047682624451">
        <ele>287</ele>
      </trkpt>
      <trkpt lat="32.7635132557696" lon="-16.7904081632653">
        <ele>287</ele>
      </trkpt>
      <trkpt lat="32.76353995803929" lon="-16.79033950028609">
        <ele>286</ele>
      </trkpt>
      <trkpt lat="32.76354281899675" lon="-16.79025653251954">
        <ele>290</ele>
      </trkpt>
      <trkpt lat="32.76354663360671" lon="-16.790173564753">
        <ele>294</ele>
      </trkpt>
      <trkpt lat="32.7634951363723" lon="-16.79012397482357">
        <ele>305</ele>
      </trkpt>
      <trkpt lat="32.76348846080488" lon="-16.79006103375929">
        <ele>310</ele>
      </trkpt>
      <trkpt lat="32.76348273888994" lon="-16.78999809269501">
        <ele>314</ele>
      </trkpt>
      <trkpt lat="32.76348941445737" lon="-16.78989223726873">
        <ele>308</ele>
      </trkpt>
      <trkpt lat="32.76349704367728" lon="-16.78978638184245">
        <ele>303</ele>
      </trkpt>
      <trkpt lat="32.7634779706275" lon="-16.7897472820904">
        <ele>304</ele>
      </trkpt>
      <trkpt lat="32.76340358573336" lon="-16.78967289719625">
        <ele>313</ele>
      </trkpt>
      <trkpt lat="32.76336067137134" lon="-16.78959660499713">
        <ele>316</ele>
      </trkpt>
      <trkpt lat="32.76331775700934" lon="-16.78952031279801">
        <ele>317</ele>
      </trkpt>
      <trkpt lat="32.76329010108716" lon="-16.78944592790386">
        <ele>314</ele>
      </trkpt>
      <trkpt lat="32.76326244516498" lon="-16.78937058935723">
        <ele>311</ele>
      </trkpt>
      <trkpt lat="32.76322811367537" lon="-16.78926282662597">
        <ele>306</ele>
      </trkpt>
      <trkpt lat="32.76319473583825" lon="-16.78915411024222">
        <ele>300</ele>
      </trkpt>
      <trkpt lat="32.76314896051878" lon="-16.78908067900056">
        <ele>293</ele>
      </trkpt>
      <trkpt lat="32.76310318519931" lon="-16.78900629410642">
        <ele>285</ele>
      </trkpt>
      <trkpt lat="32.76310318519931" lon="-16.78900629410642">
        <ele>285</ele>
      </trkpt>
      <trkpt lat="32.76305836353232" lon="-16.78896051878695">
        <ele>281</ele>
      </trkpt>
      <trkpt lat="32.76301449551783" lon="-16.78895670417699">
        <ele>282</ele>
      </trkpt>
      <trkpt lat="32.7629477398436" lon="-16.78893477016974">
        <ele>280</ele>
      </trkpt>
      <trkpt lat="32.76289719626168" lon="-16.78888804119778">
        <ele>276</ele>
      </trkpt>
      <trkpt lat="32.76286667938203" lon="-16.78890616059507">
        <ele>279</ele>
      </trkpt>
      <trkpt lat="32.76283616250238" lon="-16.78895002860957">
        <ele>284</ele>
      </trkpt>
      <trkpt lat="32.7627732214381" lon="-16.78905302307838">
        <ele>295</ele>
      </trkpt>
      <trkpt lat="32.76268930001907" lon="-16.78917222963951">
        <ele>308</ele>
      </trkpt>
      <trkpt lat="32.76266450505435" lon="-16.78922181956894">
        <ele>312</ele>
      </trkpt>
      <trkpt lat="32.76259298111768" lon="-16.78928952889566">
        <ele>319</ele>
      </trkpt>
      <trkpt lat="32.76252241083349" lon="-16.78930955559793">
        <ele>323</ele>
      </trkpt>
      <trkpt lat="32.7624775891665" lon="-16.78928762159068">
        <ele>320</ele>
      </trkpt>
      <trkpt lat="32.76242799923708" lon="-16.78927903871828">
        <ele>318</ele>
      </trkpt>
      <trkpt lat="32.76236601182529" lon="-16.78929143620064">
        <ele>317</ele>
      </trkpt>
      <trkpt lat="32.76228971962617" lon="-16.78933625786762">
        <ele>320</ele>
      </trkpt>
      <trkpt lat="32.76225729544154" lon="-16.78934293343505">
        <ele>319</ele>
      </trkpt>
      <trkpt lat="32.76218004958992" lon="-16.78933721152011">
        <ele>317</ele>
      </trkpt>
      <trkpt lat="32.76208182338355" lon="-16.78929143620064">
        <ele>309</ele>
      </trkpt>
      <trkpt lat="32.7619998092695" lon="-16.7892780850658">
        <ele>305</ele>
      </trkpt>
      <trkpt lat="32.76193686820523" lon="-16.78931146290291">
        <ele>307</ele>
      </trkpt>
      <trkpt lat="32.76186725157352" lon="-16.78942017928666">
        <ele>317</ele>
      </trkpt>
      <trkpt lat="32.76183673469387" lon="-16.78950886896814">
        <ele>326</ele>
      </trkpt>
      <trkpt lat="32.76180717146671" lon="-16.78959660499713">
        <ele>334</ele>
      </trkpt>
      <trkpt lat="32.76176044249475" lon="-16.78963475109669">
        <ele>338</ele>
      </trkpt>
      <trkpt lat="32.76170226969292" lon="-16.78964428762158">
        <ele>338</ele>
      </trkpt>
      <trkpt lat="32.76165458706847" lon="-16.78964047301163">
        <ele>337</ele>
      </trkpt>
      <trkpt lat="32.7615735266069" lon="-16.78957943925233">
        <ele>335</ele>
      </trkpt>
      <trkpt lat="32.76147434674804" lon="-16.78960614152202">
        <ele>343</ele>
      </trkpt>
      <trkpt lat="32.761390425329" lon="-16.78954129315277">
        <ele>339</ele>
      </trkpt>
      <trkpt lat="32.76113675376693" lon="-16.7894430669464">
        <ele>339</ele>
      </trkpt>
      <trkpt lat="32.76102708373068" lon="-16.78938775510203">
        <ele>336</ele>
      </trkpt>
      <trkpt lat="32.76093171848178" lon="-16.78931623116535">
        <ele>330</ele>
      </trkpt>
      <trkpt lat="32.76088117489986" lon="-16.78924852183863">
        <ele>322</ele>
      </trkpt>
      <trkpt lat="32.76080869731069" lon="-16.78917985885942">
        <ele>315</ele>
      </trkpt>
      <trkpt lat="32.76072763684913" lon="-16.78914648102231">
        <ele>318</ele>
      </trkpt>
      <trkpt lat="32.7606780469197" lon="-16.78908067900056">
        <ele>316</ele>
      </trkpt>
      <trkpt lat="32.76062845699027" lon="-16.78901392332633">
        <ele>314</ele>
      </trkpt>
      <trkpt lat="32.76061129124547" lon="-16.78895098226205">
        <ele>309</ele>
      </trkpt>
      <trkpt lat="32.76059507915316" lon="-16.78888804119778">
        <ele>305</ele>
      </trkpt>
      <trkpt lat="32.7605559794011" lon="-16.78885752431813">
        <ele>305</ele>
      </trkpt>
      <trkpt lat="32.7605044821667" lon="-16.78887945832538">
        <ele>310</ele>
      </trkpt>
      <trkpt lat="32.76046252145718" lon="-16.78893095555978">
        <ele>319</ele>
      </trkpt>
      <trkpt lat="32.76035285142094" lon="-16.78902918176616">
        <ele>337</ele>
      </trkpt>
      <trkpt lat="32.76028609574671" lon="-16.78905206942589">
        <ele>345</ele>
      </trkpt>
      <trkpt lat="32.76022887659737" lon="-16.78908449361052">
        <ele>353</ele>
      </trkpt>
      <trkpt lat="32.76018310127789" lon="-16.7891207324051">
        <ele>360</ele>
      </trkpt>
      <trkpt lat="32.76015544535571" lon="-16.78912359336257">
        <ele>363</ele>
      </trkpt>
      <trkpt lat="32.76012016021362" lon="-16.78910452031279">
        <ele>363</ele>
      </trkpt>
      <trkpt lat="32.76008106046157" lon="-16.78906732786572">
        <ele>362</ele>
      </trkpt>
      <trkpt lat="32.76004005340454" lon="-16.78900438680144">
        <ele>359</ele>
      </trkpt>
      <trkpt lat="32.76002002670226" lon="-16.78890234598511">
        <ele>348</ele>
      </trkpt>
      <trkpt lat="32.76" lon="-16.78880030516879">
        <ele>338</ele>
      </trkpt>
      <trkpt lat="32.76" lon="-16.78880030516879">
        <ele>338</ele>
      </trkpt>
      <trkpt lat="32.75999046347511" lon="-16.78873641045202">
        <ele>331</ele>
      </trkpt>
      <trkpt lat="32.75998092695022" lon="-16.78867156208277">
        <ele>325</ele>
      </trkpt>
      <trkpt lat="32.75993515163074" lon="-16.78855140186915">
        <ele>314</ele>
      </trkpt>
      <trkpt lat="32.75987221056647" lon="-16.7884684341026">
        <ele>310</ele>
      </trkpt>
      <trkpt lat="32.75980259393477" lon="-16.78845031470531">
        <ele>313</ele>
      </trkpt>
      <trkpt lat="32.75975205035285" lon="-16.78847224871256">
        <ele>319</ele>
      </trkpt>
      <trkpt lat="32.75968434102613" lon="-16.78853614342933">
        <ele>331</ele>
      </trkpt>
      <trkpt lat="32.7596175853519" lon="-16.7885990844936">
        <ele>342</ele>
      </trkpt>
      <trkpt lat="32.75958706847225" lon="-16.78860289910356">
        <ele>345</ele>
      </trkpt>
      <trkpt lat="32.75953366393286" lon="-16.78855998474155">
        <ele>344</ele>
      </trkpt>
      <trkpt lat="32.7594955178333" lon="-16.78844650009536">
        <ele>337</ele>
      </trkpt>
      <trkpt lat="32.75946881556361" lon="-16.78832538622925">
        <ele>328</ele>
      </trkpt>
      <trkpt lat="32.75944211329391" lon="-16.78820427236314">
        <ele>324</ele>
      </trkpt>
      <trkpt lat="32.75939538432196" lon="-16.78812798016402">
        <ele>323</ele>
      </trkpt>
      <trkpt lat="32.75934960900248" lon="-16.78805073431241">
        <ele>323</ele>
      </trkpt>
      <trkpt lat="32.75929715811558" lon="-16.78794583253861">
        <ele>321</ele>
      </trkpt>
      <trkpt lat="32.75924470722869" lon="-16.78784093076482">
        <ele>319</ele>
      </trkpt>
      <trkpt lat="32.75918462712188" lon="-16.78782662597749">
        <ele>323</ele>
      </trkpt>
      <trkpt lat="32.75915983215716" lon="-16.78784855998473">
        <ele>326</ele>
      </trkpt>
      <trkpt lat="32.75912740797254" lon="-16.78786763303452">
        <ele>331</ele>
      </trkpt>
      <trkpt lat="32.75908544726302" lon="-16.7878600038146">
        <ele>335</ele>
      </trkpt>
      <trkpt lat="32.75898817470914" lon="-16.78778561892046">
        <ele>340</ele>
      </trkpt>
      <trkpt lat="32.75889090215526" lon="-16.78771028037382">
        <ele>346</ele>
      </trkpt>
      <trkpt lat="32.75885657066565" lon="-16.78765020026702">
        <ele>345</ele>
      </trkpt>
      <trkpt lat="32.75883654396338" lon="-16.78756627884798">
        <ele>342</ele>
      </trkpt>
      <trkpt lat="32.75877551020408" lon="-16.78746328437916">
        <ele>343</ele>
      </trkpt>
      <trkpt lat="32.75867728399771" lon="-16.7874251382796">
        <ele>350</ele>
      </trkpt>
      <trkpt lat="32.75855998474156" lon="-16.78734598512301">
        <ele>358</ele>
      </trkpt>
      <trkpt lat="32.75847701697501" lon="-16.78725824909402">
        <ele>361</ele>
      </trkpt>
      <trkpt lat="32.75847320236506" lon="-16.78716288384512">
        <ele>356</ele>
      </trkpt>
      <trkpt lat="32.75843410261301" lon="-16.78709803547586">
        <ele>356</ele>
      </trkpt>
      <trkpt lat="32.75840549303834" lon="-16.78707896242608">
        <ele>358</ele>
      </trkpt>
      <trkpt lat="32.75828914743467" lon="-16.78706275033377">
        <ele>369</ele>
      </trkpt>
      <trkpt lat="32.7582347892428" lon="-16.78697406065229">
        <ele>370</ele>
      </trkpt>
      <trkpt lat="32.75818043105092" lon="-16.78688441731832">
        <ele>372</ele>
      </trkpt>
      <trkpt lat="32.75813847034141" lon="-16.78687583444592">
        <ele>377</ele>
      </trkpt>
      <trkpt lat="32.75808029753958" lon="-16.78684817852374">
        <ele>382</ele>
      </trkpt>
      <trkpt lat="32.75802212473774" lon="-16.78679668128933">
        <ele>386</ele>
      </trkpt>
      <trkpt lat="32.75801354186535" lon="-16.7867213427427">
        <ele>383</ele>
      </trkpt>
      <trkpt lat="32.75800591264543" lon="-16.78664505054357">
        <ele>379</ele>
      </trkpt>
      <trkpt lat="32.7580087736029" lon="-16.78656017547205">
        <ele>377</ele>
      </trkpt>
      <trkpt lat="32.75801544917032" lon="-16.78645336639328">
        <ele>372</ele>
      </trkpt>
      <trkpt lat="32.75802784665268" lon="-16.78639137898149">
        <ele>369</ele>
      </trkpt>
      <trkpt lat="32.75804119778753" lon="-16.7863293915697">
        <ele>366</ele>
      </trkpt>
      <trkpt lat="32.75804596604997" lon="-16.78623688727827">
        <ele>363</ele>
      </trkpt>
      <trkpt lat="32.75805073431242" lon="-16.78614342933434">
        <ele>360</ele>
      </trkpt>
      <trkpt lat="32.75804978065992" lon="-16.78602708373068">
        <ele>356</ele>
      </trkpt>
      <trkpt lat="32.75806122448979" lon="-16.78591550638946">
        <ele>352</ele>
      </trkpt>
      <trkpt lat="32.75807362197215" lon="-16.78580392904825">
        <ele>348</ele>
      </trkpt>
      <trkpt lat="32.75807362197215" lon="-16.78580392904825">
        <ele>348</ele>
      </trkpt>
      <trkpt lat="32.75806694640473" lon="-16.78574384894144">
        <ele>346</ele>
      </trkpt>
      <trkpt lat="32.75804882700744" lon="-16.78571619301925">
        <ele>347</ele>
      </trkpt>
      <trkpt lat="32.75802021743277" lon="-16.78569330535952">
        <ele>348</ele>
      </trkpt>
      <trkpt lat="32.75796585924089" lon="-16.78569425901201">
        <ele>352</ele>
      </trkpt>
      <trkpt lat="32.75786191111959" lon="-16.78568090787716">
        <ele>360</ele>
      </trkpt>
      <trkpt lat="32.75781041388518" lon="-16.78561033759297">
        <ele>361</ele>
      </trkpt>
      <trkpt lat="32.75779706275033" lon="-16.78555407209612">
        <ele>360</ele>
      </trkpt>
      <trkpt lat="32.75779420179287" lon="-16.78549303833682">
        <ele>358</ele>
      </trkpt>
      <trkpt lat="32.7578695403395" lon="-16.78522124737745">
        <ele>341</ele>
      </trkpt>
      <trkpt lat="32.75782376502003" lon="-16.78514781613579">
        <ele>342</ele>
      </trkpt>
      <trkpt lat="32.7577570093458" lon="-16.7851296967385">
        <ele>345</ele>
      </trkpt>
      <trkpt lat="32.75769025367156" lon="-16.78511157734121">
        <ele>349</ele>
      </trkpt>
      <trkpt lat="32.75761586877742" lon="-16.78504672897196">
        <ele>351</ele>
      </trkpt>
      <trkpt lat="32.75750524508869" lon="-16.78496757581537">
        <ele>355</ele>
      </trkpt>
      <trkpt lat="32.75741274079726" lon="-16.78493801258821">
        <ele>362</ele>
      </trkpt>
      <trkpt lat="32.75731832920084" lon="-16.7848426473393">
        <ele>367</ele>
      </trkpt>
      <trkpt lat="32.75724775891665" lon="-16.7847558649628">
        <ele>369</ele>
      </trkpt>
      <trkpt lat="32.75718481785238" lon="-16.78470246042341">
        <ele>373</ele>
      </trkpt>
      <trkpt lat="32.7571218767881" lon="-16.78464905588403">
        <ele>376</ele>
      </trkpt>
      <trkpt lat="32.75710757200076" lon="-16.78457848559984">
        <ele>374</ele>
      </trkpt>
      <trkpt lat="32.75709422086592" lon="-16.78450696166316">
        <ele>371</ele>
      </trkpt>
      <trkpt lat="32.75702746519168" lon="-16.78439347701697">
        <ele>372</ele>
      </trkpt>
      <trkpt lat="32.75692923898531" lon="-16.78432862864771">
        <ele>377</ele>
      </trkpt>
      <trkpt lat="32.75686534426855" lon="-16.78427236315086">
        <ele>380</ele>
      </trkpt>
      <trkpt lat="32.75684531756628" lon="-16.78422181956894">
        <ele>379</ele>
      </trkpt>
      <trkpt lat="32.75684245660881" lon="-16.78417509059698">
        <ele>376</ele>
      </trkpt>
      <trkpt lat="32.75684531756628" lon="-16.78407686439061">
        <ele>371</ele>
      </trkpt>
      <trkpt lat="32.75686439061606" lon="-16.78397768453175">
        <ele>365</ele>
      </trkpt>
      <trkpt lat="32.75683101277895" lon="-16.78389376311272">
        <ele>364</ele>
      </trkpt>
      <trkpt lat="32.75677856189205" lon="-16.78385752431813">
        <ele>366</ele>
      </trkpt>
      <trkpt lat="32.75676330345222" lon="-16.78382700743848">
        <ele>366</ele>
      </trkpt>
      <trkpt lat="32.75673946214" lon="-16.78373641045202">
        <ele>364</ele>
      </trkpt>
      <trkpt lat="32.75671657448026" lon="-16.78364581346557">
        <ele>362</ele>
      </trkpt>
      <trkpt lat="32.75667461377074" lon="-16.78357428952889">
        <ele>362</ele>
      </trkpt>
      <trkpt lat="32.75663265306122" lon="-16.78350276559221">
        <ele>361</ele>
      </trkpt>
      <trkpt lat="32.75657066564943" lon="-16.78344459279038">
        <ele>363</ele>
      </trkpt>
      <trkpt lat="32.75646576387565" lon="-16.78340549303833">
        <ele>368</ele>
      </trkpt>
      <trkpt lat="32.75643333969101" lon="-16.78335018119396">
        <ele>368</ele>
      </trkpt>
      <trkpt lat="32.75644001525844" lon="-16.7832948693496">
        <ele>364</ele>
      </trkpt>
      <trkpt lat="32.75651440015258" lon="-16.7832080869731">
        <ele>353</ele>
      </trkpt>
      <trkpt lat="32.75654300972725" lon="-16.78310318519931">
        <ele>344</ele>
      </trkpt>
      <trkpt lat="32.75652775128743" lon="-16.78304024413503">
        <ele>341</ele>
      </trkpt>
      <trkpt lat="32.75651249284761" lon="-16.78297634941826">
        <ele>338</ele>
      </trkpt>
      <trkpt lat="32.75646862483311" lon="-16.78288193782185">
        <ele>336</ele>
      </trkpt>
      <trkpt lat="32.75640568376883" lon="-16.78283234789242">
        <ele>338</ele>
      </trkpt>
      <trkpt lat="32.75634274270456" lon="-16.7827818043105">
        <ele>340</ele>
      </trkpt>
      <trkpt lat="32.75624833110815" lon="-16.78276273126072">
        <ele>347</ele>
      </trkpt>
      <trkpt lat="32.75615487316422" lon="-16.78274365821094">
        <ele>354</ele>
      </trkpt>
      <trkpt lat="32.75604520312798" lon="-16.78270741941636">
        <ele>362</ele>
      </trkpt>
      <trkpt lat="32.75597177188632" lon="-16.78266736601182">
        <ele>366</ele>
      </trkpt>
      <trkpt lat="32.75589929429716" lon="-16.78262635895479">
        <ele>371</ele>
      </trkpt>
      <trkpt lat="32.7557915315659" lon="-16.7825557886706">
        <ele>377</ele>
      </trkpt>
      <trkpt lat="32.75571523936677" lon="-16.78245660881174">
        <ele>379</ele>
      </trkpt>
      <trkpt lat="32.755608430288" lon="-16.78235456799542">
        <ele>383</ele>
      </trkpt>
      <trkpt lat="32.75550257486172" lon="-16.78225252717909">
        <ele>387</ele>
      </trkpt>
      <trkpt lat="32.75541388518024" lon="-16.78214571810032">
        <ele>390</ele>
      </trkpt>
      <trkpt lat="32.75532614915125" lon="-16.78203795536906">
        <ele>392</ele>
      </trkpt>
      <trkpt lat="32.75528418844173" lon="-16.78192542437535">
        <ele>389</ele>
      </trkpt>
      <trkpt lat="32.75524985695213" lon="-16.78185485409116">
        <ele>389</ele>
      </trkpt>
      <trkpt lat="32.75521552546252" lon="-16.78178428380697">
        <ele>388</ele>
      </trkpt>
      <trkpt lat="32.75518882319283" lon="-16.78168415029563">
        <ele>385</ele>
      </trkpt>
      <trkpt lat="32.75522029372497" lon="-16.78157829486934">
        <ele>380</ele>
      </trkpt>
      <trkpt lat="32.75527274461187" lon="-16.78149246614533">
        <ele>374</ele>
      </trkpt>
      <trkpt lat="32.7553395002861" lon="-16.78143524699599">
        <ele>367</ele>
      </trkpt>
      <trkpt lat="32.75540720961282" lon="-16.78137707419415">
        <ele>360</ele>
      </trkpt>
      <trkpt lat="32.75546538241465" lon="-16.78137421323669">
        <ele>355</ele>
      </trkpt>
      <trkpt lat="32.7554691970246" lon="-16.78130555025748">
        <ele>353</ele>
      </trkpt>
      <trkpt lat="32.75544154110242" lon="-16.78123497997329">
        <ele>355</ele>
      </trkpt>
      <trkpt lat="32.75544630936487" lon="-16.78116059507915">
        <ele>353</ele>
      </trkpt>
      <trkpt lat="32.75546252145718" lon="-16.78108430288002">
        <ele>351</ele>
      </trkpt>
      <trkpt lat="32.7554787335495" lon="-16.7810080106809">
        <ele>348</ele>
      </trkpt>
      <trkpt lat="32.75548827007439" lon="-16.78093648674422">
        <ele>346</ele>
      </trkpt>
      <trkpt lat="32.75549876025176" lon="-16.78086496280755">
        <ele>344</ele>
      </trkpt>
      <trkpt lat="32.75552355521648" lon="-16.78080011443829">
        <ele>340</ele>
      </trkpt>
      <trkpt lat="32.75556646957848" lon="-16.78073717337401">
        <ele>335</ele>
      </trkpt>
      <trkpt lat="32.75557505245089" lon="-16.78065802021742">
        <ele>332</ele>
      </trkpt>
      <trkpt lat="32.75555502574862" lon="-16.78058744993324">
        <ele>332</ele>
      </trkpt>
      <trkpt lat="32.75551687964906" lon="-16.7805645622735">
        <ele>335</ele>
      </trkpt>
      <trkpt lat="32.75546061415221" lon="-16.7804949456418">
        <ele>339</ele>
      </trkpt>
      <trkpt lat="32.7554520312798" lon="-16.78040530230783">
        <ele>337</ele>
      </trkpt>
      <trkpt lat="32.75545107762731" lon="-16.78033187106617">
        <ele>335</ele>
      </trkpt>
      <trkpt lat="32.75545107762731" lon="-16.78025748617203">
        <ele>334</ele>
      </trkpt>
      <trkpt lat="32.75544154110242" lon="-16.780173564753">
        <ele>332</ele>
      </trkpt>
      <trkpt lat="32.7553995803929" lon="-16.78012302117108">
        <ele>335</ele>
      </trkpt>
      <trkpt lat="32.75536238794583" lon="-16.78010299446881">
        <ele>337</ele>
      </trkpt>
      <trkpt lat="32.75529086400915" lon="-16.7801211138661">
        <ele>344</ele>
      </trkpt>
      <trkpt lat="32.75521934007248" lon="-16.7801382796109">
        <ele>351</ele>
      </trkpt>
      <trkpt lat="32.75513637230593" lon="-16.7801382796109">
        <ele>358</ele>
      </trkpt>
      <trkpt lat="32.75501811939729" lon="-16.78008296776654">
        <ele>366</ele>
      </trkpt>
      <trkpt lat="32.75494659546062" lon="-16.77999999999999">
        <ele>371</ele>
      </trkpt>
      <trkpt lat="32.75494659546062" lon="-16.78000000000001">
        <ele>371</ele>
      </trkpt>
      <trkpt lat="32.75487221056647" lon="-16.77990368109862">
        <ele>378</ele>
      </trkpt>
      <trkpt lat="32.75481022315468" lon="-16.779783520885">
        <ele>383</ele>
      </trkpt>
      <trkpt lat="32.75479496471486" lon="-16.77972153347321">
        <ele>383</ele>
      </trkpt>
      <trkpt lat="32.75477970627503" lon="-16.77965954606142">
        <ele>384</ele>
      </trkpt>
      <trkpt lat="32.75478065992752" lon="-16.77959374403968">
        <ele>383</ele>
      </trkpt>
      <trkpt lat="32.7547825672325" lon="-16.77952698836545">
        <ele>381</ele>
      </trkpt>
      <trkpt lat="32.75483120350944" lon="-16.77941636467672">
        <ele>375</ele>
      </trkpt>
      <trkpt lat="32.7549303833683" lon="-16.77930955559795">
        <ele>363</ele>
      </trkpt>
      <trkpt lat="32.75496471485791" lon="-16.77922181956896">
        <ele>359</ele>
      </trkpt>
      <trkpt lat="32.75497901964524" lon="-16.77911310318521">
        <ele>357</ele>
      </trkpt>
      <trkpt lat="32.75499427808506" lon="-16.77900343314897">
        <ele>357</ele>
      </trkpt>
      <trkpt lat="32.75504196070952" lon="-16.77891855807745">
        <ele>353</ele>
      </trkpt>
      <trkpt lat="32.75505817280183" lon="-16.77884512683579">
        <ele>353</ele>
      </trkpt>
      <trkpt lat="32.7550524508869" lon="-16.77875452984933">
        <ele>354</ele>
      </trkpt>
      <trkpt lat="32.75499237078009" lon="-16.77867537669274">
        <ele>361</ele>
      </trkpt>
      <trkpt lat="32.75493515163075" lon="-16.77862960137327">
        <ele>367</ele>
      </trkpt>
      <trkpt lat="32.75490940301354" lon="-16.77858096509633">
        <ele>370</ele>
      </trkpt>
      <trkpt lat="32.7549132176235" lon="-16.77849990463476">
        <ele>370</ele>
      </trkpt>
      <trkpt lat="32.75495422468052" lon="-16.77840549303835">
        <ele>368</ele>
      </trkpt>
      <trkpt lat="32.75497711234026" lon="-16.77830059126455">
        <ele>368</ele>
      </trkpt>
      <trkpt lat="32.75497329773031" lon="-16.77823192828534">
        <ele>372</ele>
      </trkpt>
      <trkpt lat="32.75496948312035" lon="-16.77816231165365">
        <ele>375</ele>
      </trkpt>
      <trkpt lat="32.75500095365249" lon="-16.77809364867443">
        <ele>376</ele>
      </trkpt>
      <trkpt lat="32.75503909975205" lon="-16.77803070761016">
        <ele>373</ele>
      </trkpt>
      <trkpt lat="32.75504005340454" lon="-16.77795536906352">
        <ele>376</ele>
      </trkpt>
      <trkpt lat="32.75504196070952" lon="-16.77788003051689">
        <ele>379</ele>
      </trkpt>
      <trkpt lat="32.75499332443258" lon="-16.7777837116155">
        <ele>390</ele>
      </trkpt>
      <trkpt lat="32.7549046347511" lon="-16.77772553881367">
        <ele>399</ele>
      </trkpt>
      <trkpt lat="32.75483406446691" lon="-16.77764924661454">
        <ele>407</ele>
      </trkpt>
      <trkpt lat="32.75480545489224" lon="-16.77759012016022">
        <ele>411</ele>
      </trkpt>
      <trkpt lat="32.75480545489224" lon="-16.77750715239368">
        <ele>415</ele>
      </trkpt>
      <trkpt lat="32.75483024985695" lon="-16.77743467480451">
        <ele>415</ele>
      </trkpt>
      <trkpt lat="32.75485504482167" lon="-16.77736124356285">
        <ele>416</ele>
      </trkpt>
      <trkpt lat="32.75490558840359" lon="-16.77727636849133">
        <ele>415</ele>
      </trkpt>
      <trkpt lat="32.75495899294297" lon="-16.77720484455465">
        <ele>414</ele>
      </trkpt>
      <trkpt lat="32.75501239748236" lon="-16.77713236696549">
        <ele>412</ele>
      </trkpt>
      <trkpt lat="32.75504482166698" lon="-16.77705702841886">
        <ele>409</ele>
      </trkpt>
      <trkpt lat="32.75507724585161" lon="-16.77698168987222">
        <ele>406</ele>
      </trkpt>
      <trkpt lat="32.75523078390235" lon="-16.77657161930194">
        <ele>393</ele>
      </trkpt>
      <trkpt lat="32.75528514209422" lon="-16.7764962807553">
        <ele>386</ele>
      </trkpt>
      <trkpt lat="32.7553395002861" lon="-16.77641998855618">
        <ele>379</ele>
      </trkpt>
      <trkpt lat="32.75541769979019" lon="-16.77634083539959">
        <ele>370</ele>
      </trkpt>
      <trkpt lat="32.75544154110242" lon="-16.77629982834256">
        <ele>368</ele>
      </trkpt>
      <trkpt lat="32.75546633606714" lon="-16.77621495327104">
        <ele>367</ele>
      </trkpt>
      <trkpt lat="32.75546156780469" lon="-16.77616059507916">
        <ele>369</ele>
      </trkpt>
      <trkpt lat="32.75543772649247" lon="-16.77609860766738">
        <ele>374</ele>
      </trkpt>
      <trkpt lat="32.75541483883273" lon="-16.77603662025559">
        <ele>378</ele>
      </trkpt>
      <trkpt lat="32.75539767308793" lon="-16.77596700362389">
        <ele>382</ele>
      </trkpt>
      <trkpt lat="32.75538146099561" lon="-16.7758964333397">
        <ele>386</ele>
      </trkpt>
      <trkpt lat="32.75539004386801" lon="-16.77581346557315">
        <ele>386</ele>
      </trkpt>
      <trkpt lat="32.75543200457753" lon="-16.77570570284189">
        <ele>381</ele>
      </trkpt>
      <trkpt lat="32.75551020408163" lon="-16.77565802021744">
        <ele>373</ele>
      </trkpt>
      <trkpt lat="32.75558172801831" lon="-16.77558840358574">
        <ele>365</ele>
      </trkpt>
      <trkpt lat="32.75565420560748" lon="-16.77548445546444">
        <ele>358</ele>
      </trkpt>
      <trkpt lat="32.75565515925997" lon="-16.77536524890331">
        <ele>357</ele>
      </trkpt>
      <trkpt lat="32.75562559603281" lon="-16.77507247758918">
        <ele>359</ele>
      </trkpt>
      <trkpt lat="32.75561605950791" lon="-16.7746442876216">
        <ele>361</ele>
      </trkpt>
      <trkpt lat="32.75563894716765" lon="-16.77454796872021">
        <ele>360</ele>
      </trkpt>
      <trkpt lat="32.75567232500477" lon="-16.77444783520886">
        <ele>359</ele>
      </trkpt>
      <trkpt lat="32.75570570284189" lon="-16.77440015258441">
        <ele>358</ele>
      </trkpt>
      <trkpt lat="32.75572859050162" lon="-16.77434960900249">
        <ele>357</ele>
      </trkpt>
      <trkpt lat="32.75571810032424" lon="-16.77425042914363">
        <ele>358</ele>
      </trkpt>
      <trkpt lat="32.75570761014686" lon="-16.77415029563228">
        <ele>360</ele>
      </trkpt>
      <trkpt lat="32.75570951745184" lon="-16.77408735456801">
        <ele>358</ele>
      </trkpt>
      <trkpt lat="32.75571237840931" lon="-16.77402345985124">
        <ele>357</ele>
      </trkpt>
      <trkpt lat="32.75570951745184" lon="-16.77396147243945">
        <ele>356</ele>
      </trkpt>
      <trkpt lat="32.75570665649438" lon="-16.77389853137518">
        <ele>355</ele>
      </trkpt>
      <trkpt lat="32.75570951745184" lon="-16.77380411977876">
        <ele>354</ele>
      </trkpt>
      <trkpt lat="32.75571237840931" lon="-16.77370875452986">
        <ele>352</ele>
      </trkpt>
      <trkpt lat="32.75572954415411" lon="-16.77359813084113">
        <ele>349</ele>
      </trkpt>
      <trkpt lat="32.7557476635514" lon="-16.77348655349991">
        <ele>347</ele>
      </trkpt>
      <trkpt lat="32.75575243181385" lon="-16.77336830059128">
        <ele>345</ele>
      </trkpt>
      <trkpt lat="32.75575720007629" lon="-16.77324909403015">
        <ele>343</ele>
      </trkpt>
      <trkpt lat="32.75575243181385" lon="-16.77316803356858">
        <ele>342</ele>
      </trkpt>
      <trkpt lat="32.7557476635514" lon="-16.77308697310701">
        <ele>341</ele>
      </trkpt>
      <trkpt lat="32.75572477589166" lon="-16.77298874690064">
        <ele>340</ele>
      </trkpt>
      <trkpt lat="32.75570284188441" lon="-16.77291913026894">
        <ele>340</ele>
      </trkpt>
      <trkpt lat="32.75568090787717" lon="-16.77284855998475">
        <ele>339</ele>
      </trkpt>
      <trkpt lat="32.7556437154301" lon="-16.77276559221821">
        <ele>338</ele>
      </trkpt>
      <trkpt lat="32.75560652298302" lon="-16.77268167079917">
        <ele>338</ele>
      </trkpt>
      <trkpt lat="32.75560652298302" lon="-16.77268167079917">
        <ele>338</ele>
      </trkpt>
      <trkpt lat="32.75557600610338" lon="-16.7726006103376">
        <ele>337</ele>
      </trkpt>
      <trkpt lat="32.75554548922373" lon="-16.77251859622355">
        <ele>336</ele>
      </trkpt>
      <trkpt lat="32.7555044821667" lon="-16.7724613770742">
        <ele>336</ele>
      </trkpt>
      <trkpt lat="32.75545870684722" lon="-16.77242990654207">
        <ele>337</ele>
      </trkpt>
      <trkpt lat="32.75540625596033" lon="-16.77241083349228">
        <ele>338</ele>
      </trkpt>
      <trkpt lat="32.75534999046347" lon="-16.7723574289529">
        <ele>339</ele>
      </trkpt>
      <trkpt lat="32.75534999046347" lon="-16.7723574289529">
        <ele>339</ele>
      </trkpt>
      <trkpt lat="32.75529086400915" lon="-16.77229067327867">
        <ele>340</ele>
      </trkpt>
      <trkpt lat="32.75512588212855" lon="-16.77203700171658">
        <ele>346</ele>
      </trkpt>
      <trkpt lat="32.75505626549685" lon="-16.77191779515546">
        <ele>350</ele>
      </trkpt>
      <trkpt lat="32.75498378790768" lon="-16.77167461377075">
        <ele>355</ele>
      </trkpt>
      <trkpt lat="32.75488270074385" lon="-16.77142475681863">
        <ele>350</ele>
      </trkpt>
      <trkpt lat="32.75480164028228" lon="-16.77132653061226">
        <ele>347</ele>
      </trkpt>
      <trkpt lat="32.7547215334732" lon="-16.7712273507534">
        <ele>344</ele>
      </trkpt>
      <trkpt lat="32.75469006294107" lon="-16.77115582681672">
        <ele>343</ele>
      </trkpt>
      <trkpt lat="32.75469387755102" lon="-16.77107190539768">
        <ele>343</ele>
      </trkpt>
      <trkpt lat="32.75473965287049" lon="-16.77099561319856">
        <ele>344</ele>
      </trkpt>
      <trkpt lat="32.75485885943162" lon="-16.77091073812704">
        <ele>348</ele>
      </trkpt>
      <trkpt lat="32.7551821476254" lon="-16.77073621972155">
        <ele>349</ele>
      </trkpt>
      <trkpt lat="32.75528037383177" lon="-16.77063131794775">
        <ele>349</ele>
      </trkpt>
      <trkpt lat="32.75543391188251" lon="-16.77034140759108">
        <ele>351</ele>
      </trkpt>
      <trkpt lat="32.75546824337211" lon="-16.77006961663171">
        <ele>354</ele>
      </trkpt>
      <trkpt lat="32.7555130650391" lon="-16.76999713904254">
        <ele>355</ele>
      </trkpt>
      <trkpt lat="32.75551401869159" lon="-16.76989986648866">
        <ele>359</ele>
      </trkpt>
      <trkpt lat="32.75551592599657" lon="-16.76980259393478">
        <ele>363</ele>
      </trkpt>
      <trkpt lat="32.75546633606714" lon="-16.76973488460806">
        <ele>366</ele>
      </trkpt>
      <trkpt lat="32.75537955369064" lon="-16.76965573145147">
        <ele>369</ele>
      </trkpt>
      <trkpt lat="32.75529277131413" lon="-16.76957562464239">
        <ele>373</ele>
      </trkpt>
      <trkpt lat="32.75523841312226" lon="-16.76947453747855">
        <ele>377</ele>
      </trkpt>
      <trkpt lat="32.75518119397292" lon="-16.7691836734694">
        <ele>388</ele>
      </trkpt>
      <trkpt lat="32.75510585542628" lon="-16.76909879839787">
        <ele>391</ele>
      </trkpt>
      <trkpt lat="32.75504196070952" lon="-16.76907304978067">
        <ele>392</ele>
      </trkpt>
      <trkpt lat="32.75473679191303" lon="-16.76901583063133">
        <ele>385</ele>
      </trkpt>
      <trkpt lat="32.75464142666412" lon="-16.76898626740417">
        <ele>383</ele>
      </trkpt>
      <trkpt lat="32.75462712187679" lon="-16.7688966240702">
        <ele>385</ele>
      </trkpt>
      <trkpt lat="32.75468243372115" lon="-16.76853805073432">
        <ele>401</ele>
      </trkpt>
      <trkpt lat="32.75469483120351" lon="-16.76820236505818">
        <ele>412</ele>
      </trkpt>
      <trkpt lat="32.75471008964333" lon="-16.76813751668893">
        <ele>414</ele>
      </trkpt>
      <trkpt lat="32.75472630173564" lon="-16.76807266831968">
        <ele>416</ele>
      </trkpt>
      <trkpt lat="32.75480640854472" lon="-16.7679572763685">
        <ele>421</ele>
      </trkpt>
      <trkpt lat="32.75491512492847" lon="-16.76785809650964">
        <ele>427</ele>
      </trkpt>
      <trkpt lat="32.75499427808506" lon="-16.76780850658021">
        <ele>431</ele>
      </trkpt>
      <trkpt lat="32.75507343124166" lon="-16.76775796299829">
        <ele>430</ele>
      </trkpt>
      <trkpt lat="32.75517928666794" lon="-16.76773221438109">
        <ele>428</ele>
      </trkpt>
      <trkpt lat="32.75525653251955" lon="-16.76762540530232">
        <ele>427</ele>
      </trkpt>
      <trkpt lat="32.75528418844173" lon="-16.76750429143621">
        <ele>426</ele>
      </trkpt>
      <trkpt lat="32.75527942017928" lon="-16.76740034331491">
        <ele>428</ele>
      </trkpt>
      <trkpt lat="32.75527465191684" lon="-16.7672963951936">
        <ele>430</ele>
      </trkpt>
      <trkpt lat="32.75529658592409" lon="-16.7671838641999">
        <ele>431</ele>
      </trkpt>
      <trkpt lat="32.75531947358382" lon="-16.76707133320619">
        <ele>431</ele>
      </trkpt>
      <trkpt lat="32.75528228113675" lon="-16.76695498760253">
        <ele>435</ele>
      </trkpt>
      <trkpt lat="32.75521266450505" lon="-16.76685485409118">
        <ele>441</ele>
      </trkpt>
      <trkpt lat="32.75514304787335" lon="-16.76675472057983">
        <ele>447</ele>
      </trkpt>
      <trkpt lat="32.7550781995041" lon="-16.76669464047302">
        <ele>452</ele>
      </trkpt>
      <trkpt lat="32.75507533854663" lon="-16.76665458706848">
        <ele>453</ele>
      </trkpt>
      <trkpt lat="32.75512492847606" lon="-16.76663742132368">
        <ele>450</ele>
      </trkpt>
      <trkpt lat="32.75514972344078" lon="-16.76658878504674">
        <ele>449</ele>
      </trkpt>
      <trkpt lat="32.7552174327675" lon="-16.76658210947932">
        <ele>445</ele>
      </trkpt>
      <trkpt lat="32.7552441350372" lon="-16.76648865153539">
        <ele>444</ele>
      </trkpt>
      <trkpt lat="32.75526511539195" lon="-16.7663837497616">
        <ele>443</ele>
      </trkpt>
      <trkpt lat="32.7552870493992" lon="-16.76627789433531">
        <ele>442</ele>
      </trkpt>
      <trkpt lat="32.75531756627885" lon="-16.76618825100135">
        <ele>440</ele>
      </trkpt>
      <trkpt lat="32.75534808315849" lon="-16.76609860766738">
        <ele>438</ele>
      </trkpt>
      <trkpt lat="32.75535285142094" lon="-16.76600514972345">
        <ele>439</ele>
      </trkpt>
      <trkpt lat="32.75535761968339" lon="-16.76591073812704">
        <ele>439</ele>
      </trkpt>
      <trkpt lat="32.75534522220103" lon="-16.7658353995804">
        <ele>440</ele>
      </trkpt>
      <trkpt lat="32.75533282471867" lon="-16.76575910738128">
        <ele>442</ele>
      </trkpt>
      <trkpt lat="32.7551478161358" lon="-16.76516021361817">
        <ele>467</ele>
      </trkpt>
      <trkpt lat="32.75498855617013" lon="-16.76482929620447">
        <ele>488</ele>
      </trkpt>
      <trkpt lat="32.75464714857906" lon="-16.76433816517262">
        <ele>497</ele>
      </trkpt>
      <trkpt lat="32.75461090978447" lon="-16.7642532901011">
        <ele>499</ele>
      </trkpt>
      <trkpt lat="32.75467957276368" lon="-16.76423707800878">
        <ele>497</ele>
      </trkpt>
      <trkpt lat="32.754695784856" lon="-16.76418844173184">
        <ele>497</ele>
      </trkpt>
      <trkpt lat="32.75466526797635" lon="-16.76408640091552">
        <ele>496</ele>
      </trkpt>
      <trkpt lat="32.7546347510967" lon="-16.7639834064467">
        <ele>494</ele>
      </trkpt>
      <trkpt lat="32.75449170322334" lon="-16.76373545679955">
        <ele>495</ele>
      </trkpt>
      <trkpt lat="32.75442399389662" lon="-16.76366774747283">
        <ele>498</ele>
      </trkpt>
      <trkpt lat="32.75435723822239" lon="-16.76359908449362">
        <ele>501</ele>
      </trkpt>
      <trkpt lat="32.75431527751287" lon="-16.76352374594699">
        <ele>503</ele>
      </trkpt>
      <trkpt lat="32.75428571428571" lon="-16.7632529086401">
        <ele>501</ele>
      </trkpt>
      <trkpt lat="32.75425424375358" lon="-16.76313847034142">
        <ele>503</ele>
      </trkpt>
      <trkpt lat="32.75422277322144" lon="-16.76302307839024">
        <ele>505</ele>
      </trkpt>
      <trkpt lat="32.75416173946214" lon="-16.76254434484075">
        <ele>508</ele>
      </trkpt>
      <trkpt lat="32.75416364676712" lon="-16.76246995994661">
        <ele>507</ele>
      </trkpt>
      <trkpt lat="32.7541655540721" lon="-16.76239557505246">
        <ele>506</ele>
      </trkpt>
      <trkpt lat="32.75419893190922" lon="-16.7622963951936">
        <ele>501</ele>
      </trkpt>
      <trkpt lat="32.75423230974633" lon="-16.76219626168225">
        <ele>494</ele>
      </trkpt>
      <trkpt lat="32.75424661453366" lon="-16.76210661834828">
        <ele>491</ele>
      </trkpt>
      <trkpt lat="32.75423517070379" lon="-16.76201411405685">
        <ele>491</ele>
      </trkpt>
      <trkpt lat="32.75418653442686" lon="-16.76190444402061">
        <ele>497</ele>
      </trkpt>
      <trkpt lat="32.75411405683769" lon="-16.76179763494184">
        <ele>500</ele>
      </trkpt>
      <trkpt lat="32.75404253290101" lon="-16.76169082586307">
        <ele>501</ele>
      </trkpt>
      <trkpt lat="32.75401487697883" lon="-16.76161453366394">
        <ele>500</ele>
      </trkpt>
      <trkpt lat="32.75400724775891" lon="-16.76151344650011">
        <ele>498</ele>
      </trkpt>
      <trkpt lat="32.75401869158878" lon="-16.76123974823575">
        <ele>491</ele>
      </trkpt>
      <trkpt lat="32.75400152584398" lon="-16.76113389280947">
        <ele>489</ele>
      </trkpt>
      <trkpt lat="32.75398436009918" lon="-16.76102803738319">
        <ele>487</ele>
      </trkpt>
      <trkpt lat="32.75398436009918" lon="-16.76094793057411">
        <ele>485</ele>
      </trkpt>
      <trkpt lat="32.75398531375167" lon="-16.76086687011254">
        <ele>483</ele>
      </trkpt>
      <trkpt lat="32.75397100896433" lon="-16.76078104138853">
        <ele>481</ele>
      </trkpt>
      <trkpt lat="32.753956704177" lon="-16.76069425901203">
        <ele>480</ele>
      </trkpt>
      <trkpt lat="32.75392618729735" lon="-16.76059698645814">
        <ele>478</ele>
      </trkpt>
      <trkpt lat="32.75389662407019" lon="-16.76049876025177">
        <ele>477</ele>
      </trkpt>
      <trkpt lat="32.75388518024032" lon="-16.76042818996759">
        <ele>475</ele>
      </trkpt>
      <trkpt lat="32.75387469006294" lon="-16.7603576196834">
        <ele>474</ele>
      </trkpt>
      <trkpt lat="32.75388899485028" lon="-16.76024032042725">
        <ele>470</ele>
      </trkpt>
      <trkpt lat="32.7539042532901" lon="-16.7601220675186">
        <ele>467</ele>
      </trkpt>
      <trkpt lat="32.7539214190349" lon="-16.76006103375931">
        <ele>464</ele>
      </trkpt>
      <trkpt lat="32.75393953843219" lon="-16.76000000000001">
        <ele>462</ele>
      </trkpt>
      <trkpt lat="32.75393953843219" lon="-16.76">
        <ele>462</ele>
      </trkpt>
      <trkpt lat="32.75397482357429" lon="-16.75987888613389">
        <ele>457</ele>
      </trkpt>
      <trkpt lat="32.75402155254626" lon="-16.75950028609575">
        <ele>443</ele>
      </trkpt>
      <trkpt lat="32.75400724775891" lon="-16.75924470722869">
        <ele>436</ele>
      </trkpt>
      <trkpt lat="32.75405588403586" lon="-16.75898912836163">
        <ele>424</ele>
      </trkpt>
      <trkpt lat="32.75405302307839" lon="-16.75890711424757">
        <ele>421</ele>
      </trkpt>
      <trkpt lat="32.75403776463857" lon="-16.75882319282853">
        <ele>419</ele>
      </trkpt>
      <trkpt lat="32.75398722105665" lon="-16.75870780087736">
        <ele>417</ele>
      </trkpt>
      <trkpt lat="32.75393667747473" lon="-16.75859240892619">
        <ele>416</ele>
      </trkpt>
      <trkpt lat="32.7539385847797" lon="-16.758521838642">
        <ele>413</ele>
      </trkpt>
      <trkpt lat="32.75394049208469" lon="-16.75845031470532">
        <ele>410</ele>
      </trkpt>
      <trkpt lat="32.75386419988556" lon="-16.75834159832157">
        <ele>411</ele>
      </trkpt>
      <trkpt lat="32.75367346938776" lon="-16.75802784665268">
        <ele>409</ele>
      </trkpt>
      <trkpt lat="32.75364772077055" lon="-16.75795250810605">
        <ele>407</ele>
      </trkpt>
      <trkpt lat="32.75362292580584" lon="-16.75787621590692">
        <ele>405</ele>
      </trkpt>
      <trkpt lat="32.75363532328819" lon="-16.75778561892047">
        <ele>401</ele>
      </trkpt>
      <trkpt lat="32.75364772077055" lon="-16.75769406828152">
        <ele>396</ele>
      </trkpt>
      <trkpt lat="32.75363150867824" lon="-16.75761300781995">
        <ele>394</ele>
      </trkpt>
      <trkpt lat="32.75361529658593" lon="-16.75753194735838">
        <ele>391</ele>
      </trkpt>
      <trkpt lat="32.75372687392714" lon="-16.7570522601564">
        <ele>371</ele>
      </trkpt>
      <trkpt lat="32.75373545679954" lon="-16.7569740606523">
        <ele>369</ele>
      </trkpt>
      <trkpt lat="32.75368777417509" lon="-16.75690349036811">
        <ele>368</ele>
      </trkpt>
      <trkpt lat="32.75364009155064" lon="-16.75683196643143">
        <ele>368</ele>
      </trkpt>
      <trkpt lat="32.75364295250811" lon="-16.75674327674995">
        <ele>365</ele>
      </trkpt>
      <trkpt lat="32.75367442304024" lon="-16.75668415029563">
        <ele>362</ele>
      </trkpt>
      <trkpt lat="32.75377074194164" lon="-16.75660690444402">
        <ele>359</ele>
      </trkpt>
      <trkpt lat="32.75384703414076" lon="-16.75650104901774">
        <ele>356</ele>
      </trkpt>
      <trkpt lat="32.75392427999237" lon="-16.75639519359146">
        <ele>354</ele>
      </trkpt>
      <trkpt lat="32.75420274651917" lon="-16.75604234217051">
        <ele>349</ele>
      </trkpt>
      <trkpt lat="32.75427331680336" lon="-16.75593744039672">
        <ele>347</ele>
      </trkpt>
      <trkpt lat="32.75434484074003" lon="-16.75583253862293">
        <ele>348</ele>
      </trkpt>
      <trkpt lat="32.75438680144955" lon="-16.75573621972153">
        <ele>348</ele>
      </trkpt>
      <trkpt lat="32.75442876215907" lon="-16.75563990082014">
        <ele>348</ele>
      </trkpt>
      <trkpt lat="32.75445069616632" lon="-16.75557505245089">
        <ele>349</ele>
      </trkpt>
      <trkpt lat="32.75447358382606" lon="-16.75551020408163">
        <ele>349</ele>
      </trkpt>
      <trkpt lat="32.75447549113103" lon="-16.7554262826626">
        <ele>350</ele>
      </trkpt>
      <trkpt lat="32.75447739843601" lon="-16.75534140759108">
        <ele>351</ele>
      </trkpt>
      <trkpt lat="32.75453271028037" lon="-16.75524699599466">
        <ele>351</ele>
      </trkpt>
      <trkpt lat="32.75458897577722" lon="-16.75515163074576">
        <ele>352</ele>
      </trkpt>
      <trkpt lat="32.75467003623879" lon="-16.75470341407591">
        <ele>358</ele>
      </trkpt>
      <trkpt lat="32.75481594506962" lon="-16.754391569712">
        <ele>363</ele>
      </trkpt>
      <trkpt lat="32.75483406446691" lon="-16.75432386038528">
        <ele>364</ele>
      </trkpt>
      <trkpt lat="32.75485313751669" lon="-16.75425615105856">
        <ele>365</ele>
      </trkpt>
      <trkpt lat="32.75484741560175" lon="-16.75417222963952">
        <ele>367</ele>
      </trkpt>
      <trkpt lat="32.75484169368682" lon="-16.754087354568">
        <ele>366</ele>
      </trkpt>
      <trkpt lat="32.75474346748045" lon="-16.75363627694068">
        <ele>359</ele>
      </trkpt>
      <trkpt lat="32.75475872592028" lon="-16.75353518977684">
        <ele>358</ele>
      </trkpt>
      <trkpt lat="32.7547739843601" lon="-16.75343314896052">
        <ele>356</ele>
      </trkpt>
      <trkpt lat="32.75476158687774" lon="-16.75339500286096">
        <ele>356</ele>
      </trkpt>
      <trkpt lat="32.75475205035285" lon="-16.75331680335686">
        <ele>354</ele>
      </trkpt>
      <trkpt lat="32.75471867251574" lon="-16.75323097463284">
        <ele>352</ele>
      </trkpt>
      <trkpt lat="32.75468624833111" lon="-16.75314514590883">
        <ele>350</ele>
      </trkpt>
      <trkpt lat="32.75468052641617" lon="-16.75304501239748">
        <ele>347</ele>
      </trkpt>
      <trkpt lat="32.75471008964333" lon="-16.75295918367347">
        <ele>343</ele>
      </trkpt>
      <trkpt lat="32.75468815563609" lon="-16.75286667938203">
        <ele>340</ele>
      </trkpt>
      <trkpt lat="32.75466717528133" lon="-16.7527741750906">
        <ele>338</ele>
      </trkpt>
      <trkpt lat="32.75465573145146" lon="-16.75267880984169">
        <ele>335</ele>
      </trkpt>
      <trkpt lat="32.75464524127408" lon="-16.75258344459279">
        <ele>332</ele>
      </trkpt>
      <trkpt lat="32.7546090024795" lon="-16.75248998664886">
        <ele>331</ele>
      </trkpt>
      <trkpt lat="32.7545737173374" lon="-16.75239652870494">
        <ele>331</ele>
      </trkpt>
      <trkpt lat="32.75444878886134" lon="-16.75192065611291">
        <ele>329</ele>
      </trkpt>
      <trkpt lat="32.75444783520885" lon="-16.75181003242418">
        <ele>327</ele>
      </trkpt>
      <trkpt lat="32.75444688155636" lon="-16.75169845508297">
        <ele>325</ele>
      </trkpt>
      <trkpt lat="32.75445260347129" lon="-16.75160976540149">
        <ele>323</ele>
      </trkpt>
      <trkpt lat="32.75445832538623" lon="-16.75152107572001">
        <ele>321</ele>
      </trkpt>
      <trkpt lat="32.75443734503147" lon="-16.75143047873355">
        <ele>320</ele>
      </trkpt>
      <trkpt lat="32.7544173183292" lon="-16.75138661071905">
        <ele>321</ele>
      </trkpt>
      <trkpt lat="32.7544173183292" lon="-16.7512778943353">
        <ele>318</ele>
      </trkpt>
      <trkpt lat="32.75440778180431" lon="-16.75120255578867">
        <ele>318</ele>
      </trkpt>
      <trkpt lat="32.75439919893191" lon="-16.75112721724204">
        <ele>317</ele>
      </trkpt>
      <trkpt lat="32.754391569712" lon="-16.75088117489987">
        <ele>312</ele>
      </trkpt>
      <trkpt lat="32.754391569712" lon="-16.75062368872783">
        <ele>307</ele>
      </trkpt>
      <trkpt lat="32.75439538432195" lon="-16.75055597940111">
        <ele>306</ele>
      </trkpt>
      <trkpt lat="32.7544001525844" lon="-16.7504873164219">
        <ele>304</ele>
      </trkpt>
      <trkpt lat="32.75443162311654" lon="-16.75042151440015">
        <ele>300</ele>
      </trkpt>
      <trkpt lat="32.75446404730116" lon="-16.75035475872592">
        <ele>296</ele>
      </trkpt>
      <trkpt lat="32.75446500095365" lon="-16.75029372496662">
        <ele>295</ele>
      </trkpt>
      <trkpt lat="32.75446690825863" lon="-16.75023269120732">
        <ele>294</ele>
      </trkpt>
      <trkpt lat="32.75445451077627" lon="-16.75015544535571">
        <ele>293</ele>
      </trkpt>
      <trkpt lat="32.75444306694641" lon="-16.75007724585161">
        <ele>293</ele>
      </trkpt>
      <trkpt lat="32.7544173183292" lon="-16.74999618539004">
        <ele>295</ele>
      </trkpt>
      <trkpt lat="32.754391569712" lon="-16.74991512492847">
        <ele>297</ele>
      </trkpt>
      <trkpt lat="32.75438107953462" lon="-16.74956227350753">
        <ele>297</ele>
      </trkpt>
      <trkpt lat="32.75436582109479" lon="-16.74944497425138">
        <ele>298</ele>
      </trkpt>
      <trkpt lat="32.75435151630746" lon="-16.74932767499523">
        <ele>300</ele>
      </trkpt>
      <trkpt lat="32.75428571428571" lon="-16.74895098226206">
        <ele>306</ele>
      </trkpt>
      <trkpt lat="32.75425519740607" lon="-16.74885561701316">
        <ele>310</ele>
      </trkpt>
      <trkpt lat="32.75422563417891" lon="-16.74876025176426">
        <ele>315</ele>
      </trkpt>
      <trkpt lat="32.75420751478161" lon="-16.7486696547778">
        <ele>318</ele>
      </trkpt>
      <trkpt lat="32.75418939538432" lon="-16.74857810413885">
        <ele>321</ele>
      </trkpt>
      <trkpt lat="32.75417032233454" lon="-16.74851230211711">
        <ele>324</ele>
      </trkpt>
      <trkpt lat="32.75415124928476" lon="-16.74844554644288">
        <ele>325</ele>
      </trkpt>
      <trkpt lat="32.75409403013542" lon="-16.74838737364104">
        <ele>323</ele>
      </trkpt>
      <trkpt lat="32.75405016212093" lon="-16.74836162502384">
        <ele>322</ele>
      </trkpt>
      <trkpt lat="32.75405683768835" lon="-16.74808601945451">
        <ele>319</ele>
      </trkpt>
      <trkpt lat="32.75407495708563" lon="-16.74801258821286">
        <ele>319</ele>
      </trkpt>
      <trkpt lat="32.75409307648293" lon="-16.74793820331871">
        <ele>318</ele>
      </trkpt>
      <trkpt lat="32.75404730116345" lon="-16.74787526225444">
        <ele>316</ele>
      </trkpt>
      <trkpt lat="32.75400247949647" lon="-16.74781232119016">
        <ele>315</ele>
      </trkpt>
      <trkpt lat="32.75396242609193" lon="-16.74772077055121">
        <ele>313</ele>
      </trkpt>
      <trkpt lat="32.75395098226206" lon="-16.74766164409689">
        <ele>312</ele>
      </trkpt>
      <trkpt lat="32.75396051878695" lon="-16.74759298111768">
        <ele>311</ele>
      </trkpt>
      <trkpt lat="32.75399294297158" lon="-16.74749761586878">
        <ele>311</ele>
      </trkpt>
      <trkpt lat="32.75400057219149" lon="-16.74741178714476">
        <ele>307</ele>
      </trkpt>
      <trkpt lat="32.7539738699218" lon="-16.74732119015831">
        <ele>302</ele>
      </trkpt>
      <trkpt lat="32.75396051878695" lon="-16.74725443448407">
        <ele>299</ele>
      </trkpt>
      <trkpt lat="32.75394716765211" lon="-16.74718672515735">
        <ele>295</ele>
      </trkpt>
      <trkpt lat="32.75395002860957" lon="-16.74710089643334">
        <ele>291</ele>
      </trkpt>
      <trkpt lat="32.75398054548922" lon="-16.74698741178715">
        <ele>286</ele>
      </trkpt>
      <trkpt lat="32.75401201602136" lon="-16.74687297348846">
        <ele>280</ele>
      </trkpt>
      <trkpt lat="32.75404157924852" lon="-16.74652584398245">
        <ele>270</ele>
      </trkpt>
      <trkpt lat="32.75401201602136" lon="-16.74646004196071">
        <ele>271</ele>
      </trkpt>
      <trkpt lat="32.75398340644669" lon="-16.74639423993897">
        <ele>271</ele>
      </trkpt>
      <trkpt lat="32.75397482357429" lon="-16.74633320617967">
        <ele>272</ele>
      </trkpt>
      <trkpt lat="32.75396624070189" lon="-16.74627217242037">
        <ele>272</ele>
      </trkpt>
      <trkpt lat="32.75397768453175" lon="-16.74616440968911">
        <ele>272</ele>
      </trkpt>
      <trkpt lat="32.75398912836162" lon="-16.74605569330536">
        <ele>272</ele>
      </trkpt>
      <trkpt lat="32.75396147243944" lon="-16.74598798397864">
        <ele>272</ele>
      </trkpt>
      <trkpt lat="32.75393381651726" lon="-16.74592027465192">
        <ele>273</ele>
      </trkpt>
      <trkpt lat="32.7538870875453" lon="-16.7458258630555">
        <ele>273</ele>
      </trkpt>
      <trkpt lat="32.7538174709136" lon="-16.74576101468625">
        <ele>272</ele>
      </trkpt>
      <trkpt lat="32.75378981499141" lon="-16.74568853709708">
        <ele>272</ele>
      </trkpt>
      <trkpt lat="32.75376215906923" lon="-16.74561605950792">
        <ele>271</ele>
      </trkpt>
      <trkpt lat="32.75378790768644" lon="-16.74549685294679">
        <ele>269</ele>
      </trkpt>
      <trkpt lat="32.75381460995613" lon="-16.74537764638566">
        <ele>268</ele>
      </trkpt>
      <trkpt lat="32.75380507343124" lon="-16.74529658592409">
        <ele>267</ele>
      </trkpt>
      <trkpt lat="32.75373641045203" lon="-16.74522887659737">
        <ele>266</ele>
      </trkpt>
      <trkpt lat="32.75366870112531" lon="-16.74516116727064">
        <ele>265</ele>
      </trkpt>
      <trkpt lat="32.75360385275606" lon="-16.74506294106428">
        <ele>265</ele>
      </trkpt>
      <trkpt lat="32.75359050162121" lon="-16.74499809269502">
        <ele>264</ele>
      </trkpt>
      <trkpt lat="32.75357715048636" lon="-16.74493229067328">
        <ele>262</ele>
      </trkpt>
      <trkpt lat="32.75351230211711" lon="-16.74482262063704">
        <ele>259</ele>
      </trkpt>
      <trkpt lat="32.75346652679764" lon="-16.74472630173565">
        <ele>256</ele>
      </trkpt>
      <trkpt lat="32.75342075147816" lon="-16.74462998283425">
        <ele>254</ele>
      </trkpt>
      <trkpt lat="32.7533654396338" lon="-16.7442866679382">
        <ele>247</ele>
      </trkpt>
      <trkpt lat="32.7533826053786" lon="-16.74395575052451">
        <ele>242</ele>
      </trkpt>
      <trkpt lat="32.75340549303834" lon="-16.74388041197788">
        <ele>240</ele>
      </trkpt>
      <trkpt lat="32.75342838069808" lon="-16.74380411977875">
        <ele>237</ele>
      </trkpt>
      <trkpt lat="32.75341502956323" lon="-16.74371352279229">
        <ele>237</ele>
      </trkpt>
      <trkpt lat="32.75328914743468" lon="-16.74337879076865">
        <ele>244</ele>
      </trkpt>
      <trkpt lat="32.7533215716193" lon="-16.74327579629983">
        <ele>242</ele>
      </trkpt>
      <trkpt lat="32.75335399580393" lon="-16.74317184817852">
        <ele>235</ele>
      </trkpt>
      <trkpt lat="32.75333396910166" lon="-16.74309078771696">
        <ele>235</ele>
      </trkpt>
      <trkpt lat="32.75327007438489" lon="-16.74300591264543">
        <ele>231</ele>
      </trkpt>
      <trkpt lat="32.75320617966813" lon="-16.7429649055884">
        <ele>229</ele>
      </trkpt>
      <trkpt lat="32.75315086782376" lon="-16.74295346175854">
        <ele>229</ele>
      </trkpt>
      <trkpt lat="32.753086973107" lon="-16.7428609574671">
        <ele>227</ele>
      </trkpt>
      <trkpt lat="32.75302307839024" lon="-16.74276845317566">
        <ele>225</ele>
      </trkpt>
      <trkpt lat="32.75299351516308" lon="-16.74269883654396">
        <ele>224</ele>
      </trkpt>
      <trkpt lat="32.75296395193592" lon="-16.74262921991226">
        <ele>223</ele>
      </trkpt>
      <trkpt lat="32.75292675948884" lon="-16.74251668891856">
        <ele>222</ele>
      </trkpt>
      <trkpt lat="32.75281804310509" lon="-16.7424432576769">
        <ele>220</ele>
      </trkpt>
      <trkpt lat="32.75275796299828" lon="-16.7423221438108">
        <ele>213</ele>
      </trkpt>
      <trkpt lat="32.75269883654396" lon="-16.74220102994469">
        <ele>209</ele>
      </trkpt>
      <trkpt lat="32.75263112721724" lon="-16.74218767880984">
        <ele>215</ele>
      </trkpt>
      <trkpt lat="32.75254720579821" lon="-16.7420961281709">
        <ele>220</ele>
      </trkpt>
      <trkpt lat="32.7524346748045" lon="-16.74207896242609">
        <ele>224</ele>
      </trkpt>
      <trkpt lat="32.75235361434294" lon="-16.74201983597177">
        <ele>222</ele>
      </trkpt>
      <trkpt lat="32.75227350753386" lon="-16.74202746519168">
        <ele>221</ele>
      </trkpt>
      <trkpt lat="32.75222487125691" lon="-16.74199790196452">
        <ele>219</ele>
      </trkpt>
      <trkpt lat="32.75215811558268" lon="-16.74193972916269">
        <ele>218</ele>
      </trkpt>
      <trkpt lat="32.75209135990845" lon="-16.74188060270837">
        <ele>216</ele>
      </trkpt>
      <trkpt lat="32.75201888231928" lon="-16.74184722487126">
        <ele>216</ele>
      </trkpt>
      <trkpt lat="32.75161930192638" lon="-16.74177188632462">
        <ele>212</ele>
      </trkpt>
      <trkpt lat="32.7510957467099" lon="-16.74150677093267">
        <ele>198</ele>
      </trkpt>
      <trkpt lat="32.75098607667366" lon="-16.74146862483311">
        <ele>196</ele>
      </trkpt>
      <trkpt lat="32.75088880411978" lon="-16.74145813465573">
        <ele>196</ele>
      </trkpt>
      <trkpt lat="32.75079153156589" lon="-16.74144669082586">
        <ele>195</ele>
      </trkpt>
      <trkpt lat="32.75038813656304" lon="-16.74123116536334">
        <ele>184</ele>
      </trkpt>
      <trkpt lat="32.75031661262636" lon="-16.74117966812893">
        <ele>182</ele>
      </trkpt>
      <trkpt lat="32.75024604234217" lon="-16.74112817089453">
        <ele>181</ele>
      </trkpt>
      <trkpt lat="32.74993896624071" lon="-16.74106999809269">
        <ele>179</ele>
      </trkpt>
      <trkpt lat="32.74982452794202" lon="-16.74110528323479">
        <ele>179</ele>
      </trkpt>
      <trkpt lat="32.74976921609765" lon="-16.74107953461759">
        <ele>178</ele>
      </trkpt>
      <trkpt lat="32.74973393095556" lon="-16.74100610337593">
        <ele>177</ele>
      </trkpt>
      <trkpt lat="32.74969769216098" lon="-16.74099275224108">
        <ele>176</ele>
      </trkpt>
      <trkpt lat="32.74957943925234" lon="-16.74098130841121">
        <ele>175</ele>
      </trkpt>
      <trkpt lat="32.74946118634369" lon="-16.74096891092886">
        <ele>174</ele>
      </trkpt>
      <trkpt lat="32.74936009917986" lon="-16.74102899103567">
        <ele>173</ele>
      </trkpt>
      <trkpt lat="32.74884608048827" lon="-16.74101563990082">
        <ele>166</ele>
      </trkpt>
      <trkpt lat="32.74884608048827" lon="-16.74101563990082">
        <ele>166</ele>
      </trkpt>
      <trkpt lat="32.74877932481404" lon="-16.7409822620637">
        <ele>165</ele>
      </trkpt>
      <trkpt lat="32.74864390616059" lon="-16.74096128170894">
        <ele>163</ele>
      </trkpt>
      <trkpt lat="32.74864390616059" lon="-16.74096128170894">
        <ele>163</ele>
      </trkpt>
      <trkpt lat="32.74736601182529" lon="-16.74">
        <ele>150</ele>
      </trkpt>
      <trkpt lat="32.74736601182529" lon="-16.73999999999999">
        <ele>150</ele>
      </trkpt>
      <trkpt lat="32.74713236696548" lon="-16.73982452794201">
        <ele>145</ele>
      </trkpt>
      <trkpt lat="32.74713236696548" lon="-16.73982452794201">
        <ele>145</ele>
      </trkpt>
      <trkpt lat="32.74668987221057" lon="-16.73950219340071">
        <ele>142</ele>
      </trkpt>
      <trkpt lat="32.74642952508106" lon="-16.73929620446308">
        <ele>138</ele>
      </trkpt>
      <trkpt lat="32.74553690635133" lon="-16.73880316612625">
        <ele>121</ele>
      </trkpt>
      <trkpt lat="32.74532233454129" lon="-16.73870589357237">
        <ele>117</ele>
      </trkpt>
      <trkpt lat="32.74510490177379" lon="-16.73863723059316">
        <ele>113</ele>
      </trkpt>
      <trkpt lat="32.74467766545871" lon="-16.73847606332252">
        <ele>108</ele>
      </trkpt>
      <trkpt lat="32.7443906160595" lon="-16.73839118825099">
        <ele>103</ele>
      </trkpt>
      <trkpt lat="32.74268548540912" lon="-16.73779324814037">
        <ele>77</ele>
      </trkpt>
      <trkpt lat="32.74206751859622" lon="-16.73758916650771">
        <ele>69</ele>
      </trkpt>
      <trkpt lat="32.74201602136181" lon="-16.73757486172038">
        <ele>69</ele>
      </trkpt>
      <trkpt lat="32.74192750268503" lon="-16.73757390990665">
        <ele>68</ele>
      </trkpt>
      <trkpt lat="32.74192750268325" lon="-16.73757390989048">
        <ele>68</ele>
      </trkpt>
      <trkpt lat="32.74191779515544" lon="-16.73748521838641">
        <ele>68</ele>
      </trkpt>
      <trkpt lat="32.74191779515544" lon="-16.73748521838641">
        <ele>68</ele>
      </trkpt>
      <trkpt lat="32.74163360671371" lon="-16.73746233072667">
        <ele>64</ele>
      </trkpt>
      <trkpt lat="32.74151440015258" lon="-16.73746423803165">
        <ele>62</ele>
      </trkpt>
      <trkpt lat="32.74116727064658" lon="-16.7374947549113">
        <ele>58</ele>
      </trkpt>
      <trkpt lat="32.74116727064658" lon="-16.7374947549113">
        <ele>58</ele>
      </trkpt>
      <trkpt lat="32.74098416936868" lon="-16.73750524508868">
        <ele>56</ele>
      </trkpt>
      <trkpt lat="32.74089261872974" lon="-16.73749952317375">
        <ele>54</ele>
      </trkpt>
      <trkpt lat="32.74055502574862" lon="-16.73745660881174">
        <ele>50</ele>
      </trkpt>
      <trkpt lat="32.74036143429334" lon="-16.73744135037191">
        <ele>47</ele>
      </trkpt>
      <trkpt lat="32.74006770932672" lon="-16.73742990654205">
        <ele>44</ele>
      </trkpt>
      <trkpt lat="32.74" lon="-16.73742227732213">
        <ele>43</ele>
      </trkpt>
      <trkpt lat="32.74" lon="-16.73742227732213">
        <ele>43</ele>
      </trkpt>
      <trkpt lat="32.73972439443067" lon="-16.73738889948502">
        <ele>39</ele>
      </trkpt>
      <trkpt lat="32.73972439443067" lon="-16.73738889948502">
        <ele>39</ele>
      </trkpt>
      <trkpt lat="32.73963093648675" lon="-16.73737364104519">
        <ele>38</ele>
      </trkpt>
      <trkpt lat="32.73953843219531" lon="-16.73735838260537">
        <ele>37</ele>
      </trkpt>
      <trkpt lat="32.73945451077628" lon="-16.73733358764065">
        <ele>35</ele>
      </trkpt>
      <trkpt lat="32.73934388708755" lon="-16.73728781232118">
        <ele>34</ele>
      </trkpt>
      <trkpt lat="32.73923326339882" lon="-16.73724108334922">
        <ele>32</ele>
      </trkpt>
      <trkpt lat="32.73913408353996" lon="-16.73716669845507">
        <ele>31</ele>
      </trkpt>
      <trkpt lat="32.73904157924853" lon="-16.73708945260346">
        <ele>29</ele>
      </trkpt>
      <trkpt lat="32.73895002860958" lon="-16.73701220675185">
        <ele>28</ele>
      </trkpt>
      <trkpt lat="32.73885657066565" lon="-16.73695784855997">
        <ele>27</ele>
      </trkpt>
      <trkpt lat="32.73876406637422" lon="-16.7369034903681">
        <ele>25</ele>
      </trkpt>
      <trkpt lat="32.73870780087736" lon="-16.73684436391378">
        <ele>24</ele>
      </trkpt>
      <trkpt lat="32.73865725729544" lon="-16.73678046919702">
        <ele>24</ele>
      </trkpt>
      <trkpt lat="32.73860671371353" lon="-16.73671562082776">
        <ele>23</ele>
      </trkpt>
      <trkpt lat="32.73858096509633" lon="-16.736694640473">
        <ele>22</ele>
      </trkpt>
      <trkpt lat="32.73855617013161" lon="-16.73668987221055">
        <ele>22</ele>
      </trkpt>
      <trkpt lat="32.7385304215144" lon="-16.73669273316802">
        <ele>22</ele>
      </trkpt>
      <trkpt lat="32.7385304215144" lon="-16.73669273316802">
        <ele>22</ele>
      </trkpt>
      <trkpt lat="32.73849036810986" lon="-16.73650295632271">
        <ele>21</ele>
      </trkpt>
      <trkpt lat="32.73848464619493" lon="-16.73632748426472">
        <ele>20</ele>
      </trkpt>
      <trkpt lat="32.73848464619493" lon="-16.73632748426472">
        <ele>20</ele>
      </trkpt>
      <trkpt lat="32.73810032424185" lon="-16.73626358954796">
        <ele>16</ele>
      </trkpt>
      <trkpt lat="32.73788289147435" lon="-16.73628838451267">
        <ele>14</ele>
      </trkpt>
      <trkpt lat="32.73788289147435" lon="-16.73628838451267">
        <ele>14</ele>
      </trkpt>
      <trkpt lat="32.73787812321191" lon="-16.73636276940682">
        <ele>14</ele>
      </trkpt>
      <trkpt lat="32.73786572572955" lon="-16.73640663742131">
        <ele>14</ele>
      </trkpt>
      <trkpt lat="32.73785046728973" lon="-16.73644764447834">
        <ele>14</ele>
      </trkpt>
      <trkpt lat="32.73780469197025" lon="-16.73652393667746">
        <ele>13</ele>
      </trkpt>
      <trkpt lat="32.73773507533855" lon="-16.73658687774174">
        <ele>13</ele>
      </trkpt>
      <trkpt lat="32.7376616440969" lon="-16.73662788479877">
        <ele>12</ele>
      </trkpt>
      <trkpt lat="32.73760442494756" lon="-16.73665267976348">
        <ele>11</ele>
      </trkpt>
      <trkpt lat="32.73749761586878" lon="-16.73667556742322">
        <ele>10</ele>
      </trkpt>
      <trkpt lat="32.73749761586878" lon="-16.73667556742322">
        <ele>10</ele>
      </trkpt>
      <trkpt lat="32.73729830249857" lon="-16.736651726111">
        <ele>8</ele>
      </trkpt>
      <trkpt lat="32.73729830249857" lon="-16.736651726111">
        <ele>8</ele>
      </trkpt>
      <trkpt lat="32.73727350753386" lon="-16.73664028228113">
        <ele>8</ele>
      </trkpt>
      <trkpt lat="32.73727350753386" lon="-16.73664028228113">
        <ele>8</ele>
      </trkpt>
      <trkpt lat="32.73724203700172" lon="-16.73663932862864">
        <ele>8</ele>
      </trkpt>
      <trkpt lat="32.73721247377456" lon="-16.73665077245851">
        <ele>8</ele>
      </trkpt>
      <trkpt lat="32.73718767880985" lon="-16.73667366011824">
        <ele>8</ele>
      </trkpt>
      <trkpt lat="32.73716669845508" lon="-16.73671943543772">
        <ele>7</ele>
      </trkpt>
      <trkpt lat="32.73716479115011" lon="-16.73674518405492">
        <ele>7</ele>
      </trkpt>
      <trkpt lat="32.73716479115011" lon="-16.73674518405492">
        <ele>7</ele>
      </trkpt>
      <trkpt lat="32.73712462104142" lon="-16.73661985331583">
        <ele>7</ele>
      </trkpt>
      <trkpt lat="32.73712462104006" lon="-16.73661985331447">
        <ele>7</ele>
      </trkpt>
      <trkpt lat="32.73710757200077" lon="-16.73663074575624">
        <ele>7</ele>
      </trkpt>
      <trkpt lat="32.73710757200077" lon="-16.73663074575624">
        <ele>7</ele>
      </trkpt>
      <trkpt lat="32.73710185008584" lon="-16.73663456036619">
        <ele>7</ele>
      </trkpt>
      <trkpt lat="32.73710185008584" lon="-16.73663456036619">
        <ele>7</ele>
      </trkpt>
      <trkpt lat="32.73711710852566" lon="-16.73674995231736">
        <ele>7</ele>
      </trkpt>
      <trkpt lat="32.73714762540531" lon="-16.73684531756627">
        <ele>7</ele>
      </trkpt>
      <trkpt lat="32.73714667175282" lon="-16.73690539767308">
        <ele>7</ele>
      </trkpt>
      <trkpt lat="32.73714667175282" lon="-16.73690539767308">
        <ele>7</ele>
      </trkpt>
      <trkpt lat="32.73715239366775" lon="-16.73690539767308">
        <ele>7</ele>
      </trkpt>
      <trkpt lat="32.73715239366775" lon="-16.73690539767308">
        <ele>7</ele>
      </trkpt>
      <trkpt lat="32.73716957567872" lon="-16.73690682950733">
        <ele>8</ele>
      </trkpt>
      <trkpt lat="32.73716955941256" lon="-16.73690730497806">
        <ele>8</ele>
      </trkpt>
      <trkpt lat="32.7371571619302" lon="-16.73726969292389">
        <ele>8</ele>
      </trkpt>
      <trkpt lat="32.7371571619302" lon="-16.73726969292389">
        <ele>8</ele>
      </trkpt>
      <trkpt lat="32.73715715966322" lon="-16.73726977453507">
        <ele>8</ele>
      </trkpt>
      <trkpt lat="32.73715715966311" lon="-16.73726977453598">
        <ele>8</ele>
      </trkpt>
      <trkpt lat="32.7371390425329" lon="-16.7372687392714">
        <ele>8</ele>
      </trkpt>
      <trkpt lat="32.7371390425329" lon="-16.7372687392714">
        <ele>8</ele>
      </trkpt>
      <trkpt lat="32.73712950600802" lon="-16.73726778561891">
        <ele>7</ele>
      </trkpt>
      <trkpt lat="32.73712950600802" lon="-16.73726778561891">
        <ele>7</ele>
      </trkpt>
      <trkpt lat="32.73712664505054" lon="-16.73735456799541">
        <ele>7</ele>
      </trkpt>
      <trkpt lat="32.73712378409308" lon="-16.73744039671942">
        <ele>7</ele>
      </trkpt>
      <trkpt lat="32.73711185164223" lon="-16.73753126692207">
        <ele>7</ele>
      </trkpt>
    </trkseg>
  </trk>
</gpx>