<?xml version="1.0" encoding="UTF-8" standalone="yes"?>
<gpx
 version="1.1"
 creator="Generated by MapOut iPhone App. See https://mapout.app"
 xmlns="http://www.topografix.com/GPX/1/1"
 xmlns:xsi="http://www.w3.org/2001/XMLSchema-instance"
 xmlns:gpxx="http://www.garmin.com/xmlschemas/GpxExtensions/v3"
 xmlns:mapout="https://mapout.app/xmlschemas/MapOutExtensions"
 xsi:schemaLocation="http://www.topografix.com/GPX/1/1 https://www.topografix.com/GPX/1/1/gpx.xsd http://www.garmin.com/xmlschemas/GpxExtensions/v3 https://www8.garmin.com/xmlschemas/GpxExtensionsv3.xsd https://mapout.app/xmlschemas/MapOutExtensions https://mapout.app/xmlschemas/MapOutExtensions.xsd">
  <metadata>
    <name>Peak of the Balkans - July 2026</name>
    <author><name>Andrew</name></author>
    <time>2026-07-09T18:05:58Z</time>
    <bounds minlat="42.39671397265283" minlon="19.75808983406447" maxlat="42.7430087736029" maxlon="20.16271218767882"/>
  </metadata>
  <trk>
    <name>Peak of the Balkans - July 2026</name>
    <extensions>
      <gpxx:TrackExtension>
        <gpxx:DisplayColor>Magenta</gpxx:DisplayColor>
      </gpxx:TrackExtension>
      <mapout:extension>
        <mapout:color>B101EB</mapout:color>
      </mapout:extension>
    </extensions>
    <trkseg>
      <trkpt lat="42.39674028021586" lon="19.77233023053837">
        <ele>758</ele>
      </trkpt>
      <trkpt lat="42.39674518405494" lon="19.77231928285334">
        <ele>758</ele>
      </trkpt>
      <trkpt lat="42.3968186152966" lon="19.77224012969675">
        <ele>759</ele>
      </trkpt>
      <trkpt lat="42.39690635132559" lon="19.77219340072478">
        <ele>760</ele>
      </trkpt>
      <trkpt lat="42.39700743848943" lon="19.77215525462523">
        <ele>761</ele>
      </trkpt>
      <trkpt lat="42.39710757200078" lon="19.77214571810033">
        <ele>762</ele>
      </trkpt>
      <trkpt lat="42.39716955941257" lon="19.77216383749763">
        <ele>763</ele>
      </trkpt>
      <trkpt lat="42.39723250047684" lon="19.77218291054741">
        <ele>764</ele>
      </trkpt>
      <trkpt lat="42.39730497806601" lon="19.77219053976732">
        <ele>765</ele>
      </trkpt>
      <trkpt lat="42.39737840930766" lon="19.77219816898723">
        <ele>766</ele>
      </trkpt>
      <trkpt lat="42.39745184054932" lon="19.77216765210758">
        <ele>767</ele>
      </trkpt>
      <trkpt lat="42.39752527179098" lon="19.77213808888042">
        <ele>768</ele>
      </trkpt>
      <trkpt lat="42.39756723250049" lon="19.77207610146863">
        <ele>768</ele>
      </trkpt>
      <trkpt lat="42.3976101468625" lon="19.77201506770934">
        <ele>769</ele>
      </trkpt>
      <trkpt lat="42.3976101468625" lon="19.77201506770934">
        <ele>769</ele>
      </trkpt>
      <trkpt lat="42.39763971008966" lon="19.77194545107764">
        <ele>769</ele>
      </trkpt>
      <trkpt lat="42.39767022696931" lon="19.77187678809843">
        <ele>768</ele>
      </trkpt>
      <trkpt lat="42.39776368491323" lon="19.77180907877171">
        <ele>769</ele>
      </trkpt>
      <trkpt lat="42.39805931718483" lon="19.77170131604045">
        <ele>772</ele>
      </trkpt>
      <trkpt lat="42.39812798016404" lon="19.77165554072097">
        <ele>772</ele>
      </trkpt>
      <trkpt lat="42.3981832920084" lon="19.77157638756438">
        <ele>772</ele>
      </trkpt>
      <trkpt lat="42.39828724012971" lon="19.771261682243">
        <ele>771</ele>
      </trkpt>
      <trkpt lat="42.39855712378411" lon="19.77088880411979">
        <ele>770</ele>
      </trkpt>
      <trkpt lat="42.39861148197598" lon="19.77082395575053">
        <ele>770</ele>
      </trkpt>
      <trkpt lat="42.39869444974253" lon="19.77081632653062">
        <ele>770</ele>
      </trkpt>
      <trkpt lat="42.39876025176427" lon="19.77085256532521">
        <ele>771</ele>
      </trkpt>
      <trkpt lat="42.39882700743851" lon="19.77088880411979">
        <ele>772</ele>
      </trkpt>
      <trkpt lat="42.39890520694261" lon="19.77088117489988">
        <ele>773</ele>
      </trkpt>
      <trkpt lat="42.39890520694261" lon="19.77088117489988">
        <ele>773</ele>
      </trkpt>
      <trkpt lat="42.39892618729736" lon="19.77086019454512">
        <ele>773</ele>
      </trkpt>
      <trkpt lat="42.39895575052452" lon="19.7708096509632">
        <ele>773</ele>
      </trkpt>
      <trkpt lat="42.39902155254627" lon="19.77074194163648">
        <ele>773</ele>
      </trkpt>
      <trkpt lat="42.39908258630557" lon="19.77075815372879">
        <ele>774</ele>
      </trkpt>
      <trkpt lat="42.39908258630557" lon="19.77075815372879">
        <ele>774</ele>
      </trkpt>
      <trkpt lat="42.39929429715813" lon="19.77089166507725">
        <ele>778</ele>
      </trkpt>
      <trkpt lat="42.39942685485411" lon="19.77092695021935">
        <ele>780</ele>
      </trkpt>
      <trkpt lat="42.39949837879078" lon="19.77091646004197">
        <ele>781</ele>
      </trkpt>
      <trkpt lat="42.39962139996187" lon="19.77088498950983">
        <ele>783</ele>
      </trkpt>
      <trkpt lat="42.39993038336831" lon="19.77094411596415">
        <ele>788</ele>
      </trkpt>
      <trkpt lat="42.3999306532074" lon="19.77094416758498">
        <ele>788</ele>
      </trkpt>
      <trkpt lat="42.40000000000001" lon="19.77090024794966">
        <ele>789</ele>
      </trkpt>
      <trkpt lat="42.4" lon="19.77090024794966">
        <ele>789</ele>
      </trkpt>
      <trkpt lat="42.40010967003624" lon="19.77083063131796">
        <ele>790</ele>
      </trkpt>
      <trkpt lat="42.40026130078199" lon="19.77066564943735">
        <ele>791</ele>
      </trkpt>
      <trkpt lat="42.40036620255579" lon="19.7705311844364">
        <ele>791</ele>
      </trkpt>
      <trkpt lat="42.40036620255579" lon="19.7705311844364">
        <ele>791</ele>
      </trkpt>
      <trkpt lat="42.40047396528705" lon="19.77048922372688">
        <ele>793</ele>
      </trkpt>
      <trkpt lat="42.40055693305359" lon="19.77048254815946">
        <ele>794</ele>
      </trkpt>
      <trkpt lat="42.40063990082014" lon="19.77047587259204">
        <ele>795</ele>
      </trkpt>
      <trkpt lat="42.40072096128171" lon="19.77047682624453">
        <ele>797</ele>
      </trkpt>
      <trkpt lat="42.40080202174327" lon="19.77047777989701">
        <ele>798</ele>
      </trkpt>
      <trkpt lat="42.4008525653252" lon="19.77045679954226">
        <ele>799</ele>
      </trkpt>
      <trkpt lat="42.40089357238222" lon="19.77040816326532">
        <ele>799</ele>
      </trkpt>
      <trkpt lat="42.40091169177951" lon="19.77036429525082">
        <ele>799</ele>
      </trkpt>
      <trkpt lat="42.40093362578676" lon="19.77033282471868">
        <ele>799</ele>
      </trkpt>
      <trkpt lat="42.40097749380126" lon="19.77028514209423">
        <ele>799</ele>
      </trkpt>
      <trkpt lat="42.40105950791531" lon="19.77024890329965">
        <ele>800</ele>
      </trkpt>
      <trkpt lat="42.40114152202937" lon="19.77021361815755">
        <ele>801</ele>
      </trkpt>
      <trkpt lat="42.40120446309365" lon="19.77020312798017">
        <ele>802</ele>
      </trkpt>
      <trkpt lat="42.40128743086019" lon="19.77015925996568">
        <ele>802</ele>
      </trkpt>
      <trkpt lat="42.40128743086019" lon="19.77015925996568">
        <ele>802</ele>
      </trkpt>
      <trkpt lat="42.40143715430097" lon="19.77022410833493">
        <ele>805</ele>
      </trkpt>
      <trkpt lat="42.40159736791912" lon="19.77046633606715">
        <ele>810</ele>
      </trkpt>
      <trkpt lat="42.40167938203319" lon="19.77052927713142">
        <ele>812</ele>
      </trkpt>
      <trkpt lat="42.40175472057982" lon="19.77051211138662">
        <ele>813</ele>
      </trkpt>
      <trkpt lat="42.40192065611291" lon="19.77056551592601">
        <ele>816</ele>
      </trkpt>
      <trkpt lat="42.40192140230167" lon="19.77056575603984">
        <ele>816</ele>
      </trkpt>
      <trkpt lat="42.40195021934007" lon="19.77050734312418">
        <ele>816</ele>
      </trkpt>
      <trkpt lat="42.40202937249666" lon="19.77042532901012">
        <ele>817</ele>
      </trkpt>
      <trkpt lat="42.40202937249666" lon="19.77042532901012">
        <ele>817</ele>
      </trkpt>
      <trkpt lat="42.40207037955368" lon="19.77046919702461">
        <ele>818</ele>
      </trkpt>
      <trkpt lat="42.40214094983788" lon="19.77059603280566">
        <ele>821</ele>
      </trkpt>
      <trkpt lat="42.4021829105474" lon="19.77071333206181">
        <ele>823</ele>
      </trkpt>
      <trkpt lat="42.40222010299446" lon="19.77089261872975">
        <ele>825</ele>
      </trkpt>
      <trkpt lat="42.40235075338546" lon="19.77114438298685">
        <ele>829</ele>
      </trkpt>
      <trkpt lat="42.40239080679" lon="19.77125119206562">
        <ele>831</ele>
      </trkpt>
      <trkpt lat="42.4024604234217" lon="19.77151440015259">
        <ele>833</ele>
      </trkpt>
      <trkpt lat="42.40277226778561" lon="19.77207610146863">
        <ele>842</ele>
      </trkpt>
      <trkpt lat="42.40302689300019" lon="19.77239271409499">
        <ele>849</ele>
      </trkpt>
      <trkpt lat="42.40337879076864" lon="19.77285714285715">
        <ele>860</ele>
      </trkpt>
      <trkpt lat="42.40357428952889" lon="19.77312035094413">
        <ele>867</ele>
      </trkpt>
      <trkpt lat="42.40367442304024" lon="19.77326721342744">
        <ele>870</ele>
      </trkpt>
      <trkpt lat="42.40372592027465" lon="19.77337402250621">
        <ele>872</ele>
      </trkpt>
      <trkpt lat="42.40380698073621" lon="19.77358573335878">
        <ele>877</ele>
      </trkpt>
      <trkpt lat="42.40388994850277" lon="19.77388899485029">
        <ele>883</ele>
      </trkpt>
      <trkpt lat="42.4039128361625" lon="19.77402822811369">
        <ele>885</ele>
      </trkpt>
      <trkpt lat="42.40394335304214" lon="19.77413312988748">
        <ele>887</ele>
      </trkpt>
      <trkpt lat="42.40402441350371" lon="19.7742265878314">
        <ele>890</ele>
      </trkpt>
      <trkpt lat="42.40413026893" lon="19.77437249666223">
        <ele>894</ele>
      </trkpt>
      <trkpt lat="42.40415983215716" lon="19.77442971581157">
        <ele>896</ele>
      </trkpt>
      <trkpt lat="42.40416364676712" lon="19.77451268357811">
        <ele>897</ele>
      </trkpt>
      <trkpt lat="42.40414171275987" lon="19.77454606141523">
        <ele>897</ele>
      </trkpt>
      <trkpt lat="42.40414171275987" lon="19.77454606141523">
        <ele>897</ele>
      </trkpt>
      <trkpt lat="42.40404920846843" lon="19.77466526797636">
        <ele>897</ele>
      </trkpt>
      <trkpt lat="42.40404920846843" lon="19.77466526797636">
        <ele>897</ele>
      </trkpt>
      <trkpt lat="42.40392714094983" lon="19.7747139042533">
        <ele>897</ele>
      </trkpt>
      <trkpt lat="42.40380507343124" lon="19.77476254053024">
        <ele>896</ele>
      </trkpt>
      <trkpt lat="42.40371924470723" lon="19.77481213045967">
        <ele>897</ele>
      </trkpt>
      <trkpt lat="42.4036343696357" lon="19.7748617203891">
        <ele>897</ele>
      </trkpt>
      <trkpt lat="42.4035561701316" lon="19.77489891283617">
        <ele>897</ele>
      </trkpt>
      <trkpt lat="42.40347892427999" lon="19.77493705893573">
        <ele>898</ele>
      </trkpt>
      <trkpt lat="42.40339595651344" lon="19.77496090024796">
        <ele>898</ele>
      </trkpt>
      <trkpt lat="42.4033129887469" lon="19.77498569521267">
        <ele>898</ele>
      </trkpt>
      <trkpt lat="42.40319855044822" lon="19.77498664886516">
        <ele>899</ele>
      </trkpt>
      <trkpt lat="42.40309937058935" lon="19.7749752050353">
        <ele>899</ele>
      </trkpt>
      <trkpt lat="42.40297825672324" lon="19.77501335113486">
        <ele>901</ele>
      </trkpt>
      <trkpt lat="42.40290196452413" lon="19.77505149723442">
        <ele>902</ele>
      </trkpt>
      <trkpt lat="42.40282662597749" lon="19.77509059698647">
        <ele>904</ele>
      </trkpt>
      <trkpt lat="42.40270932672134" lon="19.77513065039101">
        <ele>906</ele>
      </trkpt>
      <trkpt lat="42.40260442494755" lon="19.77514686248332">
        <ele>907</ele>
      </trkpt>
      <trkpt lat="42.40249856952126" lon="19.77517070379555">
        <ele>908</ele>
      </trkpt>
      <trkpt lat="42.40239271409498" lon="19.77519549876026">
        <ele>909</ele>
      </trkpt>
      <trkpt lat="42.40239843600992" lon="19.77528228113676">
        <ele>912</ele>
      </trkpt>
      <trkpt lat="42.40243753576196" lon="19.77530040053406">
        <ele>912</ele>
      </trkpt>
      <trkpt lat="42.40248807934388" lon="19.77529467861912">
        <ele>912</ele>
      </trkpt>
      <trkpt lat="42.40256246423803" lon="19.77530135418655">
        <ele>912</ele>
      </trkpt>
      <trkpt lat="42.40283711615487" lon="19.77537860003816">
        <ele>914</ele>
      </trkpt>
      <trkpt lat="42.40293724966622" lon="19.77544630936488">
        <ele>916</ele>
      </trkpt>
      <trkpt lat="42.40299923707801" lon="19.77550257486173">
        <ele>918</ele>
      </trkpt>
      <trkpt lat="42.40306217814228" lon="19.77555979401107">
        <ele>920</ele>
      </trkpt>
      <trkpt lat="42.40316707991607" lon="19.77558935723823">
        <ele>920</ele>
      </trkpt>
      <trkpt lat="42.40322906732786" lon="19.77555979401107">
        <ele>919</ele>
      </trkpt>
      <trkpt lat="42.40329105473965" lon="19.77553023078391">
        <ele>918</ele>
      </trkpt>
      <trkpt lat="42.40334636658401" lon="19.77547682624453">
        <ele>916</ele>
      </trkpt>
      <trkpt lat="42.40339404920847" lon="19.77546347510968">
        <ele>915</ele>
      </trkpt>
      <trkpt lat="42.40350276559221" lon="19.77548159450697">
        <ele>916</ele>
      </trkpt>
      <trkpt lat="42.40359336257868" lon="19.77554262826627">
        <ele>918</ele>
      </trkpt>
      <trkpt lat="42.40363055502574" lon="19.77562845699028">
        <ele>921</ele>
      </trkpt>
      <trkpt lat="42.40360480640854" lon="19.77567804691971">
        <ele>922</ele>
      </trkpt>
      <trkpt lat="42.4034951363723" lon="19.77573431241657">
        <ele>925</ele>
      </trkpt>
      <trkpt lat="42.40342265878314" lon="19.77575243181386">
        <ele>926</ele>
      </trkpt>
      <trkpt lat="42.40335494945641" lon="19.77581060461569">
        <ele>928</ele>
      </trkpt>
      <trkpt lat="42.40334541293152" lon="19.77592027465193">
        <ele>932</ele>
      </trkpt>
      <trkpt lat="42.40339691016593" lon="19.77597177188634">
        <ele>933</ele>
      </trkpt>
      <trkpt lat="42.40348273888994" lon="19.77601563990083">
        <ele>934</ele>
      </trkpt>
      <trkpt lat="42.40355807743658" lon="19.77599561319856">
        <ele>933</ele>
      </trkpt>
      <trkpt lat="42.40363341598322" lon="19.77597654014878">
        <ele>932</ele>
      </trkpt>
      <trkpt lat="42.40369635704749" lon="19.77594697692162">
        <ele>931</ele>
      </trkpt>
      <trkpt lat="42.40373736410451" lon="19.77595842075149">
        <ele>931</ele>
      </trkpt>
      <trkpt lat="42.40375739080679" lon="19.7760099179859">
        <ele>933</ele>
      </trkpt>
      <trkpt lat="42.40373927140949" lon="19.77607190539768">
        <ele>935</ele>
      </trkpt>
      <trkpt lat="42.40366297921037" lon="19.77616440968912">
        <ele>938</ele>
      </trkpt>
      <trkpt lat="42.40358764066374" lon="19.77625786763305">
        <ele>942</ele>
      </trkpt>
      <trkpt lat="42.40351134846462" lon="19.77631127217243">
        <ele>944</ele>
      </trkpt>
      <trkpt lat="42.40343505626549" lon="19.77636467671182">
        <ele>946</ele>
      </trkpt>
      <trkpt lat="42.40332538622926" lon="19.77648102231548">
        <ele>951</ele>
      </trkpt>
      <trkpt lat="42.40323288193782" lon="19.77652202937251">
        <ele>953</ele>
      </trkpt>
      <trkpt lat="42.40314705321381" lon="19.77652012206753">
        <ele>953</ele>
      </trkpt>
      <trkpt lat="42.40308029753957" lon="19.77650390997522">
        <ele>953</ele>
      </trkpt>
      <trkpt lat="42.40301449551783" lon="19.7764876978829">
        <ele>953</ele>
      </trkpt>
      <trkpt lat="42.40293534236124" lon="19.77648102231548">
        <ele>953</ele>
      </trkpt>
      <trkpt lat="42.40282853328247" lon="19.77654682433722">
        <ele>957</ele>
      </trkpt>
      <trkpt lat="42.40274651916841" lon="19.7765744802594">
        <ele>958</ele>
      </trkpt>
      <trkpt lat="42.40267308792676" lon="19.77659069235172">
        <ele>959</ele>
      </trkpt>
      <trkpt lat="42.40260061033759" lon="19.77660690444403">
        <ele>961</ele>
      </trkpt>
      <trkpt lat="42.40249189395384" lon="19.77659641426665">
        <ele>961</ele>
      </trkpt>
      <trkpt lat="42.40238413122258" lon="19.77658687774176">
        <ele>959</ele>
      </trkpt>
      <trkpt lat="42.40230116345603" lon="19.77662883845128">
        <ele>960</ele>
      </trkpt>
      <trkpt lat="42.40230116345603" lon="19.77662883845128">
        <ele>960</ele>
      </trkpt>
      <trkpt lat="42.40237840930764" lon="19.77671657448027">
        <ele>964</ele>
      </trkpt>
      <trkpt lat="42.40244135037192" lon="19.77677188632464">
        <ele>966</ele>
      </trkpt>
      <trkpt lat="42.40250715239367" lon="19.77687488079345">
        <ele>969</ele>
      </trkpt>
      <trkpt lat="42.40259298111768" lon="19.77712187678811">
        <ele>975</ele>
      </trkpt>
      <trkpt lat="42.40266736601182" lon="19.77749380125883">
        <ele>985</ele>
      </trkpt>
      <trkpt lat="42.40272458516117" lon="19.77758821285525">
        <ele>988</ele>
      </trkpt>
      <trkpt lat="42.40278180431051" lon="19.77768262445166">
        <ele>990</ele>
      </trkpt>
      <trkpt lat="42.40294011062368" lon="19.7780268930002">
        <ele>1000</ele>
      </trkpt>
      <trkpt lat="42.40296013732596" lon="19.77809937058937">
        <ele>1002</ele>
      </trkpt>
      <trkpt lat="42.40298016402822" lon="19.77817280183102">
        <ele>1004</ele>
      </trkpt>
      <trkpt lat="42.40296872019836" lon="19.77825004768264">
        <ele>1006</ele>
      </trkpt>
      <trkpt lat="42.40295727636849" lon="19.77832824718674">
        <ele>1009</ele>
      </trkpt>
      <trkpt lat="42.40297158115582" lon="19.77842647339311">
        <ele>1012</ele>
      </trkpt>
      <trkpt lat="42.40298588594316" lon="19.77852565325196">
        <ele>1016</ele>
      </trkpt>
      <trkpt lat="42.40297825672324" lon="19.77863818424567">
        <ele>1020</ele>
      </trkpt>
      <trkpt lat="42.40297062750334" lon="19.77875166889186">
        <ele>1024</ele>
      </trkpt>
      <trkpt lat="42.40301068090788" lon="19.77879553690636">
        <ele>1026</ele>
      </trkpt>
      <trkpt lat="42.40307171466717" lon="19.7788098416937">
        <ele>1028</ele>
      </trkpt>
      <trkpt lat="42.40310509250429" lon="19.77887373641046">
        <ele>1031</ele>
      </trkpt>
      <trkpt lat="42.40313942399389" lon="19.77893763112723">
        <ele>1033</ele>
      </trkpt>
      <trkpt lat="42.40320045775319" lon="19.77899485027657">
        <ele>1036</ele>
      </trkpt>
      <trkpt lat="42.40326244516498" lon="19.77905206942591">
        <ele>1039</ele>
      </trkpt>
      <trkpt lat="42.40322048445546" lon="19.77916269311464">
        <ele>1043</ele>
      </trkpt>
      <trkpt lat="42.40317947739843" lon="19.77927427045586">
        <ele>1047</ele>
      </trkpt>
      <trkpt lat="42.40325863055502" lon="19.77935628456991">
        <ele>1050</ele>
      </trkpt>
      <trkpt lat="42.40327674995231" lon="19.77945546442877">
        <ele>1054</ele>
      </trkpt>
      <trkpt lat="42.40320331871066" lon="19.77955845889759">
        <ele>1057</ele>
      </trkpt>
      <trkpt lat="42.40311844363914" lon="19.77963379744422">
        <ele>1058</ele>
      </trkpt>
      <trkpt lat="42.40310604615678" lon="19.77969959946596">
        <ele>1061</ele>
      </trkpt>
      <trkpt lat="42.40309460232691" lon="19.7797663551402">
        <ele>1063</ele>
      </trkpt>
      <trkpt lat="42.40313656303643" lon="19.7798092695022">
        <ele>1065</ele>
      </trkpt>
      <trkpt lat="42.40319664314323" lon="19.77981308411216">
        <ele>1065</ele>
      </trkpt>
      <trkpt lat="42.40318519931337" lon="19.77989032996377">
        <ele>1068</ele>
      </trkpt>
      <trkpt lat="42.40314609956132" lon="19.78000000000001">
        <ele>1072</ele>
      </trkpt>
      <trkpt lat="42.40314609956132" lon="19.77999999999999">
        <ele>1072</ele>
      </trkpt>
      <trkpt lat="42.40311748998665" lon="19.78007915315658">
        <ele>1072</ele>
      </trkpt>
      <trkpt lat="42.40308983406447" lon="19.78015925996566">
        <ele>1073</ele>
      </trkpt>
      <trkpt lat="42.40304405874499" lon="19.78045584588975">
        <ele>1078</ele>
      </trkpt>
      <trkpt lat="42.4030173564753" lon="19.78052641617394">
        <ele>1080</ele>
      </trkpt>
      <trkpt lat="42.4029906542056" lon="19.78059794011062">
        <ele>1081</ele>
      </trkpt>
      <trkpt lat="42.40294583253862" lon="19.78067041769978">
        <ele>1083</ele>
      </trkpt>
      <trkpt lat="42.40290101087164" lon="19.78074289528895">
        <ele>1085</ele>
      </trkpt>
      <trkpt lat="42.40277417509059" lon="19.78105283234789">
        <ele>1093</ele>
      </trkpt>
      <trkpt lat="42.40270551211138" lon="19.78139328628647">
        <ele>1100</ele>
      </trkpt>
      <trkpt lat="42.40261205416746" lon="19.78168891855807">
        <ele>1106</ele>
      </trkpt>
      <trkpt lat="42.40257200076292" lon="19.7817728399771">
        <ele>1109</ele>
      </trkpt>
      <trkpt lat="42.40253290101086" lon="19.78185676139614">
        <ele>1112</ele>
      </trkpt>
      <trkpt lat="42.40251764257104" lon="19.78192351707037">
        <ele>1115</ele>
      </trkpt>
      <trkpt lat="42.40250333778371" lon="19.78199122639709">
        <ele>1117</ele>
      </trkpt>
      <trkpt lat="42.40248998664886" lon="19.78209708182338">
        <ele>1119</ele>
      </trkpt>
      <trkpt lat="42.4024775891665" lon="19.78220293724966">
        <ele>1122</ele>
      </trkpt>
      <trkpt lat="42.40243848941446" lon="19.78226492466144">
        <ele>1124</ele>
      </trkpt>
      <trkpt lat="42.40240034331489" lon="19.78232691207323">
        <ele>1125</ele>
      </trkpt>
      <trkpt lat="42.40234979973297" lon="19.78242418462711">
        <ele>1129</ele>
      </trkpt>
      <trkpt lat="42.40229925615105" lon="19.78252241083348">
        <ele>1132</ele>
      </trkpt>
      <trkpt lat="42.4022086591646" lon="19.78252813274842">
        <ele>1133</ele>
      </trkpt>
      <trkpt lat="42.40211901583063" lon="19.78253480831584">
        <ele>1134</ele>
      </trkpt>
      <trkpt lat="42.40202365058173" lon="19.78263684913217">
        <ele>1139</ele>
      </trkpt>
      <trkpt lat="42.40200648483692" lon="19.78274175090596">
        <ele>1143</ele>
      </trkpt>
      <trkpt lat="42.40199027274461" lon="19.78284760633224">
        <ele>1147</ele>
      </trkpt>
      <trkpt lat="42.40201602136181" lon="19.78293438870875">
        <ele>1150</ele>
      </trkpt>
      <trkpt lat="42.40204176997901" lon="19.78302117108525">
        <ele>1153</ele>
      </trkpt>
      <trkpt lat="42.40197215334732" lon="19.78310795346175">
        <ele>1158</ele>
      </trkpt>
      <trkpt lat="42.40190349036811" lon="19.78319568949074">
        <ele>1162</ele>
      </trkpt>
      <trkpt lat="42.40189109288575" lon="19.78327865725729">
        <ele>1166</ele>
      </trkpt>
      <trkpt lat="42.40187964905588" lon="19.78336162502383">
        <ele>1170</ele>
      </trkpt>
      <trkpt lat="42.40178046919702" lon="19.78343696357047">
        <ele>1175</ele>
      </trkpt>
      <trkpt lat="42.40168128933816" lon="19.7835123021171">
        <ele>1180</ele>
      </trkpt>
      <trkpt lat="42.40162311653633" lon="19.78363246233072">
        <ele>1186</ele>
      </trkpt>
      <trkpt lat="42.40156589738699" lon="19.78375357619683">
        <ele>1191</ele>
      </trkpt>
      <trkpt lat="42.40130841121495" lon="19.78374308601945">
        <ele>1192</ele>
      </trkpt>
      <trkpt lat="42.40123402632081" lon="19.78380316612625">
        <ele>1195</ele>
      </trkpt>
      <trkpt lat="42.40116059507915" lon="19.78386324623306">
        <ele>1198</ele>
      </trkpt>
      <trkpt lat="42.40101468624833" lon="19.7841207324051">
        <ele>1212</ele>
      </trkpt>
      <trkpt lat="42.40103089834064" lon="19.7842256341789">
        <ele>1217</ele>
      </trkpt>
      <trkpt lat="42.40104711043296" lon="19.78433053595269">
        <ele>1221</ele>
      </trkpt>
      <trkpt lat="42.40096986458134" lon="19.7844077818043">
        <ele>1226</ele>
      </trkpt>
      <trkpt lat="42.40089261872973" lon="19.7844859813084">
        <ele>1230</ele>
      </trkpt>
      <trkpt lat="42.40064371543009" lon="19.78454987602517">
        <ele>1231</ele>
      </trkpt>
      <trkpt lat="42.40056074766355" lon="19.78456227350753">
        <ele>1230</ele>
      </trkpt>
      <trkpt lat="42.400477779897" lon="19.78457467098988">
        <ele>1229</ele>
      </trkpt>
      <trkpt lat="42.40035571237841" lon="19.78465191684149">
        <ele>1230</ele>
      </trkpt>
      <trkpt lat="42.40032710280374" lon="19.78471676521075">
        <ele>1233</ele>
      </trkpt>
      <trkpt lat="42.40029849322907" lon="19.78478161358001">
        <ele>1235</ele>
      </trkpt>
      <trkpt lat="42.40022124737745" lon="19.78528228113674">
        <ele>1245</ele>
      </trkpt>
      <trkpt lat="42.40020122067519" lon="19.78564753004004">
        <ele>1250</ele>
      </trkpt>
      <trkpt lat="42.40022506198741" lon="19.78610051497234">
        <ele>1253</ele>
      </trkpt>
      <trkpt lat="42.40029658592409" lon="19.78616727064657">
        <ele>1255</ele>
      </trkpt>
      <trkpt lat="42.40039576578295" lon="19.78615773412168">
        <ele>1257</ele>
      </trkpt>
      <trkpt lat="42.40047968720198" lon="19.786216860576">
        <ele>1259</ele>
      </trkpt>
      <trkpt lat="42.40059507915316" lon="19.78633702078962">
        <ele>1262</ele>
      </trkpt>
      <trkpt lat="42.40071047110433" lon="19.78645718100324">
        <ele>1266</ele>
      </trkpt>
      <trkpt lat="42.40077531947358" lon="19.78648579057791">
        <ele>1268</ele>
      </trkpt>
      <trkpt lat="42.4008258630555" lon="19.78649914171275">
        <ele>1269</ele>
      </trkpt>
      <trkpt lat="42.40085542628266" lon="19.78652393667747">
        <ele>1270</ele>
      </trkpt>
      <trkpt lat="42.40089834064467" lon="19.78657161930192">
        <ele>1270</ele>
      </trkpt>
      <trkpt lat="42.40092313560938" lon="19.78662883845126">
        <ele>1271</ele>
      </trkpt>
      <trkpt lat="42.40091741369444" lon="19.78667175281327">
        <ele>1272</ele>
      </trkpt>
      <trkpt lat="42.4009479305741" lon="19.78675853518977">
        <ele>1272</ele>
      </trkpt>
      <trkpt lat="42.40100419607095" lon="19.78687583444592">
        <ele>1273</ele>
      </trkpt>
      <trkpt lat="42.40102231546824" lon="19.78695117299255">
        <ele>1274</ele>
      </trkpt>
      <trkpt lat="42.40104043486553" lon="19.78702746519168">
        <ele>1275</ele>
      </trkpt>
      <trkpt lat="42.4010518786954" lon="19.78712473774556">
        <ele>1276</ele>
      </trkpt>
      <trkpt lat="42.40106332252527" lon="19.78722201029944">
        <ele>1278</ele>
      </trkpt>
      <trkpt lat="42.40104997139042" lon="19.78727827579629">
        <ele>1278</ele>
      </trkpt>
      <trkpt lat="42.40104424947549" lon="19.78735933625786">
        <ele>1279</ele>
      </trkpt>
      <trkpt lat="42.40103948121304" lon="19.78744039671943">
        <ele>1281</ele>
      </trkpt>
      <trkpt lat="42.40110909784474" lon="19.78747663551401">
        <ele>1281</ele>
      </trkpt>
      <trkpt lat="42.40113293915697" lon="19.78750619874117">
        <ele>1281</ele>
      </trkpt>
      <trkpt lat="42.40114533663932" lon="19.7875386229258">
        <ele>1282</ele>
      </trkpt>
      <trkpt lat="42.40115773412168" lon="19.78763208086972">
        <ele>1284</ele>
      </trkpt>
      <trkpt lat="42.40115964142666" lon="19.7877474728209">
        <ele>1286</ele>
      </trkpt>
      <trkpt lat="42.40117299256151" lon="19.78784474537478">
        <ele>1288</ele>
      </trkpt>
      <trkpt lat="42.40118729734884" lon="19.78794201792866">
        <ele>1290</ele>
      </trkpt>
      <trkpt lat="42.4012254434484" lon="19.78801258821285">
        <ele>1292</ele>
      </trkpt>
      <trkpt lat="42.40126358954797" lon="19.78808411214952">
        <ele>1293</ele>
      </trkpt>
      <trkpt lat="42.40127503337784" lon="19.7881556360862">
        <ele>1295</ele>
      </trkpt>
      <trkpt lat="42.40128647720771" lon="19.78822811367537">
        <ele>1297</ele>
      </trkpt>
      <trkpt lat="42.40132748426473" lon="19.78831584970436">
        <ele>1298</ele>
      </trkpt>
      <trkpt lat="42.40136944497425" lon="19.78840358573335">
        <ele>1300</ele>
      </trkpt>
      <trkpt lat="42.4013827961091" lon="19.78850944115963">
        <ele>1301</ele>
      </trkpt>
      <trkpt lat="42.40139614724394" lon="19.78861529658592">
        <ele>1303</ele>
      </trkpt>
      <trkpt lat="42.40172229639519" lon="19.78949074957085">
        <ele>1322</ele>
      </trkpt>
      <trkpt lat="42.40176902536715" lon="19.78958516116726">
        <ele>1325</ele>
      </trkpt>
      <trkpt lat="42.40181575433912" lon="19.78968052641617">
        <ele>1327</ele>
      </trkpt>
      <trkpt lat="42.40190062941064" lon="19.78980164028227">
        <ele>1331</ele>
      </trkpt>
      <trkpt lat="42.40194926568758" lon="19.7898426473393">
        <ele>1332</ele>
      </trkpt>
      <trkpt lat="42.40198455082967" lon="19.78985218386419">
        <ele>1333</ele>
      </trkpt>
      <trkpt lat="42.40204844554644" lon="19.78991607858096">
        <ele>1334</ele>
      </trkpt>
      <trkpt lat="42.40206275033378" lon="19.78997139042532">
        <ele>1336</ele>
      </trkpt>
      <trkpt lat="42.40203986267404" lon="19.79000095365248">
        <ele>1336</ele>
      </trkpt>
      <trkpt lat="42.40196929238985" lon="19.79000190730497">
        <ele>1335</ele>
      </trkpt>
      <trkpt lat="42.40191016593553" lon="19.79002002670226">
        <ele>1335</ele>
      </trkpt>
      <trkpt lat="42.40183292008392" lon="19.78999999999999">
        <ele>1334</ele>
      </trkpt>
      <trkpt lat="42.40175567423231" lon="19.78998092695021">
        <ele>1333</ele>
      </trkpt>
      <trkpt lat="42.40172038909022" lon="19.78998950982261">
        <ele>1333</ele>
      </trkpt>
      <trkpt lat="42.40167175281327" lon="19.79002479496471">
        <ele>1333</ele>
      </trkpt>
      <trkpt lat="42.40169368682052" lon="19.79007533854663">
        <ele>1334</ele>
      </trkpt>
      <trkpt lat="42.40169464047301" lon="19.79013160404348">
        <ele>1335</ele>
      </trkpt>
      <trkpt lat="42.40170513065038" lon="19.79021934007247">
        <ele>1336</ele>
      </trkpt>
      <trkpt lat="42.40171657448025" lon="19.79030707610146">
        <ele>1338</ele>
      </trkpt>
      <trkpt lat="42.40173660118253" lon="19.79037573908067">
        <ele>1339</ele>
      </trkpt>
      <trkpt lat="42.40175662788479" lon="19.79044535571237">
        <ele>1340</ele>
      </trkpt>
      <trkpt lat="42.40181861529658" lon="19.79056551592599">
        <ele>1343</ele>
      </trkpt>
      <trkpt lat="42.40188155636086" lon="19.79068567613961">
        <ele>1346</ele>
      </trkpt>
      <trkpt lat="42.4019301926378" lon="19.79074575624642">
        <ele>1347</ele>
      </trkpt>
      <trkpt lat="42.40198455082967" lon="19.79078962426091">
        <ele>1349</ele>
      </trkpt>
      <trkpt lat="42.40273698264352" lon="19.79123974823574">
        <ele>1354</ele>
      </trkpt>
      <trkpt lat="42.40403204272363" lon="19.79188346366583">
        <ele>1374</ele>
      </trkpt>
      <trkpt lat="42.40402441350371" lon="19.79212759870303">
        <ele>1376</ele>
      </trkpt>
      <trkpt lat="42.40431337020789" lon="19.79276749952317">
        <ele>1387</ele>
      </trkpt>
      <trkpt lat="42.4044783520885" lon="19.79309937058935">
        <ele>1393</ele>
      </trkpt>
      <trkpt lat="42.40474251382796" lon="19.79330059126454">
        <ele>1405</ele>
      </trkpt>
      <trkpt lat="42.40510013351135" lon="19.79389280946022">
        <ele>1420</ele>
      </trkpt>
      <trkpt lat="42.40559507915315" lon="19.79461472439442">
        <ele>1442</ele>
      </trkpt>
      <trkpt lat="42.40582014114057" lon="19.79552164791149">
        <ele>1444</ele>
      </trkpt>
      <trkpt lat="42.4063999618539" lon="19.79648865153537">
        <ele>1459</ele>
      </trkpt>
      <trkpt lat="42.40658306313179" lon="19.79697787526225">
        <ele>1461</ele>
      </trkpt>
      <trkpt lat="42.40744802593935" lon="19.7978952889567">
        <ele>1493</ele>
      </trkpt>
      <trkpt lat="42.40770265115392" lon="19.79844745374785">
        <ele>1495</ele>
      </trkpt>
      <trkpt lat="42.40777608239557" lon="19.79870493991989">
        <ele>1494</ele>
      </trkpt>
      <trkpt lat="42.40791626931146" lon="19.79899675758153">
        <ele>1493</ele>
      </trkpt>
      <trkpt lat="42.40794201792866" lon="19.79910833492275">
        <ele>1492</ele>
      </trkpt>
      <trkpt lat="42.40796776654587" lon="19.79922086591645">
        <ele>1492</ele>
      </trkpt>
      <trkpt lat="42.40796681289338" lon="19.79928380698073">
        <ele>1493</ele>
      </trkpt>
      <trkpt lat="42.40796585924089" lon="19.79934770169749">
        <ele>1494</ele>
      </trkpt>
      <trkpt lat="42.40792866679381" lon="19.79999999999999">
        <ele>1501</ele>
      </trkpt>
      <trkpt lat="42.40792866679381" lon="19.8">
        <ele>1501</ele>
      </trkpt>
      <trkpt lat="42.4079219912264" lon="19.8001134846462">
        <ele>1504</ele>
      </trkpt>
      <trkpt lat="42.40791626931146" lon="19.80022792294488">
        <ele>1508</ele>
      </trkpt>
      <trkpt lat="42.4078695403395" lon="19.80034522220103">
        <ele>1510</ele>
      </trkpt>
      <trkpt lat="42.40746519168415" lon="19.80026702269693">
        <ele>1502</ele>
      </trkpt>
      <trkpt lat="42.4073469387755" lon="19.80032519549876">
        <ele>1504</ele>
      </trkpt>
      <trkpt lat="42.40727827579629" lon="19.80039671943544">
        <ele>1507</ele>
      </trkpt>
      <trkpt lat="42.40725252717909" lon="19.80045775319474">
        <ele>1510</ele>
      </trkpt>
      <trkpt lat="42.40722677856189" lon="19.80051974060652">
        <ele>1512</ele>
      </trkpt>
      <trkpt lat="42.40723917604424" lon="19.8005912645432">
        <ele>1515</ele>
      </trkpt>
      <trkpt lat="42.40725252717909" lon="19.80066278847988">
        <ele>1518</ele>
      </trkpt>
      <trkpt lat="42.40740320427236" lon="19.80098703032615">
        <ele>1532</ele>
      </trkpt>
      <trkpt lat="42.40742037001716" lon="19.80107095174519">
        <ele>1535</ele>
      </trkpt>
      <trkpt lat="42.40743848941445" lon="19.80115582681671">
        <ele>1538</ele>
      </trkpt>
      <trkpt lat="42.40742609193209" lon="19.80126263589548">
        <ele>1543</ele>
      </trkpt>
      <trkpt lat="42.40741464810223" lon="19.80137039862674">
        <ele>1547</ele>
      </trkpt>
      <trkpt lat="42.40737936296014" lon="19.80143620064849">
        <ele>1549</ele>
      </trkpt>
      <trkpt lat="42.40734407781804" lon="19.80150200267023">
        <ele>1552</ele>
      </trkpt>
      <trkpt lat="42.40725443448407" lon="19.80161358001144">
        <ele>1557</ele>
      </trkpt>
      <trkpt lat="42.40716574480259" lon="19.80172611100515">
        <ele>1562</ele>
      </trkpt>
      <trkpt lat="42.40691779515544" lon="19.80177570093458">
        <ele>1564</ele>
      </trkpt>
      <trkpt lat="42.40652584398245" lon="19.80216193019264">
        <ele>1583</ele>
      </trkpt>
      <trkpt lat="42.40640377646385" lon="19.80227064657639">
        <ele>1587</ele>
      </trkpt>
      <trkpt lat="42.40628170894526" lon="19.80237936296014">
        <ele>1592</ele>
      </trkpt>
      <trkpt lat="42.40594316231165" lon="19.80244039671944">
        <ele>1594</ele>
      </trkpt>
      <trkpt lat="42.40585637993514" lon="19.80255578867061">
        <ele>1597</ele>
      </trkpt>
      <trkpt lat="42.40582490940301" lon="19.80289719626169">
        <ele>1602</ele>
      </trkpt>
      <trkpt lat="42.40588022124737" lon="19.80374690062941">
        <ele>1612</ele>
      </trkpt>
      <trkpt lat="42.40599561319855" lon="19.8042265878314">
        <ele>1618</ele>
      </trkpt>
      <trkpt lat="42.40611768071714" lon="19.8047997329773">
        <ele>1621</ele>
      </trkpt>
      <trkpt lat="42.40614342933435" lon="19.80532138088881">
        <ele>1629</ele>
      </trkpt>
      <trkpt lat="42.40621876788098" lon="19.80578008773603">
        <ele>1642</ele>
      </trkpt>
      <trkpt lat="42.4061472439443" lon="19.80588594316231">
        <ele>1642</ele>
      </trkpt>
      <trkpt lat="42.40592599656685" lon="19.80656971199695">
        <ele>1655</ele>
      </trkpt>
      <trkpt lat="42.40589357238222" lon="19.80663360671372">
        <ele>1655</ele>
      </trkpt>
      <trkpt lat="42.40564943734503" lon="19.8069654777799">
        <ele>1659</ele>
      </trkpt>
      <trkpt lat="42.4055044821667" lon="19.80740225061988">
        <ele>1665</ele>
      </trkpt>
      <trkpt lat="42.40544058744993" lon="19.80772267785619">
        <ele>1667</ele>
      </trkpt>
      <trkpt lat="42.40532328819378" lon="19.8081565897387">
        <ele>1663</ele>
      </trkpt>
      <trkpt lat="42.40528228113675" lon="19.80874976158688">
        <ele>1667</ele>
      </trkpt>
      <trkpt lat="42.40526702269693" lon="19.80886419988557">
        <ele>1668</ele>
      </trkpt>
      <trkpt lat="42.4052517642571" lon="19.80897959183674">
        <ele>1668</ele>
      </trkpt>
      <trkpt lat="42.40535475872592" lon="19.80904444020599">
        <ele>1676</ele>
      </trkpt>
      <trkpt lat="42.40535094411596" lon="19.80914362006485">
        <ele>1677</ele>
      </trkpt>
      <trkpt lat="42.405347129506" lon="19.8092437535762">
        <ele>1678</ele>
      </trkpt>
      <trkpt lat="42.40542437535762" lon="19.80949456418081">
        <ele>1687</ele>
      </trkpt>
      <trkpt lat="42.40542342170513" lon="19.80960614152203">
        <ele>1689</ele>
      </trkpt>
      <trkpt lat="42.40542342170513" lon="19.80971867251574">
        <ele>1691</ele>
      </trkpt>
      <trkpt lat="42.40540530230783" lon="19.81013255769598">
        <ele>1695</ele>
      </trkpt>
      <trkpt lat="42.40547015067709" lon="19.81038050734313">
        <ele>1701</ele>
      </trkpt>
      <trkpt lat="42.40549113103185" lon="19.81064180812512">
        <ele>1705</ele>
      </trkpt>
      <trkpt lat="42.40549303833683" lon="19.8110347129506">
        <ele>1706</ele>
      </trkpt>
      <trkpt lat="42.40577913408354" lon="19.81198645813466">
        <ele>1724</ele>
      </trkpt>
      <trkpt lat="42.40575720007629" lon="19.8120694259012">
        <ele>1723</ele>
      </trkpt>
      <trkpt lat="42.40573526606904" lon="19.81215334732024">
        <ele>1721</ele>
      </trkpt>
      <trkpt lat="42.40572954415411" lon="19.81226301735648">
        <ele>1722</ele>
      </trkpt>
      <trkpt lat="42.40577531947358" lon="19.81234026320809">
        <ele>1725</ele>
      </trkpt>
      <trkpt lat="42.40585828724013" lon="19.81236219721534">
        <ele>1731</ele>
      </trkpt>
      <trkpt lat="42.40596128170894" lon="19.81266545870685">
        <ele>1743</ele>
      </trkpt>
      <trkpt lat="42.40600514972343" lon="19.81273888994851">
        <ele>1747</ele>
      </trkpt>
      <trkpt lat="42.40604901773794" lon="19.81281327484265">
        <ele>1752</ele>
      </trkpt>
      <trkpt lat="42.40608430288002" lon="19.81289528895671">
        <ele>1756</ele>
      </trkpt>
      <trkpt lat="42.40612054167461" lon="19.81297730307076">
        <ele>1759</ele>
      </trkpt>
      <trkpt lat="42.40613580011443" lon="19.81308506580202">
        <ele>1762</ele>
      </trkpt>
      <trkpt lat="42.40615773412168" lon="19.8131565897387">
        <ele>1764</ele>
      </trkpt>
      <trkpt lat="42.40618062178142" lon="19.81322811367538">
        <ele>1766</ele>
      </trkpt>
      <trkpt lat="42.40619206561129" lon="19.81333015449171">
        <ele>1768</ele>
      </trkpt>
      <trkpt lat="42.40620446309364" lon="19.81343219530803">
        <ele>1772</ele>
      </trkpt>
      <trkpt lat="42.40620637039862" lon="19.81350181193973">
        <ele>1774</ele>
      </trkpt>
      <trkpt lat="42.40620923135609" lon="19.81357142857143">
        <ele>1776</ele>
      </trkpt>
      <trkpt lat="42.40619301926377" lon="19.81364485981308">
        <ele>1777</ele>
      </trkpt>
      <trkpt lat="42.40617776082395" lon="19.81371924470723">
        <ele>1778</ele>
      </trkpt>
      <trkpt lat="42.4059736791913" lon="19.81416841502957">
        <ele>1781</ele>
      </trkpt>
      <trkpt lat="42.40593648674422" lon="19.81441922563418">
        <ele>1786</ele>
      </trkpt>
      <trkpt lat="42.4059040625596" lon="19.814522220103">
        <ele>1788</ele>
      </trkpt>
      <trkpt lat="42.40587163837498" lon="19.8146261682243">
        <ele>1790</ele>
      </trkpt>
      <trkpt lat="42.4058086973107" lon="19.81473679191303">
        <ele>1792</ele>
      </trkpt>
      <trkpt lat="42.40574575624642" lon="19.81484836925425">
        <ele>1793</ele>
      </trkpt>
      <trkpt lat="42.4056694640473" lon="19.81509155063895">
        <ele>1796</ele>
      </trkpt>
      <trkpt lat="42.40569425901202" lon="19.81519740606523">
        <ele>1798</ele>
      </trkpt>
      <trkpt lat="42.40575433911882" lon="19.81519073049781">
        <ele>1800</ele>
      </trkpt>
      <trkpt lat="42.40585828724013" lon="19.81512492847607">
        <ele>1802</ele>
      </trkpt>
      <trkpt lat="42.40596318901392" lon="19.81506008010681">
        <ele>1799</ele>
      </trkpt>
      <trkpt lat="42.40603948121304" lon="19.81506770932672">
        <ele>1797</ele>
      </trkpt>
      <trkpt lat="42.40611577341217" lon="19.81507629219913">
        <ele>1796</ele>
      </trkpt>
      <trkpt lat="42.40620923135609" lon="19.81506866297921">
        <ele>1794</ele>
      </trkpt>
      <trkpt lat="42.40630268930001" lon="19.8150610337593">
        <ele>1792</ele>
      </trkpt>
      <trkpt lat="42.40638088880412" lon="19.81500572191494">
        <ele>1791</ele>
      </trkpt>
      <trkpt lat="42.4064342933435" lon="19.81491989319092">
        <ele>1791</ele>
      </trkpt>
      <trkpt lat="42.40644764447835" lon="19.81483692542438">
        <ele>1792</ele>
      </trkpt>
      <trkpt lat="42.40651058554263" lon="19.81475967957277">
        <ele>1793</ele>
      </trkpt>
      <trkpt lat="42.40660213618157" lon="19.81471485790578">
        <ele>1795</ele>
      </trkpt>
      <trkpt lat="42.40669368682052" lon="19.8146700362388">
        <ele>1795</ele>
      </trkpt>
      <trkpt lat="42.40699790196452" lon="19.81450886896815">
        <ele>1794</ele>
      </trkpt>
      <trkpt lat="42.40725920274652" lon="19.81438966240702">
        <ele>1796</ele>
      </trkpt>
      <trkpt lat="42.40732881937821" lon="19.81432386038528">
        <ele>1799</ele>
      </trkpt>
      <trkpt lat="42.4073993896624" lon="19.81425805836354">
        <ele>1802</ele>
      </trkpt>
      <trkpt lat="42.40749189395384" lon="19.81420942208659">
        <ele>1804</ele>
      </trkpt>
      <trkpt lat="42.40759774938012" lon="19.81417222963952">
        <ele>1799</ele>
      </trkpt>
      <trkpt lat="42.4077045584589" lon="19.81413503719245">
        <ele>1793</ele>
      </trkpt>
      <trkpt lat="42.40777036048064" lon="19.81417222963952">
        <ele>1786</ele>
      </trkpt>
      <trkpt lat="42.40777703604806" lon="19.81422086591646">
        <ele>1782</ele>
      </trkpt>
      <trkpt lat="42.40779324814037" lon="19.81426759488842">
        <ele>1778</ele>
      </trkpt>
      <trkpt lat="42.40783711615487" lon="19.8143219530803">
        <ele>1771</ele>
      </trkpt>
      <trkpt lat="42.40790577913408" lon="19.81427427045585">
        <ele>1768</ele>
      </trkpt>
      <trkpt lat="42.40790101087163" lon="19.81420751478161">
        <ele>1773</ele>
      </trkpt>
      <trkpt lat="42.40792580583635" lon="19.81411501049018">
        <ele>1777</ele>
      </trkpt>
      <trkpt lat="42.40794487888613" lon="19.81408163265306">
        <ele>1778</ele>
      </trkpt>
      <trkpt lat="42.40798016402822" lon="19.81407304978066">
        <ele>1776</ele>
      </trkpt>
      <trkpt lat="42.40802021743276" lon="19.81413503719245">
        <ele>1768</ele>
      </trkpt>
      <trkpt lat="42.40803929048254" lon="19.81420179286668">
        <ele>1763</ele>
      </trkpt>
      <trkpt lat="42.40810509250429" lon="19.81427427045585">
        <ele>1753</ele>
      </trkpt>
      <trkpt lat="42.408129887469" lon="19.81425805836354">
        <ele>1752</ele>
      </trkpt>
      <trkpt lat="42.40818424566088" lon="19.8141569711997">
        <ele>1754</ele>
      </trkpt>
      <trkpt lat="42.40818329200839" lon="19.81403585733359">
        <ele>1763</ele>
      </trkpt>
      <trkpt lat="42.40825672325004" lon="19.81394907495709">
        <ele>1765</ele>
      </trkpt>
      <trkpt lat="42.40824623307267" lon="19.81386801449552">
        <ele>1772</ele>
      </trkpt>
      <trkpt lat="42.40823669654777" lon="19.81378695403395">
        <ele>1779</ele>
      </trkpt>
      <trkpt lat="42.40825958420751" lon="19.81366679382034">
        <ele>1787</ele>
      </trkpt>
      <trkpt lat="42.40828247186725" lon="19.81354663360672">
        <ele>1796</ele>
      </trkpt>
      <trkpt lat="42.40839309555598" lon="19.81345603662026">
        <ele>1793</ele>
      </trkpt>
      <trkpt lat="42.40850371924471" lon="19.8133654396338">
        <ele>1785</ele>
      </trkpt>
      <trkpt lat="42.408564753004" lon="19.81325958420752">
        <ele>1784</ele>
      </trkpt>
      <trkpt lat="42.4086257867633" lon="19.81315372878123">
        <ele>1783</ele>
      </trkpt>
      <trkpt lat="42.40878695403395" lon="19.81227064657639">
        <ele>1811</ele>
      </trkpt>
      <trkpt lat="42.40885466336067" lon="19.81223726873927">
        <ele>1801</ele>
      </trkpt>
      <trkpt lat="42.40892237268739" lon="19.81220389090216">
        <ele>1790</ele>
      </trkpt>
      <trkpt lat="42.4090349036811" lon="19.81218481785238">
        <ele>1771</ele>
      </trkpt>
      <trkpt lat="42.4091474346748" lon="19.81216669845508">
        <ele>1752</ele>
      </trkpt>
      <trkpt lat="42.40919893190921" lon="19.8120522601564">
        <ele>1750</ele>
      </trkpt>
      <trkpt lat="42.40923135609383" lon="19.81208182338356">
        <ele>1747</ele>
      </trkpt>
      <trkpt lat="42.40927236315086" lon="19.81206751859623">
        <ele>1745</ele>
      </trkpt>
      <trkpt lat="42.4092866679382" lon="19.81201316040435">
        <ele>1746</ele>
      </trkpt>
      <trkpt lat="42.40925615105855" lon="19.81191207324051">
        <ele>1751</ele>
      </trkpt>
      <trkpt lat="42.40926854854091" lon="19.8118434102613">
        <ele>1753</ele>
      </trkpt>
      <trkpt lat="42.40929048254816" lon="19.81180431050925">
        <ele>1753</ele>
      </trkpt>
      <trkpt lat="42.40932481403776" lon="19.81176425710471">
        <ele>1752</ele>
      </trkpt>
      <trkpt lat="42.40952698836544" lon="19.81138851802404">
        <ele>1764</ele>
      </trkpt>
      <trkpt lat="42.40960614152203" lon="19.81136276940683">
        <ele>1760</ele>
      </trkpt>
      <trkpt lat="42.40966431432386" lon="19.81140091550639">
        <ele>1753</ele>
      </trkpt>
      <trkpt lat="42.40968815563608" lon="19.81142380316613">
        <ele>1749</ele>
      </trkpt>
      <trkpt lat="42.4097911501049" lon="19.81132843791723">
        <ele>1747</ele>
      </trkpt>
      <trkpt lat="42.4097997329773" lon="19.81131222582491">
        <ele>1747</ele>
      </trkpt>
      <trkpt lat="42.40981022315468" lon="19.81131222582491">
        <ele>1747</ele>
      </trkpt>
      <trkpt lat="42.40981213045966" lon="19.81132080869731">
        <ele>1746</ele>
      </trkpt>
      <trkpt lat="42.40979782567232" lon="19.81136467671181">
        <ele>1744</ele>
      </trkpt>
      <trkpt lat="42.4098083158497" lon="19.81137612054168">
        <ele>1743</ele>
      </trkpt>
      <trkpt lat="42.40987221056647" lon="19.81131794773984">
        <ele>1741</ele>
      </trkpt>
      <trkpt lat="42.40989795918367" lon="19.81128456990273">
        <ele>1741</ele>
      </trkpt>
      <trkpt lat="42.40990749570856" lon="19.81129029181766">
        <ele>1740</ele>
      </trkpt>
      <trkpt lat="42.40991131031851" lon="19.81130555025749">
        <ele>1738</ele>
      </trkpt>
      <trkpt lat="42.40990558840358" lon="19.81138088880412">
        <ele>1735</ele>
      </trkpt>
      <trkpt lat="42.40989986648865" lon="19.81145622735076">
        <ele>1731</ele>
      </trkpt>
      <trkpt lat="42.40990463475109" lon="19.8114695784856">
        <ele>1730</ele>
      </trkpt>
      <trkpt lat="42.40991798588594" lon="19.81147053213809">
        <ele>1729</ele>
      </trkpt>
      <trkpt lat="42.40997901964523" lon="19.81141903490368">
        <ele>1727</ele>
      </trkpt>
      <trkpt lat="42.40998760251764" lon="19.81142952508106">
        <ele>1725</ele>
      </trkpt>
      <trkpt lat="42.40998855617013" lon="19.81144573717338">
        <ele>1725</ele>
      </trkpt>
      <trkpt lat="42.40998378790768" lon="19.81150390997521">
        <ele>1722</ele>
      </trkpt>
      <trkpt lat="42.40999523173755" lon="19.81150963189014">
        <ele>1721</ele>
      </trkpt>
      <trkpt lat="42.41001049017738" lon="19.81149437345032">
        <ele>1721</ele>
      </trkpt>
      <trkpt lat="42.41001525843982" lon="19.81144669082586">
        <ele>1723</ele>
      </trkpt>
      <trkpt lat="42.41004100705702" lon="19.81140663742132">
        <ele>1723</ele>
      </trkpt>
      <trkpt lat="42.41004672897196" lon="19.81141903490368">
        <ele>1722</ele>
      </trkpt>
      <trkpt lat="42.41004577531947" lon="19.81145145908831">
        <ele>1721</ele>
      </trkpt>
      <trkpt lat="42.41006103375929" lon="19.8114867442304">
        <ele>1718</ele>
      </trkpt>
      <trkpt lat="42.41007057028418" lon="19.81145718100325">
        <ele>1719</ele>
      </trkpt>
      <trkpt lat="42.41007343124165" lon="19.81148197596796">
        <ele>1718</ele>
      </trkpt>
      <trkpt lat="42.41006580202174" lon="19.81150200267023">
        <ele>1717</ele>
      </trkpt>
      <trkpt lat="42.41007057028418" lon="19.81151821476254">
        <ele>1716</ele>
      </trkpt>
      <trkpt lat="42.41008010680908" lon="19.81152489032997">
        <ele>1715</ele>
      </trkpt>
      <trkpt lat="42.41010013351134" lon="19.8114962807553">
        <ele>1715</ele>
      </trkpt>
      <trkpt lat="42.41011539195117" lon="19.8114524127408">
        <ele>1717</ele>
      </trkpt>
      <trkpt lat="42.41014018691588" lon="19.81141617394622">
        <ele>1717</ele>
      </trkpt>
      <trkpt lat="42.41015258439824" lon="19.81142761777609">
        <ele>1716</ele>
      </trkpt>
      <trkpt lat="42.41014876978829" lon="19.81145718100325">
        <ele>1715</ele>
      </trkpt>
      <trkpt lat="42.41016593553309" lon="19.81150200267023">
        <ele>1711</ele>
      </trkpt>
      <trkpt lat="42.41018310127789" lon="19.81159546061415">
        <ele>1705</ele>
      </trkpt>
      <trkpt lat="42.4102174327675" lon="19.81156303642953">
        <ele>1705</ele>
      </trkpt>
      <trkpt lat="42.41023078390234" lon="19.81153347320237">
        <ele>1706</ele>
      </trkpt>
      <trkpt lat="42.41024604234217" lon="19.81151726111005">
        <ele>1706</ele>
      </trkpt>
      <trkpt lat="42.41025843982452" lon="19.81153442685486">
        <ele>1704</ele>
      </trkpt>
      <trkpt lat="42.41026893000191" lon="19.81156780469197">
        <ele>1702</ele>
      </trkpt>
      <trkpt lat="42.41025748617204" lon="19.81161453366393">
        <ele>1700</ele>
      </trkpt>
      <trkpt lat="42.41028037383177" lon="19.81162502384132">
        <ele>1698</ele>
      </trkpt>
      <trkpt lat="42.41029277131413" lon="19.81160213618158">
        <ele>1699</ele>
      </trkpt>
      <trkpt lat="42.41031851993133" lon="19.81158592408926">
        <ele>1698</ele>
      </trkpt>
      <trkpt lat="42.4103299637612" lon="19.81160404348656">
        <ele>1697</ele>
      </trkpt>
      <trkpt lat="42.41032901010871" lon="19.81162979210376">
        <ele>1695</ele>
      </trkpt>
      <trkpt lat="42.41031661262635" lon="19.81165649437345">
        <ele>1695</ele>
      </trkpt>
      <trkpt lat="42.41031089071142" lon="19.81170131604044">
        <ele>1693</ele>
      </trkpt>
      <trkpt lat="42.41029277131413" lon="19.81175567423231">
        <ele>1692</ele>
      </trkpt>
      <trkpt lat="42.41030516879648" lon="19.81177379362961">
        <ele>1691</ele>
      </trkpt>
      <trkpt lat="42.4103213808888" lon="19.81176902536716">
        <ele>1690</ele>
      </trkpt>
      <trkpt lat="42.41033663932863" lon="19.81174423040244">
        <ele>1690</ele>
      </trkpt>
      <trkpt lat="42.4103557123784" lon="19.81172897196262">
        <ele>1690</ele>
      </trkpt>
      <trkpt lat="42.41039195117299" lon="19.81172515735266">
        <ele>1688</ele>
      </trkpt>
      <trkpt lat="42.4103995803929" lon="19.81173850848751">
        <ele>1687</ele>
      </trkpt>
      <trkpt lat="42.41040148769788" lon="19.81176234979974">
        <ele>1686</ele>
      </trkpt>
      <trkpt lat="42.4103824146481" lon="19.81179477398436">
        <ele>1686</ele>
      </trkpt>
      <trkpt lat="42.41039290482548" lon="19.81181003242419">
        <ele>1685</ele>
      </trkpt>
      <trkpt lat="42.41041102422277" lon="19.81180526416174">
        <ele>1684</ele>
      </trkpt>
      <trkpt lat="42.41042723631508" lon="19.81176139614725">
        <ele>1684</ele>
      </trkpt>
      <trkpt lat="42.41044630936486" lon="19.81176616440969">
        <ele>1683</ele>
      </trkpt>
      <trkpt lat="42.4104520312798" lon="19.81182815182148">
        <ele>1681</ele>
      </trkpt>
      <trkpt lat="42.41041865344268" lon="19.81190253671562">
        <ele>1680</ele>
      </trkpt>
      <trkpt lat="42.41038718291055" lon="19.81192351707038">
        <ele>1681</ele>
      </trkpt>
      <trkpt lat="42.4103652489033" lon="19.81196166316994">
        <ele>1681</ele>
      </trkpt>
      <trkpt lat="42.41033663932863" lon="19.81198073621972">
        <ele>1682</ele>
      </trkpt>
      <trkpt lat="42.41031947358383" lon="19.81203318710662">
        <ele>1681</ele>
      </trkpt>
      <trkpt lat="42.41032042723631" lon="19.81209708182339">
        <ele>1678</ele>
      </trkpt>
      <trkpt lat="42.41033663932863" lon="19.81211234026321">
        <ele>1677</ele>
      </trkpt>
      <trkpt lat="42.41033950028609" lon="19.81214094983788">
        <ele>1676</ele>
      </trkpt>
      <trkpt lat="42.41032805645622" lon="19.81216669845508">
        <ele>1675</ele>
      </trkpt>
      <trkpt lat="42.41031851993133" lon="19.81222105664696">
        <ele>1674</ele>
      </trkpt>
      <trkpt lat="42.41030326149151" lon="19.81223726873927">
        <ele>1674</ele>
      </trkpt>
      <trkpt lat="42.41031565897386" lon="19.81225443448407">
        <ele>1673</ele>
      </trkpt>
      <trkpt lat="42.41029753957658" lon="19.81227541483884">
        <ele>1673</ele>
      </trkpt>
      <trkpt lat="42.41029372496662" lon="19.81229734884608">
        <ele>1673</ele>
      </trkpt>
      <trkpt lat="42.41031470532138" lon="19.81229448788861">
        <ele>1672</ele>
      </trkpt>
      <trkpt lat="42.41032042723631" lon="19.81231165363342">
        <ele>1671</ele>
      </trkpt>
      <trkpt lat="42.41029086400915" lon="19.81236219721534">
        <ele>1670</ele>
      </trkpt>
      <trkpt lat="42.41029753957658" lon="19.81238127026512">
        <ele>1669</ele>
      </trkpt>
      <trkpt lat="42.41029467861911" lon="19.8124089261873">
        <ele>1669</ele>
      </trkpt>
      <trkpt lat="42.41027274461186" lon="19.81244039671944">
        <ele>1669</ele>
      </trkpt>
      <trkpt lat="42.41020884989509" lon="19.81249284760634">
        <ele>1670</ele>
      </trkpt>
      <trkpt lat="42.4101907304978" lon="19.81253194735838">
        <ele>1669</ele>
      </trkpt>
      <trkpt lat="42.41019263780278" lon="19.81255769597559">
        <ele>1668</ele>
      </trkpt>
      <trkpt lat="42.41023173755483" lon="19.81258630555026">
        <ele>1665</ele>
      </trkpt>
      <trkpt lat="42.41031184436391" lon="19.81256246423803">
        <ele>1662</ele>
      </trkpt>
      <trkpt lat="42.4103213808888" lon="19.81257581537288">
        <ele>1661</ele>
      </trkpt>
      <trkpt lat="42.41031756627884" lon="19.81259679572764">
        <ele>1661</ele>
      </trkpt>
      <trkpt lat="42.41026511539195" lon="19.81267308792676">
        <ele>1660</ele>
      </trkpt>
      <trkpt lat="42.41023650581727" lon="19.81274747282091">
        <ele>1659</ele>
      </trkpt>
      <trkpt lat="42.41024794964714" lon="19.81277798970056">
        <ele>1657</ele>
      </trkpt>
      <trkpt lat="42.41024127407972" lon="19.81282471867252">
        <ele>1656</ele>
      </trkpt>
      <trkpt lat="42.41020598893763" lon="19.81286763303453">
        <ele>1656</ele>
      </trkpt>
      <trkpt lat="42.41019454510776" lon="19.81295536906352">
        <ele>1653</ele>
      </trkpt>
      <trkpt lat="42.41019740606523" lon="19.81297539576579">
        <ele>1652</ele>
      </trkpt>
      <trkpt lat="42.4102078962426" lon="19.81298111768072">
        <ele>1651</ele>
      </trkpt>
      <trkpt lat="42.41024413503719" lon="19.81295060080107">
        <ele>1651</ele>
      </trkpt>
      <trkpt lat="42.41028800305168" lon="19.81297825672325">
        <ele>1648</ele>
      </trkpt>
      <trkpt lat="42.41029086400915" lon="19.81300305168797">
        <ele>1647</ele>
      </trkpt>
      <trkpt lat="42.4102784665268" lon="19.81301831012779">
        <ele>1647</ele>
      </trkpt>
      <trkpt lat="42.41025462521457" lon="19.81302498569521">
        <ele>1648</ele>
      </trkpt>
      <trkpt lat="42.41024222773221" lon="19.8130345222201">
        <ele>1648</ele>
      </trkpt>
      <trkpt lat="42.41024413503719" lon="19.81305740987984">
        <ele>1647</ele>
      </trkpt>
      <trkpt lat="42.41025653251955" lon="19.81306790005722">
        <ele>1646</ele>
      </trkpt>
      <trkpt lat="42.41027655922181" lon="19.8130698073622">
        <ele>1645</ele>
      </trkpt>
      <trkpt lat="42.41034522220102" lon="19.81305454892237">
        <ele>1643</ele>
      </trkpt>
      <trkpt lat="42.41036143429334" lon="19.81309269502194">
        <ele>1640</ele>
      </trkpt>
      <trkpt lat="42.41036048064085" lon="19.81312893381652">
        <ele>1639</ele>
      </trkpt>
      <trkpt lat="42.41034712950601" lon="19.81314896051879">
        <ele>1639</ele>
      </trkpt>
      <trkpt lat="42.41032233454129" lon="19.81316707991608">
        <ele>1639</ele>
      </trkpt>
      <trkpt lat="42.41029849322906" lon="19.81320808697311">
        <ele>1639</ele>
      </trkpt>
      <trkpt lat="42.41028704939919" lon="19.81326912073241">
        <ele>1637</ele>
      </trkpt>
      <trkpt lat="42.4103127980164" lon="19.81327770360481">
        <ele>1636</ele>
      </trkpt>
      <trkpt lat="42.41034522220102" lon="19.8132786572573">
        <ele>1634</ele>
      </trkpt>
      <trkpt lat="42.41036238794583" lon="19.8132614915125">
        <ele>1634</ele>
      </trkpt>
      <trkpt lat="42.41038146099561" lon="19.81326244516498">
        <ele>1634</ele>
      </trkpt>
      <trkpt lat="42.41038909021552" lon="19.8132786572573">
        <ele>1633</ele>
      </trkpt>
      <trkpt lat="42.41037478542819" lon="19.81331775700935">
        <ele>1632</ele>
      </trkpt>
      <trkpt lat="42.41037955369063" lon="19.8133997711234">
        <ele>1629</ele>
      </trkpt>
      <trkpt lat="42.41042151440015" lon="19.81338928094603">
        <ele>1628</ele>
      </trkpt>
      <trkpt lat="42.41045775319473" lon="19.81336353232882">
        <ele>1627</ele>
      </trkpt>
      <trkpt lat="42.41047396528705" lon="19.81336353232882">
        <ele>1626</ele>
      </trkpt>
      <trkpt lat="42.41049017737936" lon="19.81337592981118">
        <ele>1625</ele>
      </trkpt>
      <trkpt lat="42.41049971390425" lon="19.81334636658402">
        <ele>1626</ele>
      </trkpt>
      <trkpt lat="42.4105130650391" lon="19.81337879076865">
        <ele>1624</ele>
      </trkpt>
      <trkpt lat="42.41052355521648" lon="19.81337879076865">
        <ele>1624</ele>
      </trkpt>
      <trkpt lat="42.41052832347892" lon="19.81335781041389">
        <ele>1625</ele>
      </trkpt>
      <trkpt lat="42.41054644287621" lon="19.81335304215144">
        <ele>1624</ele>
      </trkpt>
      <trkpt lat="42.41056170131603" lon="19.81335876406638">
        <ele>1623</ele>
      </trkpt>
      <trkpt lat="42.41056646957848" lon="19.81338641998856">
        <ele>1622</ele>
      </trkpt>
      <trkpt lat="42.41056170131603" lon="19.81343028800305">
        <ele>1621</ele>
      </trkpt>
      <trkpt lat="42.41053404539385" lon="19.8134522220103">
        <ele>1621</ele>
      </trkpt>
      <trkpt lat="42.41052450886897" lon="19.81347892427999">
        <ele>1621</ele>
      </trkpt>
      <trkpt lat="42.41054262826626" lon="19.81351611672707">
        <ele>1619</ele>
      </trkpt>
      <trkpt lat="42.41053595269884" lon="19.81353328247187">
        <ele>1619</ele>
      </trkpt>
      <trkpt lat="42.41049685294679" lon="19.81357238222392">
        <ele>1619</ele>
      </trkpt>
      <trkpt lat="42.41049780659927" lon="19.81361911119588">
        <ele>1617</ele>
      </trkpt>
      <trkpt lat="42.41046538241464" lon="19.81364867442304">
        <ele>1617</ele>
      </trkpt>
      <trkpt lat="42.41046633606713" lon="19.81368014495518">
        <ele>1616</ele>
      </trkpt>
      <trkpt lat="42.41055407209613" lon="19.81364199885562">
        <ele>1615</ele>
      </trkpt>
      <trkpt lat="42.41055693305359" lon="19.81369349609003">
        <ele>1613</ele>
      </trkpt>
      <trkpt lat="42.41053404539385" lon="19.81372782757963">
        <ele>1612</ele>
      </trkpt>
      <trkpt lat="42.41052641617394" lon="19.81375452984933">
        <ele>1612</ele>
      </trkpt>
      <trkpt lat="42.41052927713141" lon="19.8137736028991">
        <ele>1611</ele>
      </trkpt>
      <trkpt lat="42.41054167461377" lon="19.81378600038146">
        <ele>1610</ele>
      </trkpt>
      <trkpt lat="42.41056456227351" lon="19.813783139424">
        <ele>1610</ele>
      </trkpt>
      <trkpt lat="42.41060461567805" lon="19.81374690062941">
        <ele>1609</ele>
      </trkpt>
      <trkpt lat="42.41061605950791" lon="19.81377074194164">
        <ele>1608</ele>
      </trkpt>
      <trkpt lat="42.41064753004005" lon="19.81373164218959">
        <ele>1608</ele>
      </trkpt>
      <trkpt lat="42.41066374213236" lon="19.81372782757963">
        <ele>1608</ele>
      </trkpt>
      <trkpt lat="42.41067232500477" lon="19.8137478542819">
        <ele>1607</ele>
      </trkpt>
      <trkpt lat="42.41067518596223" lon="19.81378886133893">
        <ele>1606</ele>
      </trkpt>
      <trkpt lat="42.41072572954415" lon="19.81377074194164">
        <ele>1605</ele>
      </trkpt>
      <trkpt lat="42.41074480259393" lon="19.8137745565516">
        <ele>1604</ele>
      </trkpt>
      <trkpt lat="42.41074670989891" lon="19.81379076864391">
        <ele>1603</ele>
      </trkpt>
      <trkpt lat="42.41073621972153" lon="19.81380698073622">
        <ele>1603</ele>
      </trkpt>
      <trkpt lat="42.41073717337402" lon="19.81385180240321">
        <ele>1602</ele>
      </trkpt>
      <trkpt lat="42.41072000762922" lon="19.81396051878696">
        <ele>1599</ele>
      </trkpt>
      <trkpt lat="42.41070761014686" lon="19.81398436009918">
        <ele>1599</ele>
      </trkpt>
      <trkpt lat="42.41069044440206" lon="19.81399771123403">
        <ele>1599</ele>
      </trkpt>
      <trkpt lat="42.41069330535952" lon="19.81404157924852">
        <ele>1598</ele>
      </trkpt>
      <trkpt lat="42.41072763684913" lon="19.81404539385848">
        <ele>1596</ele>
      </trkpt>
      <trkpt lat="42.41074957085637" lon="19.81405493038337">
        <ele>1595</ele>
      </trkpt>
      <trkpt lat="42.41077531947358" lon="19.81405302307839">
        <ele>1595</ele>
      </trkpt>
      <trkpt lat="42.41084398245279" lon="19.81400343314896">
        <ele>1594</ele>
      </trkpt>
      <trkpt lat="42.41086114819759" lon="19.81396910165936">
        <ele>1595</ele>
      </trkpt>
      <trkpt lat="42.41088403585733" lon="19.81395384321953">
        <ele>1595</ele>
      </trkpt>
      <trkpt lat="42.410912645432" lon="19.81396337974442">
        <ele>1594</ele>
      </trkpt>
      <trkpt lat="42.41094125500667" lon="19.81395384321953">
        <ele>1593</ele>
      </trkpt>
      <trkpt lat="42.41096986458135" lon="19.81395193591456">
        <ele>1592</ele>
      </trkpt>
      <trkpt lat="42.41098321571619" lon="19.81397005531185">
        <ele>1592</ele>
      </trkpt>
      <trkpt lat="42.41099275224108" lon="19.81399389662407">
        <ele>1591</ele>
      </trkpt>
      <trkpt lat="42.41098607667366" lon="19.81403299637612">
        <ele>1590</ele>
      </trkpt>
      <trkpt lat="42.41096032805645" lon="19.81407972534809">
        <ele>1589</ele>
      </trkpt>
      <trkpt lat="42.410955559794" lon="19.81414743467481">
        <ele>1587</ele>
      </trkpt>
      <trkpt lat="42.41095079153156" lon="19.81421514400153">
        <ele>1586</ele>
      </trkpt>
      <trkpt lat="42.41092504291436" lon="19.81429429715812">
        <ele>1584</ele>
      </trkpt>
      <trkpt lat="42.41093171848178" lon="19.81433721152013">
        <ele>1582</ele>
      </trkpt>
      <trkpt lat="42.41096032805645" lon="19.81434388708755">
        <ele>1581</ele>
      </trkpt>
      <trkpt lat="42.41100705702841" lon="19.81430574098799">
        <ele>1582</ele>
      </trkpt>
      <trkpt lat="42.41102231546824" lon="19.8143047873355">
        <ele>1581</ele>
      </trkpt>
      <trkpt lat="42.4110347129506" lon="19.8143219530803">
        <ele>1581</ele>
      </trkpt>
      <trkpt lat="42.41103662025557" lon="19.81435533091742">
        <ele>1580</ele>
      </trkpt>
      <trkpt lat="42.41101468624833" lon="19.81439633797444">
        <ele>1579</ele>
      </trkpt>
      <trkpt lat="42.41098989128361" lon="19.81442208659165">
        <ele>1578</ele>
      </trkpt>
      <trkpt lat="42.4109650963189" lon="19.81444497425138">
        <ele>1578</ele>
      </trkpt>
      <trkpt lat="42.41094316231165" lon="19.81444402059889">
        <ele>1579</ele>
      </trkpt>
      <trkpt lat="42.41093171848178" lon="19.81445737173374">
        <ele>1578</ele>
      </trkpt>
      <trkpt lat="42.41094983787907" lon="19.81453843219531">
        <ele>1576</ele>
      </trkpt>
      <trkpt lat="42.41094030135418" lon="19.81455178333016">
        <ele>1575</ele>
      </trkpt>
      <trkpt lat="42.41090978447453" lon="19.81456799542247">
        <ele>1575</ele>
      </trkpt>
      <trkpt lat="42.41090501621209" lon="19.8145918367347">
        <ele>1575</ele>
      </trkpt>
      <trkpt lat="42.41091455273698" lon="19.81460804882701">
        <ele>1574</ele>
      </trkpt>
      <trkpt lat="42.41096700362387" lon="19.81462902918177">
        <ele>1573</ele>
      </trkpt>
      <trkpt lat="42.41104615678046" lon="19.81464714857906">
        <ele>1571</ele>
      </trkpt>
      <trkpt lat="42.41111386610719" lon="19.81465287049399">
        <ele>1569</ele>
      </trkpt>
      <trkpt lat="42.41118157543391" lon="19.81465859240893">
        <ele>1568</ele>
      </trkpt>
      <trkpt lat="42.41120923135609" lon="19.81463665840168">
        <ele>1568</ele>
      </trkpt>
      <trkpt lat="42.41123497997329" lon="19.81464047301164">
        <ele>1568</ele>
      </trkpt>
      <trkpt lat="42.41124547015067" lon="19.81466622162884">
        <ele>1567</ele>
      </trkpt>
      <trkpt lat="42.41122639710089" lon="19.81474442113294">
        <ele>1565</ele>
      </trkpt>
      <trkpt lat="42.41122735075338" lon="19.8147911501049">
        <ele>1564</ele>
      </trkpt>
      <trkpt lat="42.41121781422849" lon="19.81489032996376">
        <ele>1561</ele>
      </trkpt>
      <trkpt lat="42.41118443639137" lon="19.81492847606333">
        <ele>1561</ele>
      </trkpt>
      <trkpt lat="42.4111825290864" lon="19.81495422468053">
        <ele>1560</ele>
      </trkpt>
      <trkpt lat="42.41119492656875" lon="19.81497234407782">
        <ele>1559</ele>
      </trkpt>
      <trkpt lat="42.41121876788098" lon="19.8149828342552">
        <ele>1559</ele>
      </trkpt>
      <trkpt lat="42.4112693114629" lon="19.81498664886515">
        <ele>1558</ele>
      </trkpt>
      <trkpt lat="42.41127694068281" lon="19.81500476826245">
        <ele>1557</ele>
      </trkpt>
      <trkpt lat="42.41126358954796" lon="19.81503337783712">
        <ele>1557</ele>
      </trkpt>
      <trkpt lat="42.41125596032806" lon="19.81507533854663">
        <ele>1556</ele>
      </trkpt>
      <trkpt lat="42.41125977493801" lon="19.81511729925615">
        <ele>1555</ele>
      </trkpt>
      <trkpt lat="42.41132366965478" lon="19.81513160404349">
        <ele>1555</ele>
      </trkpt>
      <trkpt lat="42.41138661071905" lon="19.81511062368873">
        <ele>1554</ele>
      </trkpt>
      <trkpt lat="42.41145050543582" lon="19.81508964333397">
        <ele>1554</ele>
      </trkpt>
      <trkpt lat="42.41147148579057" lon="19.81508773602899">
        <ele>1554</ele>
      </trkpt>
      <trkpt lat="42.41148960518787" lon="19.81510108716384">
        <ele>1553</ele>
      </trkpt>
      <trkpt lat="42.41149246614533" lon="19.81518691588785">
        <ele>1552</ele>
      </trkpt>
      <trkpt lat="42.41149628075529" lon="19.81527274461186">
        <ele>1551</ele>
      </trkpt>
      <trkpt lat="42.41152202937249" lon="19.81530135418654">
        <ele>1550</ele>
      </trkpt>
      <trkpt lat="42.41154014876979" lon="19.81529944688156">
        <ele>1550</ele>
      </trkpt>
      <trkpt lat="42.41155254625214" lon="19.81531565897387">
        <ele>1550</ele>
      </trkpt>
      <trkpt lat="42.41153919511729" lon="19.81538050734313">
        <ele>1549</ele>
      </trkpt>
      <trkpt lat="42.41154300972725" lon="19.81541483883273">
        <ele>1549</ele>
      </trkpt>
      <trkpt lat="42.41155826816708" lon="19.81546633606714">
        <ele>1548</ele>
      </trkpt>
      <trkpt lat="42.41154968529467" lon="19.81549208468434">
        <ele>1548</ele>
      </trkpt>
      <trkpt lat="42.41152584398245" lon="19.81550925042914">
        <ele>1548</ele>
      </trkpt>
      <trkpt lat="42.41149055884036" lon="19.81556074766355">
        <ele>1547</ele>
      </trkpt>
      <trkpt lat="42.41148102231546" lon="19.81559889376312">
        <ele>1547</ele>
      </trkpt>
      <trkpt lat="42.41148579057791" lon="19.81563131794774">
        <ele>1546</ele>
      </trkpt>
      <trkpt lat="42.41149055884036" lon="19.81564848369255">
        <ele>1546</ele>
      </trkpt>
      <trkpt lat="42.41150963189013" lon="19.81566469578486">
        <ele>1546</ele>
      </trkpt>
      <trkpt lat="42.4115477779897" lon="19.81566755674233">
        <ele>1546</ele>
      </trkpt>
      <trkpt lat="42.41159641426664" lon="19.81573526606905">
        <ele>1545</ele>
      </trkpt>
      <trkpt lat="42.41163169940873" lon="19.81580583635323">
        <ele>1545</ele>
      </trkpt>
      <trkpt lat="42.41179000572191" lon="19.81636276940683">
        <ele>1542</ele>
      </trkpt>
      <trkpt lat="42.41177760823955" lon="19.81646194926569">
        <ele>1540</ele>
      </trkpt>
      <trkpt lat="42.41176616440968" lon="19.81656208277704">
        <ele>1539</ele>
      </trkpt>
      <trkpt lat="42.41173755483501" lon="19.81661644096891">
        <ele>1537</ele>
      </trkpt>
      <trkpt lat="42.41173374022506" lon="19.81671371352279">
        <ele>1536</ele>
      </trkpt>
      <trkpt lat="42.41173087926759" lon="19.81681098607667">
        <ele>1535</ele>
      </trkpt>
      <trkpt lat="42.4116860576006" lon="19.81691398054549">
        <ele>1532</ele>
      </trkpt>
      <trkpt lat="42.41164123593362" lon="19.81701697501431">
        <ele>1530</ele>
      </trkpt>
      <trkpt lat="42.41160976540149" lon="19.8171218767881">
        <ele>1529</ele>
      </trkpt>
      <trkpt lat="42.41162407018882" lon="19.81722296395194">
        <ele>1528</ele>
      </trkpt>
      <trkpt lat="42.41175281327484" lon="19.81767880984169">
        <ele>1528</ele>
      </trkpt>
      <trkpt lat="42.41178809841693" lon="19.81794011062369">
        <ele>1529</ele>
      </trkpt>
      <trkpt lat="42.41176234979973" lon="19.81804691970246">
        <ele>1527</ele>
      </trkpt>
      <trkpt lat="42.41173755483501" lon="19.81815468243372">
        <ele>1525</ele>
      </trkpt>
      <trkpt lat="42.41172897196261" lon="19.81827198168988">
        <ele>1524</ele>
      </trkpt>
      <trkpt lat="42.41172038909021" lon="19.81838928094603">
        <ele>1524</ele>
      </trkpt>
      <trkpt lat="42.41169654777799" lon="19.81847892427999">
        <ele>1524</ele>
      </trkpt>
      <trkpt lat="42.41166507724585" lon="19.81855903108907">
        <ele>1524</ele>
      </trkpt>
      <trkpt lat="42.41159832157162" lon="19.81864485981309">
        <ele>1524</ele>
      </trkpt>
      <trkpt lat="42.41158878504672" lon="19.8187039862674">
        <ele>1524</ele>
      </trkpt>
      <trkpt lat="42.41155159259965" lon="19.81876692733168">
        <ele>1524</ele>
      </trkpt>
      <trkpt lat="42.41147530040053" lon="19.81885561701316">
        <ele>1523</ele>
      </trkpt>
      <trkpt lat="42.41144478352088" lon="19.81893190921229">
        <ele>1523</ele>
      </trkpt>
      <trkpt lat="42.41141426664123" lon="19.8190091550639">
        <ele>1523</ele>
      </trkpt>
      <trkpt lat="42.41118634369635" lon="19.81940682815182">
        <ele>1515</ele>
      </trkpt>
      <trkpt lat="42.41102136181575" lon="19.82">
        <ele>1503</ele>
      </trkpt>
      <trkpt lat="42.41102136181575" lon="19.82000000000001">
        <ele>1503</ele>
      </trkpt>
      <trkpt lat="42.41099847415602" lon="19.82008010680909">
        <ele>1502</ele>
      </trkpt>
      <trkpt lat="42.41097654014877" lon="19.82016021361817">
        <ele>1500</ele>
      </trkpt>
      <trkpt lat="42.41088498950982" lon="19.82064848369255">
        <ele>1492</ele>
      </trkpt>
      <trkpt lat="42.41094316231165" lon="19.82098989128363">
        <ele>1494</ele>
      </trkpt>
      <trkpt lat="42.41080488270074" lon="19.8215925996567">
        <ele>1488</ele>
      </trkpt>
      <trkpt lat="42.41079439252336" lon="19.82170131604045">
        <ele>1487</ele>
      </trkpt>
      <trkpt lat="42.41078485599847" lon="19.8218100324242">
        <ele>1485</ele>
      </trkpt>
      <trkpt lat="42.41073908067899" lon="19.82189776845319">
        <ele>1482</ele>
      </trkpt>
      <trkpt lat="42.41069425901201" lon="19.82198645813467">
        <ele>1479</ele>
      </trkpt>
      <trkpt lat="42.41059603280564" lon="19.82233072668321">
        <ele>1470</ele>
      </trkpt>
      <trkpt lat="42.41059507915315" lon="19.82239366774748">
        <ele>1469</ele>
      </trkpt>
      <trkpt lat="42.41059412550067" lon="19.82245660881176">
        <ele>1468</ele>
      </trkpt>
      <trkpt lat="42.41051687964905" lon="19.82246137707421">
        <ele>1466</ele>
      </trkpt>
      <trkpt lat="42.41044058744993" lon="19.82246709898914">
        <ele>1464</ele>
      </trkpt>
      <trkpt lat="42.41036810986076" lon="19.82257962998285">
        <ele>1459</ele>
      </trkpt>
      <trkpt lat="42.41035475872592" lon="19.82265782948695">
        <ele>1458</ele>
      </trkpt>
      <trkpt lat="42.41034236124356" lon="19.82273698264354">
        <ele>1456</ele>
      </trkpt>
      <trkpt lat="42.41032233454129" lon="19.82299351516309">
        <ele>1450</ele>
      </trkpt>
      <trkpt lat="42.4103480831585" lon="19.82310699980928">
        <ele>1449</ele>
      </trkpt>
      <trkpt lat="42.41051497234407" lon="19.82361338928096">
        <ele>1438</ele>
      </trkpt>
      <trkpt lat="42.4105130650391" lon="19.82371638374977">
        <ele>1435</ele>
      </trkpt>
      <trkpt lat="42.41047205798207" lon="19.82380698073623">
        <ele>1433</ele>
      </trkpt>
      <trkpt lat="42.41046156780469" lon="19.82389280946024">
        <ele>1430</ele>
      </trkpt>
      <trkpt lat="42.4104520312798" lon="19.82397863818426">
        <ele>1428</ele>
      </trkpt>
      <trkpt lat="42.41044821666984" lon="19.82406732786574">
        <ele>1425</ele>
      </trkpt>
      <trkpt lat="42.41044535571238" lon="19.82415697119971">
        <ele>1423</ele>
      </trkpt>
      <trkpt lat="42.41047110432958" lon="19.82426282662599">
        <ele>1418</ele>
      </trkpt>
      <trkpt lat="42.41049685294679" lon="19.82436868205227">
        <ele>1413</ele>
      </trkpt>
      <trkpt lat="42.41056646957848" lon="19.82446786191113">
        <ele>1409</ele>
      </trkpt>
      <trkpt lat="42.41063608621018" lon="19.82438680144956">
        <ele>1413</ele>
      </trkpt>
      <trkpt lat="42.41071619301926" lon="19.82443162311655">
        <ele>1412</ele>
      </trkpt>
      <trkpt lat="42.41074289528895" lon="19.82478447453749">
        <ele>1396</ele>
      </trkpt>
      <trkpt lat="42.41073717337402" lon="19.82485123021172">
        <ele>1393</ele>
      </trkpt>
      <trkpt lat="42.41073145145909" lon="19.82491893953845">
        <ele>1390</ele>
      </trkpt>
      <trkpt lat="42.41062273507534" lon="19.82503051687966">
        <ele>1384</ele>
      </trkpt>
      <trkpt lat="42.41054644287621" lon="19.82502670226971">
        <ele>1383</ele>
      </trkpt>
      <trkpt lat="42.41044917032233" lon="19.82506008010682">
        <ele>1381</ele>
      </trkpt>
      <trkpt lat="42.41034236124356" lon="19.82505721914935">
        <ele>1380</ele>
      </trkpt>
      <trkpt lat="42.41029944688155" lon="19.82515925996568">
        <ele>1375</ele>
      </trkpt>
      <trkpt lat="42.41025653251955" lon="19.82526130078201">
        <ele>1370</ele>
      </trkpt>
      <trkpt lat="42.41023173755483" lon="19.82534426854855">
        <ele>1366</ele>
      </trkpt>
      <trkpt lat="42.41012683578104" lon="19.82535380507344">
        <ele>1365</ele>
      </trkpt>
      <trkpt lat="42.41015735266069" lon="19.82543868014497">
        <ele>1361</ele>
      </trkpt>
      <trkpt lat="42.41018786954034" lon="19.82552355521649">
        <ele>1357</ele>
      </trkpt>
      <trkpt lat="42.41024127407972" lon="19.82548731642191">
        <ele>1359</ele>
      </trkpt>
      <trkpt lat="42.41026988365439" lon="19.82556551592601">
        <ele>1355</ele>
      </trkpt>
      <trkpt lat="42.41033473202365" lon="19.82561129124548">
        <ele>1352</ele>
      </trkpt>
      <trkpt lat="42.41040720961281" lon="19.82562845699028">
        <ele>1351</ele>
      </trkpt>
      <trkpt lat="42.41048064085447" lon="19.82564562273509">
        <ele>1350</ele>
      </trkpt>
      <trkpt lat="42.41057505245088" lon="19.82571810032426">
        <ele>1345</ele>
      </trkpt>
      <trkpt lat="42.41060556933054" lon="19.82575433911884">
        <ele>1343</ele>
      </trkpt>
      <trkpt lat="42.41068472248712" lon="19.82579439252338">
        <ele>1340</ele>
      </trkpt>
      <trkpt lat="42.41072954415411" lon="19.825783902346">
        <ele>1340</ele>
      </trkpt>
      <trkpt lat="42.4108344459279" lon="19.82579916078582">
        <ele>1338</ele>
      </trkpt>
      <trkpt lat="42.41094125500667" lon="19.82582967766547">
        <ele>1337</ele>
      </trkpt>
      <trkpt lat="42.41104806408544" lon="19.82586019454512">
        <ele>1336</ele>
      </trkpt>
      <trkpt lat="42.41113580011444" lon="19.82587640663743">
        <ele>1336</ele>
      </trkpt>
      <trkpt lat="42.41122353614342" lon="19.82589261872975">
        <ele>1335</ele>
      </trkpt>
      <trkpt lat="42.41125977493801" lon="19.82592218195691">
        <ele>1333</ele>
      </trkpt>
      <trkpt lat="42.41127980164028" lon="19.82596414266643">
        <ele>1331</ele>
      </trkpt>
      <trkpt lat="42.41128552355521" lon="19.82606236887279">
        <ele>1325</ele>
      </trkpt>
      <trkpt lat="42.41133225252717" lon="19.82614724394432">
        <ele>1319</ele>
      </trkpt>
      <trkpt lat="42.41137898149914" lon="19.82623307266833">
        <ele>1314</ele>
      </trkpt>
      <trkpt lat="42.41149151249284" lon="19.826349418272">
        <ele>1307</ele>
      </trkpt>
      <trkpt lat="42.41151535380507" lon="19.82639805454894">
        <ele>1303</ele>
      </trkpt>
      <trkpt lat="42.41157257295441" lon="19.82648483692544">
        <ele>1298</ele>
      </trkpt>
      <trkpt lat="42.41163551401869" lon="19.82659927522412">
        <ele>1290</ele>
      </trkpt>
      <trkpt lat="42.4116784283807" lon="19.82663742132368">
        <ele>1288</ele>
      </trkpt>
      <trkpt lat="42.41175185962235" lon="19.82675662788481">
        <ele>1285</ele>
      </trkpt>
      <trkpt lat="42.4118262445165" lon="19.82687583444594">
        <ele>1283</ele>
      </trkpt>
      <trkpt lat="42.41191684150295" lon="19.82697310699982">
        <ele>1282</ele>
      </trkpt>
      <trkpt lat="42.41197692160976" lon="19.8270274651917">
        <ele>1282</ele>
      </trkpt>
      <trkpt lat="42.4120169750143" lon="19.82711615487318">
        <ele>1280</ele>
      </trkpt>
      <trkpt lat="42.41205702841884" lon="19.82720579820715">
        <ele>1279</ele>
      </trkpt>
      <trkpt lat="42.41207133320618" lon="19.82729162693116">
        <ele>1276</ele>
      </trkpt>
      <trkpt lat="42.412086591646" lon="19.82737840930766">
        <ele>1273</ele>
      </trkpt>
      <trkpt lat="42.41231737554835" lon="19.82762540530232">
        <ele>1275</ele>
      </trkpt>
      <trkpt lat="42.41236696547778" lon="19.8276883463666">
        <ele>1275</ele>
      </trkpt>
      <trkpt lat="42.41241750905969" lon="19.82775128743087">
        <ele>1275</ele>
      </trkpt>
      <trkpt lat="42.41244993324432" lon="19.82785428189969">
        <ele>1273</ele>
      </trkpt>
      <trkpt lat="42.41248235742895" lon="19.8279572763685">
        <ele>1270</ele>
      </trkpt>
      <trkpt lat="42.41248235742895" lon="19.82821094793059">
        <ele>1260</ele>
      </trkpt>
      <trkpt lat="42.41243086019454" lon="19.82854377264926">
        <ele>1252</ele>
      </trkpt>
      <trkpt lat="42.41236410452031" lon="19.82883272935344">
        <ele>1247</ele>
      </trkpt>
      <trkpt lat="42.4123040244135" lon="19.8289490749571">
        <ele>1244</ele>
      </trkpt>
      <trkpt lat="42.41224489795918" lon="19.82906637421325">
        <ele>1241</ele>
      </trkpt>
      <trkpt lat="42.41208754529849" lon="19.82933339691018">
        <ele>1234</ele>
      </trkpt>
      <trkpt lat="42.41204176997902" lon="19.82987697882893">
        <ele>1229</ele>
      </trkpt>
      <trkpt lat="42.41189109288575" lon="19.83040720961283">
        <ele>1222</ele>
      </trkpt>
      <trkpt lat="42.4118691588785" lon="19.83051497234409">
        <ele>1221</ele>
      </trkpt>
      <trkpt lat="42.41184817852374" lon="19.83062273507535">
        <ele>1220</ele>
      </trkpt>
      <trkpt lat="42.4118863246233" lon="19.83109383940493">
        <ele>1218</ele>
      </trkpt>
      <trkpt lat="42.41190921228304" lon="19.83166698455084">
        <ele>1215</ele>
      </trkpt>
      <trkpt lat="42.4119034903681" lon="19.83214953271029">
        <ele>1212</ele>
      </trkpt>
      <trkpt lat="42.41192637802784" lon="19.83284665267978">
        <ele>1210</ele>
      </trkpt>
      <trkpt lat="42.41183768834636" lon="19.83349990463476">
        <ele>1207</ele>
      </trkpt>
      <trkpt lat="42.41171943543772" lon="19.83420179286669">
        <ele>1203</ele>
      </trkpt>
      <trkpt lat="42.41178142284951" lon="19.83462235361436">
        <ele>1202</ele>
      </trkpt>
      <trkpt lat="42.41177093267213" lon="19.83471867251575">
        <ele>1202</ele>
      </trkpt>
      <trkpt lat="42.41176139614724" lon="19.83481499141714">
        <ele>1201</ele>
      </trkpt>
      <trkpt lat="42.41178428380698" lon="19.83492656875836">
        <ele>1201</ele>
      </trkpt>
      <trkpt lat="42.41185008582872" lon="19.83504196070953">
        <ele>1202</ele>
      </trkpt>
      <trkpt lat="42.41185294678619" lon="19.8351058554263">
        <ele>1202</ele>
      </trkpt>
      <trkpt lat="42.41185676139614" lon="19.83517070379555">
        <ele>1202</ele>
      </trkpt>
      <trkpt lat="42.4118958611482" lon="19.83528418844174">
        <ele>1202</ele>
      </trkpt>
      <trkpt lat="42.4118958611482" lon="19.83534617585353">
        <ele>1202</ele>
      </trkpt>
      <trkpt lat="42.4118958611482" lon="19.83540911691781">
        <ele>1201</ele>
      </trkpt>
      <trkpt lat="42.41194640473012" lon="19.83552164791151">
        <ele>1202</ele>
      </trkpt>
      <trkpt lat="42.41197215334731" lon="19.83563417890522">
        <ele>1202</ele>
      </trkpt>
      <trkpt lat="42.41197596795728" lon="19.83573240511159">
        <ele>1202</ele>
      </trkpt>
      <trkpt lat="42.4118863246233" lon="19.83625500667558">
        <ele>1195</ele>
      </trkpt>
      <trkpt lat="42.41187297348846" lon="19.83631031851994">
        <ele>1194</ele>
      </trkpt>
      <trkpt lat="42.41184436391379" lon="19.83631985504483">
        <ele>1193</ele>
      </trkpt>
      <trkpt lat="42.41183578104138" lon="19.83637707419417">
        <ele>1192</ele>
      </trkpt>
      <trkpt lat="42.41185390043868" lon="19.83645908830823">
        <ele>1192</ele>
      </trkpt>
      <trkpt lat="42.41187297348846" lon="19.83654110242229">
        <ele>1192</ele>
      </trkpt>
      <trkpt lat="42.41188441731833" lon="19.83656208277705">
        <ele>1192</ele>
      </trkpt>
      <trkpt lat="42.41191398054549" lon="19.83657352660692">
        <ele>1192</ele>
      </trkpt>
      <trkpt lat="42.4119387755102" lon="19.8366097654015">
        <ele>1193</ele>
      </trkpt>
      <trkpt lat="42.41193972916269" lon="19.83665458706848">
        <ele>1192</ele>
      </trkpt>
      <trkpt lat="42.41190635132558" lon="19.83703318710663">
        <ele>1185</ele>
      </trkpt>
      <trkpt lat="42.411955941255" lon="19.83766069044442">
        <ele>1177</ele>
      </trkpt>
      <trkpt lat="42.41187678809841" lon="19.83803642952509">
        <ele>1169</ele>
      </trkpt>
      <trkpt lat="42.4118691588785" lon="19.83833396910167">
        <ele>1165</ele>
      </trkpt>
      <trkpt lat="42.41190158306313" lon="19.8384274270456">
        <ele>1164</ele>
      </trkpt>
      <trkpt lat="42.41193400724776" lon="19.83852183864201">
        <ele>1164</ele>
      </trkpt>
      <trkpt lat="42.41192447072287" lon="19.83887850467291">
        <ele>1159</ele>
      </trkpt>
      <trkpt lat="42.41180144955178" lon="19.83913026893001">
        <ele>1153</ele>
      </trkpt>
      <trkpt lat="42.41173278657257" lon="19.83921228304407">
        <ele>1150</ele>
      </trkpt>
      <trkpt lat="42.41163074575624" lon="19.83930955559795">
        <ele>1147</ele>
      </trkpt>
      <trkpt lat="42.41157066564944" lon="19.8393839404921">
        <ele>1145</ele>
      </trkpt>
      <trkpt lat="42.41155254625214" lon="19.83948598130842">
        <ele>1144</ele>
      </trkpt>
      <trkpt lat="42.41156780469197" lon="19.83958420751479">
        <ele>1143</ele>
      </trkpt>
      <trkpt lat="42.41161930192637" lon="19.83964524127409">
        <ele>1144</ele>
      </trkpt>
      <trkpt lat="42.41167175281327" lon="19.83970627503339">
        <ele>1144</ele>
      </trkpt>
      <trkpt lat="42.41185580774366" lon="19.84000000000001">
        <ele>1146</ele>
      </trkpt>
      <trkpt lat="42.41185580774366" lon="19.83999999999999">
        <ele>1146</ele>
      </trkpt>
      <trkpt lat="42.41188727827579" lon="19.84005054358191">
        <ele>1146</ele>
      </trkpt>
      <trkpt lat="42.41196547777989" lon="19.84061415220293">
        <ele>1141</ele>
      </trkpt>
      <trkpt lat="42.4121562082777" lon="19.84113770741941">
        <ele>1138</ele>
      </trkpt>
      <trkpt lat="42.41235170703795" lon="19.84135418653442">
        <ele>1140</ele>
      </trkpt>
      <trkpt lat="42.41228018310127" lon="19.84180907877169">
        <ele>1133</ele>
      </trkpt>
      <trkpt lat="42.41229830249856" lon="19.84205321380888">
        <ele>1131</ele>
      </trkpt>
      <trkpt lat="42.41243181384703" lon="19.84239176044249">
        <ele>1131</ele>
      </trkpt>
      <trkpt lat="42.41263494182719" lon="19.84283044058744">
        <ele>1132</ele>
      </trkpt>
      <trkpt lat="42.41257009345794" lon="19.84303356856761">
        <ele>1128</ele>
      </trkpt>
      <trkpt lat="42.41252622544344" lon="19.84331871066183">
        <ele>1124</ele>
      </trkpt>
      <trkpt lat="42.41233549494564" lon="19.84363150867823">
        <ele>1118</ele>
      </trkpt>
      <trkpt lat="42.41210566469578" lon="19.84434007247758">
        <ele>1109</ele>
      </trkpt>
      <trkpt lat="42.41207896242609" lon="19.84444020598893">
        <ele>1107</ele>
      </trkpt>
      <trkpt lat="42.41207896242609" lon="19.84444020598893">
        <ele>1107</ele>
      </trkpt>
      <trkpt lat="42.41208849895098" lon="19.84454510776273">
        <ele>1105</ele>
      </trkpt>
      <trkpt lat="42.41209803547587" lon="19.84465000953652">
        <ele>1104</ele>
      </trkpt>
      <trkpt lat="42.41220770551211" lon="19.84493991989319">
        <ele>1101</ele>
      </trkpt>
      <trkpt lat="42.41220675185962" lon="19.84522792294487">
        <ele>1098</ele>
      </trkpt>
      <trkpt lat="42.41240701888231" lon="19.84579153156589">
        <ele>1093</ele>
      </trkpt>
      <trkpt lat="42.41246805264161" lon="19.84590501621209">
        <ele>1093</ele>
      </trkpt>
      <trkpt lat="42.41252908640091" lon="19.84601850085828">
        <ele>1093</ele>
      </trkpt>
      <trkpt lat="42.41256723250047" lon="19.84611386610718">
        <ele>1093</ele>
      </trkpt>
      <trkpt lat="42.41260633225252" lon="19.84620923135609">
        <ele>1093</ele>
      </trkpt>
      <trkpt lat="42.41267308792676" lon="19.84648769788289">
        <ele>1093</ele>
      </trkpt>
      <trkpt lat="42.4126864390616" lon="19.8465821094793">
        <ele>1093</ele>
      </trkpt>
      <trkpt lat="42.41269979019645" lon="19.84667652107571">
        <ele>1092</ele>
      </trkpt>
      <trkpt lat="42.41270551211138" lon="19.84675758153728">
        <ele>1092</ele>
      </trkpt>
      <trkpt lat="42.41271123402632" lon="19.84683959565134">
        <ele>1092</ele>
      </trkpt>
      <trkpt lat="42.41280755292771" lon="19.84753957657829">
        <ele>1093</ele>
      </trkpt>
      <trkpt lat="42.41281518214763" lon="19.84764066374213">
        <ele>1093</ele>
      </trkpt>
      <trkpt lat="42.41282376502002" lon="19.84774270455845">
        <ele>1093</ele>
      </trkpt>
      <trkpt lat="42.41281613580011" lon="19.84810604615678">
        <ele>1092</ele>
      </trkpt>
      <trkpt lat="42.41285714285714" lon="19.8483997711234">
        <ele>1091</ele>
      </trkpt>
      <trkpt lat="42.4129906542056" lon="19.84882700743848">
        <ele>1090</ele>
      </trkpt>
      <trkpt lat="42.41301163456036" lon="19.84894430669463">
        <ele>1089</ele>
      </trkpt>
      <trkpt lat="42.41303356856761" lon="19.84906160595079">
        <ele>1089</ele>
      </trkpt>
      <trkpt lat="42.41306790005721" lon="19.84916173946213">
        <ele>1088</ele>
      </trkpt>
      <trkpt lat="42.41310223154682" lon="19.84926282662597">
        <ele>1088</ele>
      </trkpt>
      <trkpt lat="42.41314323860385" lon="19.8495994659546">
        <ele>1087</ele>
      </trkpt>
      <trkpt lat="42.41317661644096" lon="19.8496862483311">
        <ele>1087</ele>
      </trkpt>
      <trkpt lat="42.41321094793057" lon="19.84977303070761">
        <ele>1087</ele>
      </trkpt>
      <trkpt lat="42.41326149151249" lon="19.84985981308411">
        <ele>1087</ele>
      </trkpt>
      <trkpt lat="42.4133129887469" lon="19.8499475491131">
        <ele>1087</ele>
      </trkpt>
      <trkpt lat="42.41345699027274" lon="19.85027655922181">
        <ele>1087</ele>
      </trkpt>
      <trkpt lat="42.4137039862674" lon="19.85101182529086">
        <ele>1086</ele>
      </trkpt>
      <trkpt lat="42.41374213236696" lon="19.85106713713522">
        <ele>1086</ele>
      </trkpt>
      <trkpt lat="42.41377741750906" lon="19.85108430288003">
        <ele>1086</ele>
      </trkpt>
      <trkpt lat="42.41384798779325" lon="19.85107476635513">
        <ele>1087</ele>
      </trkpt>
      <trkpt lat="42.4138870875453" lon="19.85108144192256">
        <ele>1087</ele>
      </trkpt>
      <trkpt lat="42.41391665077246" lon="19.85112817089452">
        <ele>1087</ele>
      </trkpt>
      <trkpt lat="42.41394430669464" lon="19.85119206561129">
        <ele>1087</ele>
      </trkpt>
      <trkpt lat="42.41397291626931" lon="19.85125691398054">
        <ele>1087</ele>
      </trkpt>
      <trkpt lat="42.41399675758154" lon="19.85132366965477">
        <ele>1087</ele>
      </trkpt>
      <trkpt lat="42.41402155254625" lon="19.851390425329">
        <ele>1087</ele>
      </trkpt>
      <trkpt lat="42.41404253290101" lon="19.85147148579057">
        <ele>1086</ele>
      </trkpt>
      <trkpt lat="42.41406446690826" lon="19.85155349990463">
        <ele>1086</ele>
      </trkpt>
      <trkpt lat="42.41409403013542" lon="19.85164123593362">
        <ele>1085</ele>
      </trkpt>
      <trkpt lat="42.41412454701506" lon="19.8517299256151">
        <ele>1085</ele>
      </trkpt>
      <trkpt lat="42.41415506389471" lon="19.85180621781422">
        <ele>1085</ele>
      </trkpt>
      <trkpt lat="42.41418653442685" lon="19.85188346366584">
        <ele>1085</ele>
      </trkpt>
      <trkpt lat="42.41423612435628" lon="19.85200171657447">
        <ele>1085</ele>
      </trkpt>
      <trkpt lat="42.41428571428571" lon="19.8521209231356">
        <ele>1086</ele>
      </trkpt>
      <trkpt lat="42.41444497425138" lon="19.85239176044249">
        <ele>1086</ele>
      </trkpt>
      <trkpt lat="42.41447930574098" lon="19.8524775891665">
        <ele>1086</ele>
      </trkpt>
      <trkpt lat="42.41451363723059" lon="19.852564371543">
        <ele>1086</ele>
      </trkpt>
      <trkpt lat="42.41452794201793" lon="19.85263112721724">
        <ele>1085</ele>
      </trkpt>
      <trkpt lat="42.41454320045775" lon="19.85269883654396">
        <ele>1084</ele>
      </trkpt>
      <trkpt lat="42.41457657829486" lon="19.85279706275033">
        <ele>1084</ele>
      </trkpt>
      <trkpt lat="42.41463379744421" lon="19.8529124547015">
        <ele>1083</ele>
      </trkpt>
      <trkpt lat="42.41467480450124" lon="19.85301831012778">
        <ele>1082</ele>
      </trkpt>
      <trkpt lat="42.41470055311844" lon="19.85311462902918">
        <ele>1081</ele>
      </trkpt>
      <trkpt lat="42.41470818233835" lon="19.8531995041007">
        <ele>1080</ele>
      </trkpt>
      <trkpt lat="42.41479305740987" lon="19.85347224871256">
        <ele>1078</ele>
      </trkpt>
      <trkpt lat="42.41485981308411" lon="19.85356189204653">
        <ele>1077</ele>
      </trkpt>
      <trkpt lat="42.41492656875834" lon="19.8536515353805">
        <ele>1077</ele>
      </trkpt>
      <trkpt lat="42.41498378790768" lon="19.85374690062941">
        <ele>1076</ele>
      </trkpt>
      <trkpt lat="42.41504196070952" lon="19.85384226587831">
        <ele>1076</ele>
      </trkpt>
      <trkpt lat="42.41505626549685" lon="19.85390997520503">
        <ele>1075</ele>
      </trkpt>
      <trkpt lat="42.41507152393667" lon="19.85397863818424">
        <ele>1075</ele>
      </trkpt>
      <trkpt lat="42.41509727255388" lon="19.85407209612816">
        <ele>1074</ele>
      </trkpt>
      <trkpt lat="42.41512397482357" lon="19.85416650772458">
        <ele>1073</ele>
      </trkpt>
      <trkpt lat="42.41516879649055" lon="19.85423040244135">
        <ele>1073</ele>
      </trkpt>
      <trkpt lat="42.41523555216479" lon="19.85429715811558">
        <ele>1072</ele>
      </trkpt>
      <trkpt lat="42.41532042723631" lon="19.85431813847034">
        <ele>1073</ele>
      </trkpt>
      <trkpt lat="42.41538432195308" lon="19.85437249666221">
        <ele>1073</ele>
      </trkpt>
      <trkpt lat="42.41549208468434" lon="19.85463570474919">
        <ele>1071</ele>
      </trkpt>
      <trkpt lat="42.41555693305359" lon="19.85474060652298">
        <ele>1070</ele>
      </trkpt>
      <trkpt lat="42.41568472248712" lon="19.85499237078008">
        <ele>1068</ele>
      </trkpt>
      <trkpt lat="42.41572382223917" lon="19.85509155063894">
        <ele>1067</ele>
      </trkpt>
      <trkpt lat="42.41574575624642" lon="19.85516307457562">
        <ele>1067</ele>
      </trkpt>
      <trkpt lat="42.41576864390615" lon="19.85523555216479">
        <ele>1066</ele>
      </trkpt>
      <trkpt lat="42.41578008773602" lon="19.85530707610146">
        <ele>1066</ele>
      </trkpt>
      <trkpt lat="42.41577818043105" lon="19.85539004386801">
        <ele>1065</ele>
      </trkpt>
      <trkpt lat="42.41575720007629" lon="19.85547205798207">
        <ele>1064</ele>
      </trkpt>
      <trkpt lat="42.41573621972153" lon="19.85555502574861">
        <ele>1063</ele>
      </trkpt>
      <trkpt lat="42.41570093457943" lon="19.85582967766545">
        <ele>1059</ele>
      </trkpt>
      <trkpt lat="42.41570284188441" lon="19.85593076482929">
        <ele>1059</ele>
      </trkpt>
      <trkpt lat="42.41570570284188" lon="19.85603185199313">
        <ele>1058</ele>
      </trkpt>
      <trkpt lat="42.41576578294869" lon="19.85632557695975">
        <ele>1057</ele>
      </trkpt>
      <trkpt lat="42.41579343887087" lon="19.85659641426664">
        <ele>1056</ele>
      </trkpt>
      <trkpt lat="42.41593457943925" lon="19.85685103948121">
        <ele>1056</ele>
      </trkpt>
      <trkpt lat="42.41608144192256" lon="19.85720579820713">
        <ele>1054</ele>
      </trkpt>
      <trkpt lat="42.4161043295823" lon="19.85731069998092">
        <ele>1053</ele>
      </trkpt>
      <trkpt lat="42.41611958802212" lon="19.85762731260728">
        <ele>1051</ele>
      </trkpt>
      <trkpt lat="42.41614342933435" lon="19.85773412168605">
        <ele>1050</ele>
      </trkpt>
      <trkpt lat="42.4161825290864" lon="19.85780564562273">
        <ele>1050</ele>
      </trkpt>
      <trkpt lat="42.41628075529277" lon="19.85791340835399">
        <ele>1048</ele>
      </trkpt>
      <trkpt lat="42.41632366965477" lon="19.85798397863818">
        <ele>1047</ele>
      </trkpt>
      <trkpt lat="42.41633702078962" lon="19.85804596604996">
        <ele>1047</ele>
      </trkpt>
      <trkpt lat="42.41635132557695" lon="19.85810795346175">
        <ele>1047</ele>
      </trkpt>
      <trkpt lat="42.4163646767118" lon="19.8586172038909">
        <ele>1045</ele>
      </trkpt>
      <trkpt lat="42.41636944497425" lon="19.8586868205226">
        <ele>1045</ele>
      </trkpt>
      <trkpt lat="42.41637421323669" lon="19.85875739080678">
        <ele>1044</ele>
      </trkpt>
      <trkpt lat="42.41640377646385" lon="19.858868968148">
        <ele>1044</ele>
      </trkpt>
      <trkpt lat="42.41643333969101" lon="19.85898054548922">
        <ele>1044</ele>
      </trkpt>
      <trkpt lat="42.41656589738699" lon="19.85923612435628">
        <ele>1044</ele>
      </trkpt>
      <trkpt lat="42.41659546061415" lon="19.85934674804501">
        <ele>1043</ele>
      </trkpt>
      <trkpt lat="42.41660499713904" lon="19.8594173183292">
        <ele>1043</ele>
      </trkpt>
      <trkpt lat="42.41661453366393" lon="19.85948884226587">
        <ele>1043</ele>
      </trkpt>
      <trkpt lat="42.41663646767118" lon="19.85955464428762">
        <ele>1042</ele>
      </trkpt>
      <trkpt lat="42.41667556742323" lon="19.85959851230211">
        <ele>1042</ele>
      </trkpt>
      <trkpt lat="42.41675090596986" lon="19.85964905588403">
        <ele>1042</ele>
      </trkpt>
      <trkpt lat="42.41682624451649" lon="19.85970055311844">
        <ele>1042</ele>
      </trkpt>
      <trkpt lat="42.41688727827579" lon="19.85977398436009">
        <ele>1041</ele>
      </trkpt>
      <trkpt lat="42.4169301926378" lon="19.85985504482166">
        <ele>1041</ele>
      </trkpt>
      <trkpt lat="42.41695212664505" lon="19.85992752241083">
        <ele>1041</ele>
      </trkpt>
      <trkpt lat="42.41697406065229" lon="19.86">
        <ele>1041</ele>
      </trkpt>
      <trkpt lat="42.41697406065229" lon="19.86">
        <ele>1041</ele>
      </trkpt>
      <trkpt lat="42.41700553118444" lon="19.86010967003624">
        <ele>1040</ele>
      </trkpt>
      <trkpt lat="42.41701983597177" lon="19.86020217432768">
        <ele>1040</ele>
      </trkpt>
      <trkpt lat="42.41703414075911" lon="19.86029467861912">
        <ele>1040</ele>
      </trkpt>
      <trkpt lat="42.41706561129124" lon="19.8606008010681">
        <ele>1040</ele>
      </trkpt>
      <trkpt lat="42.41706465763875" lon="19.86089071142476">
        <ele>1039</ele>
      </trkpt>
      <trkpt lat="42.4170694259012" lon="19.86096986458135">
        <ele>1039</ele>
      </trkpt>
      <trkpt lat="42.41707419416365" lon="19.86104997139043">
        <ele>1039</ele>
      </trkpt>
      <trkpt lat="42.41708754529849" lon="19.86114056837689">
        <ele>1038</ele>
      </trkpt>
      <trkpt lat="42.41710185008583" lon="19.86123116536335">
        <ele>1038</ele>
      </trkpt>
      <trkpt lat="42.41710661834827" lon="19.86133034522221">
        <ele>1038</ele>
      </trkpt>
      <trkpt lat="42.41707419416365" lon="19.86143333969102">
        <ele>1037</ele>
      </trkpt>
      <trkpt lat="42.4169301926378" lon="19.86170322334542">
        <ele>1036</ele>
      </trkpt>
      <trkpt lat="42.41690253671562" lon="19.86181861529659">
        <ele>1035</ele>
      </trkpt>
      <trkpt lat="42.41690158306313" lon="19.86192065611292">
        <ele>1034</ele>
      </trkpt>
      <trkpt lat="42.41712187678809" lon="19.86249856952127">
        <ele>1032</ele>
      </trkpt>
      <trkpt lat="42.41714571810032" lon="19.86275605569331">
        <ele>1030</ele>
      </trkpt>
      <trkpt lat="42.41714571810032" lon="19.86275605569331">
        <ele>1030</ele>
      </trkpt>
      <trkpt lat="42.41735742895288" lon="19.86309269502194">
        <ele>1029</ele>
      </trkpt>
      <trkpt lat="42.41745946976921" lon="19.863174709136">
        <ele>1029</ele>
      </trkpt>
      <trkpt lat="42.41765020026702" lon="19.86323288193783">
        <ele>1031</ele>
      </trkpt>
      <trkpt lat="42.41775987030326" lon="19.86332729353424">
        <ele>1031</ele>
      </trkpt>
      <trkpt lat="42.41790959374404" lon="19.86349227541484">
        <ele>1032</ele>
      </trkpt>
      <trkpt lat="42.4180078199504" lon="19.86368395956514">
        <ele>1032</ele>
      </trkpt>
      <trkpt lat="42.4182347892428" lon="19.86384989509823">
        <ele>1032</ele>
      </trkpt>
      <trkpt lat="42.41835781041388" lon="19.86401487697883">
        <ele>1031</ele>
      </trkpt>
      <trkpt lat="42.41845126835781" lon="19.86416078580966">
        <ele>1030</ele>
      </trkpt>
      <trkpt lat="42.41858191874881" lon="19.86427045584589">
        <ele>1030</ele>
      </trkpt>
      <trkpt lat="42.41870207896243" lon="19.86448788861339">
        <ele>1030</ele>
      </trkpt>
      <trkpt lat="42.41879362960137" lon="19.86469864581347">
        <ele>1029</ele>
      </trkpt>
      <trkpt lat="42.4189652870494" lon="19.86500286095747">
        <ele>1026</ele>
      </trkpt>
      <trkpt lat="42.41913312988746" lon="19.86527751287431">
        <ele>1025</ele>
      </trkpt>
      <trkpt lat="42.4192866679382" lon="19.86539481213046">
        <ele>1024</ele>
      </trkpt>
      <trkpt lat="42.41941541102422" lon="19.86550257486173">
        <ele>1023</ele>
      </trkpt>
      <trkpt lat="42.41955750524509" lon="19.86559794011063">
        <ele>1022</ele>
      </trkpt>
      <trkpt lat="42.41964810223154" lon="19.86569711996949">
        <ele>1021</ele>
      </trkpt>
      <trkpt lat="42.41977684531756" lon="19.8658878504673">
        <ele>1018</ele>
      </trkpt>
      <trkpt lat="42.41988365439634" lon="19.86612530993706">
        <ele>1018</ele>
      </trkpt>
      <trkpt lat="42.41999999999999" lon="19.86629124547015">
        <ele>1017</ele>
      </trkpt>
      <trkpt lat="42.42000000000001" lon="19.86629124547015">
        <ele>1017</ele>
      </trkpt>
      <trkpt lat="42.42001049017738" lon="19.86630650390998">
        <ele>1017</ele>
      </trkpt>
      <trkpt lat="42.42026225443449" lon="19.86648006866298">
        <ele>1018</ele>
      </trkpt>
      <trkpt lat="42.42026225443449" lon="19.86648006866298">
        <ele>1018</ele>
      </trkpt>
      <trkpt lat="42.42026511539196" lon="19.86661358001145">
        <ele>1017</ele>
      </trkpt>
      <trkpt lat="42.42056265496853" lon="19.86693019263781">
        <ele>1016</ele>
      </trkpt>
      <trkpt lat="42.42063036429526" lon="19.86711424756819">
        <ele>1015</ele>
      </trkpt>
      <trkpt lat="42.420653251955" lon="19.86730402441351">
        <ele>1014</ele>
      </trkpt>
      <trkpt lat="42.420653251955" lon="19.86730402441351">
        <ele>1014</ele>
      </trkpt>
      <trkpt lat="42.42069521266451" lon="19.86732691207325">
        <ele>1014</ele>
      </trkpt>
      <trkpt lat="42.4208010680908" lon="19.86735170703796">
        <ele>1014</ele>
      </trkpt>
      <trkpt lat="42.42090692351708" lon="19.86737745565516">
        <ele>1013</ele>
      </trkpt>
      <trkpt lat="42.42099561319856" lon="19.86737268739272">
        <ele>1013</ele>
      </trkpt>
      <trkpt lat="42.42109956131986" lon="19.86738413122259">
        <ele>1013</ele>
      </trkpt>
      <trkpt lat="42.42116440968912" lon="19.86742799923708">
        <ele>1013</ele>
      </trkpt>
      <trkpt lat="42.42122925805837" lon="19.86747282090407">
        <ele>1012</ele>
      </trkpt>
      <trkpt lat="42.42150104901774" lon="19.86767785618921">
        <ele>1011</ele>
      </trkpt>
      <trkpt lat="42.42161930192638" lon="19.86771504863628">
        <ele>1010</ele>
      </trkpt>
      <trkpt lat="42.42173183292009" lon="19.8677217242037">
        <ele>1010</ele>
      </trkpt>
      <trkpt lat="42.42185008582873" lon="19.86776177760824">
        <ele>1010</ele>
      </trkpt>
      <trkpt lat="42.42194640473012" lon="19.86781422849514">
        <ele>1009</ele>
      </trkpt>
      <trkpt lat="42.42203032614916" lon="19.86781995041008">
        <ele>1009</ele>
      </trkpt>
      <trkpt lat="42.42211520122068" lon="19.86782567232501">
        <ele>1009</ele>
      </trkpt>
      <trkpt lat="42.42220865916461" lon="19.86781518214763">
        <ele>1009</ele>
      </trkpt>
      <trkpt lat="42.42225920274652" lon="19.86783044058745">
        <ele>1009</ele>
      </trkpt>
      <trkpt lat="42.42231165363342" lon="19.86779515544536">
        <ele>1009</ele>
      </trkpt>
      <trkpt lat="42.4224089261873" lon="19.86790768643906">
        <ele>1009</ele>
      </trkpt>
      <trkpt lat="42.42244325767691" lon="19.86796872019836">
        <ele>1009</ele>
      </trkpt>
      <trkpt lat="42.4224527942018" lon="19.86805073431242">
        <ele>1009</ele>
      </trkpt>
      <trkpt lat="42.42245660881176" lon="19.86813656303643">
        <ele>1009</ele>
      </trkpt>
      <trkpt lat="42.42246042342171" lon="19.86822239176045">
        <ele>1009</ele>
      </trkpt>
      <trkpt lat="42.42247377455656" lon="19.8682700743849">
        <ele>1008</ele>
      </trkpt>
      <trkpt lat="42.42250715239368" lon="19.86832824718673">
        <ele>1008</ele>
      </trkpt>
      <trkpt lat="42.42275414838834" lon="19.86854758725921">
        <ele>1008</ele>
      </trkpt>
      <trkpt lat="42.42281327484265" lon="19.86862101850086">
        <ele>1008</ele>
      </trkpt>
      <trkpt lat="42.42284474537479" lon="19.86869540339501">
        <ele>1008</ele>
      </trkpt>
      <trkpt lat="42.42287716955942" lon="19.86877074194164">
        <ele>1007</ele>
      </trkpt>
      <trkpt lat="42.4229219912264" lon="19.86884035857334">
        <ele>1007</ele>
      </trkpt>
      <trkpt lat="42.42297539576579" lon="19.86889280946024">
        <ele>1007</ele>
      </trkpt>
      <trkpt lat="42.42304691970246" lon="19.86892714094984">
        <ele>1007</ele>
      </trkpt>
      <trkpt lat="42.42315277512875" lon="19.86895002860958">
        <ele>1007</ele>
      </trkpt>
      <trkpt lat="42.42340167842839" lon="19.86896624070189">
        <ele>1006</ele>
      </trkpt>
      <trkpt lat="42.42351707037956" lon="19.86899294297159">
        <ele>1006</ele>
      </trkpt>
      <trkpt lat="42.42357810413886" lon="19.86901392332635">
        <ele>1006</ele>
      </trkpt>
      <trkpt lat="42.42364009155065" lon="19.86903585733359">
        <ele>1006</ele>
      </trkpt>
      <trkpt lat="42.42370589357239" lon="19.86908163265307">
        <ele>1005</ele>
      </trkpt>
      <trkpt lat="42.42377264924662" lon="19.86912740797254">
        <ele>1005</ele>
      </trkpt>
      <trkpt lat="42.4238441731833" lon="19.869218004959">
        <ele>1004</ele>
      </trkpt>
      <trkpt lat="42.42413312988747" lon="19.86962139996186">
        <ele>1002</ele>
      </trkpt>
      <trkpt lat="42.42422277322144" lon="19.86968815563609">
        <ele>1001</ele>
      </trkpt>
      <trkpt lat="42.42429238985314" lon="19.86969673850849">
        <ele>1001</ele>
      </trkpt>
      <trkpt lat="42.42434960900248" lon="19.86967194354378">
        <ele>1001</ele>
      </trkpt>
      <trkpt lat="42.42445069616632" lon="19.86960709517452">
        <ele>1001</ele>
      </trkpt>
      <trkpt lat="42.42455178333016" lon="19.86954224680527">
        <ele>1001</ele>
      </trkpt>
      <trkpt lat="42.42463284379173" lon="19.86952126645051">
        <ele>1001</ele>
      </trkpt>
      <trkpt lat="42.42470722868588" lon="19.86953175662789">
        <ele>1001</ele>
      </trkpt>
      <trkpt lat="42.42478161358002" lon="19.86954224680527">
        <ele>1001</ele>
      </trkpt>
      <trkpt lat="42.42487983978639" lon="19.86961567804692">
        <ele>1000</ele>
      </trkpt>
      <trkpt lat="42.42494754911311" lon="19.86969483120351">
        <ele>999</ele>
      </trkpt>
      <trkpt lat="42.42506484836926" lon="19.86975395765784">
        <ele>999</ele>
      </trkpt>
      <trkpt lat="42.42518214762541" lon="19.86981308411215">
        <ele>999</ele>
      </trkpt>
      <trkpt lat="42.42526606904445" lon="19.86986648865154">
        <ele>999</ele>
      </trkpt>
      <trkpt lat="42.42534045393859" lon="19.86995899294298">
        <ele>998</ele>
      </trkpt>
      <trkpt lat="42.42540339500287" lon="19.87007438489415">
        <ele>997</ele>
      </trkpt>
      <trkpt lat="42.42553309174138" lon="19.8703652489033">
        <ele>997</ele>
      </trkpt>
      <trkpt lat="42.42562464238032" lon="19.8706704176998">
        <ele>996</ele>
      </trkpt>
      <trkpt lat="42.42568853709709" lon="19.87069998092695">
        <ele>996</ele>
      </trkpt>
      <trkpt lat="42.42577627312608" lon="19.87072859050162">
        <ele>997</ele>
      </trkpt>
      <trkpt lat="42.42577627312608" lon="19.87072859050162">
        <ele>997</ele>
      </trkpt>
      <trkpt lat="42.42583730688538" lon="19.87069139805455">
        <ele>997</ele>
      </trkpt>
      <trkpt lat="42.42591264543201" lon="19.87063131794774">
        <ele>997</ele>
      </trkpt>
      <trkpt lat="42.42597654014877" lon="19.87053499904635">
        <ele>998</ele>
      </trkpt>
      <trkpt lat="42.42604138851803" lon="19.87043963379745">
        <ele>999</ele>
      </trkpt>
      <trkpt lat="42.42604154183987" lon="19.87043940838253">
        <ele>999</ele>
      </trkpt>
      <trkpt lat="42.42607953461759" lon="19.87048064085448">
        <ele>999</ele>
      </trkpt>
      <trkpt lat="42.42661644096892" lon="19.87100801068091">
        <ele>997</ele>
      </trkpt>
      <trkpt lat="42.42712473774557" lon="19.87153633415984">
        <ele>997</ele>
      </trkpt>
      <trkpt lat="42.42770169750144" lon="19.87210375739081">
        <ele>996</ele>
      </trkpt>
      <trkpt lat="42.4278266259775" lon="19.87220675185963">
        <ele>996</ele>
      </trkpt>
      <trkpt lat="42.42796109097846" lon="19.87227636849133">
        <ele>996</ele>
      </trkpt>
      <trkpt lat="42.42961472439444" lon="19.87291436200649">
        <ele>994</ele>
      </trkpt>
      <trkpt lat="42.42995327102805" lon="19.87305836353233">
        <ele>992</ele>
      </trkpt>
      <trkpt lat="42.43007724585162" lon="19.87314037764639">
        <ele>991</ele>
      </trkpt>
      <trkpt lat="42.43019549876026" lon="19.87324146481023">
        <ele>989</ele>
      </trkpt>
      <trkpt lat="42.43029467861912" lon="19.87340072477589">
        <ele>987</ele>
      </trkpt>
      <trkpt lat="42.43068853709709" lon="19.8743047873355">
        <ele>984</ele>
      </trkpt>
      <trkpt lat="42.43068853709709" lon="19.8743047873355">
        <ele>984</ele>
      </trkpt>
      <trkpt lat="42.43106713713524" lon="19.8751392332634">
        <ele>983</ele>
      </trkpt>
      <trkpt lat="42.43106713713524" lon="19.8751392332634">
        <ele>983</ele>
      </trkpt>
      <trkpt lat="42.43136181575434" lon="19.87581441922564">
        <ele>980</ele>
      </trkpt>
      <trkpt lat="42.43163932862866" lon="19.87650200267023">
        <ele>981</ele>
      </trkpt>
      <trkpt lat="42.43175376692734" lon="19.87674041579249">
        <ele>982</ele>
      </trkpt>
      <trkpt lat="42.43192351707039" lon="19.87698455082968">
        <ele>984</ele>
      </trkpt>
      <trkpt lat="42.43256437154302" lon="19.87758249094031">
        <ele>980</ele>
      </trkpt>
      <trkpt lat="42.43295346175854" lon="19.87797825672325">
        <ele>980</ele>
      </trkpt>
      <trkpt lat="42.43350753385467" lon="19.87850562654969">
        <ele>978</ele>
      </trkpt>
      <trkpt lat="42.43375071523938" lon="19.87874880793439">
        <ele>978</ele>
      </trkpt>
      <trkpt lat="42.43450696166317" lon="19.87939824527943">
        <ele>977</ele>
      </trkpt>
      <trkpt lat="42.43509727255389" lon="19.87974156017548">
        <ele>979</ele>
      </trkpt>
      <trkpt lat="42.43535380507344" lon="19.87982929620447">
        <ele>981</ele>
      </trkpt>
      <trkpt lat="42.4357133320618" lon="19.87990368109861">
        <ele>983</ele>
      </trkpt>
      <trkpt lat="42.43585447263018" lon="19.87992084684342">
        <ele>983</ele>
      </trkpt>
      <trkpt lat="42.43597272553882" lon="19.87991417127599">
        <ele>983</ele>
      </trkpt>
      <trkpt lat="42.43607095174519" lon="19.87988556170132">
        <ele>982</ele>
      </trkpt>
      <trkpt lat="42.43615010490178" lon="19.87983311081442">
        <ele>982</ele>
      </trkpt>
      <trkpt lat="42.43652489032997" lon="19.87949551783331">
        <ele>977</ele>
      </trkpt>
      <trkpt lat="42.4368615296586" lon="19.87921514400153">
        <ele>973</ele>
      </trkpt>
      <trkpt lat="42.43698455082968" lon="19.87914075910739">
        <ele>971</ele>
      </trkpt>
      <trkpt lat="42.43708277703605" lon="19.87911119588023">
        <ele>970</ele>
      </trkpt>
      <trkpt lat="42.43716765210758" lon="19.87911501049018">
        <ele>970</ele>
      </trkpt>
      <trkpt lat="42.43738031661263" lon="19.87917509059699">
        <ele>969</ele>
      </trkpt>
      <trkpt lat="42.43820808697311" lon="19.87968434102613">
        <ele>969</ele>
      </trkpt>
      <trkpt lat="42.43860766736602" lon="19.87989509822621">
        <ele>968</ele>
      </trkpt>
      <trkpt lat="42.43893858477971" lon="19.88000000000001">
        <ele>968</ele>
      </trkpt>
      <trkpt lat="42.43893858477971" lon="19.88000000000001">
        <ele>968</ele>
      </trkpt>
      <trkpt lat="42.43926473393096" lon="19.88010108716385">
        <ele>967</ele>
      </trkpt>
      <trkpt lat="42.43938394049209" lon="19.88018024032044">
        <ele>967</ele>
      </trkpt>
      <trkpt lat="42.43975586496281" lon="19.88048254815947">
        <ele>968</ele>
      </trkpt>
      <trkpt lat="42.44" lon="19.88069330535954">
        <ele>967</ele>
      </trkpt>
      <trkpt lat="42.43999999999999" lon="19.88069330535954">
        <ele>967</ele>
      </trkpt>
      <trkpt lat="42.4401211138661" lon="19.88079725348085">
        <ele>967</ele>
      </trkpt>
      <trkpt lat="42.44038718291053" lon="19.88105760061035">
        <ele>965</ele>
      </trkpt>
      <trkpt lat="42.44055693305359" lon="19.88131508678239">
        <ele>965</ele>
      </trkpt>
      <trkpt lat="42.44089547968719" lon="19.88189872210568">
        <ele>962</ele>
      </trkpt>
      <trkpt lat="42.44110528323478" lon="19.8823488460805">
        <ele>960</ele>
      </trkpt>
      <trkpt lat="42.44151058554262" lon="19.88317375548352">
        <ele>954</ele>
      </trkpt>
      <trkpt lat="42.44161930192637" lon="19.88337116154875">
        <ele>953</ele>
      </trkpt>
      <trkpt lat="42.44171657448025" lon="19.88347797062752">
        <ele>954</ele>
      </trkpt>
      <trkpt lat="42.44243848941445" lon="19.88397386992181">
        <ele>955</ele>
      </trkpt>
      <trkpt lat="42.44288670608429" lon="19.88425901201603">
        <ele>957</ele>
      </trkpt>
      <trkpt lat="42.44358954796871" lon="19.88472439443068">
        <ele>958</ele>
      </trkpt>
      <trkpt lat="42.44401010871637" lon="19.8850190730498">
        <ele>951</ele>
      </trkpt>
      <trkpt lat="42.44454606141521" lon="19.88548731642191">
        <ele>952</ele>
      </trkpt>
      <trkpt lat="42.44529849322905" lon="19.88595174518407">
        <ele>954</ele>
      </trkpt>
      <trkpt lat="42.4455817280183" lon="19.88610432958232">
        <ele>955</ele>
      </trkpt>
      <trkpt lat="42.44585351897767" lon="19.88620827770362">
        <ele>954</ele>
      </trkpt>
      <trkpt lat="42.44608430288002" lon="19.88627312607287">
        <ele>955</ele>
      </trkpt>
      <trkpt lat="42.44629601373259" lon="19.88631604043488">
        <ele>955</ele>
      </trkpt>
      <trkpt lat="42.44658020217432" lon="19.88634083539959">
        <ele>955</ele>
      </trkpt>
      <trkpt lat="42.44690921228303" lon="19.8863580011444">
        <ele>954</ele>
      </trkpt>
      <trkpt lat="42.44708754529848" lon="19.88635418653444">
        <ele>952</ele>
      </trkpt>
      <trkpt lat="42.44727636849131" lon="19.88637421323671">
        <ele>951</ele>
      </trkpt>
      <trkpt lat="42.44807457562463" lon="19.88660499713906">
        <ele>946</ele>
      </trkpt>
      <trkpt lat="42.44832443257675" lon="19.88666698455085">
        <ele>943</ele>
      </trkpt>
      <trkpt lat="42.44844173183291" lon="19.88674136944499">
        <ele>943</ele>
      </trkpt>
      <trkpt lat="42.44857905779133" lon="19.88690062941066">
        <ele>944</ele>
      </trkpt>
      <trkpt lat="42.44957276368491" lon="19.88849227541485">
        <ele>947</ele>
      </trkpt>
      <trkpt lat="42.44962807552927" lon="19.88856570665651">
        <ele>947</ele>
      </trkpt>
      <trkpt lat="42.44973583826053" lon="19.88862483311083">
        <ele>947</ele>
      </trkpt>
      <trkpt lat="42.44977684531756" lon="19.88862960137327">
        <ele>946</ele>
      </trkpt>
      <trkpt lat="42.44986553499903" lon="19.88862197215336">
        <ele>944</ele>
      </trkpt>
      <trkpt lat="42.44999237078007" lon="19.88857715048638">
        <ele>942</ele>
      </trkpt>
      <trkpt lat="42.45020980354757" lon="19.8885142094221">
        <ele>940</ele>
      </trkpt>
      <trkpt lat="42.45032328819377" lon="19.88852183864201">
        <ele>939</ele>
      </trkpt>
      <trkpt lat="42.45066946404729" lon="19.88872496662218">
        <ele>938</ele>
      </trkpt>
      <trkpt lat="42.45098512302116" lon="19.88892046538243">
        <ele>937</ele>
      </trkpt>
      <trkpt lat="42.45160308983405" lon="19.88932576769027">
        <ele>935</ele>
      </trkpt>
      <trkpt lat="42.45199790196451" lon="19.88952698836545">
        <ele>934</ele>
      </trkpt>
      <trkpt lat="42.45213332061795" lon="19.88961567804693">
        <ele>934</ele>
      </trkpt>
      <trkpt lat="42.45229925615105" lon="19.88979401106238">
        <ele>935</ele>
      </trkpt>
      <trkpt lat="42.45233072668319" lon="19.88987411787146">
        <ele>935</ele>
      </trkpt>
      <trkpt lat="42.45234598512301" lon="19.88996185390045">
        <ele>935</ele>
      </trkpt>
      <trkpt lat="42.45235361434293" lon="19.89004672897198">
        <ele>936</ele>
      </trkpt>
      <trkpt lat="42.45234407781803" lon="19.89013065039101">
        <ele>936</ele>
      </trkpt>
      <trkpt lat="42.45216860576005" lon="19.89069616631701">
        <ele>937</ele>
      </trkpt>
      <trkpt lat="42.45217718863245" lon="19.89080202174329">
        <ele>937</ele>
      </trkpt>
      <trkpt lat="42.45289624260919" lon="19.89206370398628">
        <ele>930</ele>
      </trkpt>
      <trkpt lat="42.45296109097843" lon="19.89219530802977">
        <ele>929</ele>
      </trkpt>
      <trkpt lat="42.45517165744801" lon="19.89615964142668">
        <ele>929</ele>
      </trkpt>
      <trkpt lat="42.45520217432767" lon="19.89622353614345">
        <ele>929</ele>
      </trkpt>
      <trkpt lat="42.45522315468242" lon="19.89629506008012">
        <ele>930</ele>
      </trkpt>
      <trkpt lat="42.45522315468242" lon="19.89629506008012">
        <ele>930</ele>
      </trkpt>
      <trkpt lat="42.45532805645622" lon="19.89625023841314">
        <ele>931</ele>
      </trkpt>
      <trkpt lat="42.45532805645622" lon="19.89625023841314">
        <ele>931</ele>
      </trkpt>
      <trkpt lat="42.45541865344268" lon="19.89622925805838">
        <ele>932</ele>
      </trkpt>
      <trkpt lat="42.45551020408162" lon="19.89620827770362">
        <ele>933</ele>
      </trkpt>
      <trkpt lat="42.45551020408162" lon="19.89620827770362">
        <ele>933</ele>
      </trkpt>
      <trkpt lat="42.45556265496852" lon="19.89619969483122">
        <ele>934</ele>
      </trkpt>
      <trkpt lat="42.45556265496852" lon="19.89619969483122">
        <ele>934</ele>
      </trkpt>
      <trkpt lat="42.4554081632653" lon="19.89591836734695">
        <ele>932</ele>
      </trkpt>
      <trkpt lat="42.4554081632653" lon="19.89591836734695">
        <ele>932</ele>
      </trkpt>
      <trkpt lat="42.45534903681097" lon="19.89562273507535">
        <ele>932</ele>
      </trkpt>
      <trkpt lat="42.4554510776273" lon="19.89539862674043">
        <ele>935</ele>
      </trkpt>
      <trkpt lat="42.45579629982833" lon="19.89513637230595">
        <ele>944</ele>
      </trkpt>
      <trkpt lat="42.45615010490176" lon="19.89483406446692">
        <ele>955</ele>
      </trkpt>
      <trkpt lat="42.45648292962044" lon="19.8946967385085">
        <ele>965</ele>
      </trkpt>
      <trkpt lat="42.45677093267212" lon="19.89485218386421">
        <ele>973</ele>
      </trkpt>
      <trkpt lat="42.45748807934388" lon="19.89482357428954">
        <ele>994</ele>
      </trkpt>
      <trkpt lat="42.45784665267976" lon="19.89462330726685">
        <ele>1005</ele>
      </trkpt>
      <trkpt lat="42.45829391569711" lon="19.89462044630938">
        <ele>1018</ele>
      </trkpt>
      <trkpt lat="42.45872305931717" lon="19.89425996566852">
        <ele>1031</ele>
      </trkpt>
      <trkpt lat="42.45923993896623" lon="19.89418844173185">
        <ele>1046</ele>
      </trkpt>
      <trkpt lat="42.45923993896623" lon="19.89418844173185">
        <ele>1046</ele>
      </trkpt>
      <trkpt lat="42.45946309364867" lon="19.89433435056267">
        <ele>1050</ele>
      </trkpt>
      <trkpt lat="42.45963570474918" lon="19.89440301354188">
        <ele>1054</ele>
      </trkpt>
      <trkpt lat="42.45997520503527" lon="19.89439633797446">
        <ele>1062</ele>
      </trkpt>
      <trkpt lat="42.45999999999999" lon="19.89438489414459">
        <ele>1062</ele>
      </trkpt>
      <trkpt lat="42.46" lon="19.89438489414459">
        <ele>1062</ele>
      </trkpt>
      <trkpt lat="42.46009441159642" lon="19.89434102613009">
        <ele>1065</ele>
      </trkpt>
      <trkpt lat="42.46018882319283" lon="19.8942971581156">
        <ele>1069</ele>
      </trkpt>
      <trkpt lat="42.46053786000381" lon="19.89429048254818">
        <ele>1079</ele>
      </trkpt>
      <trkpt lat="42.46064276177761" lon="19.89424184627123">
        <ele>1083</ele>
      </trkpt>
      <trkpt lat="42.4607476635514" lon="19.89419320999429">
        <ele>1087</ele>
      </trkpt>
      <trkpt lat="42.46081537287812" lon="19.89415506389473">
        <ele>1090</ele>
      </trkpt>
      <trkpt lat="42.46088308220484" lon="19.89411691779517">
        <ele>1092</ele>
      </trkpt>
      <trkpt lat="42.46097367919131" lon="19.89403490368111">
        <ele>1096</ele>
      </trkpt>
      <trkpt lat="42.46106522983025" lon="19.89395384321955">
        <ele>1100</ele>
      </trkpt>
      <trkpt lat="42.46114819759679" lon="19.89386896814802">
        <ele>1103</ele>
      </trkpt>
      <trkpt lat="42.46123211901583" lon="19.8937840930765">
        <ele>1107</ele>
      </trkpt>
      <trkpt lat="42.46133702078962" lon="19.89378027846654">
        <ele>1110</ele>
      </trkpt>
      <trkpt lat="42.46142475681862" lon="19.89376692733169">
        <ele>1112</ele>
      </trkpt>
      <trkpt lat="42.4615124928476" lon="19.89375452984934">
        <ele>1115</ele>
      </trkpt>
      <trkpt lat="42.46156685103948" lon="19.89368300591266">
        <ele>1117</ele>
      </trkpt>
      <trkpt lat="42.46162120923135" lon="19.89361148197598">
        <ele>1120</ele>
      </trkpt>
      <trkpt lat="42.46180812511921" lon="19.89330345222202">
        <ele>1132</ele>
      </trkpt>
      <trkpt lat="42.4618777417509" lon="19.89326053786002">
        <ele>1136</ele>
      </trkpt>
      <trkpt lat="42.4619473583826" lon="19.8932185771505">
        <ele>1141</ele>
      </trkpt>
      <trkpt lat="42.46203986267404" lon="19.89317947739845">
        <ele>1146</ele>
      </trkpt>
      <trkpt lat="42.46209612817089" lon="19.89311653633418">
        <ele>1151</ele>
      </trkpt>
      <trkpt lat="42.46215239366774" lon="19.89305454892239">
        <ele>1155</ele>
      </trkpt>
      <trkpt lat="42.46217242037002" lon="19.89298493229069">
        <ele>1159</ele>
      </trkpt>
      <trkpt lat="42.46219340072477" lon="19.89291531565899">
        <ele>1162</ele>
      </trkpt>
      <trkpt lat="42.46230307076102" lon="19.89286572572956">
        <ele>1168</ele>
      </trkpt>
      <trkpt lat="42.46241274079726" lon="19.89281613580013">
        <ele>1174</ele>
      </trkpt>
      <trkpt lat="42.46248140377647" lon="19.89282757963">
        <ele>1177</ele>
      </trkpt>
      <trkpt lat="42.46255006675568" lon="19.89283902345987">
        <ele>1181</ele>
      </trkpt>
      <trkpt lat="42.46258153728781" lon="19.89276749952319">
        <ele>1185</ele>
      </trkpt>
      <trkpt lat="42.46261300781995" lon="19.892696929239">
        <ele>1190</ele>
      </trkpt>
      <trkpt lat="42.46262254434484" lon="19.89262445164983">
        <ele>1193</ele>
      </trkpt>
      <trkpt lat="42.46263303452222" lon="19.89255197406067">
        <ele>1196</ele>
      </trkpt>
      <trkpt lat="42.46263875643715" lon="19.89247377455657">
        <ele>1199</ele>
      </trkpt>
      <trkpt lat="42.46264447835209" lon="19.89239557505246">
        <ele>1202</ele>
      </trkpt>
      <trkpt lat="42.46268262445165" lon="19.89230116345605">
        <ele>1209</ele>
      </trkpt>
      <trkpt lat="42.4627217242037" lon="19.89220675185964">
        <ele>1215</ele>
      </trkpt>
      <trkpt lat="42.46278561892046" lon="19.89224680526418">
        <ele>1218</ele>
      </trkpt>
      <trkpt lat="42.46285046728972" lon="19.8922878123212">
        <ele>1221</ele>
      </trkpt>
      <trkpt lat="42.46291531565898" lon="19.89234407781806">
        <ele>1224</ele>
      </trkpt>
      <trkpt lat="42.46298016402822" lon="19.89240034331491">
        <ele>1227</ele>
      </trkpt>
      <trkpt lat="42.46304405874499" lon="19.89234789242801">
        <ele>1233</ele>
      </trkpt>
      <trkpt lat="42.46304978065993" lon="19.89223250047684">
        <ele>1237</ele>
      </trkpt>
      <trkpt lat="42.46303547587259" lon="19.89214762540532">
        <ele>1239</ele>
      </trkpt>
      <trkpt lat="42.46302212473775" lon="19.89206275033379">
        <ele>1241</ele>
      </trkpt>
      <trkpt lat="42.46302880030517" lon="19.89195975586498">
        <ele>1244</ele>
      </trkpt>
      <trkpt lat="42.46303642952508" lon="19.89185771504865">
        <ele>1248</ele>
      </trkpt>
      <trkpt lat="42.4631480068663" lon="19.89184722487127">
        <ele>1256</ele>
      </trkpt>
      <trkpt lat="42.46315945069617" lon="19.89181098607669">
        <ele>1258</ele>
      </trkpt>
      <trkpt lat="42.46308220484455" lon="19.89148674423042">
        <ele>1264</ele>
      </trkpt>
      <trkpt lat="42.46306790005722" lon="19.89141522029374">
        <ele>1266</ele>
      </trkpt>
      <trkpt lat="42.46305454892237" lon="19.89134465000955">
        <ele>1269</ele>
      </trkpt>
      <trkpt lat="42.46305740987984" lon="19.89125119206562">
        <ele>1272</ele>
      </trkpt>
      <trkpt lat="42.46306122448979" lon="19.8911577341217">
        <ele>1276</ele>
      </trkpt>
      <trkpt lat="42.46332061796682" lon="19.89089643333971">
        <ele>1297</ele>
      </trkpt>
      <trkpt lat="42.46323669654777" lon="19.89081537287814">
        <ele>1297</ele>
      </trkpt>
      <trkpt lat="42.46315277512874" lon="19.89073431241657">
        <ele>1299</ele>
      </trkpt>
      <trkpt lat="42.46311367537669" lon="19.89065992752242">
        <ele>1302</ele>
      </trkpt>
      <trkpt lat="42.46307552927713" lon="19.89058649628077">
        <ele>1305</ele>
      </trkpt>
      <trkpt lat="42.46317280183101" lon="19.8905493038337">
        <ele>1311</ele>
      </trkpt>
      <trkpt lat="42.46326435246996" lon="19.89050734312418">
        <ele>1317</ele>
      </trkpt>
      <trkpt lat="42.46335685676139" lon="19.89046633606715">
        <ele>1323</ele>
      </trkpt>
      <trkpt lat="42.46341979782567" lon="19.89046442876217">
        <ele>1326</ele>
      </trkpt>
      <trkpt lat="42.46348273888994" lon="19.8904625214572">
        <ele>1328</ele>
      </trkpt>
      <trkpt lat="42.46384989509823" lon="19.89056456227352">
        <ele>1339</ele>
      </trkpt>
      <trkpt lat="42.46388518024032" lon="19.89067232500478">
        <ele>1336</ele>
      </trkpt>
      <trkpt lat="42.46392046538242" lon="19.89078008773604">
        <ele>1334</ele>
      </trkpt>
      <trkpt lat="42.46395288956704" lon="19.89089166507726">
        <ele>1332</ele>
      </trkpt>
      <trkpt lat="42.46398531375167" lon="19.89100419607097">
        <ele>1330</ele>
      </trkpt>
      <trkpt lat="42.46404062559603" lon="19.89110146862485">
        <ele>1330</ele>
      </trkpt>
      <trkpt lat="42.46413694449743" lon="19.89112530993707">
        <ele>1334</ele>
      </trkpt>
      <trkpt lat="42.46420751478161" lon="19.89104329582302">
        <ele>1341</ele>
      </trkpt>
      <trkpt lat="42.46423993896624" lon="19.89094411596416">
        <ele>1347</ele>
      </trkpt>
      <trkpt lat="42.46427236315087" lon="19.89084588975779">
        <ele>1352</ele>
      </trkpt>
      <trkpt lat="42.46429048254816" lon="19.8907667366012">
        <ele>1355</ele>
      </trkpt>
      <trkpt lat="42.46430955559794" lon="19.89068758344461">
        <ele>1359</ele>
      </trkpt>
      <trkpt lat="42.46430955559794" lon="19.89056551592601">
        <ele>1362</ele>
      </trkpt>
      <trkpt lat="42.46431813847034" lon="19.89045870684724">
        <ele>1365</ele>
      </trkpt>
      <trkpt lat="42.46440968910929" lon="19.89055502574863">
        <ele>1369</ele>
      </trkpt>
      <trkpt lat="42.46457467098989" lon="19.89085733358765">
        <ele>1371</ele>
      </trkpt>
      <trkpt lat="42.46461377074194" lon="19.89096032805647">
        <ele>1370</ele>
      </trkpt>
      <trkpt lat="42.46465287049399" lon="19.89106427617778">
        <ele>1369</ele>
      </trkpt>
      <trkpt lat="42.46469292389853" lon="19.89114629029183">
        <ele>1370</ele>
      </trkpt>
      <trkpt lat="42.46473393095556" lon="19.89122925805838">
        <ele>1370</ele>
      </trkpt>
      <trkpt lat="42.4647558649628" lon="19.89131031851995">
        <ele>1369</ele>
      </trkpt>
      <trkpt lat="42.46477875262254" lon="19.891392332634">
        <ele>1368</ele>
      </trkpt>
      <trkpt lat="42.46481785237459" lon="19.89127598703034">
        <ele>1374</ele>
      </trkpt>
      <trkpt lat="42.46485790577913" lon="19.89115964142668">
        <ele>1380</ele>
      </trkpt>
      <trkpt lat="42.46492561510586" lon="19.89119588022126">
        <ele>1383</ele>
      </trkpt>
      <trkpt lat="42.46498569521266" lon="19.89131222582492">
        <ele>1384</ele>
      </trkpt>
      <trkpt lat="42.46504672897196" lon="19.89142952508108">
        <ele>1384</ele>
      </trkpt>
      <trkpt lat="42.46513732595842" lon="19.89142952508108">
        <ele>1388</ele>
      </trkpt>
      <trkpt lat="42.46523745946977" lon="19.89140949837881">
        <ele>1394</ele>
      </trkpt>
      <trkpt lat="42.46532042723631" lon="19.89143906160596">
        <ele>1397</ele>
      </trkpt>
      <trkpt lat="42.46538336830059" lon="19.89135704749191">
        <ele>1403</ele>
      </trkpt>
      <trkpt lat="42.46547777989701" lon="19.89144859813086">
        <ele>1405</ele>
      </trkpt>
      <trkpt lat="42.46557219149342" lon="19.89154110242229">
        <ele>1406</ele>
      </trkpt>
      <trkpt lat="42.46561033759298" lon="19.89107762731262">
        <ele>1425</ele>
      </trkpt>
      <trkpt lat="42.46563703986267" lon="19.89100610337594">
        <ele>1430</ele>
      </trkpt>
      <trkpt lat="42.46566374213236" lon="19.89093553309176">
        <ele>1434</ele>
      </trkpt>
      <trkpt lat="42.46569235170703" lon="19.89084207514783">
        <ele>1439</ele>
      </trkpt>
      <trkpt lat="42.46572096128171" lon="19.8907486172039">
        <ele>1444</ele>
      </trkpt>
      <trkpt lat="42.46580297539577" lon="19.8908010680908">
        <ele>1447</ele>
      </trkpt>
      <trkpt lat="42.46600991798589" lon="19.89112054167463">
        <ele>1445</ele>
      </trkpt>
      <trkpt lat="42.46612721724203" lon="19.89113866107192">
        <ele>1450</ele>
      </trkpt>
      <trkpt lat="42.46620446309365" lon="19.89086114819761">
        <ele>1464</ele>
      </trkpt>
      <trkpt lat="42.46632653061224" lon="19.89060843028802">
        <ele>1476</ele>
      </trkpt>
      <trkpt lat="42.46632939156971" lon="19.89054548922374">
        <ele>1477</ele>
      </trkpt>
      <trkpt lat="42.4664257104711" lon="19.89046156780471">
        <ele>1483</ele>
      </trkpt>
      <trkpt lat="42.46652298302499" lon="19.89037764638567">
        <ele>1488</ele>
      </trkpt>
      <trkpt lat="42.46652870493992" lon="19.89030230783904">
        <ele>1490</ele>
      </trkpt>
      <trkpt lat="42.46653442685485" lon="19.8902279229449">
        <ele>1492</ele>
      </trkpt>
      <trkpt lat="42.46657924852184" lon="19.89013732595843">
        <ele>1495</ele>
      </trkpt>
      <trkpt lat="42.46662407018882" lon="19.89004672897198">
        <ele>1498</ele>
      </trkpt>
      <trkpt lat="42.46672611100515" lon="19.89000572191495">
        <ele>1500</ele>
      </trkpt>
      <trkpt lat="42.46681956894908" lon="19.88993038336832">
        <ele>1501</ele>
      </trkpt>
      <trkpt lat="42.46706656494374" lon="19.88976540148771">
        <ele>1505</ele>
      </trkpt>
      <trkpt lat="42.4671390425329" lon="19.88974537478544">
        <ele>1505</ele>
      </trkpt>
      <trkpt lat="42.46717146671752" lon="19.88971962616824">
        <ele>1506</ele>
      </trkpt>
      <trkpt lat="42.46724680526416" lon="19.88962139996187">
        <ele>1507</ele>
      </trkpt>
      <trkpt lat="42.46728971962617" lon="19.88951554453559">
        <ele>1509</ele>
      </trkpt>
      <trkpt lat="42.46733358764066" lon="19.8894096891093">
        <ele>1511</ele>
      </trkpt>
      <trkpt lat="42.46749666221628" lon="19.88915506389473">
        <ele>1515</ele>
      </trkpt>
      <trkpt lat="42.46758153728781" lon="19.8890539767309">
        <ele>1517</ele>
      </trkpt>
      <trkpt lat="42.46766736601182" lon="19.88895288956706">
        <ele>1518</ele>
      </trkpt>
      <trkpt lat="42.46774938012588" lon="19.88886133892811">
        <ele>1519</ele>
      </trkpt>
      <trkpt lat="42.46783139423994" lon="19.88876978828916">
        <ele>1521</ele>
      </trkpt>
      <trkpt lat="42.46802403204272" lon="19.88851134846463">
        <ele>1525</ele>
      </trkpt>
      <trkpt lat="42.46809650963189" lon="19.88842551974062">
        <ele>1526</ele>
      </trkpt>
      <trkpt lat="42.46816994087354" lon="19.8883406446691">
        <ele>1528</ele>
      </trkpt>
      <trkpt lat="42.46842838069807" lon="19.88825481594509">
        <ele>1534</ele>
      </trkpt>
      <trkpt lat="42.46850181193973" lon="19.88818138470343">
        <ele>1538</ele>
      </trkpt>
      <trkpt lat="42.46857524318138" lon="19.88810795346177">
        <ele>1542</ele>
      </trkpt>
      <trkpt lat="42.46876692733168" lon="19.88771981689874">
        <ele>1555</ele>
      </trkpt>
      <trkpt lat="42.46884989509822" lon="19.88762063703988">
        <ele>1559</ele>
      </trkpt>
      <trkpt lat="42.46893286286477" lon="19.88752145718102">
        <ele>1563</ele>
      </trkpt>
      <trkpt lat="42.46902155254625" lon="19.88744897959185">
        <ele>1567</ele>
      </trkpt>
      <trkpt lat="42.46911024222773" lon="19.88737650200268">
        <ele>1571</ele>
      </trkpt>
      <trkpt lat="42.46918748807934" lon="19.88737364104522">
        <ele>1572</ele>
      </trkpt>
      <trkpt lat="42.46926473393096" lon="19.88737173374024">
        <ele>1573</ele>
      </trkpt>
      <trkpt lat="42.46934579439252" lon="19.88742799923709">
        <ele>1573</ele>
      </trkpt>
      <trkpt lat="42.46945451077627" lon="19.88738222391762">
        <ele>1576</ele>
      </trkpt>
      <trkpt lat="42.46956418081251" lon="19.88733644859814">
        <ele>1579</ele>
      </trkpt>
      <trkpt lat="42.46966431432386" lon="19.88724203700173">
        <ele>1582</ele>
      </trkpt>
      <trkpt lat="42.46976444783521" lon="19.88714762540532">
        <ele>1585</ele>
      </trkpt>
      <trkpt lat="42.46982834255197" lon="19.88709135990846">
        <ele>1586</ele>
      </trkpt>
      <trkpt lat="42.46989223726874" lon="19.8870360480641">
        <ele>1587</ele>
      </trkpt>
      <trkpt lat="42.46997043677284" lon="19.88699599465956">
        <ele>1588</ele>
      </trkpt>
      <trkpt lat="42.47004863627694" lon="19.88695594125502">
        <ele>1590</ele>
      </trkpt>
      <trkpt lat="42.47016879649055" lon="19.88697406065231">
        <ele>1592</ele>
      </trkpt>
      <trkpt lat="42.47047682624451" lon="19.88669464047303">
        <ele>1599</ele>
      </trkpt>
      <trkpt lat="42.47057123784093" lon="19.88659641426666">
        <ele>1604</ele>
      </trkpt>
      <trkpt lat="42.47064657638757" lon="19.88658020217434">
        <ele>1606</ele>
      </trkpt>
      <trkpt lat="42.47072286858668" lon="19.88656399008203">
        <ele>1607</ele>
      </trkpt>
      <trkpt lat="42.47082681670799" lon="19.88652202937251">
        <ele>1610</ele>
      </trkpt>
      <trkpt lat="42.4709307648293" lon="19.88648102231548">
        <ele>1614</ele>
      </trkpt>
      <trkpt lat="42.47103375929811" lon="19.88642571047112">
        <ele>1618</ele>
      </trkpt>
      <trkpt lat="42.47113675376693" lon="19.88637039862676">
        <ele>1622</ele>
      </trkpt>
      <trkpt lat="42.47141331298874" lon="19.8861405683769">
        <ele>1628</ele>
      </trkpt>
      <trkpt lat="42.47163360671371" lon="19.88576196833875">
        <ele>1630</ele>
      </trkpt>
      <trkpt lat="42.4717213427427" lon="19.88565039099754">
        <ele>1637</ele>
      </trkpt>
      <trkpt lat="42.47180907877169" lon="19.88553976730881">
        <ele>1643</ele>
      </trkpt>
      <trkpt lat="42.47191588785046" lon="19.88541769979021">
        <ele>1648</ele>
      </trkpt>
      <trkpt lat="42.47202269692924" lon="19.88529563227161">
        <ele>1652</ele>
      </trkpt>
      <trkpt lat="42.47239271409498" lon="19.88503814609957">
        <ele>1652</ele>
      </trkpt>
      <trkpt lat="42.47264066374213" lon="19.88479401106238">
        <ele>1663</ele>
      </trkpt>
      <trkpt lat="42.4727217242037" lon="19.88468624833112">
        <ele>1669</ele>
      </trkpt>
      <trkpt lat="42.47280278466527" lon="19.88457943925235">
        <ele>1675</ele>
      </trkpt>
      <trkpt lat="42.47287430860194" lon="19.88447167652109">
        <ele>1680</ele>
      </trkpt>
      <trkpt lat="42.47294678619111" lon="19.88436486744232">
        <ele>1685</ele>
      </trkpt>
      <trkpt lat="42.47302784665268" lon="19.8840883082205">
        <ele>1696</ele>
      </trkpt>
      <trkpt lat="42.4732433721152" lon="19.88355712378411">
        <ele>1735</ele>
      </trkpt>
      <trkpt lat="42.47327770360481" lon="19.88349132176236">
        <ele>1740</ele>
      </trkpt>
      <trkpt lat="42.4733129887469" lon="19.88342551974062">
        <ele>1745</ele>
      </trkpt>
      <trkpt lat="42.47337592981118" lon="19.88341598321573">
        <ele>1748</ele>
      </trkpt>
      <trkpt lat="42.47343982452794" lon="19.88340740034333">
        <ele>1751</ele>
      </trkpt>
      <trkpt lat="42.473521838642" lon="19.88340740034333">
        <ele>1754</ele>
      </trkpt>
      <trkpt lat="42.47360385275606" lon="19.88340740034333">
        <ele>1758</ele>
      </trkpt>
      <trkpt lat="42.4737039862674" lon="19.88346366584018">
        <ele>1759</ele>
      </trkpt>
      <trkpt lat="42.47380507343124" lon="19.88351993133703">
        <ele>1760</ele>
      </trkpt>
      <trkpt lat="42.47389090215525" lon="19.88360289910358">
        <ele>1759</ele>
      </trkpt>
      <trkpt lat="42.47397768453175" lon="19.88368586687013">
        <ele>1759</ele>
      </trkpt>
      <trkpt lat="42.47402536715621" lon="19.88375262254436">
        <ele>1758</ele>
      </trkpt>
      <trkpt lat="42.47407304978066" lon="19.88382033187108">
        <ele>1757</ele>
      </trkpt>
      <trkpt lat="42.47407972534808" lon="19.8838966240702">
        <ele>1753</ele>
      </trkpt>
      <trkpt lat="42.4740864009155" lon="19.88397291626933">
        <ele>1750</ele>
      </trkpt>
      <trkpt lat="42.47409403013542" lon="19.8842704558459">
        <ele>1741</ele>
      </trkpt>
      <trkpt lat="42.47418176616441" lon="19.88429525081062">
        <ele>1747</ele>
      </trkpt>
      <trkpt lat="42.47426854854091" lon="19.8842704558459">
        <ele>1752</ele>
      </trkpt>
      <trkpt lat="42.47435723822239" lon="19.88421037573909">
        <ele>1757</ele>
      </trkpt>
      <trkpt lat="42.47444688155636" lon="19.88415029563228">
        <ele>1762</ele>
      </trkpt>
      <trkpt lat="42.4745212664505" lon="19.88408640091552">
        <ele>1769</ele>
      </trkpt>
      <trkpt lat="42.47459660499714" lon="19.88402345985125">
        <ele>1774</ele>
      </trkpt>
      <trkpt lat="42.47466717528133" lon="19.8839052069426">
        <ele>1781</ele>
      </trkpt>
      <trkpt lat="42.47473774556551" lon="19.88378790768645">
        <ele>1787</ele>
      </trkpt>
      <trkpt lat="42.47481403776464" lon="19.88377837116156">
        <ele>1790</ele>
      </trkpt>
      <trkpt lat="42.47489128361625" lon="19.88376883463667">
        <ele>1794</ele>
      </trkpt>
      <trkpt lat="42.47513732595842" lon="19.88364581346559">
        <ele>1801</ele>
      </trkpt>
      <trkpt lat="42.47528895670418" lon="19.88367537669275">
        <ele>1803</ele>
      </trkpt>
      <trkpt lat="42.47536810986077" lon="19.8837230593172">
        <ele>1804</ele>
      </trkpt>
      <trkpt lat="42.47546156780469" lon="19.88382033187108">
        <ele>1805</ele>
      </trkpt>
      <trkpt lat="42.4755388136563" lon="19.88385657066566">
        <ele>1806</ele>
      </trkpt>
      <trkpt lat="42.47561605950791" lon="19.88389280946025">
        <ele>1807</ele>
      </trkpt>
      <trkpt lat="42.47587736028991" lon="19.88391378981501">
        <ele>1812</ele>
      </trkpt>
      <trkpt lat="42.4761396147244" lon="19.88389280946025">
        <ele>1815</ele>
      </trkpt>
      <trkpt lat="42.47622448979592" lon="19.88383749761588">
        <ele>1816</ele>
      </trkpt>
      <trkpt lat="42.47631031851993" lon="19.88378218577152">
        <ele>1816</ele>
      </trkpt>
      <trkpt lat="42.47638756437154" lon="19.88385466336069">
        <ele>1818</ele>
      </trkpt>
      <trkpt lat="42.47643524699599" lon="19.88393763112723">
        <ele>1819</ele>
      </trkpt>
      <trkpt lat="42.47648388327293" lon="19.88402155254627">
        <ele>1821</ele>
      </trkpt>
      <trkpt lat="42.47654300972725" lon="19.88409498378792">
        <ele>1823</ele>
      </trkpt>
      <trkpt lat="42.47660308983406" lon="19.88416841502958">
        <ele>1825</ele>
      </trkpt>
      <trkpt lat="42.47667652107572" lon="19.88419130268931">
        <ele>1827</ele>
      </trkpt>
      <trkpt lat="42.47675090596987" lon="19.88421419034905">
        <ele>1831</ele>
      </trkpt>
      <trkpt lat="42.47684054930383" lon="19.88430097272555">
        <ele>1839</ele>
      </trkpt>
      <trkpt lat="42.47693114629029" lon="19.88438870875455">
        <ele>1846</ele>
      </trkpt>
      <trkpt lat="42.47700076292199" lon="19.88438298683961">
        <ele>1848</ele>
      </trkpt>
      <trkpt lat="42.47707133320618" lon="19.88437821857717">
        <ele>1849</ele>
      </trkpt>
      <trkpt lat="42.47713332061797" lon="19.88434579439254">
        <ele>1850</ele>
      </trkpt>
      <trkpt lat="42.47719626168224" lon="19.88431337020791">
        <ele>1850</ele>
      </trkpt>
      <trkpt lat="42.4772954415411" lon="19.8843753576197">
        <ele>1856</ele>
      </trkpt>
      <trkpt lat="42.47735170703795" lon="19.88443925233646">
        <ele>1860</ele>
      </trkpt>
      <trkpt lat="42.47740797253481" lon="19.88450410070572">
        <ele>1864</ele>
      </trkpt>
      <trkpt lat="42.47749475491131" lon="19.88454701506772">
        <ele>1868</ele>
      </trkpt>
      <trkpt lat="42.47749761586878" lon="19.88445451077629">
        <ele>1865</ele>
      </trkpt>
      <trkpt lat="42.47750143047873" lon="19.88436200648485">
        <ele>1862</ele>
      </trkpt>
      <trkpt lat="42.47758153728781" lon="19.88442113293917">
        <ele>1866</ele>
      </trkpt>
      <trkpt lat="42.47766164409689" lon="19.88448025939349">
        <ele>1869</ele>
      </trkpt>
      <trkpt lat="42.47775224108335" lon="19.88446404730118">
        <ele>1870</ele>
      </trkpt>
      <trkpt lat="42.4778428380698" lon="19.88444783520886">
        <ele>1871</ele>
      </trkpt>
      <trkpt lat="42.47790482548159" lon="19.88440682815184">
        <ele>1872</ele>
      </trkpt>
      <trkpt lat="42.47796776654587" lon="19.8843667747473">
        <ele>1872</ele>
      </trkpt>
      <trkpt lat="42.47803833683006" lon="19.88436105283236">
        <ele>1874</ele>
      </trkpt>
      <trkpt lat="42.47810986076674" lon="19.88435628456992">
        <ele>1875</ele>
      </trkpt>
      <trkpt lat="42.47821953080297" lon="19.88437631127219">
        <ele>1878</ele>
      </trkpt>
      <trkpt lat="42.4783301544917" lon="19.88439633797446">
        <ele>1880</ele>
      </trkpt>
      <trkpt lat="42.4783997711234" lon="19.8844449742514">
        <ele>1883</ele>
      </trkpt>
      <trkpt lat="42.47847034140759" lon="19.88449361052834">
        <ele>1885</ele>
      </trkpt>
      <trkpt lat="42.47873545679954" lon="19.8847320236506">
        <ele>1893</ele>
      </trkpt>
      <trkpt lat="42.47883082204844" lon="19.88481213045968">
        <ele>1896</ele>
      </trkpt>
      <trkpt lat="42.47892714094984" lon="19.88489319092124">
        <ele>1898</ele>
      </trkpt>
      <trkpt lat="42.47902727446119" lon="19.88491131031854">
        <ele>1900</ele>
      </trkpt>
      <trkpt lat="42.47912740797253" lon="19.88493038336831">
        <ele>1903</ele>
      </trkpt>
      <trkpt lat="42.47955464428762" lon="19.88502956322717">
        <ele>1902</ele>
      </trkpt>
      <trkpt lat="42.47966908258631" lon="19.8850276559222">
        <ele>1902</ele>
      </trkpt>
      <trkpt lat="42.47978352088499" lon="19.88502670226971">
        <ele>1901</ele>
      </trkpt>
      <trkpt lat="42.47989128361625" lon="19.88500572191495">
        <ele>1899</ele>
      </trkpt>
      <trkpt lat="42.48" lon="19.88498474156019">
        <ele>1898</ele>
      </trkpt>
      <trkpt lat="42.48000000000001" lon="19.88498474156019">
        <ele>1898</ele>
      </trkpt>
      <trkpt lat="42.48007438489415" lon="19.88497043677285">
        <ele>1897</ele>
      </trkpt>
      <trkpt lat="42.48022887659738" lon="19.88497615868779">
        <ele>1895</ele>
      </trkpt>
      <trkpt lat="42.48056360862103" lon="19.88508582872403">
        <ele>1897</ele>
      </trkpt>
      <trkpt lat="42.48075910738128" lon="19.88510776273128">
        <ele>1896</ele>
      </trkpt>
      <trkpt lat="42.48086782376503" lon="19.88516688918559">
        <ele>1898</ele>
      </trkpt>
      <trkpt lat="42.48098226206371" lon="19.88525271790961">
        <ele>1902</ele>
      </trkpt>
      <trkpt lat="42.48108144192257" lon="19.88538146099563">
        <ele>1910</ele>
      </trkpt>
      <trkpt lat="42.48122830440588" lon="19.88551211138662">
        <ele>1919</ele>
      </trkpt>
      <trkpt lat="42.48135037192448" lon="19.88555025748619">
        <ele>1921</ele>
      </trkpt>
      <trkpt lat="42.48173660118254" lon="19.88576196833875">
        <ele>1938</ele>
      </trkpt>
      <trkpt lat="42.48188823192829" lon="19.88576482929622">
        <ele>1937</ele>
      </trkpt>
      <trkpt lat="42.48204272363152" lon="19.88584207514783">
        <ele>1942</ele>
      </trkpt>
      <trkpt lat="42.48221724203701" lon="19.88586400915508">
        <ele>1943</ele>
      </trkpt>
      <trkpt lat="42.4824089261873" lon="19.88571142475683">
        <ele>1931</ele>
      </trkpt>
      <trkpt lat="42.48263208086974" lon="19.88567900057221">
        <ele>1927</ele>
      </trkpt>
      <trkpt lat="42.48296109097846" lon="19.88578867060845">
        <ele>1927</ele>
      </trkpt>
      <trkpt lat="42.48310890711426" lon="19.88574575624644">
        <ele>1923</ele>
      </trkpt>
      <trkpt lat="42.48326721342744" lon="19.88559794011064">
        <ele>1919</ele>
      </trkpt>
      <trkpt lat="42.48356189204654" lon="19.88558458897579">
        <ele>1922</ele>
      </trkpt>
      <trkpt lat="42.4837049399199" lon="19.88572668319666">
        <ele>1926</ele>
      </trkpt>
      <trkpt lat="42.48384321953081" lon="19.8858449361053">
        <ele>1930</ele>
      </trkpt>
      <trkpt lat="42.48393000190731" lon="19.8858449361053">
        <ele>1932</ele>
      </trkpt>
      <trkpt lat="42.48421132939158" lon="19.88590406255962">
        <ele>1938</ele>
      </trkpt>
      <trkpt lat="42.48451554453558" lon="19.88589357238224">
        <ele>1943</ele>
      </trkpt>
      <trkpt lat="42.48465382414649" lon="19.88598989128363">
        <ele>1946</ele>
      </trkpt>
      <trkpt lat="42.48481975967958" lon="19.88612912454703">
        <ele>1949</ele>
      </trkpt>
      <trkpt lat="42.48499427808508" lon="19.88619111195882">
        <ele>1951</ele>
      </trkpt>
      <trkpt lat="42.48525748617205" lon="19.88639519359147">
        <ele>1954</ele>
      </trkpt>
      <trkpt lat="42.48554358191875" lon="19.88643810795348">
        <ele>1959</ele>
      </trkpt>
      <trkpt lat="42.48583253862294" lon="19.88649914171278">
        <ele>1963</ele>
      </trkpt>
      <trkpt lat="42.48642380316613" lon="19.88649914171278">
        <ele>1970</ele>
      </trkpt>
      <trkpt lat="42.48668510394813" lon="19.8866707991608">
        <ele>1972</ele>
      </trkpt>
      <trkpt lat="42.48716955941256" lon="19.88677283997713">
        <ele>1980</ele>
      </trkpt>
      <trkpt lat="42.48732977303072" lon="19.88670322334543">
        <ele>1981</ele>
      </trkpt>
      <trkpt lat="42.48739557505246" lon="19.88647243944308">
        <ele>1984</ele>
      </trkpt>
      <trkpt lat="42.48750238413123" lon="19.88641140568378">
        <ele>1987</ele>
      </trkpt>
      <trkpt lat="42.48766259774939" lon="19.88645145908832">
        <ele>1990</ele>
      </trkpt>
      <trkpt lat="42.48780659927523" lon="19.88658306313181">
        <ele>1991</ele>
      </trkpt>
      <trkpt lat="42.48796681289339" lon="19.88700362387947">
        <ele>1996</ele>
      </trkpt>
      <trkpt lat="42.48821476254054" lon="19.88738508487508">
        <ele>2001</ele>
      </trkpt>
      <trkpt lat="42.48856856761397" lon="19.88763112721726">
        <ele>2008</ele>
      </trkpt>
      <trkpt lat="42.48889090215526" lon="19.88776273126074">
        <ele>2014</ele>
      </trkpt>
      <trkpt lat="42.48890234598513" lon="19.88799637612056">
        <ele>2016</ele>
      </trkpt>
      <trkpt lat="42.48893572382225" lon="19.88821476254055">
        <ele>2017</ele>
      </trkpt>
      <trkpt lat="42.48926759488843" lon="19.8885580774366">
        <ele>2026</ele>
      </trkpt>
      <trkpt lat="42.48951935914554" lon="19.88879172229641">
        <ele>2030</ele>
      </trkpt>
      <trkpt lat="42.48961281708946" lon="19.88905969864583">
        <ele>2031</ele>
      </trkpt>
      <trkpt lat="42.48991512492849" lon="19.88909212283045">
        <ele>2030</ele>
      </trkpt>
      <trkpt lat="42.49034236124357" lon="19.88911310318521">
        <ele>2022</ele>
      </trkpt>
      <trkpt lat="42.49059507915317" lon="19.88917795155447">
        <ele>2014</ele>
      </trkpt>
      <trkpt lat="42.4908010680908" lon="19.88909212283045">
        <ele>2013</ele>
      </trkpt>
      <trkpt lat="42.49103852756057" lon="19.88909212283045">
        <ele>2010</ele>
      </trkpt>
      <trkpt lat="42.49127598703033" lon="19.88907018882321">
        <ele>2008</ele>
      </trkpt>
      <trkpt lat="42.49165554072097" lon="19.88919893190923">
        <ele>1997</ele>
      </trkpt>
      <trkpt lat="42.4921142475682" lon="19.88924184627123">
        <ele>1993</ele>
      </trkpt>
      <trkpt lat="42.49270169750144" lon="19.88928762159071">
        <ele>1990</ele>
      </trkpt>
      <trkpt lat="42.49306408544727" lon="19.88932767499525">
        <ele>1991</ele>
      </trkpt>
      <trkpt lat="42.49337974442114" lon="19.8893925233645">
        <ele>1991</ele>
      </trkpt>
      <trkpt lat="42.49376025176426" lon="19.88960709517453">
        <ele>1990</ele>
      </trkpt>
      <trkpt lat="42.49388613389282" lon="19.88969292389855">
        <ele>1989</ele>
      </trkpt>
      <trkpt lat="42.49429811176808" lon="19.88988556170133">
        <ele>1984</ele>
      </trkpt>
      <trkpt lat="42.49455082967768" lon="19.88992847606334">
        <ele>1978</ele>
      </trkpt>
      <trkpt lat="42.49481975967958" lon="19.88990749570858">
        <ele>1976</ele>
      </trkpt>
      <trkpt lat="42.49502574861722" lon="19.88979973297732">
        <ele>1980</ele>
      </trkpt>
      <trkpt lat="42.49527846652681" lon="19.88977875262256">
        <ele>1983</ele>
      </trkpt>
      <trkpt lat="42.49548636276941" lon="19.89008106046158">
        <ele>1971</ele>
      </trkpt>
      <trkpt lat="42.49569044440207" lon="19.89048636276942">
        <ele>1957</ele>
      </trkpt>
      <trkpt lat="42.49586400915507" lon="19.89087354567997">
        <ele>1946</ele>
      </trkpt>
      <trkpt lat="42.49606999809271" lon="19.89125977493803">
        <ele>1943</ele>
      </trkpt>
      <trkpt lat="42.4964180812512" lon="19.89166698455085">
        <ele>1936</ele>
      </trkpt>
      <trkpt lat="42.49668701125311" lon="19.8917318329201">
        <ele>1937</ele>
      </trkpt>
      <trkpt lat="42.49679763494184" lon="19.89198931909214">
        <ele>1934</ele>
      </trkpt>
      <trkpt lat="42.49695594125502" lon="19.89222487125693">
        <ele>1928</ele>
      </trkpt>
      <trkpt lat="42.49719340072478" lon="19.89233263398819">
        <ele>1916</ele>
      </trkpt>
      <trkpt lat="42.49731928285334" lon="19.89228971962618">
        <ele>1912</ele>
      </trkpt>
      <trkpt lat="42.49739843600992" lon="19.89209612817091">
        <ele>1913</ele>
      </trkpt>
      <trkpt lat="42.49752527179097" lon="19.89188155636088">
        <ele>1914</ele>
      </trkpt>
      <trkpt lat="42.49771504863629" lon="19.89183864199887">
        <ele>1914</ele>
      </trkpt>
      <trkpt lat="42.4979048254816" lon="19.89194545107764">
        <ele>1909</ele>
      </trkpt>
      <trkpt lat="42.49809460232692" lon="19.89218195689492">
        <ele>1902</ele>
      </trkpt>
      <trkpt lat="42.49820522601565" lon="19.89250333778373">
        <ele>1894</ele>
      </trkpt>
      <trkpt lat="42.49836353232883" lon="19.89278275796301">
        <ele>1898</ele>
      </trkpt>
      <trkpt lat="42.49850658020218" lon="19.89310509250431">
        <ele>1903</ele>
      </trkpt>
      <trkpt lat="42.49864867442305" lon="19.89325481594508">
        <ele>1903</ele>
      </trkpt>
      <trkpt lat="42.49877551020409" lon="19.8933406446691">
        <ele>1902</ele>
      </trkpt>
      <trkpt lat="42.49875929811178" lon="19.8937488079344">
        <ele>1910</ele>
      </trkpt>
      <trkpt lat="42.49890139233264" lon="19.89396337974443">
        <ele>1911</ele>
      </trkpt>
      <trkpt lat="42.49917127598704" lon="19.89396337974443">
        <ele>1906</ele>
      </trkpt>
      <trkpt lat="42.49934484074004" lon="19.89411310318522">
        <ele>1906</ele>
      </trkpt>
      <trkpt lat="42.49959755864964" lon="19.89419893190923">
        <ele>1905</ele>
      </trkpt>
      <trkpt lat="42.49986648865154" lon="19.8940272744612">
        <ele>1899</ele>
      </trkpt>
      <trkpt lat="42.50000000000001" lon="19.89399580392906">
        <ele>1899</ele>
      </trkpt>
      <trkpt lat="42.49999999999999" lon="19.89399580392906">
        <ele>1899</ele>
      </trkpt>
      <trkpt lat="42.50013541865344" lon="19.89396337974443">
        <ele>1896</ele>
      </trkpt>
      <trkpt lat="42.50037383177569" lon="19.89385847797064">
        <ele>1892</ele>
      </trkpt>
      <trkpt lat="42.50045966049971" lon="19.89372687392716">
        <ele>1891</ele>
      </trkpt>
      <trkpt lat="42.50072191493419" lon="19.89384798779326">
        <ele>1886</ele>
      </trkpt>
      <trkpt lat="42.50103852756055" lon="19.89408353995805">
        <ele>1869</ele>
      </trkpt>
      <trkpt lat="42.50128266259774" lon="19.89418844173185">
        <ele>1854</ele>
      </trkpt>
      <trkpt lat="42.50148960518786" lon="19.89419130268931">
        <ele>1843</ele>
      </trkpt>
      <trkpt lat="42.50167842838069" lon="19.89405969864583">
        <ele>1835</ele>
      </trkpt>
      <trkpt lat="42.50184531756627" lon="19.8938365439634">
        <ele>1827</ele>
      </trkpt>
      <trkpt lat="42.50196261682242" lon="19.89378027846654">
        <ele>1820</ele>
      </trkpt>
      <trkpt lat="42.50214571810032" lon="19.89382605378601">
        <ele>1807</ele>
      </trkpt>
      <trkpt lat="42.50217814228494" lon="19.89409403013543">
        <ele>1803</ele>
      </trkpt>
      <trkpt lat="42.50213713522791" lon="19.89445641808127">
        <ele>1805</ele>
      </trkpt>
      <trkpt lat="42.50227160022887" lon="19.89461758535191">
        <ele>1797</ele>
      </trkpt>
      <trkpt lat="42.50228685866869" lon="19.89486458134657">
        <ele>1796</ele>
      </trkpt>
      <trkpt lat="42.50237554835017" lon="19.89495231737556">
        <ele>1791</ele>
      </trkpt>
      <trkpt lat="42.50257962998283" lon="19.89526130078201">
        <ele>1784</ele>
      </trkpt>
      <trkpt lat="42.50269979019644" lon="19.89554262826627">
        <ele>1785</ele>
      </trkpt>
      <trkpt lat="42.50269979019644" lon="19.89554262826627">
        <ele>1785</ele>
      </trkpt>
      <trkpt lat="42.50282090406255" lon="19.89595174518407">
        <ele>1787</ele>
      </trkpt>
      <trkpt lat="42.50288861338927" lon="19.89620732405113">
        <ele>1788</ele>
      </trkpt>
      <trkpt lat="42.5029296204463" lon="19.89643524699601">
        <ele>1789</ele>
      </trkpt>
      <trkpt lat="42.50295155445355" lon="19.89664981880604">
        <ele>1790</ele>
      </trkpt>
      <trkpt lat="42.5029906542056" lon="19.89686725157354">
        <ele>1791</ele>
      </trkpt>
      <trkpt lat="42.50300305168795" lon="19.89700362387947">
        <ele>1791</ele>
      </trkpt>
      <trkpt lat="42.50304119778752" lon="19.89717909593746">
        <ele>1792</ele>
      </trkpt>
      <trkpt lat="42.50304119778752" lon="19.89717909593746">
        <ele>1792</ele>
      </trkpt>
      <trkpt lat="42.50320236505816" lon="19.89748426473395">
        <ele>1793</ele>
      </trkpt>
      <trkpt lat="42.50327579629982" lon="19.89786858668703">
        <ele>1800</ele>
      </trkpt>
      <trkpt lat="42.50328533282471" lon="19.89814991417129">
        <ele>1806</ele>
      </trkpt>
      <trkpt lat="42.5031813847034" lon="19.89847987793249">
        <ele>1809</ele>
      </trkpt>
      <trkpt lat="42.5030860194545" lon="19.89894144573719">
        <ele>1813</ele>
      </trkpt>
      <trkpt lat="42.50312607285904" lon="19.89918748807936">
        <ele>1815</ele>
      </trkpt>
      <trkpt lat="42.50286572572954" lon="19.89968434102614">
        <ele>1813</ele>
      </trkpt>
      <trkpt lat="42.50275796299827" lon="19.90000000000002">
        <ele>1811</ele>
      </trkpt>
      <trkpt lat="42.50275796299827" lon="19.9">
        <ele>1811</ele>
      </trkpt>
      <trkpt lat="42.50247854281898" lon="19.90081346557314">
        <ele>1817</ele>
      </trkpt>
      <trkpt lat="42.50220675185961" lon="19.90133797444211">
        <ele>1826</ele>
      </trkpt>
      <trkpt lat="42.50208182338355" lon="19.90152202937249">
        <ele>1828</ele>
      </trkpt>
      <trkpt lat="42.50181766164409" lon="19.90228971962616">
        <ele>1839</ele>
      </trkpt>
      <trkpt lat="42.5017032233454" lon="19.90258153728781">
        <ele>1843</ele>
      </trkpt>
      <trkpt lat="42.50151630745756" lon="19.90330059126454">
        <ele>1857</ele>
      </trkpt>
      <trkpt lat="42.50145813465572" lon="19.90373259584207">
        <ele>1862</ele>
      </trkpt>
      <trkpt lat="42.50146099561319" lon="19.90385752431813">
        <ele>1864</ele>
      </trkpt>
      <trkpt lat="42.5014161739462" lon="19.90403299637612">
        <ele>1866</ele>
      </trkpt>
      <trkpt lat="42.50137230593171" lon="19.90443734503147">
        <ele>1866</ele>
      </trkpt>
      <trkpt lat="42.50130936486743" lon="19.9048083158497">
        <ele>1863</ele>
      </trkpt>
      <trkpt lat="42.50125214571809" lon="19.90507057028418">
        <ele>1862</ele>
      </trkpt>
      <trkpt lat="42.50123497997329" lon="19.90520217432767">
        <ele>1860</ele>
      </trkpt>
      <trkpt lat="42.50127503337783" lon="19.9054253290101">
        <ele>1856</ele>
      </trkpt>
      <trkpt lat="42.50130650390997" lon="19.90577531947358">
        <ele>1850</ele>
      </trkpt>
      <trkpt lat="42.50139996185389" lon="19.90602326912073">
        <ele>1843</ele>
      </trkpt>
      <trkpt lat="42.50143620064848" lon="19.90620160213618">
        <ele>1838</ele>
      </trkpt>
      <trkpt lat="42.50146099561319" lon="19.90638088880412">
        <ele>1832</ele>
      </trkpt>
      <trkpt lat="42.50145718100323" lon="19.90647530040053">
        <ele>1830</ele>
      </trkpt>
      <trkpt lat="42.50143810795345" lon="19.90657734121686">
        <ele>1827</ele>
      </trkpt>
      <trkpt lat="42.50140282281136" lon="19.90670036238794">
        <ele>1824</ele>
      </trkpt>
      <trkpt lat="42.50134560366202" lon="19.90699790196452">
        <ele>1820</ele>
      </trkpt>
      <trkpt lat="42.50133988174709" lon="19.90723822239176">
        <ele>1816</ele>
      </trkpt>
      <trkpt lat="42.50129696738507" lon="19.90735552164791">
        <ele>1814</ele>
      </trkpt>
      <trkpt lat="42.50128933816517" lon="19.90754053023078">
        <ele>1811</ele>
      </trkpt>
      <trkpt lat="42.5012426091932" lon="19.90801640282281">
        <ele>1805</ele>
      </trkpt>
      <trkpt lat="42.50117871447644" lon="19.90814133129887">
        <ele>1803</ele>
      </trkpt>
      <trkpt lat="42.50121018500857" lon="19.90826149151249">
        <ele>1802</ele>
      </trkpt>
      <trkpt lat="42.50115105855426" lon="19.9086515353805">
        <ele>1794</ele>
      </trkpt>
      <trkpt lat="42.50118062178142" lon="19.90902632080869">
        <ele>1788</ele>
      </trkpt>
      <trkpt lat="42.50116536334159" lon="19.90939156971199">
        <ele>1782</ele>
      </trkpt>
      <trkpt lat="42.50111195880221" lon="19.90958706847224">
        <ele>1777</ele>
      </trkpt>
      <trkpt lat="42.50109574670989" lon="19.90992752241083">
        <ele>1772</ele>
      </trkpt>
      <trkpt lat="42.50114915124927" lon="19.91016402822811">
        <ele>1771</ele>
      </trkpt>
      <trkpt lat="42.50110719053976" lon="19.91040530230784">
        <ele>1767</ele>
      </trkpt>
      <trkpt lat="42.50115296585923" lon="19.91064371543009">
        <ele>1765</ele>
      </trkpt>
      <trkpt lat="42.50116917795155" lon="19.91081251192065">
        <ele>1764</ele>
      </trkpt>
      <trkpt lat="42.50111958802211" lon="19.91092599656685">
        <ele>1760</ele>
      </trkpt>
      <trkpt lat="42.5010604615678" lon="19.91096795727637">
        <ele>1757</ele>
      </trkpt>
      <trkpt lat="42.50105378600037" lon="19.91107858096509">
        <ele>1756</ele>
      </trkpt>
      <trkpt lat="42.50109765401487" lon="19.91130650390997">
        <ele>1754</ele>
      </trkpt>
      <trkpt lat="42.50110719053976" lon="19.9115735266069">
        <ele>1750</ele>
      </trkpt>
      <trkpt lat="42.50113293915696" lon="19.91169464047301">
        <ele>1749</ele>
      </trkpt>
      <trkpt lat="42.50117680717145" lon="19.91177283997711">
        <ele>1750</ele>
      </trkpt>
      <trkpt lat="42.50119683387373" lon="19.91184531756628">
        <ele>1749</ele>
      </trkpt>
      <trkpt lat="42.50127407972534" lon="19.9118958611482">
        <ele>1751</ele>
      </trkpt>
      <trkpt lat="42.50132653061224" lon="19.91194068281518">
        <ele>1752</ele>
      </trkpt>
      <trkpt lat="42.50134274270455" lon="19.91200076292199">
        <ele>1752</ele>
      </trkpt>
      <trkpt lat="42.50133702078961" lon="19.91208182338356">
        <ele>1751</ele>
      </trkpt>
      <trkpt lat="42.50130173564752" lon="19.91213808888041">
        <ele>1749</ele>
      </trkpt>
      <trkpt lat="42.50128170894525" lon="19.91226873927141">
        <ele>1747</ele>
      </trkpt>
      <trkpt lat="42.5012778943353" lon="19.91253766927331">
        <ele>1743</ele>
      </trkpt>
      <trkpt lat="42.5012855235552" lon="19.91265401487697">
        <ele>1741</ele>
      </trkpt>
      <trkpt lat="42.5012855235552" lon="19.91265401487697">
        <ele>1741</ele>
      </trkpt>
      <trkpt lat="42.5013818424566" lon="19.91387469006294">
        <ele>1719</ele>
      </trkpt>
      <trkpt lat="42.50151821476253" lon="19.91443257676902">
        <ele>1713</ele>
      </trkpt>
      <trkpt lat="42.50161930192637" lon="19.91475395765783">
        <ele>1710</ele>
      </trkpt>
      <trkpt lat="42.50170417699789" lon="19.9149732977303">
        <ele>1709</ele>
      </trkpt>
      <trkpt lat="42.50176044249475" lon="19.91505340453938">
        <ele>1710</ele>
      </trkpt>
      <trkpt lat="42.50175185962235" lon="19.91515925996567">
        <ele>1708</ele>
      </trkpt>
      <trkpt lat="42.50188155636085" lon="19.91537669273317">
        <ele>1712</ele>
      </trkpt>
      <trkpt lat="42.50186343696356" lon="19.91557314514591">
        <ele>1709</ele>
      </trkpt>
      <trkpt lat="42.50188823192828" lon="19.91580965096319">
        <ele>1707</ele>
      </trkpt>
      <trkpt lat="42.50197119969482" lon="19.91620541674613">
        <ele>1702</ele>
      </trkpt>
      <trkpt lat="42.50223917604424" lon="19.91690825863055">
        <ele>1693</ele>
      </trkpt>
      <trkpt lat="42.50242895288956" lon="19.91700267022697">
        <ele>1696</ele>
      </trkpt>
      <trkpt lat="42.50286954033949" lon="19.91740606522983">
        <ele>1697</ele>
      </trkpt>
      <trkpt lat="42.50309650963188" lon="19.91764257104711">
        <ele>1701</ele>
      </trkpt>
      <trkpt lat="42.50321762349799" lon="19.91795918367347">
        <ele>1700</ele>
      </trkpt>
      <trkpt lat="42.50314133129886" lon="19.91819568949075">
        <ele>1692</ele>
      </trkpt>
      <trkpt lat="42.50300209803547" lon="19.91858668701125">
        <ele>1680</ele>
      </trkpt>
      <trkpt lat="42.50304310509249" lon="19.91877455655159">
        <ele>1679</ele>
      </trkpt>
      <trkpt lat="42.50287812321189" lon="19.91913503719244">
        <ele>1667</ele>
      </trkpt>
      <trkpt lat="42.50240415792484" lon="19.91961281708945">
        <ele>1641</ele>
      </trkpt>
      <trkpt lat="42.50208277703604" lon="19.91983787907686">
        <ele>1627</ele>
      </trkpt>
      <trkpt lat="42.50212855235552" lon="19.92">
        <ele>1626</ele>
      </trkpt>
      <trkpt lat="42.50212855235552" lon="19.92000000000001">
        <ele>1626</ele>
      </trkpt>
      <trkpt lat="42.50214476444783" lon="19.92005817280184">
        <ele>1627</ele>
      </trkpt>
      <trkpt lat="42.50213236696547" lon="19.92040625596033">
        <ele>1625</ele>
      </trkpt>
      <trkpt lat="42.50201792866678" lon="19.92065039099753">
        <ele>1619</ele>
      </trkpt>
      <trkpt lat="42.50181861529658" lon="19.92084779706276">
        <ele>1610</ele>
      </trkpt>
      <trkpt lat="42.5016603089834" lon="19.92104138851803">
        <ele>1603</ele>
      </trkpt>
      <trkpt lat="42.50132653061224" lon="19.92141712759871">
        <ele>1594</ele>
      </trkpt>
      <trkpt lat="42.50132653061224" lon="19.92141712759871">
        <ele>1594</ele>
      </trkpt>
      <trkpt lat="42.5011033759298" lon="19.92165935533092">
        <ele>1588</ele>
      </trkpt>
      <trkpt lat="42.50096318901392" lon="19.9218443639138">
        <ele>1583</ele>
      </trkpt>
      <trkpt lat="42.50082300209802" lon="19.92235838260538">
        <ele>1574</ele>
      </trkpt>
      <trkpt lat="42.50054358191874" lon="19.92318710661835">
        <ele>1568</ele>
      </trkpt>
      <trkpt lat="42.50038241464809" lon="19.9238174709136">
        <ele>1567</ele>
      </trkpt>
      <trkpt lat="42.5002078962426" lon="19.92463284379173">
        <ele>1564</ele>
      </trkpt>
      <trkpt lat="42.50009441159641" lon="19.92511825290865">
        <ele>1560</ele>
      </trkpt>
      <trkpt lat="42.49999999999999" lon="19.92532519549877">
        <ele>1556</ele>
      </trkpt>
      <trkpt lat="42.50000000000001" lon="19.92532519549877">
        <ele>1556</ele>
      </trkpt>
      <trkpt lat="42.49997711234028" lon="19.92537573908069">
        <ele>1556</ele>
      </trkpt>
      <trkpt lat="42.49991703223346" lon="19.92566278847988">
        <ele>1551</ele>
      </trkpt>
      <trkpt lat="42.49985981308412" lon="19.92609193209995">
        <ele>1544</ele>
      </trkpt>
      <trkpt lat="42.49978065992753" lon="19.92656017547207">
        <ele>1536</ele>
      </trkpt>
      <trkpt lat="42.49971771886325" lon="19.92664981880603">
        <ele>1534</ele>
      </trkpt>
      <trkpt lat="42.4997053213809" lon="19.92681289338166">
        <ele>1532</ele>
      </trkpt>
      <trkpt lat="42.49975300400535" lon="19.92684341026131">
        <ele>1532</ele>
      </trkpt>
      <trkpt lat="42.49986362769408" lon="19.92694640473012">
        <ele>1533</ele>
      </trkpt>
      <trkpt lat="42.50000000000001" lon="19.92728113675377">
        <ele>1531</ele>
      </trkpt>
      <trkpt lat="42.49999999999999" lon="19.92728113675377">
        <ele>1531</ele>
      </trkpt>
      <trkpt lat="42.50008487507152" lon="19.927478542819">
        <ele>1529</ele>
      </trkpt>
      <trkpt lat="42.50032233454128" lon="19.9281136753767">
        <ele>1524</ele>
      </trkpt>
      <trkpt lat="42.50035094411596" lon="19.92849990463476">
        <ele>1519</ele>
      </trkpt>
      <trkpt lat="42.50027179095937" lon="19.92881270265116">
        <ele>1512</ele>
      </trkpt>
      <trkpt lat="42.5003032614915" lon="19.9290530230784">
        <ele>1508</ele>
      </trkpt>
      <trkpt lat="42.50057505245088" lon="19.92963284379173">
        <ele>1504</ele>
      </trkpt>
      <trkpt lat="42.50074003433148" lon="19.92988556170132">
        <ele>1503</ele>
      </trkpt>
      <trkpt lat="42.50085065802021" lon="19.9301220675186">
        <ele>1505</ele>
      </trkpt>
      <trkpt lat="42.50085733358763" lon="19.93044344840741">
        <ele>1505</ele>
      </trkpt>
      <trkpt lat="42.50077818043104" lon="19.93062368872783">
        <ele>1501</ele>
      </trkpt>
      <trkpt lat="42.50073049780659" lon="19.93042246805265">
        <ele>1499</ele>
      </trkpt>
      <trkpt lat="42.50063513255769" lon="19.93019454510777">
        <ele>1496</ele>
      </trkpt>
      <trkpt lat="42.50057505245088" lon="19.93025939347702">
        <ele>1494</ele>
      </trkpt>
      <trkpt lat="42.50049971390425" lon="19.93045203127981">
        <ele>1490</ele>
      </trkpt>
      <trkpt lat="42.50041388518023" lon="19.93072668319665">
        <ele>1485</ele>
      </trkpt>
      <trkpt lat="42.50032233454128" lon="19.93111768071715">
        <ele>1478</ele>
      </trkpt>
      <trkpt lat="42.5003127980164" lon="19.93149532710281">
        <ele>1475</ele>
      </trkpt>
      <trkpt lat="42.50029372496661" lon="19.93185962235362">
        <ele>1469</ele>
      </trkpt>
      <trkpt lat="42.5003385466336" lon="19.93225443448408">
        <ele>1463</ele>
      </trkpt>
      <trkpt lat="42.50035380507342" lon="19.93256818615297">
        <ele>1456</ele>
      </trkpt>
      <trkpt lat="42.50040720961281" lon="19.932782757963">
        <ele>1451</ele>
      </trkpt>
      <trkpt lat="42.5004863627694" lon="19.93293248140378">
        <ele>1449</ele>
      </trkpt>
      <trkpt lat="42.5005817280183" lon="19.9330612244898">
        <ele>1449</ele>
      </trkpt>
      <trkpt lat="42.50071810032424" lon="19.93315563608622">
        <ele>1451</ele>
      </trkpt>
      <trkpt lat="42.50068662979209" lon="19.93328056456228">
        <ele>1446</ele>
      </trkpt>
      <trkpt lat="42.50063513255769" lon="19.93359813084113">
        <ele>1442</ele>
      </trkpt>
      <trkpt lat="42.50054358191874" lon="19.93387659736793">
        <ele>1437</ele>
      </trkpt>
      <trkpt lat="42.50041769979019" lon="19.93417699790197">
        <ele>1430</ele>
      </trkpt>
      <trkpt lat="42.50027465191683" lon="19.93443448407401">
        <ele>1425</ele>
      </trkpt>
      <trkpt lat="42.50023650581727" lon="19.93479973297731">
        <ele>1424</ele>
      </trkpt>
      <trkpt lat="42.50027465191683" lon="19.93524985695213">
        <ele>1426</ele>
      </trkpt>
      <trkpt lat="42.500347129506" lon="19.93564085447264">
        <ele>1428</ele>
      </trkpt>
      <trkpt lat="42.50031565897386" lon="19.93592408926188">
        <ele>1426</ele>
      </trkpt>
      <trkpt lat="42.50024032042722" lon="19.93630173564754">
        <ele>1420</ele>
      </trkpt>
      <trkpt lat="42.50018882319282" lon="19.93662788479879">
        <ele>1415</ele>
      </trkpt>
      <trkpt lat="42.50004958992942" lon="19.93694545107763">
        <ele>1405</ele>
      </trkpt>
      <trkpt lat="42.49999999999999" lon="19.93703604806409">
        <ele>1402</ele>
      </trkpt>
      <trkpt lat="42.50000000000001" lon="19.93703604806409">
        <ele>1402</ele>
      </trkpt>
      <trkpt lat="42.49987316421897" lon="19.93726683196644">
        <ele>1395</ele>
      </trkpt>
      <trkpt lat="42.4997749380126" lon="19.93741369444975">
        <ele>1391</ele>
      </trkpt>
      <trkpt lat="42.49973679191304" lon="19.93756723250048">
        <ele>1389</ele>
      </trkpt>
      <trkpt lat="42.49961663169942" lon="19.93762349799734">
        <ele>1386</ele>
      </trkpt>
      <trkpt lat="42.49956894907496" lon="19.93775224108336">
        <ele>1385</ele>
      </trkpt>
      <trkpt lat="42.49969578485601" lon="19.93781613580012">
        <ele>1388</ele>
      </trkpt>
      <trkpt lat="42.49981594506963" lon="19.93797158115583">
        <ele>1391</ele>
      </trkpt>
      <trkpt lat="42.49968338737365" lon="19.93813847034141">
        <ele>1387</ele>
      </trkpt>
      <trkpt lat="42.49936677474729" lon="19.9386963570475">
        <ele>1379</ele>
      </trkpt>
      <trkpt lat="42.49910070570285" lon="19.93888518024033">
        <ele>1372</ele>
      </trkpt>
      <trkpt lat="42.49906923517072" lon="19.93921132939158">
        <ele>1372</ele>
      </trkpt>
      <trkpt lat="42.49905683768836" lon="19.93960614152203">
        <ele>1370</ele>
      </trkpt>
      <trkpt lat="42.49904062559605" lon="19.93969769216098">
        <ele>1369</ele>
      </trkpt>
      <trkpt lat="42.49904539385849" lon="19.93981022315469">
        <ele>1369</ele>
      </trkpt>
      <trkpt lat="42.49908067900058" lon="19.94000000000001">
        <ele>1369</ele>
      </trkpt>
      <trkpt lat="42.49908067900058" lon="19.94000000000002">
        <ele>1369</ele>
      </trkpt>
      <trkpt lat="42.49910261300783" lon="19.9401144382987">
        <ele>1369</ele>
      </trkpt>
      <trkpt lat="42.49912454701508" lon="19.94022887659738">
        <ele>1370</ele>
      </trkpt>
      <trkpt lat="42.49910452031281" lon="19.94032996376122">
        <ele>1369</ele>
      </trkpt>
      <trkpt lat="42.49899580392906" lon="19.9404100705703">
        <ele>1366</ele>
      </trkpt>
      <trkpt lat="42.49888708754531" lon="19.94049113103187">
        <ele>1363</ele>
      </trkpt>
      <trkpt lat="42.49882796109099" lon="19.94056074766357">
        <ele>1361</ele>
      </trkpt>
      <trkpt lat="42.4987917222964" lon="19.94065802021745">
        <ele>1360</ele>
      </trkpt>
      <trkpt lat="42.49878790768645" lon="19.94076482929622">
        <ele>1360</ele>
      </trkpt>
      <trkpt lat="42.4987917222964" lon="19.94087259202748">
        <ele>1359</ele>
      </trkpt>
      <trkpt lat="42.49880793438872" lon="19.94097940110625">
        <ele>1358</ele>
      </trkpt>
      <trkpt lat="42.49884321953081" lon="19.94108144192258">
        <ele>1358</ele>
      </trkpt>
      <trkpt lat="42.49887850467291" lon="19.94118348273891">
        <ele>1357</ele>
      </trkpt>
      <trkpt lat="42.49889853137518" lon="19.94128552355523">
        <ele>1356</ele>
      </trkpt>
      <trkpt lat="42.49890806790007" lon="19.94138661071907">
        <ele>1355</ele>
      </trkpt>
      <trkpt lat="42.49891855807745" lon="19.9414886515354">
        <ele>1354</ele>
      </trkpt>
      <trkpt lat="42.49891474346749" lon="19.94159641426666">
        <ele>1352</ele>
      </trkpt>
      <trkpt lat="42.49889471676522" lon="19.94170322334543">
        <ele>1351</ele>
      </trkpt>
      <trkpt lat="42.49885943162312" lon="19.94180049589931">
        <ele>1349</ele>
      </trkpt>
      <trkpt lat="42.49880793438872" lon="19.94188632462333">
        <ele>1347</ele>
      </trkpt>
      <trkpt lat="42.49875643715431" lon="19.94197215334734">
        <ele>1345</ele>
      </trkpt>
      <trkpt lat="42.49873259584209" lon="19.94207419416366">
        <ele>1343</ele>
      </trkpt>
      <trkpt lat="42.49872687392715" lon="19.94218100324244">
        <ele>1342</ele>
      </trkpt>
      <trkpt lat="42.49872115201222" lon="19.9422887659737">
        <ele>1341</ele>
      </trkpt>
      <trkpt lat="42.49875262254435" lon="19.94238985313753">
        <ele>1341</ele>
      </trkpt>
      <trkpt lat="42.49878409307649" lon="19.94249189395386">
        <ele>1340</ele>
      </trkpt>
      <trkpt lat="42.49878409307649" lon="19.94260442494756">
        <ele>1339</ele>
      </trkpt>
      <trkpt lat="42.49878409307649" lon="19.94271790959376">
        <ele>1338</ele>
      </trkpt>
      <trkpt lat="42.49876788098418" lon="19.94282471867253">
        <ele>1336</ele>
      </trkpt>
      <trkpt lat="42.49872496662217" lon="19.94291626931148">
        <ele>1334</ele>
      </trkpt>
      <trkpt lat="42.49870112530995" lon="19.94301831012781">
        <ele>1332</ele>
      </trkpt>
      <trkpt lat="42.49868872782759" lon="19.94312035094413">
        <ele>1331</ele>
      </trkpt>
      <trkpt lat="42.49864962807554" lon="19.94321094793059">
        <ele>1329</ele>
      </trkpt>
      <trkpt lat="42.49859431623118" lon="19.94328628647722">
        <ele>1327</ele>
      </trkpt>
      <trkpt lat="42.49854281899677" lon="19.94337211520124">
        <ele>1324</ele>
      </trkpt>
      <trkpt lat="42.49854663360672" lon="19.94347606332254">
        <ele>1322</ele>
      </trkpt>
      <trkpt lat="42.49855044821668" lon="19.94358096509633">
        <ele>1320</ele>
      </trkpt>
      <trkpt lat="42.4985313751669" lon="19.94369349609004">
        <ele>1317</ele>
      </trkpt>
      <trkpt lat="42.49849704367729" lon="19.94378981499143">
        <ele>1315</ele>
      </trkpt>
      <trkpt lat="42.49846366584018" lon="19.94388708754532">
        <ele>1312</ele>
      </trkpt>
      <trkpt lat="42.49842361243564" lon="19.94397768453177">
        <ele>1309</ele>
      </trkpt>
      <trkpt lat="42.49838451268359" lon="19.94406923517072">
        <ele>1306</ele>
      </trkpt>
      <trkpt lat="42.49832920083922" lon="19.94415506389473">
        <ele>1303</ele>
      </trkpt>
      <trkpt lat="42.4982614915125" lon="19.94421991226399">
        <ele>1300</ele>
      </trkpt>
      <trkpt lat="42.49818710661836" lon="19.94425710471106">
        <ele>1297</ele>
      </trkpt>
      <trkpt lat="42.49811748998665" lon="19.94423421705132">
        <ele>1295</ele>
      </trkpt>
      <trkpt lat="42.49804978065993" lon="19.94433530421516">
        <ele>1291</ele>
      </trkpt>
      <trkpt lat="42.49798302498571" lon="19.94443734503149">
        <ele>1288</ele>
      </trkpt>
      <trkpt lat="42.49784569902728" lon="19.9447320236506">
        <ele>1280</ele>
      </trkpt>
      <trkpt lat="42.49782853328248" lon="19.94483024985697">
        <ele>1278</ele>
      </trkpt>
      <trkpt lat="42.49781136753768" lon="19.94492942971583">
        <ele>1277</ele>
      </trkpt>
      <trkpt lat="42.49774938012589" lon="19.94498664886517">
        <ele>1274</ele>
      </trkpt>
      <trkpt lat="42.4977312607286" lon="19.94507629219914">
        <ele>1273</ele>
      </trkpt>
      <trkpt lat="42.49771314133131" lon="19.9451668891856">
        <ele>1272</ele>
      </trkpt>
      <trkpt lat="42.49759870303262" lon="19.94543105092506">
        <ele>1269</ele>
      </trkpt>
      <trkpt lat="42.49754529849324" lon="19.94550066755676">
        <ele>1268</ele>
      </trkpt>
      <trkpt lat="42.49749284760634" lon="19.94557028418846">
        <ele>1267</ele>
      </trkpt>
      <trkpt lat="42.49748712569141" lon="19.94562082777038">
        <ele>1267</ele>
      </trkpt>
      <trkpt lat="42.49742895288958" lon="19.94574003433151">
        <ele>1266</ele>
      </trkpt>
      <trkpt lat="42.49737078008774" lon="19.94586019454513">
        <ele>1265</ele>
      </trkpt>
      <trkpt lat="42.49717814228496" lon="19.94637612054169">
        <ele>1258</ele>
      </trkpt>
      <trkpt lat="42.49717051306505" lon="19.94647339309557">
        <ele>1257</ele>
      </trkpt>
      <trkpt lat="42.49716288384514" lon="19.94657161930194">
        <ele>1256</ele>
      </trkpt>
      <trkpt lat="42.49717528132749" lon="19.94664695784858">
        <ele>1256</ele>
      </trkpt>
      <trkpt lat="42.49718767880985" lon="19.94672229639521">
        <ele>1255</ele>
      </trkpt>
      <trkpt lat="42.49718291054741" lon="19.9468367346939">
        <ele>1253</ele>
      </trkpt>
      <trkpt lat="42.49717814228496" lon="19.94695212664507">
        <ele>1252</ele>
      </trkpt>
      <trkpt lat="42.4971657448026" lon="19.94702651153921">
        <ele>1250</ele>
      </trkpt>
      <trkpt lat="42.49712759870305" lon="19.94707037955371">
        <ele>1249</ele>
      </trkpt>
      <trkpt lat="42.49711806217815" lon="19.94713618157545">
        <ele>1248</ele>
      </trkpt>
      <trkpt lat="42.49703223345414" lon="19.94740320427238">
        <ele>1243</ele>
      </trkpt>
      <trkpt lat="42.4970093457944" lon="19.94751287430862">
        <ele>1241</ele>
      </trkpt>
      <trkpt lat="42.49693019263781" lon="19.94804596604999">
        <ele>1231</ele>
      </trkpt>
      <trkpt lat="42.49688918558078" lon="19.94807934388711">
        <ele>1230</ele>
      </trkpt>
      <trkpt lat="42.4968615296586" lon="19.94817089452605">
        <ele>1228</ele>
      </trkpt>
      <trkpt lat="42.49684341026131" lon="19.94826339881749">
        <ele>1226</ele>
      </trkpt>
      <trkpt lat="42.49685008582873" lon="19.94829773030709">
        <ele>1225</ele>
      </trkpt>
      <trkpt lat="42.49682529086402" lon="19.94840263208089">
        <ele>1223</ele>
      </trkpt>
      <trkpt lat="42.49681670799162" lon="19.94849418271983">
        <ele>1222</ele>
      </trkpt>
      <trkpt lat="42.4968090787717" lon="19.94858573335878">
        <ele>1221</ele>
      </trkpt>
      <trkpt lat="42.49679382033188" lon="19.94863532328821">
        <ele>1220</ele>
      </trkpt>
      <trkpt lat="42.49674041579249" lon="19.94869254243755">
        <ele>1218</ele>
      </trkpt>
      <trkpt lat="42.49673374022507" lon="19.94871543009729">
        <ele>1217</ele>
      </trkpt>
      <trkpt lat="42.4967308792676" lon="19.94879649055886">
        <ele>1216</ele>
      </trkpt>
      <trkpt lat="42.49677283997712" lon="19.94886133892811">
        <ele>1217</ele>
      </trkpt>
      <trkpt lat="42.49677570093459" lon="19.94892714094986">
        <ele>1216</ele>
      </trkpt>
      <trkpt lat="42.49677856189206" lon="19.9489929429716">
        <ele>1215</ele>
      </trkpt>
      <trkpt lat="42.49679000572193" lon="19.94903681098609">
        <ele>1215</ele>
      </trkpt>
      <trkpt lat="42.49679477398437" lon="19.94909212283046">
        <ele>1215</ele>
      </trkpt>
      <trkpt lat="42.49677570093459" lon="19.94919225634181">
        <ele>1213</ele>
      </trkpt>
      <trkpt lat="42.49677093267214" lon="19.94952984932292">
        <ele>1211</ele>
      </trkpt>
      <trkpt lat="42.49676425710472" lon="19.94963951935916">
        <ele>1210</ele>
      </trkpt>
      <trkpt lat="42.4967575815373" lon="19.9497491893954">
        <ele>1209</ele>
      </trkpt>
      <trkpt lat="42.49673946214001" lon="19.94986076673662">
        <ele>1208</ele>
      </trkpt>
      <trkpt lat="42.49672134274272" lon="19.94997329773032">
        <ele>1207</ele>
      </trkpt>
      <trkpt lat="42.49666221628839" lon="19.95024699599468">
        <ele>1203</ele>
      </trkpt>
      <trkpt lat="42.49663932862866" lon="19.95029467861913">
        <ele>1202</ele>
      </trkpt>
      <trkpt lat="42.49660499713905" lon="19.95031756627887">
        <ele>1201</ele>
      </trkpt>
      <trkpt lat="42.49660213618159" lon="19.95035380507345">
        <ele>1200</ele>
      </trkpt>
      <trkpt lat="42.49660404348656" lon="19.95040911691781">
        <ele>1200</ele>
      </trkpt>
      <trkpt lat="42.49661358001146" lon="19.9504625214572">
        <ele>1199</ele>
      </trkpt>
      <trkpt lat="42.49664600419608" lon="19.95048254815947">
        <ele>1199</ele>
      </trkpt>
      <trkpt lat="42.49669082586306" lon="19.9504711043296">
        <ele>1201</ele>
      </trkpt>
      <trkpt lat="42.49674232309747" lon="19.95048254815947">
        <ele>1202</ele>
      </trkpt>
      <trkpt lat="42.49677760823957" lon="19.95052260156401">
        <ele>1203</ele>
      </trkpt>
      <trkpt lat="42.49678237650201" lon="19.95061224489798">
        <ele>1202</ele>
      </trkpt>
      <trkpt lat="42.49676711806219" lon="19.95070284188444">
        <ele>1200</ele>
      </trkpt>
      <trkpt lat="42.49672992561511" lon="19.95074766355142">
        <ele>1198</ele>
      </trkpt>
      <trkpt lat="42.49666603089835" lon="19.95073431241657">
        <ele>1197</ele>
      </trkpt>
      <trkpt lat="42.49658973869923" lon="19.95074098798399">
        <ele>1195</ele>
      </trkpt>
      <trkpt lat="42.49658973869923" lon="19.95074098798399">
        <ele>1195</ele>
      </trkpt>
      <trkpt lat="42.49655254625215" lon="19.95070951745186">
        <ele>1195</ele>
      </trkpt>
      <trkpt lat="42.49645718100325" lon="19.95060652298304">
        <ele>1195</ele>
      </trkpt>
      <trkpt lat="42.49642284951365" lon="19.95050352851423">
        <ele>1196</ele>
      </trkpt>
      <trkpt lat="42.49639996185391" lon="19.9503843219531">
        <ele>1197</ele>
      </trkpt>
      <trkpt lat="42.4963656303643" lon="19.95027751287433">
        <ele>1198</ele>
      </trkpt>
      <trkpt lat="42.4963312988747" lon="19.95017165744804">
        <ele>1199</ele>
      </trkpt>
      <trkpt lat="42.49629506008012" lon="19.95010013351137">
        <ele>1199</ele>
      </trkpt>
      <trkpt lat="42.49626358954798" lon="19.95006961663172">
        <ele>1199</ele>
      </trkpt>
      <trkpt lat="42.49621113866108" lon="19.95006675567425">
        <ele>1198</ele>
      </trkpt>
      <trkpt lat="42.49618825100134" lon="19.95007819950412">
        <ele>1198</ele>
      </trkpt>
      <trkpt lat="42.49610146862484" lon="19.95019168415031">
        <ele>1195</ele>
      </trkpt>
      <trkpt lat="42.49604615678048" lon="19.95025557886708">
        <ele>1193</ele>
      </trkpt>
      <trkpt lat="42.49599084493612" lon="19.95032042723633">
        <ele>1191</ele>
      </trkpt>
      <trkpt lat="42.49595460614153" lon="19.95034426854856">
        <ele>1190</ele>
      </trkpt>
      <trkpt lat="42.49588594316232" lon="19.95035571237842">
        <ele>1189</ele>
      </trkpt>
      <trkpt lat="42.49581728018311" lon="19.95036715620829">
        <ele>1189</ele>
      </trkpt>
      <trkpt lat="42.49576959755866" lon="19.95040434865537">
        <ele>1189</ele>
      </trkpt>
      <trkpt lat="42.49571142475683" lon="19.95047015067711">
        <ele>1190</ele>
      </trkpt>
      <trkpt lat="42.49567137135229" lon="19.95056074766357">
        <ele>1190</ele>
      </trkpt>
      <trkpt lat="42.49563131794775" lon="19.95065134465003">
        <ele>1189</ele>
      </trkpt>
      <trkpt lat="42.49550925042915" lon="19.95105950791533">
        <ele>1187</ele>
      </trkpt>
      <trkpt lat="42.49547682624453" lon="19.95114247568188">
        <ele>1186</ele>
      </trkpt>
      <trkpt lat="42.4954444020599" lon="19.95122544344843">
        <ele>1186</ele>
      </trkpt>
      <trkpt lat="42.49542532901012" lon="19.95129601373261">
        <ele>1185</ele>
      </trkpt>
      <trkpt lat="42.49540625596034" lon="19.95136753766929">
        <ele>1185</ele>
      </trkpt>
      <trkpt lat="42.49539099752051" lon="19.95164600419609">
        <ele>1181</ele>
      </trkpt>
      <trkpt lat="42.49525653251956" lon="19.95191111958804">
        <ele>1182</ele>
      </trkpt>
      <trkpt lat="42.49521838642" lon="19.95197119969485">
        <ele>1182</ele>
      </trkpt>
      <trkpt lat="42.49507533854664" lon="19.95230402441352">
        <ele>1181</ele>
      </trkpt>
      <trkpt lat="42.49502193400726" lon="19.95306790005723">
        <ele>1173</ele>
      </trkpt>
      <trkpt lat="42.49497043677285" lon="19.95341789052071">
        <ele>1171</ele>
      </trkpt>
      <trkpt lat="42.49481975967958" lon="19.95407495708566">
        <ele>1174</ele>
      </trkpt>
      <trkpt lat="42.49469483120352" lon="19.95442494754913">
        <ele>1177</ele>
      </trkpt>
      <trkpt lat="42.49461567804693" lon="19.95466812893383">
        <ele>1178</ele>
      </trkpt>
      <trkpt lat="42.49454320045776" lon="19.955044821667">
        <ele>1176</ele>
      </trkpt>
      <trkpt lat="42.49445832538624" lon="19.95541197787528">
        <ele>1172</ele>
      </trkpt>
      <trkpt lat="42.49407877169561" lon="19.95639519359147">
        <ele>1166</ele>
      </trkpt>
      <trkpt lat="42.49388136563037" lon="19.95673087926761">
        <ele>1166</ele>
      </trkpt>
      <trkpt lat="42.49375548350182" lon="19.95701983597179">
        <ele>1164</ele>
      </trkpt>
      <trkpt lat="42.49372115201221" lon="19.95708563799353">
        <ele>1163</ele>
      </trkpt>
      <trkpt lat="42.49359145527371" lon="19.95724966622165">
        <ele>1162</ele>
      </trkpt>
      <trkpt lat="42.49341693686821" lon="19.95753766927333">
        <ele>1158</ele>
      </trkpt>
      <trkpt lat="42.49341693686821" lon="19.95753766927333">
        <ele>1158</ele>
      </trkpt>
      <trkpt lat="42.49341598321573" lon="19.95764066374215">
        <ele>1154</ele>
      </trkpt>
      <trkpt lat="42.49342265878315" lon="19.95772553881367">
        <ele>1151</ele>
      </trkpt>
      <trkpt lat="42.49341979782568" lon="19.95780564562275">
        <ele>1149</ele>
      </trkpt>
      <trkpt lat="42.49341693686821" lon="19.95788575243183">
        <ele>1146</ele>
      </trkpt>
      <trkpt lat="42.49342265878315" lon="19.95795155445358">
        <ele>1144</ele>
      </trkpt>
      <trkpt lat="42.49344077818044" lon="19.95803166126265">
        <ele>1142</ele>
      </trkpt>
      <trkpt lat="42.49349990463476" lon="19.95809174136946">
        <ele>1139</ele>
      </trkpt>
      <trkpt lat="42.49358477970628" lon="19.95814133129889">
        <ele>1138</ele>
      </trkpt>
      <trkpt lat="42.49358477970628" lon="19.95814133129889">
        <ele>1138</ele>
      </trkpt>
      <trkpt lat="42.49364962807554" lon="19.95819664314326">
        <ele>1136</ele>
      </trkpt>
      <trkpt lat="42.49371543009728" lon="19.95825195498762">
        <ele>1134</ele>
      </trkpt>
      <trkpt lat="42.49379744421134" lon="19.95828724012971">
        <ele>1134</ele>
      </trkpt>
      <trkpt lat="42.49381559644792" lon="19.95829504981289">
        <ele>1133</ele>
      </trkpt>
      <trkpt lat="42.49381559641778" lon="19.95829504979993">
        <ele>1133</ele>
      </trkpt>
      <trkpt lat="42.49383082204845" lon="19.95837879076866">
        <ele>1132</ele>
      </trkpt>
      <trkpt lat="42.4938184245661" lon="19.95845889757774">
        <ele>1132</ele>
      </trkpt>
      <trkpt lat="42.49379458325387" lon="19.95853042151442">
        <ele>1132</ele>
      </trkpt>
      <trkpt lat="42.49372592027466" lon="19.95863723059319">
        <ele>1131</ele>
      </trkpt>
      <trkpt lat="42.49369731069999" lon="19.95870112530995">
        <ele>1130</ele>
      </trkpt>
      <trkpt lat="42.49366965477781" lon="19.95876502002672">
        <ele>1129</ele>
      </trkpt>
      <trkpt lat="42.49363627694069" lon="19.95887659736794">
        <ele>1128</ele>
      </trkpt>
      <trkpt lat="42.4936448598131" lon="19.95898149914173">
        <ele>1127</ele>
      </trkpt>
      <trkpt lat="42.49368586687012" lon="19.95906923517072">
        <ele>1127</ele>
      </trkpt>
      <trkpt lat="42.49375452984933" lon="19.95917890520696">
        <ele>1128</ele>
      </trkpt>
      <trkpt lat="42.49382414648103" lon="19.9592885752432">
        <ele>1132</ele>
      </trkpt>
      <trkpt lat="42.49393381651727" lon="19.95939061605953">
        <ele>1137</ele>
      </trkpt>
      <trkpt lat="42.494044440206" lon="19.95949361052834">
        <ele>1142</ele>
      </trkpt>
      <trkpt lat="42.49413694449743" lon="19.95961281708947">
        <ele>1146</ele>
      </trkpt>
      <trkpt lat="42.49418844173184" lon="19.95971390425331">
        <ele>1149</ele>
      </trkpt>
      <trkpt lat="42.49423993896625" lon="19.95981499141714">
        <ele>1152</ele>
      </trkpt>
      <trkpt lat="42.49427331680337" lon="19.95990844936107">
        <ele>1153</ele>
      </trkpt>
      <trkpt lat="42.49431432386039" lon="19.95997711234028">
        <ele>1155</ele>
      </trkpt>
      <trkpt lat="42.49434579439253" lon="19.96000000000002">
        <ele>1155</ele>
      </trkpt>
      <trkpt lat="42.49434579439253" lon="19.96">
        <ele>1155</ele>
      </trkpt>
      <trkpt lat="42.49444375761681" lon="19.96001711978677">
        <ele>1156</ele>
      </trkpt>
      <trkpt lat="42.49444375761635" lon="19.96001711979318">
        <ele>1156</ele>
      </trkpt>
      <trkpt lat="42.49443162311655" lon="19.96018786954034">
        <ele>1156</ele>
      </trkpt>
      <trkpt lat="42.49438012588214" lon="19.96047873354949">
        <ele>1156</ele>
      </trkpt>
      <trkpt lat="42.49435437726493" lon="19.96095937440397">
        <ele>1157</ele>
      </trkpt>
      <trkpt lat="42.49448693496091" lon="19.96144669082586">
        <ele>1157</ele>
      </trkpt>
      <trkpt lat="42.49447167652109" lon="19.96181098607667">
        <ele>1159</ele>
      </trkpt>
      <trkpt lat="42.49447167652109" lon="19.96181098607667">
        <ele>1159</ele>
      </trkpt>
      <trkpt lat="42.49456634980451" lon="19.9619482372918">
        <ele>1161</ele>
      </trkpt>
      <trkpt lat="42.49456704176999" lon="19.96194831203509">
        <ele>1161</ele>
      </trkpt>
      <trkpt lat="42.49473488460806" lon="19.96196643143238">
        <ele>1161</ele>
      </trkpt>
      <trkpt lat="42.49500381460997" lon="19.9620608430288">
        <ele>1162</ele>
      </trkpt>
      <trkpt lat="42.49524032042724" lon="19.96216574480259">
        <ele>1166</ele>
      </trkpt>
      <trkpt lat="42.49536143429335" lon="19.96224108334923">
        <ele>1168</ele>
      </trkpt>
      <trkpt lat="42.49555025748618" lon="19.96229162693114">
        <ele>1169</ele>
      </trkpt>
      <trkpt lat="42.49566374213238" lon="19.96235838260538">
        <ele>1170</ele>
      </trkpt>
      <trkpt lat="42.49579153156591" lon="19.96246233072668">
        <ele>1171</ele>
      </trkpt>
      <trkpt lat="42.49585447263019" lon="19.96255197406065">
        <ele>1171</ele>
      </trkpt>
      <trkpt lat="42.49596700362389" lon="19.96292771314133">
        <ele>1173</ele>
      </trkpt>
      <trkpt lat="42.49610814419226" lon="19.96300400534045">
        <ele>1175</ele>
      </trkpt>
      <trkpt lat="42.49620732405113" lon="19.96299542246805">
        <ele>1177</ele>
      </trkpt>
      <trkpt lat="42.49632843791724" lon="19.96311176807171">
        <ele>1178</ele>
      </trkpt>
      <trkpt lat="42.49655636086211" lon="19.96346366584017">
        <ele>1183</ele>
      </trkpt>
      <trkpt lat="42.49671562082778" lon="19.96380698073622">
        <ele>1190</ele>
      </trkpt>
      <trkpt lat="42.4970265115392" lon="19.96415792485218">
        <ele>1195</ele>
      </trkpt>
      <trkpt lat="42.49723440778181" lon="19.96427522410833">
        <ele>1197</ele>
      </trkpt>
      <trkpt lat="42.49766927331681" lon="19.96450505435819">
        <ele>1201</ele>
      </trkpt>
      <trkpt lat="42.49787240129697" lon="19.96486362769407">
        <ele>1208</ele>
      </trkpt>
      <trkpt lat="42.49796204463095" lon="19.9649828342552">
        <ele>1211</ele>
      </trkpt>
      <trkpt lat="42.49802975395767" lon="19.96509822620637">
        <ele>1216</ele>
      </trkpt>
      <trkpt lat="42.49812511920657" lon="19.96538909021552">
        <ele>1227</ele>
      </trkpt>
      <trkpt lat="42.49828819378219" lon="19.9656341789052">
        <ele>1231</ele>
      </trkpt>
      <trkpt lat="42.49840358573337" lon="19.96578008773603">
        <ele>1236</ele>
      </trkpt>
      <trkpt lat="42.49863532328821" lon="19.96564943734503">
        <ele>1247</ele>
      </trkpt>
      <trkpt lat="42.49869731069999" lon="19.96547015067709">
        <ele>1249</ele>
      </trkpt>
      <trkpt lat="42.49881270265116" lon="19.96537860003815">
        <ele>1255</ele>
      </trkpt>
      <trkpt lat="42.49889280946024" lon="19.96520122067518">
        <ele>1259</ele>
      </trkpt>
      <trkpt lat="42.49895193591456" lon="19.96520694259012">
        <ele>1263</ele>
      </trkpt>
      <trkpt lat="42.49902536715621" lon="19.96551020408163">
        <ele>1268</ele>
      </trkpt>
      <trkpt lat="42.49904253290102" lon="19.9656608811749">
        <ele>1269</ele>
      </trkpt>
      <trkpt lat="42.49906923517072" lon="19.96580583635323">
        <ele>1270</ele>
      </trkpt>
      <trkpt lat="42.49911024222774" lon="19.96584684341026">
        <ele>1272</ele>
      </trkpt>
      <trkpt lat="42.49919893190922" lon="19.96565897386992">
        <ele>1277</ele>
      </trkpt>
      <trkpt lat="42.49965382414649" lon="19.96539195117299">
        <ele>1307</ele>
      </trkpt>
      <trkpt lat="42.49981499141714" lon="19.96568853709708">
        <ele>1318</ele>
      </trkpt>
      <trkpt lat="42.50000000000001" lon="19.9656341789052">
        <ele>1323</ele>
      </trkpt>
      <trkpt lat="42.49999999999999" lon="19.9656341789052">
        <ele>1323</ele>
      </trkpt>
      <trkpt lat="42.50006484836925" lon="19.96561415220294">
        <ele>1326</ele>
      </trkpt>
      <trkpt lat="42.50013065039099" lon="19.96559507915315">
        <ele>1329</ele>
      </trkpt>
      <trkpt lat="42.50015258439824" lon="19.96556074766355">
        <ele>1330</ele>
      </trkpt>
      <trkpt lat="42.5001029944688" lon="19.96546538241465">
        <ele>1328</ele>
      </trkpt>
      <trkpt lat="42.50005340453938" lon="19.96537097081823">
        <ele>1325</ele>
      </trkpt>
      <trkpt lat="42.50003433148959" lon="19.96531470532138">
        <ele>1324</ele>
      </trkpt>
      <trkpt lat="42.50006103375929" lon="19.96525748617204">
        <ele>1326</ele>
      </trkpt>
      <trkpt lat="42.50014209422086" lon="19.96517642571047">
        <ele>1330</ele>
      </trkpt>
      <trkpt lat="42.50020026702268" lon="19.96519931337021">
        <ele>1332</ele>
      </trkpt>
      <trkpt lat="42.50022029372496" lon="19.96522887659737">
        <ele>1333</ele>
      </trkpt>
      <trkpt lat="42.50025843982452" lon="19.96523936677475">
        <ele>1335</ele>
      </trkpt>
      <trkpt lat="42.50026320808696" lon="19.96513732595842">
        <ele>1335</ele>
      </trkpt>
      <trkpt lat="42.50028228113675" lon="19.96507152393668">
        <ele>1336</ele>
      </trkpt>
      <trkpt lat="42.50025748617203" lon="19.96496280755293">
        <ele>1335</ele>
      </trkpt>
      <trkpt lat="42.5002336448598" lon="19.96485409116918">
        <ele>1334</ele>
      </trkpt>
      <trkpt lat="42.50023555216478" lon="19.96480068662979">
        <ele>1334</ele>
      </trkpt>
      <trkpt lat="42.50024794964714" lon="19.96477207705512">
        <ele>1334</ele>
      </trkpt>
      <trkpt lat="42.50029372496661" lon="19.96473583826054">
        <ele>1336</ele>
      </trkpt>
      <trkpt lat="42.50034903681097" lon="19.96467194354377">
        <ele>1339</ele>
      </trkpt>
      <trkpt lat="42.50041960709517" lon="19.96465000953652">
        <ele>1342</ele>
      </trkpt>
      <trkpt lat="42.50045203127979" lon="19.96462902918176">
        <ele>1344</ele>
      </trkpt>
      <trkpt lat="42.50050448216669" lon="19.96461567804692">
        <ele>1346</ele>
      </trkpt>
      <trkpt lat="42.50056837688346" lon="19.96461663169941">
        <ele>1349</ele>
      </trkpt>
      <trkpt lat="42.50067232500476" lon="19.96462521457181">
        <ele>1354</ele>
      </trkpt>
      <trkpt lat="42.50072382223917" lon="19.96464142666412">
        <ele>1356</ele>
      </trkpt>
      <trkpt lat="42.50073526606904" lon="19.96465954606142">
        <ele>1357</ele>
      </trkpt>
      <trkpt lat="42.50080392904825" lon="19.96467575815373">
        <ele>1360</ele>
      </trkpt>
      <trkpt lat="42.50080297539576" lon="19.9647215334732">
        <ele>1360</ele>
      </trkpt>
      <trkpt lat="42.50081155826816" lon="19.96474251382796">
        <ele>1361</ele>
      </trkpt>
      <trkpt lat="42.50085733358763" lon="19.96477303070761">
        <ele>1363</ele>
      </trkpt>
      <trkpt lat="42.50086400915505" lon="19.96479591836735">
        <ele>1363</ele>
      </trkpt>
      <trkpt lat="42.50085733358763" lon="19.96483978638184">
        <ele>1363</ele>
      </trkpt>
      <trkpt lat="42.50088022124737" lon="19.96487697882892">
        <ele>1363</ele>
      </trkpt>
      <trkpt lat="42.50091073812702" lon="19.96489414457372">
        <ele>1364</ele>
      </trkpt>
      <trkpt lat="42.50092313560938" lon="19.96491512492847">
        <ele>1365</ele>
      </trkpt>
      <trkpt lat="42.50092790387182" lon="19.96495994659546">
        <ele>1365</ele>
      </trkpt>
      <trkpt lat="42.50096223536143" lon="19.96501335113485">
        <ele>1366</ele>
      </trkpt>
      <trkpt lat="42.50098321571618" lon="19.96509631890139">
        <ele>1366</ele>
      </trkpt>
      <trkpt lat="42.50100419607094" lon="19.96518024032043">
        <ele>1367</ele>
      </trkpt>
      <trkpt lat="42.50103185199313" lon="19.96526416173946">
        <ele>1368</ele>
      </trkpt>
      <trkpt lat="42.50105378600037" lon="19.96530230783902">
        <ele>1369</ele>
      </trkpt>
      <trkpt lat="42.50111291245469" lon="19.96535094411596">
        <ele>1370</ele>
      </trkpt>
      <trkpt lat="42.5011644096891" lon="19.96535285142094">
        <ele>1372</ele>
      </trkpt>
      <trkpt lat="42.5011815754339" lon="19.96535857333588">
        <ele>1372</ele>
      </trkpt>
      <trkpt lat="42.50126168224298" lon="19.96541007057028">
        <ele>1374</ele>
      </trkpt>
      <trkpt lat="42.50129696738507" lon="19.96546538241465">
        <ele>1375</ele>
      </trkpt>
      <trkpt lat="42.5013560938394" lon="19.9655130650391">
        <ele>1377</ele>
      </trkpt>
      <trkpt lat="42.50139614724394" lon="19.96555788670608">
        <ele>1378</ele>
      </trkpt>
      <trkpt lat="42.50141045203127" lon="19.96562464238032">
        <ele>1379</ele>
      </trkpt>
      <trkpt lat="42.5014257104711" lon="19.96569235170704">
        <ele>1380</ele>
      </trkpt>
      <trkpt lat="42.50143429334349" lon="19.9657133320618">
        <ele>1380</ele>
      </trkpt>
      <trkpt lat="42.50144955178332" lon="19.96572668319664">
        <ele>1381</ele>
      </trkpt>
      <trkpt lat="42.50146576387564" lon="19.96573145145909">
        <ele>1381</ele>
      </trkpt>
      <trkpt lat="42.50150104901773" lon="19.96572096128171">
        <ele>1382</ele>
      </trkpt>
      <trkpt lat="42.50154491703223" lon="19.96576006103376">
        <ele>1383</ele>
      </trkpt>
      <trkpt lat="42.50158210947929" lon="19.96575338546634">
        <ele>1384</ele>
      </trkpt>
      <trkpt lat="42.50159546061414" lon="19.96576959755865">
        <ele>1384</ele>
      </trkpt>
      <trkpt lat="42.50159546061414" lon="19.96579248521839">
        <ele>1385</ele>
      </trkpt>
      <trkpt lat="42.50160881174899" lon="19.9658086973107">
        <ele>1385</ele>
      </trkpt>
      <trkpt lat="42.50164409689108" lon="19.96580488270074">
        <ele>1386</ele>
      </trkpt>
      <trkpt lat="42.5016774747282" lon="19.96579248521839">
        <ele>1387</ele>
      </trkpt>
      <trkpt lat="42.50171275987029" lon="19.96579343887088">
        <ele>1388</ele>
      </trkpt>
      <trkpt lat="42.50175185962235" lon="19.96587545298493">
        <ele>1389</ele>
      </trkpt>
      <trkpt lat="42.50179763494182" lon="19.96594983787908">
        <ele>1392</ele>
      </trkpt>
      <trkpt lat="42.5017985885943" lon="19.96599561319855">
        <ele>1392</ele>
      </trkpt>
      <trkpt lat="42.50177093267212" lon="19.96605473965287">
        <ele>1392</ele>
      </trkpt>
      <trkpt lat="42.50177379362959" lon="19.96610051497234">
        <ele>1393</ele>
      </trkpt>
      <trkpt lat="42.50180144955178" lon="19.96613103185199">
        <ele>1394</ele>
      </trkpt>
      <trkpt lat="42.50181861529658" lon="19.96613961472439">
        <ele>1395</ele>
      </trkpt>
      <trkpt lat="42.50188918558077" lon="19.96615010490177">
        <ele>1396</ele>
      </trkpt>
      <trkpt lat="42.50192256341788" lon="19.96616440968911">
        <ele>1397</ele>
      </trkpt>
      <trkpt lat="42.50193782185771" lon="19.96617871447645">
        <ele>1398</ele>
      </trkpt>
      <trkpt lat="42.50197501430478" lon="19.96624642380317">
        <ele>1400</ele>
      </trkpt>
      <trkpt lat="42.50201220675185" lon="19.96631413312988">
        <ele>1402</ele>
      </trkpt>
      <trkpt lat="42.50202746519167" lon="19.96636563036429">
        <ele>1403</ele>
      </trkpt>
      <trkpt lat="42.50202460423421" lon="19.96641045203128">
        <ele>1403</ele>
      </trkpt>
      <trkpt lat="42.50203223345412" lon="19.96645432004577">
        <ele>1404</ele>
      </trkpt>
      <trkpt lat="42.50206370398626" lon="19.9665391951173">
        <ele>1406</ele>
      </trkpt>
      <trkpt lat="42.50209612817088" lon="19.966608811749">
        <ele>1407</ele>
      </trkpt>
      <trkpt lat="42.502129506008" lon="19.9666784283807">
        <ele>1409</ele>
      </trkpt>
      <trkpt lat="42.50218004958992" lon="19.96674613770742">
        <ele>1409</ele>
      </trkpt>
      <trkpt lat="42.50220865916459" lon="19.96680335685676">
        <ele>1409</ele>
      </trkpt>
      <trkpt lat="42.50222677856188" lon="19.9668081251192">
        <ele>1409</ele>
      </trkpt>
      <trkpt lat="42.5022429906542" lon="19.96679286667938">
        <ele>1410</ele>
      </trkpt>
      <trkpt lat="42.502260156399" lon="19.96679000572191">
        <ele>1410</ele>
      </trkpt>
      <trkpt lat="42.5022773221438" lon="19.96680049589929">
        <ele>1411</ele>
      </trkpt>
      <trkpt lat="42.50232023650581" lon="19.96684531756628">
        <ele>1411</ele>
      </trkpt>
      <trkpt lat="42.50233549494563" lon="19.96687678809841">
        <ele>1411</ele>
      </trkpt>
      <trkpt lat="42.5023736410452" lon="19.96692542437536">
        <ele>1412</ele>
      </trkpt>
      <trkpt lat="42.50239080679" lon="19.9669301926378">
        <ele>1412</ele>
      </trkpt>
      <trkpt lat="42.50242132366964" lon="19.96690635132558">
        <ele>1413</ele>
      </trkpt>
      <trkpt lat="42.50245660881174" lon="19.96689300019073">
        <ele>1415</ele>
      </trkpt>
      <trkpt lat="42.50247282090405" lon="19.96687964905588">
        <ele>1415</ele>
      </trkpt>
      <trkpt lat="42.50254625214571" lon="19.96676997901965">
        <ele>1419</ele>
      </trkpt>
      <trkpt lat="42.50259393477016" lon="19.96673278657257">
        <ele>1421</ele>
      </trkpt>
      <trkpt lat="42.50269788289147" lon="19.96671752813275">
        <ele>1424</ele>
      </trkpt>
      <trkpt lat="42.50281422849513" lon="19.96666889185581">
        <ele>1429</ele>
      </trkpt>
      <trkpt lat="42.50288193782185" lon="19.96663360671371">
        <ele>1431</ele>
      </trkpt>
      <trkpt lat="42.50293438870874" lon="19.96663169940873">
        <ele>1432</ele>
      </trkpt>
      <trkpt lat="42.50298302498569" lon="19.96665840167843">
        <ele>1434</ele>
      </trkpt>
      <trkpt lat="42.50302689300018" lon="19.96670131604044">
        <ele>1435</ele>
      </trkpt>
      <trkpt lat="42.5030946023269" lon="19.96672992561511">
        <ele>1437</ele>
      </trkpt>
      <trkpt lat="42.50316231165363" lon="19.96675853518978">
        <ele>1439</ele>
      </trkpt>
      <trkpt lat="42.50320045775319" lon="19.9667909593744">
        <ele>1440</ele>
      </trkpt>
      <trkpt lat="42.5033120350944" lon="19.96686439061606">
        <ele>1443</ele>
      </trkpt>
      <trkpt lat="42.5033473202365" lon="19.96691493419798">
        <ele>1444</ele>
      </trkpt>
      <trkpt lat="42.50339214190348" lon="19.96694926568758">
        <ele>1445</ele>
      </trkpt>
      <trkpt lat="42.50346175853518" lon="19.96702269692924">
        <ele>1447</ele>
      </trkpt>
      <trkpt lat="42.50350276559221" lon="19.96712759870303">
        <ele>1447</ele>
      </trkpt>
      <trkpt lat="42.50351611672706" lon="19.96714094983788">
        <ele>1448</ele>
      </trkpt>
      <trkpt lat="42.50353423612435" lon="19.96713808888041">
        <ele>1448</ele>
      </trkpt>
      <trkpt lat="42.50354567995421" lon="19.96711996948312">
        <ele>1449</ele>
      </trkpt>
      <trkpt lat="42.50355903108906" lon="19.96704939919893">
        <ele>1450</ele>
      </trkpt>
      <trkpt lat="42.50357047491893" lon="19.96703127980164">
        <ele>1451</ele>
      </trkpt>
      <trkpt lat="42.50358764066373" lon="19.96703223345413">
        <ele>1451</ele>
      </trkpt>
      <trkpt lat="42.50364867442303" lon="19.96706751859622">
        <ele>1453</ele>
      </trkpt>
      <trkpt lat="42.50370875452984" lon="19.96712283044059">
        <ele>1455</ele>
      </trkpt>
      <trkpt lat="42.50380221247377" lon="19.96719244707229">
        <ele>1457</ele>
      </trkpt>
      <trkpt lat="42.50381556360861" lon="19.96717623497997">
        <ele>1458</ele>
      </trkpt>
      <trkpt lat="42.50382223917604" lon="19.96715334732023">
        <ele>1458</ele>
      </trkpt>
      <trkpt lat="42.50379172229638" lon="19.96706561129124">
        <ele>1458</ele>
      </trkpt>
      <trkpt lat="42.50378409307648" lon="19.96701983597177">
        <ele>1458</ele>
      </trkpt>
      <trkpt lat="42.50379172229638" lon="19.96699790196452">
        <ele>1459</ele>
      </trkpt>
      <trkpt lat="42.50380984169368" lon="19.96699313370208">
        <ele>1459</ele>
      </trkpt>
      <trkpt lat="42.50384703414075" lon="19.967043677284">
        <ele>1460</ele>
      </trkpt>
      <trkpt lat="42.50393381651725" lon="19.96708945260347">
        <ele>1463</ele>
      </trkpt>
      <trkpt lat="42.50398912836162" lon="19.96715048636277">
        <ele>1464</ele>
      </trkpt>
      <trkpt lat="42.50403871829104" lon="19.96717623497997">
        <ele>1466</ele>
      </trkpt>
      <trkpt lat="42.50409307648292" lon="19.96718004958993">
        <ele>1468</ele>
      </trkpt>
      <trkpt lat="42.50415792485217" lon="19.96722105664696">
        <ele>1469</ele>
      </trkpt>
      <trkpt lat="42.50422372687392" lon="19.96726301735647">
        <ele>1472</ele>
      </trkpt>
      <trkpt lat="42.50425805836353" lon="19.96727541483883">
        <ele>1473</ele>
      </trkpt>
      <trkpt lat="42.50429238985313" lon="19.96727732214381">
        <ele>1475</ele>
      </trkpt>
      <trkpt lat="42.50432767499522" lon="19.96726587831394">
        <ele>1476</ele>
      </trkpt>
      <trkpt lat="42.50437535761967" lon="19.96723726873927">
        <ele>1479</ele>
      </trkpt>
      <trkpt lat="42.50439252336448" lon="19.96723536143429">
        <ele>1479</ele>
      </trkpt>
      <trkpt lat="42.50442304024413" lon="19.96725824909403">
        <ele>1480</ele>
      </trkpt>
      <trkpt lat="42.50445451077626" lon="19.96726873927141">
        <ele>1482</ele>
      </trkpt>
      <trkpt lat="42.50449074957085" lon="19.96727160022888">
        <ele>1483</ele>
      </trkpt>
      <trkpt lat="42.5045041007057" lon="19.96726683196643">
        <ele>1484</ele>
      </trkpt>
      <trkpt lat="42.5045041007057" lon="19.96726683196643">
        <ele>1484</ele>
      </trkpt>
      <trkpt lat="42.50451840549303" lon="19.96733168033569">
        <ele>1484</ele>
      </trkpt>
      <trkpt lat="42.50451935914552" lon="19.96740320427236">
        <ele>1483</ele>
      </trkpt>
      <trkpt lat="42.50452031279801" lon="19.96747472820904">
        <ele>1482</ele>
      </trkpt>
      <trkpt lat="42.5045117299256" lon="19.96756818615296">
        <ele>1481</ele>
      </trkpt>
      <trkpt lat="42.50448884226587" lon="19.96766355140187">
        <ele>1480</ele>
      </trkpt>
      <trkpt lat="42.50446595460613" lon="19.96775987030326">
        <ele>1479</ele>
      </trkpt>
      <trkpt lat="42.50445832538622" lon="19.96783425519741">
        <ele>1478</ele>
      </trkpt>
      <trkpt lat="42.50445451077626" lon="19.96794106427618">
        <ele>1478</ele>
      </trkpt>
      <trkpt lat="42.50446976921609" lon="19.96805931718482">
        <ele>1478</ele>
      </trkpt>
      <trkpt lat="42.5045041007057" lon="19.96812798016403">
        <ele>1479</ele>
      </trkpt>
      <trkpt lat="42.50464619492656" lon="19.96852756055693">
        <ele>1483</ele>
      </trkpt>
      <trkpt lat="42.50469959946594" lon="19.96864104520313">
        <ele>1484</ele>
      </trkpt>
      <trkpt lat="42.50475395765782" lon="19.96875548350181">
        <ele>1485</ele>
      </trkpt>
      <trkpt lat="42.50476540148769" lon="19.96885561701316">
        <ele>1484</ele>
      </trkpt>
      <trkpt lat="42.50475872592027" lon="19.96897196261682">
        <ele>1482</ele>
      </trkpt>
      <trkpt lat="42.50475205035284" lon="19.96908926187297">
        <ele>1481</ele>
      </trkpt>
      <trkpt lat="42.5047644478352" lon="19.96916078580965">
        <ele>1481</ele>
      </trkpt>
      <trkpt lat="42.50477684531756" lon="19.96923326339882">
        <ele>1480</ele>
      </trkpt>
      <trkpt lat="42.50481880602707" lon="19.96930097272554">
        <ele>1481</ele>
      </trkpt>
      <trkpt lat="42.5048426473393" lon="19.96938966240702">
        <ele>1482</ele>
      </trkpt>
      <trkpt lat="42.50488842265877" lon="19.96977875262254">
        <ele>1481</ele>
      </trkpt>
      <trkpt lat="42.50500476826244" lon="19.9704176997902">
        <ele>1481</ele>
      </trkpt>
      <trkpt lat="42.5051211138661" lon="19.97078390234599">
        <ele>1483</ele>
      </trkpt>
      <trkpt lat="42.5051640282281" lon="19.97088594316231">
        <ele>1484</ele>
      </trkpt>
      <trkpt lat="42.5052078962426" lon="19.97098893763113">
        <ele>1484</ele>
      </trkpt>
      <trkpt lat="42.50524032042723" lon="19.97105283234789">
        <ele>1485</ele>
      </trkpt>
      <trkpt lat="42.50527274461185" lon="19.97111768071715">
        <ele>1485</ele>
      </trkpt>
      <trkpt lat="42.50533282471866" lon="19.9712178142285">
        <ele>1486</ele>
      </trkpt>
      <trkpt lat="42.50536810986076" lon="19.97123974823574">
        <ele>1488</ele>
      </trkpt>
      <trkpt lat="42.50540530230783" lon="19.97129696738508">
        <ele>1488</ele>
      </trkpt>
      <trkpt lat="42.50542818996757" lon="19.97138565706656">
        <ele>1488</ele>
      </trkpt>
      <trkpt lat="42.50544154110241" lon="19.97147720770551">
        <ele>1487</ele>
      </trkpt>
      <trkpt lat="42.50546442876215" lon="19.97156208277703">
        <ele>1487</ele>
      </trkpt>
      <trkpt lat="42.50548731642188" lon="19.97164791150105">
        <ele>1487</ele>
      </trkpt>
      <trkpt lat="42.50564562273507" lon="19.97195784855998">
        <ele>1488</ele>
      </trkpt>
      <trkpt lat="42.50568472248712" lon="19.9720608430288">
        <ele>1488</ele>
      </trkpt>
      <trkpt lat="42.50572477589166" lon="19.9721647911501">
        <ele>1488</ele>
      </trkpt>
      <trkpt lat="42.50578008773602" lon="19.97227541483883">
        <ele>1489</ele>
      </trkpt>
      <trkpt lat="42.50579439252336" lon="19.97234693877551">
        <ele>1488</ele>
      </trkpt>
      <trkpt lat="42.50580965096318" lon="19.97241941636468">
        <ele>1487</ele>
      </trkpt>
      <trkpt lat="42.50584112149532" lon="19.97253290101087">
        <ele>1487</ele>
      </trkpt>
      <trkpt lat="42.5058945260347" lon="19.97260251764257">
        <ele>1489</ele>
      </trkpt>
      <trkpt lat="42.50593457943924" lon="19.97262635895479">
        <ele>1490</ele>
      </trkpt>
      <trkpt lat="42.505955559794" lon="19.97265973679191">
        <ele>1491</ele>
      </trkpt>
      <trkpt lat="42.5059641426664" lon="19.97270265115392">
        <ele>1491</ele>
      </trkpt>
      <trkpt lat="42.5059641426664" lon="19.97280278466527">
        <ele>1489</ele>
      </trkpt>
      <trkpt lat="42.5059822620637" lon="19.97288956704177">
        <ele>1489</ele>
      </trkpt>
      <trkpt lat="42.50601563990081" lon="19.97296299828342">
        <ele>1490</ele>
      </trkpt>
      <trkpt lat="42.50604901773793" lon="19.97303642952508">
        <ele>1490</ele>
      </trkpt>
      <trkpt lat="42.50610719053976" lon="19.97310986076674">
        <ele>1492</ele>
      </trkpt>
      <trkpt lat="42.50616631699408" lon="19.97318424566088">
        <ele>1493</ele>
      </trkpt>
      <trkpt lat="42.50622925805835" lon="19.97327674995232">
        <ele>1495</ele>
      </trkpt>
      <trkpt lat="42.50626072859049" lon="19.97333396910166">
        <ele>1495</ele>
      </trkpt>
      <trkpt lat="42.50633034522219" lon="19.9734350562655">
        <ele>1497</ele>
      </trkpt>
      <trkpt lat="42.50639996185389" lon="19.97353709708182">
        <ele>1499</ele>
      </trkpt>
      <trkpt lat="42.50646671752812" lon="19.97358287240129">
        <ele>1501</ele>
      </trkpt>
      <trkpt lat="42.50653347320235" lon="19.97362960137326">
        <ele>1504</ele>
      </trkpt>
      <trkpt lat="42.50661548731641" lon="19.97366774747282">
        <ele>1507</ele>
      </trkpt>
      <trkpt lat="42.50668033568567" lon="19.97376883463666">
        <ele>1508</ele>
      </trkpt>
      <trkpt lat="42.50671180621781" lon="19.97387373641045">
        <ele>1507</ele>
      </trkpt>
      <trkpt lat="42.50674041579248" lon="19.97394049208468">
        <ele>1507</ele>
      </trkpt>
      <trkpt lat="42.50676902536715" lon="19.9740082014114">
        <ele>1507</ele>
      </trkpt>
      <trkpt lat="42.50683101277893" lon="19.97412454701507">
        <ele>1508</ele>
      </trkpt>
      <trkpt lat="42.50692923898531" lon="19.97423898531375">
        <ele>1509</ele>
      </trkpt>
      <trkpt lat="42.50702746519168" lon="19.97435342361243">
        <ele>1510</ele>
      </trkpt>
      <trkpt lat="42.50709326721342" lon="19.97444020598894">
        <ele>1511</ele>
      </trkpt>
      <trkpt lat="42.50715906923516" lon="19.97452698836544">
        <ele>1512</ele>
      </trkpt>
      <trkpt lat="42.50719816898721" lon="19.97459660499714">
        <ele>1512</ele>
      </trkpt>
      <trkpt lat="42.50723822239175" lon="19.97466622162884">
        <ele>1512</ele>
      </trkpt>
      <trkpt lat="42.50730020980354" lon="19.97475395765783">
        <ele>1513</ele>
      </trkpt>
      <trkpt lat="42.50736315086782" lon="19.97484169368682">
        <ele>1513</ele>
      </trkpt>
      <trkpt lat="42.50743467480449" lon="19.97491703223345">
        <ele>1515</ele>
      </trkpt>
      <trkpt lat="42.50750715239366" lon="19.97499332443257">
        <ele>1516</ele>
      </trkpt>
      <trkpt lat="42.50756818615296" lon="19.97506580202174">
        <ele>1517</ele>
      </trkpt>
      <trkpt lat="42.50762921991225" lon="19.9751392332634">
        <ele>1518</ele>
      </trkpt>
      <trkpt lat="42.50770074384893" lon="19.97524413503719">
        <ele>1518</ele>
      </trkpt>
      <trkpt lat="42.50776273126072" lon="19.97530135418653">
        <ele>1519</ele>
      </trkpt>
      <trkpt lat="42.50783425519739" lon="19.97534236124356">
        <ele>1521</ele>
      </trkpt>
      <trkpt lat="42.50790673278657" lon="19.97538336830059">
        <ele>1523</ele>
      </trkpt>
      <trkpt lat="42.50795155445355" lon="19.97544917032234">
        <ele>1523</ele>
      </trkpt>
      <trkpt lat="42.50801449551783" lon="19.97551401869159">
        <ele>1524</ele>
      </trkpt>
      <trkpt lat="42.50811081441922" lon="19.97557314514591">
        <ele>1526</ele>
      </trkpt>
      <trkpt lat="42.50820713332061" lon="19.97563227160023">
        <ele>1528</ele>
      </trkpt>
      <trkpt lat="42.50827388899484" lon="19.97568853709708">
        <ele>1529</ele>
      </trkpt>
      <trkpt lat="42.50834159832156" lon="19.97574480259393">
        <ele>1530</ele>
      </trkpt>
      <trkpt lat="42.50854758725919" lon="19.97599752050353">
        <ele>1531</ele>
      </trkpt>
      <trkpt lat="42.50894144573716" lon="19.97629792103757">
        <ele>1538</ele>
      </trkpt>
      <trkpt lat="42.50899485027655" lon="19.97636658401678">
        <ele>1539</ele>
      </trkpt>
      <trkpt lat="42.50904825481594" lon="19.97643524699599">
        <ele>1540</ele>
      </trkpt>
      <trkpt lat="42.50923517070379" lon="19.97679572763685">
        <ele>1540</ele>
      </trkpt>
      <trkpt lat="42.50960137325958" lon="19.97757962998283">
        <ele>1541</ele>
      </trkpt>
      <trkpt lat="42.5096337974442" lon="19.97764161739462">
        <ele>1542</ele>
      </trkpt>
      <trkpt lat="42.50966717528132" lon="19.9777045584589">
        <ele>1542</ele>
      </trkpt>
      <trkpt lat="42.50968910928857" lon="19.977782757963">
        <ele>1542</ele>
      </trkpt>
      <trkpt lat="42.50971104329582" lon="19.9778609574671">
        <ele>1542</ele>
      </trkpt>
      <trkpt lat="42.50971581155826" lon="19.97794392523364">
        <ele>1541</ele>
      </trkpt>
      <trkpt lat="42.5097205798207" lon="19.97802784665268">
        <ele>1540</ele>
      </trkpt>
      <trkpt lat="42.50973583826053" lon="19.97812798016403">
        <ele>1539</ele>
      </trkpt>
      <trkpt lat="42.50975109670036" lon="19.97822906732786">
        <ele>1539</ele>
      </trkpt>
      <trkpt lat="42.50978352088498" lon="19.97834636658402">
        <ele>1538</ele>
      </trkpt>
      <trkpt lat="42.5098159450696" lon="19.97846461949266">
        <ele>1539</ele>
      </trkpt>
      <trkpt lat="42.50985790577913" lon="19.97856666030898">
        <ele>1539</ele>
      </trkpt>
      <trkpt lat="42.50990082014113" lon="19.9786696547778">
        <ele>1540</ele>
      </trkpt>
      <trkpt lat="42.50996185390043" lon="19.9787650200267">
        <ele>1541</ele>
      </trkpt>
      <trkpt lat="42.51000572191492" lon="19.97884989509823">
        <ele>1542</ele>
      </trkpt>
      <trkpt lat="42.51005054358191" lon="19.97893572382224">
        <ele>1543</ele>
      </trkpt>
      <trkpt lat="42.51007533854663" lon="19.97903681098608">
        <ele>1544</ele>
      </trkpt>
      <trkpt lat="42.51010108716383" lon="19.97913789814991">
        <ele>1544</ele>
      </trkpt>
      <trkpt lat="42.51020026702269" lon="19.9795994659546">
        <ele>1547</ele>
      </trkpt>
      <trkpt lat="42.51022696929238" lon="19.97969292389853">
        <ele>1548</ele>
      </trkpt>
      <trkpt lat="42.51025462521456" lon="19.97978638184246">
        <ele>1550</ele>
      </trkpt>
      <trkpt lat="42.51029944688155" lon="19.97989319092123">
        <ele>1552</ele>
      </trkpt>
      <trkpt lat="42.51034522220102" lon="19.98">
        <ele>1554</ele>
      </trkpt>
      <trkpt lat="42.51034522220102" lon="19.98000000000001">
        <ele>1554</ele>
      </trkpt>
      <trkpt lat="42.51036810986076" lon="19.98005817280184">
        <ele>1555</ele>
      </trkpt>
      <trkpt lat="42.51038527560556" lon="19.98013541865345">
        <ele>1556</ele>
      </trkpt>
      <trkpt lat="42.51039385847796" lon="19.98021743276751">
        <ele>1556</ele>
      </trkpt>
      <trkpt lat="42.51040244135037" lon="19.98030040053406">
        <ele>1556</ele>
      </trkpt>
      <trkpt lat="42.51039290482547" lon="19.98116536334161">
        <ele>1548</ele>
      </trkpt>
      <trkpt lat="42.51040339500285" lon="19.98123784093077">
        <ele>1548</ele>
      </trkpt>
      <trkpt lat="42.51041388518023" lon="19.98131127217243">
        <ele>1548</ele>
      </trkpt>
      <trkpt lat="42.51042628266259" lon="19.9815744802594">
        <ele>1547</ele>
      </trkpt>
      <trkpt lat="42.51042151440014" lon="19.98247377455656">
        <ele>1551</ele>
      </trkpt>
      <trkpt lat="42.51041007057027" lon="19.98275605569332">
        <ele>1554</ele>
      </trkpt>
      <trkpt lat="42.51041293152774" lon="19.98282853328248">
        <ele>1554</ele>
      </trkpt>
      <trkpt lat="42.5104167461377" lon="19.98290196452414">
        <ele>1556</ele>
      </trkpt>
      <trkpt lat="42.51044726301735" lon="19.98302021743278">
        <ele>1558</ele>
      </trkpt>
      <trkpt lat="42.51047968720197" lon="19.98312035094413">
        <ele>1561</ele>
      </trkpt>
      <trkpt lat="42.51049780659927" lon="19.98319664314325">
        <ele>1563</ele>
      </trkpt>
      <trkpt lat="42.51051592599656" lon="19.98327293534237">
        <ele>1564</ele>
      </trkpt>
      <trkpt lat="42.51049876025176" lon="19.98361529658593">
        <ele>1566</ele>
      </trkpt>
      <trkpt lat="42.51050829677664" lon="19.98390711424758">
        <ele>1568</ele>
      </trkpt>
      <trkpt lat="42.51053118443638" lon="19.98401773793631">
        <ele>1570</ele>
      </trkpt>
      <trkpt lat="42.5105731451459" lon="19.98411787144765">
        <ele>1572</ele>
      </trkpt>
      <trkpt lat="42.5106160595079" lon="19.98421895861149">
        <ele>1575</ele>
      </trkpt>
      <trkpt lat="42.51062273507533" lon="19.9843229067328">
        <ele>1576</ele>
      </trkpt>
      <trkpt lat="42.51062941064275" lon="19.9844268548541">
        <ele>1578</ele>
      </trkpt>
      <trkpt lat="42.51062178142284" lon="19.98454320045776">
        <ele>1580</ele>
      </trkpt>
      <trkpt lat="42.51061510585541" lon="19.98466049971391">
        <ele>1581</ele>
      </trkpt>
      <trkpt lat="42.51060080106808" lon="19.98476254053024">
        <ele>1582</ele>
      </trkpt>
      <trkpt lat="42.51058649628074" lon="19.98486553499906">
        <ele>1583</ele>
      </trkpt>
      <trkpt lat="42.51046728971961" lon="19.9851916841503">
        <ele>1584</ele>
      </trkpt>
      <trkpt lat="42.51043200457752" lon="19.98526225443449">
        <ele>1583</ele>
      </trkpt>
      <trkpt lat="42.51039671943543" lon="19.98533282471868">
        <ele>1583</ele>
      </trkpt>
      <trkpt lat="42.51037955369063" lon="19.98539671943545">
        <ele>1583</ele>
      </trkpt>
      <trkpt lat="42.51036238794583" lon="19.9854615678047">
        <ele>1584</ele>
      </trkpt>
      <trkpt lat="42.51035285142093" lon="19.98552641617395">
        <ele>1584</ele>
      </trkpt>
      <trkpt lat="42.51034426854853" lon="19.9855922181957">
        <ele>1585</ele>
      </trkpt>
      <trkpt lat="42.51034045393857" lon="19.98566374213238">
        <ele>1586</ele>
      </trkpt>
      <trkpt lat="42.51033663932862" lon="19.98573526606905">
        <ele>1587</ele>
      </trkpt>
      <trkpt lat="42.5102946786191" lon="19.98583444592791">
        <ele>1586</ele>
      </trkpt>
      <trkpt lat="42.51025271790959" lon="19.98593362578677">
        <ele>1586</ele>
      </trkpt>
      <trkpt lat="42.51019740606522" lon="19.98603948121306">
        <ele>1586</ele>
      </trkpt>
      <trkpt lat="42.51013160404348" lon="19.98612435628458">
        <ele>1584</ele>
      </trkpt>
      <trkpt lat="42.51006580202174" lon="19.9862092313561">
        <ele>1583</ele>
      </trkpt>
      <trkpt lat="42.50979496471485" lon="19.98647243944308">
        <ele>1581</ele>
      </trkpt>
      <trkpt lat="42.50975491131031" lon="19.98653633415984">
        <ele>1580</ele>
      </trkpt>
      <trkpt lat="42.50969959946595" lon="19.98686820522602">
        <ele>1583</ele>
      </trkpt>
      <trkpt lat="42.50958897577722" lon="19.98736887278277">
        <ele>1587</ele>
      </trkpt>
      <trkpt lat="42.50956131985504" lon="19.98747663551403">
        <ele>1587</ele>
      </trkpt>
      <trkpt lat="42.50953461758535" lon="19.98758535189778">
        <ele>1589</ele>
      </trkpt>
      <trkpt lat="42.50952222010299" lon="19.98767308792677">
        <ele>1591</ele>
      </trkpt>
      <trkpt lat="42.50951077627312" lon="19.98776177760825">
        <ele>1593</ele>
      </trkpt>
      <trkpt lat="42.50948121304596" lon="19.98808888041199">
        <ele>1601</ele>
      </trkpt>
      <trkpt lat="42.5094516498188" lon="19.98817757009347">
        <ele>1603</ele>
      </trkpt>
      <trkpt lat="42.50942304024412" lon="19.98826625977495">
        <ele>1604</ele>
      </trkpt>
      <trkpt lat="42.50938394049208" lon="19.98832729353424">
        <ele>1605</ele>
      </trkpt>
      <trkpt lat="42.50937440396719" lon="19.98837211520123">
        <ele>1605</ele>
      </trkpt>
      <trkpt lat="42.50937440396719" lon="19.98840835399581">
        <ele>1606</ele>
      </trkpt>
      <trkpt lat="42.50938584779706" lon="19.98844650009537">
        <ele>1607</ele>
      </trkpt>
      <trkpt lat="42.5094077818043" lon="19.98847701697502">
        <ele>1609</ele>
      </trkpt>
      <trkpt lat="42.50943639137897" lon="19.98848464619494">
        <ele>1610</ele>
      </trkpt>
      <trkpt lat="42.50946690825862" lon="19.98847701697502">
        <ele>1611</ele>
      </trkpt>
      <trkpt lat="42.50997615868776" lon="19.98820236505818">
        <ele>1621</ele>
      </trkpt>
      <trkpt lat="42.51001907304977" lon="19.98816707991609">
        <ele>1622</ele>
      </trkpt>
      <trkpt lat="42.51005245088689" lon="19.98812988746901">
        <ele>1622</ele>
      </trkpt>
      <trkpt lat="42.510085828724" lon="19.98811176807173">
        <ele>1623</ele>
      </trkpt>
      <trkpt lat="42.51011253099369" lon="19.98811558268168">
        <ele>1625</ele>
      </trkpt>
      <trkpt lat="42.51013637230592" lon="19.98813847034142">
        <ele>1626</ele>
      </trkpt>
      <trkpt lat="42.51013637230592" lon="19.98813847034142">
        <ele>1626</ele>
      </trkpt>
      <trkpt lat="42.51024032042723" lon="19.9880707610147">
        <ele>1629</ele>
      </trkpt>
      <trkpt lat="42.51051687964905" lon="19.98797825672326">
        <ele>1638</ele>
      </trkpt>
      <trkpt lat="42.51067041769978" lon="19.98794678619112">
        <ele>1643</ele>
      </trkpt>
      <trkpt lat="42.51076482929619" lon="19.987870493992">
        <ele>1645</ele>
      </trkpt>
      <trkpt lat="42.51084112149532" lon="19.98779515544537">
        <ele>1645</ele>
      </trkpt>
      <trkpt lat="42.5109212283044" lon="19.98769788289149">
        <ele>1646</ele>
      </trkpt>
      <trkpt lat="42.51098893763112" lon="19.98750333778372">
        <ele>1643</ele>
      </trkpt>
      <trkpt lat="42.51109193209994" lon="19.98727541483884">
        <ele>1643</ele>
      </trkpt>
      <trkpt lat="42.51116536334159" lon="19.98708563799352">
        <ele>1643</ele>
      </trkpt>
      <trkpt lat="42.51123688727827" lon="19.98680812511921">
        <ele>1640</ele>
      </trkpt>
      <trkpt lat="42.51131317947739" lon="19.98627407972536">
        <ele>1636</ele>
      </trkpt>
      <trkpt lat="42.51135323288193" lon="19.9861224489796">
        <ele>1636</ele>
      </trkpt>
      <trkpt lat="42.51137802784665" lon="19.98598798397865">
        <ele>1635</ele>
      </trkpt>
      <trkpt lat="42.51141903490367" lon="19.98584493610529">
        <ele>1635</ele>
      </trkpt>
      <trkpt lat="42.51140949837878" lon="19.98571333206181">
        <ele>1633</ele>
      </trkpt>
      <trkpt lat="42.51141998855616" lon="19.98540625596034">
        <ele>1630</ele>
      </trkpt>
      <trkpt lat="42.51153633415982" lon="19.98492370780088">
        <ele>1631</ele>
      </trkpt>
      <trkpt lat="42.51155540720961" lon="19.98481022315469">
        <ele>1630</ele>
      </trkpt>
      <trkpt lat="42.51163837497615" lon="19.98453080297541">
        <ele>1630</ele>
      </trkpt>
      <trkpt lat="42.51171275987029" lon="19.98424470722869">
        <ele>1627</ele>
      </trkpt>
      <trkpt lat="42.51179858859431" lon="19.98404539385849">
        <ele>1626</ele>
      </trkpt>
      <trkpt lat="42.51186820522601" lon="19.98391092885753">
        <ele>1626</ele>
      </trkpt>
      <trkpt lat="42.51194259012015" lon="19.9838184245661">
        <ele>1626</ele>
      </trkpt>
      <trkpt lat="42.51206275033377" lon="19.98368968148008">
        <ele>1628</ele>
      </trkpt>
      <trkpt lat="42.51212378409307" lon="19.98361434293344">
        <ele>1630</ele>
      </trkpt>
      <trkpt lat="42.51218291054739" lon="19.98351802403205">
        <ele>1632</ele>
      </trkpt>
      <trkpt lat="42.51218291054739" lon="19.98351802403205">
        <ele>1632</ele>
      </trkpt>
      <trkpt lat="42.51237078008773" lon="19.98381270265116">
        <ele>1635</ele>
      </trkpt>
      <trkpt lat="42.51245565515925" lon="19.98401583063133">
        <ele>1634</ele>
      </trkpt>
      <trkpt lat="42.51285905016211" lon="19.98471867251574">
        <ele>1636</ele>
      </trkpt>
      <trkpt lat="42.51314800686629" lon="19.98514972344079">
        <ele>1633</ele>
      </trkpt>
      <trkpt lat="42.51317184817852" lon="19.98569521266451">
        <ele>1641</ele>
      </trkpt>
      <trkpt lat="42.51316517261109" lon="19.98595174518406">
        <ele>1644</ele>
      </trkpt>
      <trkpt lat="42.513129887469" lon="19.98627694068282">
        <ele>1647</ele>
      </trkpt>
      <trkpt lat="42.51310986076673" lon="19.98674041579249">
        <ele>1651</ele>
      </trkpt>
      <trkpt lat="42.51317375548349" lon="19.98688441731834">
        <ele>1651</ele>
      </trkpt>
      <trkpt lat="42.51311748998664" lon="19.98704367728401">
        <ele>1657</ele>
      </trkpt>
      <trkpt lat="42.51314896051878" lon="19.98750238413123">
        <ele>1664</ele>
      </trkpt>
      <trkpt lat="42.51341789052069" lon="19.98806313179478">
        <ele>1674</ele>
      </trkpt>
      <trkpt lat="42.51360862101849" lon="19.98824051115774">
        <ele>1677</ele>
      </trkpt>
      <trkpt lat="42.51383368300591" lon="19.98843314896053">
        <ele>1681</ele>
      </trkpt>
      <trkpt lat="42.51420942208658" lon="19.98865439633799">
        <ele>1679</ele>
      </trkpt>
      <trkpt lat="42.51435723822238" lon="19.98990272744613">
        <ele>1702</ele>
      </trkpt>
      <trkpt lat="42.51468052641616" lon="19.99097749380127">
        <ele>1724</ele>
      </trkpt>
      <trkpt lat="42.51461186343695" lon="19.99129792103758">
        <ele>1733</ele>
      </trkpt>
      <trkpt lat="42.5143820331871" lon="19.99175662788481">
        <ele>1746</ele>
      </trkpt>
      <trkpt lat="42.51463189013922" lon="19.99204653824147">
        <ele>1751</ele>
      </trkpt>
      <trkpt lat="42.51472630173564" lon="19.99237364104521">
        <ele>1756</ele>
      </trkpt>
      <trkpt lat="42.51476826244516" lon="19.9931661262636">
        <ele>1776</ele>
      </trkpt>
      <trkpt lat="42.51482643524699" lon="19.99329296204464">
        <ele>1778</ele>
      </trkpt>
      <trkpt lat="42.51474060652298" lon="19.99343314896053">
        <ele>1785</ele>
      </trkpt>
      <trkpt lat="42.51475681861529" lon="19.99352374594699">
        <ele>1787</ele>
      </trkpt>
      <trkpt lat="42.51482452794201" lon="19.99357238222393">
        <ele>1787</ele>
      </trkpt>
      <trkpt lat="42.51504100705702" lon="19.993783139424">
        <ele>1789</ele>
      </trkpt>
      <trkpt lat="42.51513446500095" lon="19.99377169559413">
        <ele>1789</ele>
      </trkpt>
      <trkpt lat="42.51525939347701" lon="19.99369731069999">
        <ele>1788</ele>
      </trkpt>
      <trkpt lat="42.51535952698836" lon="19.99366297921038">
        <ele>1787</ele>
      </trkpt>
      <trkpt lat="42.51557123784092" lon="19.9934703414076">
        <ele>1784</ele>
      </trkpt>
      <trkpt lat="42.51568662979209" lon="19.99340740034332">
        <ele>1784</ele>
      </trkpt>
      <trkpt lat="42.51596891092885" lon="19.99307457562465">
        <ele>1784</ele>
      </trkpt>
      <trkpt lat="42.51609002479496" lon="19.99307266831967">
        <ele>1787</ele>
      </trkpt>
      <trkpt lat="42.51617489986648" lon="19.99309841693688">
        <ele>1790</ele>
      </trkpt>
      <trkpt lat="42.51621590692351" lon="19.99316421895862">
        <ele>1792</ele>
      </trkpt>
      <trkpt lat="42.51625309937058" lon="19.99327198168988">
        <ele>1794</ele>
      </trkpt>
      <trkpt lat="42.51633606713713" lon="19.99372782757964">
        <ele>1800</ele>
      </trkpt>
      <trkpt lat="42.51639614724394" lon="19.99392141903491">
        <ele>1803</ele>
      </trkpt>
      <trkpt lat="42.51639614724394" lon="19.99392141903491">
        <ele>1803</ele>
      </trkpt>
      <trkpt lat="42.51634369635704" lon="19.99397005531185">
        <ele>1802</ele>
      </trkpt>
      <trkpt lat="42.51629315277512" lon="19.99402822811368">
        <ele>1802</ele>
      </trkpt>
      <trkpt lat="42.51627694068281" lon="19.99407495708565">
        <ele>1802</ele>
      </trkpt>
      <trkpt lat="42.51627312607285" lon="19.99416078580966">
        <ele>1803</ele>
      </trkpt>
      <trkpt lat="42.5162607285905" lon="19.99424566088118">
        <ele>1803</ele>
      </trkpt>
      <trkpt lat="42.51623497997329" lon="19.99432099942782">
        <ele>1802</ele>
      </trkpt>
      <trkpt lat="42.5161901583063" lon="19.99439729162694">
        <ele>1802</ele>
      </trkpt>
      <trkpt lat="42.51611195880221" lon="19.99448312035095">
        <ele>1801</ele>
      </trkpt>
      <trkpt lat="42.51605473965286" lon="19.99451935914554">
        <ele>1801</ele>
      </trkpt>
      <trkpt lat="42.51588212855235" lon="19.99470055311845">
        <ele>1801</ele>
      </trkpt>
      <trkpt lat="42.51561224489795" lon="19.99514400152585">
        <ele>1807</ele>
      </trkpt>
      <trkpt lat="42.51422849513636" lon="19.99654300972727">
        <ele>1842</ele>
      </trkpt>
      <trkpt lat="42.51350562654967" lon="19.99754911310319">
        <ele>1857</ele>
      </trkpt>
      <trkpt lat="42.51386706084302" lon="19.99792962044632">
        <ele>1852</ele>
      </trkpt>
      <trkpt lat="42.51439156971199" lon="19.99778180431052">
        <ele>1836</ele>
      </trkpt>
      <trkpt lat="42.51487125691397" lon="19.99841979782568">
        <ele>1840</ele>
      </trkpt>
      <trkpt lat="42.51503337783711" lon="19.99957371733741">
        <ele>1856</ele>
      </trkpt>
      <trkpt lat="42.51506675567423" lon="20.00000000000001">
        <ele>1856</ele>
      </trkpt>
      <trkpt lat="42.51506675567423" lon="19.99999999999999">
        <ele>1856</ele>
      </trkpt>
      <trkpt lat="42.51518024032042" lon="20.00145813465572">
        <ele>1865</ele>
      </trkpt>
      <trkpt lat="42.51475491131031" lon="20.00158878504672">
        <ele>1877</ele>
      </trkpt>
      <trkpt lat="42.51448312035094" lon="20.00193114629028">
        <ele>1880</ele>
      </trkpt>
      <trkpt lat="42.51424661453365" lon="20.00358859431622">
        <ele>1879</ele>
      </trkpt>
      <trkpt lat="42.51448025939347" lon="20.00405206942589">
        <ele>1878</ele>
      </trkpt>
      <trkpt lat="42.51435246995994" lon="20.00454224680525">
        <ele>1888</ele>
      </trkpt>
      <trkpt lat="42.51475205035284" lon="20.00498474156016">
        <ele>1889</ele>
      </trkpt>
      <trkpt lat="42.51467194354376" lon="20.00544058744993">
        <ele>1895</ele>
      </trkpt>
      <trkpt lat="42.51502384131221" lon="20.00576578294869">
        <ele>1895</ele>
      </trkpt>
      <trkpt lat="42.51533377837115" lon="20.00606999809268">
        <ele>1892</ele>
      </trkpt>
      <trkpt lat="42.51517070379553" lon="20.00686820522601">
        <ele>1899</ele>
      </trkpt>
      <trkpt lat="42.51530230783901" lon="20.00700267022696">
        <ele>1898</ele>
      </trkpt>
      <trkpt lat="42.51531756627884" lon="20.00788765973678">
        <ele>1907</ele>
      </trkpt>
      <trkpt lat="42.51532710280373" lon="20.00811653633415">
        <ele>1910</ele>
      </trkpt>
      <trkpt lat="42.5153204272363" lon="20.00819855044821">
        <ele>1911</ele>
      </trkpt>
      <trkpt lat="42.51529277131412" lon="20.0082948693496">
        <ele>1913</ele>
      </trkpt>
      <trkpt lat="42.51529944688155" lon="20.00840263208086">
        <ele>1912</ele>
      </trkpt>
      <trkpt lat="42.51528037383176" lon="20.00857905779133">
        <ele>1910</ele>
      </trkpt>
      <trkpt lat="42.51528132748425" lon="20.00866679382032">
        <ele>1909</ele>
      </trkpt>
      <trkpt lat="42.51528132748425" lon="20.00866679382032">
        <ele>1909</ele>
      </trkpt>
      <trkpt lat="42.51536810986076" lon="20.0087469006294">
        <ele>1909</ele>
      </trkpt>
      <trkpt lat="42.51545012397482" lon="20.00880698073621">
        <ele>1910</ele>
      </trkpt>
      <trkpt lat="42.51551020408162" lon="20.00887659736791">
        <ele>1910</ele>
      </trkpt>
      <trkpt lat="42.51558554262826" lon="20.00893381651725">
        <ele>1911</ele>
      </trkpt>
      <trkpt lat="42.51562941064275" lon="20.00897863818424">
        <ele>1911</ele>
      </trkpt>
      <trkpt lat="42.51565706656493" lon="20.00903204272362">
        <ele>1911</ele>
      </trkpt>
      <trkpt lat="42.51574480259393" lon="20.00910738127025">
        <ele>1911</ele>
      </trkpt>
      <trkpt lat="42.51578962426091" lon="20.00917509059698">
        <ele>1911</ele>
      </trkpt>
      <trkpt lat="42.51583444592789" lon="20.0092427999237">
        <ele>1912</ele>
      </trkpt>
      <trkpt lat="42.51591359908448" lon="20.00931718481784">
        <ele>1914</ele>
      </trkpt>
      <trkpt lat="42.51594888422658" lon="20.00936772839976">
        <ele>1915</ele>
      </trkpt>
      <trkpt lat="42.51597367919129" lon="20.00939156971199">
        <ele>1915</ele>
      </trkpt>
      <trkpt lat="42.51613293915696" lon="20.0097119969483">
        <ele>1917</ele>
      </trkpt>
      <trkpt lat="42.51617680717145" lon="20.00979305740987">
        <ele>1917</ele>
      </trkpt>
      <trkpt lat="42.51622162883844" lon="20.00987411787144">
        <ele>1917</ele>
      </trkpt>
      <trkpt lat="42.51627026511538" lon="20.00994278085065">
        <ele>1918</ele>
      </trkpt>
      <trkpt lat="42.51631985504481" lon="20.01001144382986">
        <ele>1918</ele>
      </trkpt>
      <trkpt lat="42.51638851802402" lon="20.01008201411405">
        <ele>1917</ele>
      </trkpt>
      <trkpt lat="42.51645718100323" lon="20.01015258439823">
        <ele>1917</ele>
      </trkpt>
      <trkpt lat="42.51657257295441" lon="20.01024604234216">
        <ele>1917</ele>
      </trkpt>
      <trkpt lat="42.51663837497615" lon="20.01028991035666">
        <ele>1917</ele>
      </trkpt>
      <trkpt lat="42.51671085256532" lon="20.01036238794582">
        <ele>1917</ele>
      </trkpt>
      <trkpt lat="42.51677760823955" lon="20.01047015067708">
        <ele>1916</ele>
      </trkpt>
      <trkpt lat="42.51683578104138" lon="20.01053499904634">
        <ele>1916</ele>
      </trkpt>
      <trkpt lat="42.51692637802784" lon="20.01059698645813">
        <ele>1917</ele>
      </trkpt>
      <trkpt lat="42.51701697501429" lon="20.0106599275224">
        <ele>1917</ele>
      </trkpt>
      <trkpt lat="42.51709040625595" lon="20.01071523936676">
        <ele>1917</ele>
      </trkpt>
      <trkpt lat="42.51716383749761" lon="20.01077055121113">
        <ele>1917</ele>
      </trkpt>
      <trkpt lat="42.51719340072476" lon="20.01081823383558">
        <ele>1917</ele>
      </trkpt>
      <trkpt lat="42.51725634178904" lon="20.01086973106999">
        <ele>1917</ele>
      </trkpt>
      <trkpt lat="42.51732405111576" lon="20.01090978447453">
        <ele>1917</ele>
      </trkpt>
      <trkpt lat="42.51736982643524" lon="20.0109469769216">
        <ele>1918</ele>
      </trkpt>
      <trkpt lat="42.5174432576769" lon="20.01103757390806">
        <ele>1917</ele>
      </trkpt>
      <trkpt lat="42.51755197406064" lon="20.01115868777417">
        <ele>1917</ele>
      </trkpt>
      <trkpt lat="42.51757104711042" lon="20.01121495327102">
        <ele>1916</ele>
      </trkpt>
      <trkpt lat="42.51761300781994" lon="20.01129982834254">
        <ele>1915</ele>
      </trkpt>
      <trkpt lat="42.517695021934" lon="20.01135418653442">
        <ele>1916</ele>
      </trkpt>
      <trkpt lat="42.51768834636658" lon="20.01143810795345">
        <ele>1914</ele>
      </trkpt>
      <trkpt lat="42.5177036048064" lon="20.01148102231546">
        <ele>1914</ele>
      </trkpt>
      <trkpt lat="42.51773221438107" lon="20.01152679763493">
        <ele>1914</ele>
      </trkpt>
      <trkpt lat="42.51782090406255" lon="20.01162025557886">
        <ele>1914</ele>
      </trkpt>
      <trkpt lat="42.51790959374403" lon="20.01171466717527">
        <ele>1915</ele>
      </trkpt>
      <trkpt lat="42.51794773984359" lon="20.01177188632461">
        <ele>1914</ele>
      </trkpt>
      <trkpt lat="42.5179734884608" lon="20.01182815182147">
        <ele>1914</ele>
      </trkpt>
      <trkpt lat="42.51800114438298" lon="20.0119120732405">
        <ele>1913</ele>
      </trkpt>
      <trkpt lat="42.51802975395765" lon="20.01199694831202">
        <ele>1911</ele>
      </trkpt>
      <trkpt lat="42.51806694640472" lon="20.01205226015639">
        <ele>1911</ele>
      </trkpt>
      <trkpt lat="42.51811748998664" lon="20.01209231356093">
        <ele>1911</ele>
      </trkpt>
      <trkpt lat="42.51822334541292" lon="20.01214190349036">
        <ele>1913</ele>
      </trkpt>
      <trkpt lat="42.51831584970436" lon="20.01219340072477">
        <ele>1914</ele>
      </trkpt>
      <trkpt lat="42.5184255197406" lon="20.01222391760442">
        <ele>1914</ele>
      </trkpt>
      <trkpt lat="42.51845031470531" lon="20.01226111005149">
        <ele>1913</ele>
      </trkpt>
      <trkpt lat="42.51849418271981" lon="20.0122773221438">
        <ele>1912</ele>
      </trkpt>
      <trkpt lat="42.51855426282662" lon="20.01228018310127">
        <ele>1912</ele>
      </trkpt>
      <trkpt lat="42.51863341598321" lon="20.0122687392714">
        <ele>1912</ele>
      </trkpt>
      <trkpt lat="42.51871256913979" lon="20.01225729544153">
        <ele>1912</ele>
      </trkpt>
      <trkpt lat="42.51878695403394" lon="20.0121991226397">
        <ele>1913</ele>
      </trkpt>
      <trkpt lat="42.51888422658782" lon="20.01216288384512">
        <ele>1914</ele>
      </trkpt>
      <trkpt lat="42.5189814991417" lon="20.01212664505054">
        <ele>1915</ele>
      </trkpt>
      <trkpt lat="42.51905683768834" lon="20.01214571810031">
        <ele>1914</ele>
      </trkpt>
      <trkpt lat="42.51913217623497" lon="20.01216574480258">
        <ele>1913</ele>
      </trkpt>
      <trkpt lat="42.51918748807933" lon="20.01216288384512">
        <ele>1914</ele>
      </trkpt>
      <trkpt lat="42.51925710471104" lon="20.0121733740225">
        <ele>1913</ele>
      </trkpt>
      <trkpt lat="42.5193209994278" lon="20.01220102994468">
        <ele>1913</ele>
      </trkpt>
      <trkpt lat="42.51938584779705" lon="20.01222868586686">
        <ele>1912</ele>
      </trkpt>
      <trkpt lat="42.51950600801067" lon="20.01223726873926">
        <ele>1912</ele>
      </trkpt>
      <trkpt lat="42.51954510776272" lon="20.01226111005149">
        <ele>1912</ele>
      </trkpt>
      <trkpt lat="42.51955369063512" lon="20.01230020980354">
        <ele>1911</ele>
      </trkpt>
      <trkpt lat="42.51958992942971" lon="20.01233930955559">
        <ele>1910</ele>
      </trkpt>
      <trkpt lat="42.51962807552927" lon="20.01236601182528">
        <ele>1909</ele>
      </trkpt>
      <trkpt lat="42.51969769216097" lon="20.01235933625786">
        <ele>1909</ele>
      </trkpt>
      <trkpt lat="42.51973106999808" lon="20.01232691207323">
        <ele>1910</ele>
      </trkpt>
      <trkpt lat="42.51977493801258" lon="20.01230020980354">
        <ele>1911</ele>
      </trkpt>
      <trkpt lat="42.51981022315467" lon="20.01225061987411">
        <ele>1912</ele>
      </trkpt>
      <trkpt lat="42.51988556170131" lon="20.01218577150485">
        <ele>1914</ele>
      </trkpt>
      <trkpt lat="42.51996185390043" lon="20.0121209231356">
        <ele>1915</ele>
      </trkpt>
      <trkpt lat="42.51998569521265" lon="20.01211996948311">
        <ele>1915</ele>
      </trkpt>
      <trkpt lat="42.51999999999999" lon="20.01214667175281">
        <ele>1915</ele>
      </trkpt>
      <trkpt lat="42.52" lon="20.01214667175281">
        <ele>1915</ele>
      </trkpt>
      <trkpt lat="42.52001049017738" lon="20.01219149341979">
        <ele>1914</ele>
      </trkpt>
      <trkpt lat="42.52003719244707" lon="20.01222582490939">
        <ele>1914</ele>
      </trkpt>
      <trkpt lat="42.52006294106427" lon="20.01221819568948">
        <ele>1915</ele>
      </trkpt>
      <trkpt lat="42.52009822620637" lon="20.01222010299446">
        <ele>1916</ele>
      </trkpt>
      <trkpt lat="42.5201392332634" lon="20.0122334541293">
        <ele>1916</ele>
      </trkpt>
      <trkpt lat="42.52016688918558" lon="20.01225824909402">
        <ele>1917</ele>
      </trkpt>
      <trkpt lat="42.52019359145527" lon="20.01227160022887">
        <ele>1917</ele>
      </trkpt>
      <trkpt lat="42.5202870493992" lon="20.01227922944878">
        <ele>1919</ele>
      </trkpt>
      <trkpt lat="42.52036620255579" lon="20.01236410452031">
        <ele>1919</ele>
      </trkpt>
      <trkpt lat="42.52039481213046" lon="20.01244325767689">
        <ele>1918</ele>
      </trkpt>
      <trkpt lat="42.52041483883273" lon="20.01254434484073">
        <ele>1917</ele>
      </trkpt>
      <trkpt lat="42.5204262826626" lon="20.0126339881747">
        <ele>1915</ele>
      </trkpt>
      <trkpt lat="42.52043105092505" lon="20.01273030707609">
        <ele>1913</ele>
      </trkpt>
      <trkpt lat="42.52043677283998" lon="20.01282757962997">
        <ele>1911</ele>
      </trkpt>
      <trkpt lat="42.52044630936487" lon="20.01286954033949">
        <ele>1910</ele>
      </trkpt>
      <trkpt lat="42.52047968720198" lon="20.01289147434674">
        <ele>1911</ele>
      </trkpt>
      <trkpt lat="42.52050066755675" lon="20.01291913026892">
        <ele>1912</ele>
      </trkpt>
      <trkpt lat="42.52057123784093" lon="20.01319282853327">
        <ele>1909</ele>
      </trkpt>
      <trkpt lat="42.52060461567805" lon="20.01329868395955">
        <ele>1909</ele>
      </trkpt>
      <trkpt lat="42.52063799351517" lon="20.01340453938584">
        <ele>1909</ele>
      </trkpt>
      <trkpt lat="42.52068472248713" lon="20.01351897768452">
        <ele>1908</ele>
      </trkpt>
      <trkpt lat="42.52070665649438" lon="20.01360957467098">
        <ele>1907</ele>
      </trkpt>
      <trkpt lat="42.52074289528895" lon="20.01367251573526">
        <ele>1908</ele>
      </trkpt>
      <trkpt lat="42.52077913408354" lon="20.01373545679953">
        <ele>1908</ele>
      </trkpt>
      <trkpt lat="42.52083539958039" lon="20.01378886133892">
        <ele>1909</ele>
      </trkpt>
      <trkpt lat="42.52091073812703" lon="20.01384321953079">
        <ele>1911</ele>
      </trkpt>
      <trkpt lat="42.52098607667366" lon="20.01389853137516">
        <ele>1913</ele>
      </trkpt>
      <trkpt lat="42.52102231546824" lon="20.0139385847797">
        <ele>1914</ele>
      </trkpt>
      <trkpt lat="42.52108907114248" lon="20.01397673087926">
        <ele>1916</ele>
      </trkpt>
      <trkpt lat="42.52115582681671" lon="20.01401583063131">
        <ele>1918</ele>
      </trkpt>
      <trkpt lat="42.52121399961854" lon="20.01404157924851">
        <ele>1920</ele>
      </trkpt>
      <trkpt lat="42.52124737745566" lon="20.0140949837879">
        <ele>1920</ele>
      </trkpt>
      <trkpt lat="42.52125691398054" lon="20.01417413694449">
        <ele>1919</ele>
      </trkpt>
      <trkpt lat="42.52126645050544" lon="20.01425424375357">
        <ele>1917</ele>
      </trkpt>
      <trkpt lat="42.52133702078962" lon="20.01436105283234">
        <ele>1918</ele>
      </trkpt>
      <trkpt lat="42.5213827961091" lon="20.01445737173373">
        <ele>1918</ele>
      </trkpt>
      <trkpt lat="42.52138088880412" lon="20.01451649818805">
        <ele>1916</ele>
      </trkpt>
      <trkpt lat="42.52139042532901" lon="20.01455178333014">
        <ele>1915</ele>
      </trkpt>
      <trkpt lat="42.521478161358" lon="20.01459565134464">
        <ele>1918</ele>
      </trkpt>
      <trkpt lat="42.52152012206752" lon="20.01466526797634">
        <ele>1918</ele>
      </trkpt>
      <trkpt lat="42.52156303642953" lon="20.01473583826053">
        <ele>1918</ele>
      </trkpt>
      <trkpt lat="42.52159355330917" lon="20.01477016975013">
        <ele>1919</ele>
      </trkpt>
      <trkpt lat="42.52162025557887" lon="20.01483787907685">
        <ele>1918</ele>
      </trkpt>
      <trkpt lat="42.52164695784856" lon="20.01490654205606">
        <ele>1918</ele>
      </trkpt>
      <trkpt lat="42.52170036238795" lon="20.01501049017737">
        <ele>1917</ele>
      </trkpt>
      <trkpt lat="42.52173183292008" lon="20.01512016021361">
        <ele>1914</ele>
      </trkpt>
      <trkpt lat="42.52174899866489" lon="20.01523459851229">
        <ele>1910</ele>
      </trkpt>
      <trkpt lat="42.52176425710471" lon="20.01528323478923">
        <ele>1909</ele>
      </trkpt>
      <trkpt lat="42.52182052260157" lon="20.01534331489604">
        <ele>1908</ele>
      </trkpt>
      <trkpt lat="42.52186915887851" lon="20.01540625596032">
        <ele>1908</ele>
      </trkpt>
      <trkpt lat="42.52190158306313" lon="20.01546061415219">
        <ele>1907</ele>
      </trkpt>
      <trkpt lat="42.52190825863055" lon="20.01550543581918">
        <ele>1906</ele>
      </trkpt>
      <trkpt lat="42.5219044440206" lon="20.01554072096127">
        <ele>1904</ele>
      </trkpt>
      <trkpt lat="42.521913026893" lon="20.01557123784092">
        <ele>1903</ele>
      </trkpt>
      <trkpt lat="42.52195784855999" lon="20.01557505245088">
        <ele>1905</ele>
      </trkpt>
      <trkpt lat="42.52197978256724" lon="20.01561129124546">
        <ele>1904</ele>
      </trkpt>
      <trkpt lat="42.52199313370208" lon="20.01567613961472">
        <ele>1902</ele>
      </trkpt>
      <trkpt lat="42.52205607476635" lon="20.015781995041">
        <ele>1901</ele>
      </trkpt>
      <trkpt lat="42.52211710852566" lon="20.01585924089261">
        <ele>1901</ele>
      </trkpt>
      <trkpt lat="42.52215430097273" lon="20.01592313560937">
        <ele>1900</ele>
      </trkpt>
      <trkpt lat="42.52216574480259" lon="20.01598512302116">
        <ele>1899</ele>
      </trkpt>
      <trkpt lat="42.52217718863246" lon="20.01604806408544">
        <ele>1897</ele>
      </trkpt>
      <trkpt lat="42.52220198359718" lon="20.01607953461757">
        <ele>1897</ele>
      </trkpt>
      <trkpt lat="42.52224775891665" lon="20.01616154873163">
        <ele>1896</ele>
      </trkpt>
      <trkpt lat="42.52253766927332" lon="20.01638851802402">
        <ele>1898</ele>
      </trkpt>
      <trkpt lat="42.52261300781995" lon="20.01646385657066">
        <ele>1896</ele>
      </trkpt>
      <trkpt lat="42.52271981689872" lon="20.01650772458515">
        <ele>1895</ele>
      </trkpt>
      <trkpt lat="42.52278561892047" lon="20.01654205607476">
        <ele>1895</ele>
      </trkpt>
      <trkpt lat="42.52283139423994" lon="20.0165468243372">
        <ele>1895</ele>
      </trkpt>
      <trkpt lat="42.52284760633226" lon="20.01652393667747">
        <ele>1896</ele>
      </trkpt>
      <trkpt lat="42.52292962044631" lon="20.01657161930192">
        <ele>1895</ele>
      </trkpt>
      <trkpt lat="42.52301163456037" lon="20.01662025557886">
        <ele>1894</ele>
      </trkpt>
      <trkpt lat="42.52303642952509" lon="20.0166774747282">
        <ele>1893</ele>
      </trkpt>
      <trkpt lat="42.52306122448979" lon="20.01669559412549">
        <ele>1892</ele>
      </trkpt>
      <trkpt lat="42.523086973107" lon="20.01669177951554">
        <ele>1893</ele>
      </trkpt>
      <trkpt lat="42.52310318519932" lon="20.01668128933816">
        <ele>1893</ele>
      </trkpt>
      <trkpt lat="42.52314133129887" lon="20.01668891855807">
        <ele>1893</ele>
      </trkpt>
      <trkpt lat="42.52316040434866" lon="20.01671848178523">
        <ele>1893</ele>
      </trkpt>
      <trkpt lat="42.52326244516498" lon="20.01672325004767">
        <ele>1893</ele>
      </trkpt>
      <trkpt lat="42.52328342551974" lon="20.01669845508296">
        <ele>1894</ele>
      </trkpt>
      <trkpt lat="42.52332824718673" lon="20.01672706465763">
        <ele>1894</ele>
      </trkpt>
      <trkpt lat="42.52334732023651" lon="20.01677951554453">
        <ele>1893</ele>
      </trkpt>
      <trkpt lat="42.52341979782567" lon="20.01689586114819">
        <ele>1891</ele>
      </trkpt>
      <trkpt lat="42.52344554644288" lon="20.01699313370207">
        <ele>1890</ele>
      </trkpt>
      <trkpt lat="42.52347129506008" lon="20.01709040625595">
        <ele>1888</ele>
      </trkpt>
      <trkpt lat="42.52350276559222" lon="20.01716002288765">
        <ele>1888</ele>
      </trkpt>
      <trkpt lat="42.52353518977684" lon="20.01722963951935">
        <ele>1887</ele>
      </trkpt>
      <trkpt lat="42.52358668701125" lon="20.01725443448407">
        <ele>1888</ele>
      </trkpt>
      <trkpt lat="42.52363055502575" lon="20.01725348083158">
        <ele>1890</ele>
      </trkpt>
      <trkpt lat="42.523652489033" lon="20.01728113675376">
        <ele>1890</ele>
      </trkpt>
      <trkpt lat="42.52366488651536" lon="20.01731069998092">
        <ele>1890</ele>
      </trkpt>
      <trkpt lat="42.52365630364295" lon="20.01735742895288">
        <ele>1889</ele>
      </trkpt>
      <trkpt lat="42.523652489033" lon="20.01744802593934">
        <ele>1888</ele>
      </trkpt>
      <trkpt lat="42.52364962807553" lon="20.01753957657829">
        <ele>1886</ele>
      </trkpt>
      <trkpt lat="42.52362292580584" lon="20.01757867633034">
        <ele>1885</ele>
      </trkpt>
      <trkpt lat="42.52361625023841" lon="20.01766736601182">
        <ele>1883</ele>
      </trkpt>
      <trkpt lat="42.52362483311082" lon="20.01773507533854">
        <ele>1882</ele>
      </trkpt>
      <trkpt lat="42.52363436963571" lon="20.01780278466526">
        <ele>1882</ele>
      </trkpt>
      <trkpt lat="42.52367346938776" lon="20.01792294487888">
        <ele>1882</ele>
      </trkpt>
      <trkpt lat="42.52375548350182" lon="20.01802784665267">
        <ele>1884</ele>
      </trkpt>
      <trkpt lat="42.52377646385657" lon="20.01809174136944">
        <ele>1884</ele>
      </trkpt>
      <trkpt lat="42.52379649055884" lon="20.01818424566087">
        <ele>1884</ele>
      </trkpt>
      <trkpt lat="42.5238174709136" lon="20.0182777036048">
        <ele>1884</ele>
      </trkpt>
      <trkpt lat="42.52385180240321" lon="20.01835876406637">
        <ele>1885</ele>
      </trkpt>
      <trkpt lat="42.52386801449552" lon="20.01846366584016">
        <ele>1885</ele>
      </trkpt>
      <trkpt lat="42.5238956704177" lon="20.01854377264924">
        <ele>1885</ele>
      </trkpt>
      <trkpt lat="42.52389376311272" lon="20.01862292580583">
        <ele>1884</ele>
      </trkpt>
      <trkpt lat="42.52389185580775" lon="20.0187030326149">
        <ele>1883</ele>
      </trkpt>
      <trkpt lat="42.52386229258058" lon="20.01877455655158">
        <ele>1880</ele>
      </trkpt>
      <trkpt lat="42.52381079534618" lon="20.0190339500286">
        <ele>1874</ele>
      </trkpt>
      <trkpt lat="42.52381651726111" lon="20.01909879839786">
        <ele>1873</ele>
      </trkpt>
      <trkpt lat="42.52382319282854" lon="20.01916364676711">
        <ele>1873</ele>
      </trkpt>
      <trkpt lat="42.52382414648103" lon="20.01926282662597">
        <ele>1871</ele>
      </trkpt>
      <trkpt lat="42.52377837116155" lon="20.01956894907495">
        <ele>1864</ele>
      </trkpt>
      <trkpt lat="42.5238174709136" lon="20.01999999999999">
        <ele>1859</ele>
      </trkpt>
      <trkpt lat="42.5238174709136" lon="20.02">
        <ele>1859</ele>
      </trkpt>
      <trkpt lat="42.52381842456609" lon="20.02007247758917">
        <ele>1857</ele>
      </trkpt>
      <trkpt lat="42.52381937821858" lon="20.02014590883082">
        <ele>1855</ele>
      </trkpt>
      <trkpt lat="42.52383272935342" lon="20.02020980354759">
        <ele>1853</ele>
      </trkpt>
      <trkpt lat="42.52388136563037" lon="20.02031661262636">
        <ele>1853</ele>
      </trkpt>
      <trkpt lat="42.5239309555598" lon="20.02042437535762">
        <ele>1852</ele>
      </trkpt>
      <trkpt lat="42.5239481213046" lon="20.0204873164219">
        <ele>1850</ele>
      </trkpt>
      <trkpt lat="42.52397863818425" lon="20.02055216479115">
        <ele>1850</ele>
      </trkpt>
      <trkpt lat="42.52402345985123" lon="20.02063703986267">
        <ele>1849</ele>
      </trkpt>
      <trkpt lat="42.52406828151822" lon="20.02067137135228">
        <ele>1849</ele>
      </trkpt>
      <trkpt lat="42.5241483883273" lon="20.02077627312607">
        <ele>1849</ele>
      </trkpt>
      <trkpt lat="42.52421895861148" lon="20.02082777036048">
        <ele>1848</ele>
      </trkpt>
      <trkpt lat="42.52432290673278" lon="20.02082014114057">
        <ele>1850</ele>
      </trkpt>
      <trkpt lat="42.52438203318711" lon="20.02082204844555">
        <ele>1851</ele>
      </trkpt>
      <trkpt lat="42.52447644478352" lon="20.02083921419035">
        <ele>1851</ele>
      </trkpt>
      <trkpt lat="42.52457181003243" lon="20.02083826053786">
        <ele>1853</ele>
      </trkpt>
      <trkpt lat="42.52466717528133" lon="20.02083826053786">
        <ele>1854</ele>
      </trkpt>
      <trkpt lat="42.52475777226779" lon="20.02085733358764">
        <ele>1854</ele>
      </trkpt>
      <trkpt lat="42.52484169368682" lon="20.02085447263017">
        <ele>1855</ele>
      </trkpt>
      <trkpt lat="42.52492561510586" lon="20.0208525653252">
        <ele>1857</ele>
      </trkpt>
      <trkpt lat="42.52499904634751" lon="20.02084493610528">
        <ele>1858</ele>
      </trkpt>
      <trkpt lat="42.52507629219912" lon="20.02085637993515">
        <ele>1859</ele>
      </trkpt>
      <trkpt lat="42.52511157734122" lon="20.02087449933244">
        <ele>1858</ele>
      </trkpt>
      <trkpt lat="42.52514876978829" lon="20.02092408926188">
        <ele>1857</ele>
      </trkpt>
      <trkpt lat="42.525173564753" lon="20.02099942780851">
        <ele>1854</ele>
      </trkpt>
      <trkpt lat="42.52522983024986" lon="20.02110337592981">
        <ele>1850</ele>
      </trkpt>
      <trkpt lat="42.52526893000191" lon="20.02114247568186">
        <ele>1849</ele>
      </trkpt>
      <trkpt lat="42.52534140759108" lon="20.02126168224299">
        <ele>1845</ele>
      </trkpt>
      <trkpt lat="42.52536906351326" lon="20.02129410642762">
        <ele>1844</ele>
      </trkpt>
      <trkpt lat="42.5254091169178" lon="20.0213217623498">
        <ele>1844</ele>
      </trkpt>
      <trkpt lat="42.52543581918749" lon="20.02132653061225">
        <ele>1844</ele>
      </trkpt>
      <trkpt lat="42.52548636276941" lon="20.02131890139233">
        <ele>1845</ele>
      </trkpt>
      <trkpt lat="42.52551687964905" lon="20.02132748426473">
        <ele>1846</ele>
      </trkpt>
      <trkpt lat="42.52553595269884" lon="20.02135418653443">
        <ele>1845</ele>
      </trkpt>
      <trkpt lat="42.5255388136563" lon="20.02141808125119">
        <ele>1842</ele>
      </trkpt>
      <trkpt lat="42.52560366202556" lon="20.02147530040054">
        <ele>1842</ele>
      </trkpt>
      <trkpt lat="42.52562273507534" lon="20.02150009536525">
        <ele>1841</ele>
      </trkpt>
      <trkpt lat="42.52569902727446" lon="20.02154682433721">
        <ele>1841</ele>
      </trkpt>
      <trkpt lat="42.52573621972154" lon="20.02160690444402">
        <ele>1839</ele>
      </trkpt>
      <trkpt lat="42.5257657829487" lon="20.0216698455083">
        <ele>1838</ele>
      </trkpt>
      <trkpt lat="42.52578485599847" lon="20.02173660118253">
        <ele>1837</ele>
      </trkpt>
      <trkpt lat="42.52580488270075" lon="20.02180431050925">
        <ele>1836</ele>
      </trkpt>
      <trkpt lat="42.52584588975778" lon="20.02187964905589">
        <ele>1835</ele>
      </trkpt>
      <trkpt lat="42.5258868968148" lon="20.02195594125501">
        <ele>1835</ele>
      </trkpt>
      <trkpt lat="42.52591836734694" lon="20.02203986267404">
        <ele>1834</ele>
      </trkpt>
      <trkpt lat="42.52595079153156" lon="20.02212473774557">
        <ele>1833</ele>
      </trkpt>
      <trkpt lat="42.52596700362388" lon="20.0221829105474">
        <ele>1833</ele>
      </trkpt>
      <trkpt lat="42.52601850085829" lon="20.02225538813656">
        <ele>1833</ele>
      </trkpt>
      <trkpt lat="42.52608144192256" lon="20.0222868586687">
        <ele>1834</ele>
      </trkpt>
      <trkpt lat="42.52613580011444" lon="20.02237078008774">
        <ele>1834</ele>
      </trkpt>
      <trkpt lat="42.52637707419417" lon="20.02263684913218">
        <ele>1837</ele>
      </trkpt>
      <trkpt lat="42.5263999618539" lon="20.02270551211139">
        <ele>1837</ele>
      </trkpt>
      <trkpt lat="42.52642380316613" lon="20.0227741750906">
        <ele>1837</ele>
      </trkpt>
      <trkpt lat="42.52640949837879" lon="20.02287907686439">
        <ele>1834</ele>
      </trkpt>
      <trkpt lat="42.52635704749189" lon="20.02313847034141">
        <ele>1828</ele>
      </trkpt>
      <trkpt lat="42.52634655731452" lon="20.02323860385276">
        <ele>1826</ele>
      </trkpt>
      <trkpt lat="42.52634655731452" lon="20.02331680335686">
        <ele>1824</ele>
      </trkpt>
      <trkpt lat="42.52634655731452" lon="20.02339500286096">
        <ele>1823</ele>
      </trkpt>
      <trkpt lat="42.52636276940683" lon="20.0234693877551">
        <ele>1823</ele>
      </trkpt>
      <trkpt lat="42.52637898149914" lon="20.02354472630174">
        <ele>1822</ele>
      </trkpt>
      <trkpt lat="42.52641235933626" lon="20.02362483311082">
        <ele>1822</ele>
      </trkpt>
      <trkpt lat="42.52644573717338" lon="20.02370589357238">
        <ele>1822</ele>
      </trkpt>
      <trkpt lat="42.52653633415984" lon="20.02377074194164">
        <ele>1825</ele>
      </trkpt>
      <trkpt lat="42.52662788479878" lon="20.02383559031089">
        <ele>1827</ele>
      </trkpt>
      <trkpt lat="42.52665840167843" lon="20.02389757772268">
        <ele>1827</ele>
      </trkpt>
      <trkpt lat="42.52668987221057" lon="20.02396051878695">
        <ele>1828</ele>
      </trkpt>
      <trkpt lat="42.52668891855808" lon="20.0240091550639">
        <ele>1827</ele>
      </trkpt>
      <trkpt lat="42.52666221628839" lon="20.02405397673088">
        <ele>1825</ele>
      </trkpt>
      <trkpt lat="42.5266002288766" lon="20.02409116917795">
        <ele>1822</ele>
      </trkpt>
      <trkpt lat="42.52659832157162" lon="20.02415411024223">
        <ele>1821</ele>
      </trkpt>
      <trkpt lat="42.52659641426664" lon="20.0242170513065">
        <ele>1820</ele>
      </trkpt>
      <trkpt lat="42.52657829486935" lon="20.02428380698074">
        <ele>1819</ele>
      </trkpt>
      <trkpt lat="42.5266173946214" lon="20.0243829868396">
        <ele>1819</ele>
      </trkpt>
      <trkpt lat="42.52663837497616" lon="20.02441255006676">
        <ele>1820</ele>
      </trkpt>
      <trkpt lat="42.52666793820332" lon="20.02448121304597">
        <ele>1820</ele>
      </trkpt>
      <trkpt lat="42.52669845508297" lon="20.02455082967766">
        <ele>1821</ele>
      </trkpt>
      <trkpt lat="42.52671752813275" lon="20.02461853900439">
        <ele>1822</ele>
      </trkpt>
      <trkpt lat="42.52670703795537" lon="20.02488651535381">
        <ele>1819</ele>
      </trkpt>
      <trkpt lat="42.52667175281328" lon="20.02497997329773">
        <ele>1816</ele>
      </trkpt>
      <trkpt lat="42.52663646767118" lon="20.02507343124166">
        <ele>1813</ele>
      </trkpt>
      <trkpt lat="42.52663932862865" lon="20.02509345794393">
        <ele>1813</ele>
      </trkpt>
      <trkpt lat="42.52666793820332" lon="20.02508773602899">
        <ele>1814</ele>
      </trkpt>
      <trkpt lat="42.52668796490559" lon="20.02511443829869">
        <ele>1815</ele>
      </trkpt>
      <trkpt lat="42.52672325004768" lon="20.02518500858287">
        <ele>1817</ele>
      </trkpt>
      <trkpt lat="42.52677283997711" lon="20.02525653251955">
        <ele>1819</ele>
      </trkpt>
      <trkpt lat="42.52678046919703" lon="20.02531375166889">
        <ele>1819</ele>
      </trkpt>
      <trkpt lat="42.52682147625406" lon="20.02538432195308">
        <ele>1821</ele>
      </trkpt>
      <trkpt lat="42.52686343696357" lon="20.02545584588976">
        <ele>1823</ele>
      </trkpt>
      <trkpt lat="42.52688155636086" lon="20.02553309174137">
        <ele>1823</ele>
      </trkpt>
      <trkpt lat="42.52688346366584" lon="20.02562941064276">
        <ele>1822</ele>
      </trkpt>
      <trkpt lat="42.52690062941064" lon="20.02566660308984">
        <ele>1823</ele>
      </trkpt>
      <trkpt lat="42.52690635132558" lon="20.02572000762922">
        <ele>1822</ele>
      </trkpt>
      <trkpt lat="42.52689967575815" lon="20.0258001144383">
        <ele>1821</ele>
      </trkpt>
      <trkpt lat="42.52690349036811" lon="20.02585065802022">
        <ele>1821</ele>
      </trkpt>
      <trkpt lat="42.52691207324051" lon="20.0258868968148">
        <ele>1820</ele>
      </trkpt>
      <trkpt lat="42.52693209994278" lon="20.0259040625596">
        <ele>1821</ele>
      </trkpt>
      <trkpt lat="42.52693782185771" lon="20.02594411596414">
        <ele>1821</ele>
      </trkpt>
      <trkpt lat="42.52693305359527" lon="20.02598130841121">
        <ele>1820</ele>
      </trkpt>
      <trkpt lat="42.5269483120351" lon="20.02604520312798">
        <ele>1819</ele>
      </trkpt>
      <trkpt lat="42.52696166316994" lon="20.02606809078772">
        <ele>1819</ele>
      </trkpt>
      <trkpt lat="42.52698455082968" lon="20.02609002479496">
        <ele>1820</ele>
      </trkpt>
      <trkpt lat="42.52700076292199" lon="20.02609002479496">
        <ele>1821</ele>
      </trkpt>
      <trkpt lat="42.52705607476636" lon="20.02617680717147">
        <ele>1823</ele>
      </trkpt>
      <trkpt lat="42.52711234026321" lon="20.02626358954797">
        <ele>1824</ele>
      </trkpt>
      <trkpt lat="42.52714953271028" lon="20.02628170894526">
        <ele>1826</ele>
      </trkpt>
      <trkpt lat="42.52724108334923" lon="20.02640377646386">
        <ele>1829</ele>
      </trkpt>
      <trkpt lat="42.52725824909403" lon="20.02644573717338">
        <ele>1830</ele>
      </trkpt>
      <trkpt lat="42.52729544154111" lon="20.02647911501049">
        <ele>1831</ele>
      </trkpt>
      <trkpt lat="42.52733263398817" lon="20.02657066564944">
        <ele>1832</ele>
      </trkpt>
      <trkpt lat="42.52737078008774" lon="20.02666316994087">
        <ele>1832</ele>
      </trkpt>
      <trkpt lat="42.52738889948503" lon="20.0266784283807">
        <ele>1833</ele>
      </trkpt>
      <trkpt lat="42.52741369444974" lon="20.02673469387755">
        <ele>1833</ele>
      </trkpt>
      <trkpt lat="42.52747091359909" lon="20.02679763494183">
        <ele>1834</ele>
      </trkpt>
      <trkpt lat="42.52751287430861" lon="20.02681289338165">
        <ele>1836</ele>
      </trkpt>
      <trkpt lat="42.5275996566851" lon="20.02686725157353">
        <ele>1839</ele>
      </trkpt>
      <trkpt lat="42.52765592218196" lon="20.02694640473012">
        <ele>1840</ele>
      </trkpt>
      <trkpt lat="42.52771218767881" lon="20.02702555788671">
        <ele>1840</ele>
      </trkpt>
      <trkpt lat="42.52777131413313" lon="20.02708277703605">
        <ele>1842</ele>
      </trkpt>
      <trkpt lat="42.52782757962999" lon="20.02710661834827">
        <ele>1844</ele>
      </trkpt>
      <trkpt lat="42.52787621590692" lon="20.0271829105474">
        <ele>1844</ele>
      </trkpt>
      <trkpt lat="42.52792485218387" lon="20.02726015639901">
        <ele>1844</ele>
      </trkpt>
      <trkpt lat="42.52798874690063" lon="20.02733644859813">
        <ele>1845</ele>
      </trkpt>
      <trkpt lat="42.52805359526988" lon="20.02741369444974">
        <ele>1846</ele>
      </trkpt>
      <trkpt lat="42.52809364867442" lon="20.0274518405493">
        <ele>1846</ele>
      </trkpt>
      <trkpt lat="42.52820141140568" lon="20.02748807934389">
        <ele>1851</ele>
      </trkpt>
      <trkpt lat="42.52822334541293" lon="20.02752050352851">
        <ele>1851</ele>
      </trkpt>
      <trkpt lat="42.52823955750524" lon="20.02757676902537">
        <ele>1849</ele>
      </trkpt>
      <trkpt lat="42.52831871066184" lon="20.02767118062178">
        <ele>1849</ele>
      </trkpt>
      <trkpt lat="42.52836257867633" lon="20.02768071714667">
        <ele>1850</ele>
      </trkpt>
      <trkpt lat="42.5284093076483" lon="20.02769979019645">
        <ele>1851</ele>
      </trkpt>
      <trkpt lat="42.52842838069807" lon="20.02775224108335">
        <ele>1849</ele>
      </trkpt>
      <trkpt lat="42.52845699027274" lon="20.02776749952318">
        <ele>1849</ele>
      </trkpt>
      <trkpt lat="42.52852756055693" lon="20.02777131413313">
        <ele>1851</ele>
      </trkpt>
      <trkpt lat="42.52859813084113" lon="20.02777512874309">
        <ele>1854</ele>
      </trkpt>
      <trkpt lat="42.5286782376502" lon="20.02780373831776">
        <ele>1855</ele>
      </trkpt>
      <trkpt lat="42.52869635704749" lon="20.02782948693496">
        <ele>1854</ele>
      </trkpt>
      <trkpt lat="42.52868872782758" lon="20.0278695403395">
        <ele>1852</ele>
      </trkpt>
      <trkpt lat="42.52870780087736" lon="20.02792389853138">
        <ele>1850</ele>
      </trkpt>
      <trkpt lat="42.52876406637422" lon="20.02796585924089">
        <ele>1850</ele>
      </trkpt>
      <trkpt lat="42.52883845126836" lon="20.02798016402823">
        <ele>1851</ele>
      </trkpt>
      <trkpt lat="42.5289128361625" lon="20.02799446881556">
        <ele>1853</ele>
      </trkpt>
      <trkpt lat="42.52895193591456" lon="20.02795727636849">
        <ele>1856</ele>
      </trkpt>
      <trkpt lat="42.52903013541865" lon="20.02797158115583">
        <ele>1858</ele>
      </trkpt>
      <trkpt lat="42.52909021552546" lon="20.02798970055312">
        <ele>1859</ele>
      </trkpt>
      <trkpt lat="42.52915983215716" lon="20.02804024413504">
        <ele>1859</ele>
      </trkpt>
      <trkpt lat="42.52920560747663" lon="20.02808983406447">
        <ele>1857</ele>
      </trkpt>
      <trkpt lat="42.52929238985314" lon="20.02813179477399">
        <ele>1857</ele>
      </trkpt>
      <trkpt lat="42.52937917222964" lon="20.0281737554835">
        <ele>1856</ele>
      </trkpt>
      <trkpt lat="42.52945069616632" lon="20.02816326530612">
        <ele>1858</ele>
      </trkpt>
      <trkpt lat="42.52952317375549" lon="20.02815277512875">
        <ele>1859</ele>
      </trkpt>
      <trkpt lat="42.52957943925234" lon="20.02813179477399">
        <ele>1861</ele>
      </trkpt>
      <trkpt lat="42.52964714857906" lon="20.02812130459661">
        <ele>1862</ele>
      </trkpt>
      <trkpt lat="42.52970246042342" lon="20.02812130459661">
        <ele>1863</ele>
      </trkpt>
      <trkpt lat="42.52972439443067" lon="20.02814228495136">
        <ele>1863</ele>
      </trkpt>
      <trkpt lat="42.52976063322525" lon="20.02815182147625">
        <ele>1863</ele>
      </trkpt>
      <trkpt lat="42.52978447453748" lon="20.02815086782376">
        <ele>1863</ele>
      </trkpt>
      <trkpt lat="42.52981499141713" lon="20.02812893381652">
        <ele>1865</ele>
      </trkpt>
      <trkpt lat="42.52989509822621" lon="20.02810699980927">
        <ele>1867</ele>
      </trkpt>
      <trkpt lat="42.52994278085066" lon="20.02807743658211">
        <ele>1869</ele>
      </trkpt>
      <trkpt lat="42.53000762921992" lon="20.0280698073622">
        <ele>1870</ele>
      </trkpt>
      <trkpt lat="42.53006294106428" lon="20.02808125119207">
        <ele>1870</ele>
      </trkpt>
      <trkpt lat="42.53014686248331" lon="20.02806599275224">
        <ele>1872</ele>
      </trkpt>
      <trkpt lat="42.53022887659737" lon="20.02805740987984">
        <ele>1874</ele>
      </trkpt>
      <trkpt lat="42.53031184436391" lon="20.02804882700744">
        <ele>1876</ele>
      </trkpt>
      <trkpt lat="42.53101659355331" lon="20.02833015449171">
        <ele>1880</ele>
      </trkpt>
      <trkpt lat="42.53160785809651" lon="20.02862197215335">
        <ele>1883</ele>
      </trkpt>
      <trkpt lat="42.53222773221438" lon="20.02905969864581">
        <ele>1875</ele>
      </trkpt>
      <trkpt lat="42.53249189395385" lon="20.02917222963952">
        <ele>1877</ele>
      </trkpt>
      <trkpt lat="42.53255483501812" lon="20.02919034903681">
        <ele>1877</ele>
      </trkpt>
      <trkpt lat="42.5326177760824" lon="20.02920942208659">
        <ele>1877</ele>
      </trkpt>
      <trkpt lat="42.53268548540912" lon="20.02920083921419">
        <ele>1878</ele>
      </trkpt>
      <trkpt lat="42.53280469197025" lon="20.02921419034904">
        <ele>1879</ele>
      </trkpt>
      <trkpt lat="42.5328952889567" lon="20.02925329010109">
        <ele>1878</ele>
      </trkpt>
      <trkpt lat="42.53300495899295" lon="20.02929334350563">
        <ele>1878</ele>
      </trkpt>
      <trkpt lat="42.53311558268167" lon="20.02933339691017">
        <ele>1879</ele>
      </trkpt>
      <trkpt lat="42.53317852374595" lon="20.02935246995995">
        <ele>1879</ele>
      </trkpt>
      <trkpt lat="42.53324146481022" lon="20.02937154300973">
        <ele>1879</ele>
      </trkpt>
      <trkpt lat="42.53333015449171" lon="20.02941255006676">
        <ele>1880</ele>
      </trkpt>
      <trkpt lat="42.53341598321572" lon="20.02943257676903">
        <ele>1879</ele>
      </trkpt>
      <trkpt lat="42.53345031470532" lon="20.0294259012016">
        <ele>1879</ele>
      </trkpt>
      <trkpt lat="42.5334693877551" lon="20.02940968910929">
        <ele>1879</ele>
      </trkpt>
      <trkpt lat="42.53349132176235" lon="20.02932576769026">
        <ele>1880</ele>
      </trkpt>
      <trkpt lat="42.53348559984742" lon="20.02926664123594">
        <ele>1881</ele>
      </trkpt>
      <trkpt lat="42.53346843410262" lon="20.02923326339882">
        <ele>1882</ele>
      </trkpt>
      <trkpt lat="42.53346652679764" lon="20.02920465382415">
        <ele>1882</ele>
      </trkpt>
      <trkpt lat="42.53347320236506" lon="20.02917127598703">
        <ele>1883</ele>
      </trkpt>
      <trkpt lat="42.53351039481213" lon="20.02909212283044">
        <ele>1883</ele>
      </trkpt>
      <trkpt lat="42.53354758725921" lon="20.02901392332634">
        <ele>1883</ele>
      </trkpt>
      <trkpt lat="42.53356093839405" lon="20.02895098226206">
        <ele>1883</ele>
      </trkpt>
      <trkpt lat="42.53356856761396" lon="20.02885466336067">
        <ele>1884</ele>
      </trkpt>
      <trkpt lat="42.53357619683388" lon="20.02875929811177">
        <ele>1884</ele>
      </trkpt>
      <trkpt lat="42.53365058172802" lon="20.02833587640664">
        <ele>1885</ele>
      </trkpt>
      <trkpt lat="42.53371924470723" lon="20.0276873927141">
        <ele>1892</ele>
      </trkpt>
      <trkpt lat="42.53374308601946" lon="20.0276177760824">
        <ele>1892</ele>
      </trkpt>
      <trkpt lat="42.53378123211902" lon="20.02757295441541">
        <ele>1892</ele>
      </trkpt>
      <trkpt lat="42.53390329963761" lon="20.02749284760633">
        <ele>1891</ele>
      </trkpt>
      <trkpt lat="42.53400057219149" lon="20.02747472820904">
        <ele>1889</ele>
      </trkpt>
      <trkpt lat="42.5342523364486" lon="20.02734693877551">
        <ele>1887</ele>
      </trkpt>
      <trkpt lat="42.53454701506771" lon="20.02729067327866">
        <ele>1884</ele>
      </trkpt>
      <trkpt lat="42.53459565134465" lon="20.02727636849132">
        <ele>1884</ele>
      </trkpt>
      <trkpt lat="42.53464238031661" lon="20.02725061987412">
        <ele>1884</ele>
      </trkpt>
      <trkpt lat="42.5347043677284" lon="20.02718863246233">
        <ele>1883</ele>
      </trkpt>
      <trkpt lat="42.53476635514019" lon="20.02712664505054">
        <ele>1883</ele>
      </trkpt>
      <trkpt lat="42.53480545489224" lon="20.02707610146863">
        <ele>1883</ele>
      </trkpt>
      <trkpt lat="42.53484550829678" lon="20.02695784855998">
        <ele>1883</ele>
      </trkpt>
      <trkpt lat="42.53487411787145" lon="20.02689300019073">
        <ele>1883</ele>
      </trkpt>
      <trkpt lat="42.53492084684341" lon="20.02682242990654">
        <ele>1883</ele>
      </trkpt>
      <trkpt lat="42.53496852946786" lon="20.02675185962235">
        <ele>1883</ele>
      </trkpt>
      <trkpt lat="42.53497806599275" lon="20.02670131604044">
        <ele>1883</ele>
      </trkpt>
      <trkpt lat="42.53497806599275" lon="20.02664981880603">
        <ele>1883</ele>
      </trkpt>
      <trkpt lat="42.53500286095747" lon="20.02658020217433">
        <ele>1883</ele>
      </trkpt>
      <trkpt lat="42.53500762921991" lon="20.02653442685486">
        <ele>1883</ele>
      </trkpt>
      <trkpt lat="42.53502384131222" lon="20.02648102231547">
        <ele>1882</ele>
      </trkpt>
      <trkpt lat="42.53505435819188" lon="20.02641235933626">
        <ele>1882</ele>
      </trkpt>
      <trkpt lat="42.53508487507153" lon="20.02634369635705">
        <ele>1881</ele>
      </trkpt>
      <trkpt lat="42.53507438489414" lon="20.02624547015068">
        <ele>1881</ele>
      </trkpt>
      <trkpt lat="42.53508773602899" lon="20.02621590692352">
        <ele>1881</ele>
      </trkpt>
      <trkpt lat="42.53506008010681" lon="20.02615201220675">
        <ele>1882</ele>
      </trkpt>
      <trkpt lat="42.53503337783712" lon="20.02608811748999">
        <ele>1882</ele>
      </trkpt>
      <trkpt lat="42.53499713904253" lon="20.02598416936868">
        <ele>1882</ele>
      </trkpt>
      <trkpt lat="42.53496090024795" lon="20.02591455273699">
        <ele>1882</ele>
      </trkpt>
      <trkpt lat="42.53492561510586" lon="20.02584493610528">
        <ele>1883</ele>
      </trkpt>
      <trkpt lat="42.53489032996377" lon="20.02575147816136">
        <ele>1884</ele>
      </trkpt>
      <trkpt lat="42.53487221056647" lon="20.02568090787717">
        <ele>1886</ele>
      </trkpt>
      <trkpt lat="42.53485409116918" lon="20.02561129124547">
        <ele>1887</ele>
      </trkpt>
      <trkpt lat="42.53482262063704" lon="20.02553976730879">
        <ele>1888</ele>
      </trkpt>
      <trkpt lat="42.53472534808316" lon="20.02541960709518">
        <ele>1890</ele>
      </trkpt>
      <trkpt lat="42.53469673850849" lon="20.02541483883273">
        <ele>1891</ele>
      </trkpt>
      <trkpt lat="42.53467480450124" lon="20.02538622925806">
        <ele>1891</ele>
      </trkpt>
      <trkpt lat="42.53465668510395" lon="20.02532424184627">
        <ele>1892</ele>
      </trkpt>
      <trkpt lat="42.53468624833111" lon="20.02530993705894">
        <ele>1892</ele>
      </trkpt>
      <trkpt lat="42.53472916269312" lon="20.02530898340645">
        <ele>1891</ele>
      </trkpt>
      <trkpt lat="42.53478638184246" lon="20.02531756627885">
        <ele>1891</ele>
      </trkpt>
      <trkpt lat="42.53485123021171" lon="20.02533568567614">
        <ele>1890</ele>
      </trkpt>
      <trkpt lat="42.53491703223346" lon="20.02535380507343">
        <ele>1888</ele>
      </trkpt>
      <trkpt lat="42.53499713904253" lon="20.02536715620828">
        <ele>1887</ele>
      </trkpt>
      <trkpt lat="42.53507724585161" lon="20.02538146099561">
        <ele>1887</ele>
      </trkpt>
      <trkpt lat="42.53518405493038" lon="20.02540816326531">
        <ele>1886</ele>
      </trkpt>
      <trkpt lat="42.53522696929239" lon="20.02543009727255">
        <ele>1885</ele>
      </trkpt>
      <trkpt lat="42.53528323478925" lon="20.02547491893954">
        <ele>1885</ele>
      </trkpt>
      <trkpt lat="42.53533282471867" lon="20.02546728971963">
        <ele>1884</ele>
      </trkpt>
      <trkpt lat="42.53535475872592" lon="20.02545107762731">
        <ele>1885</ele>
      </trkpt>
      <trkpt lat="42.53538909021552" lon="20.02545775319474">
        <ele>1884</ele>
      </trkpt>
      <trkpt lat="42.53541960709518" lon="20.02544249475491">
        <ele>1884</ele>
      </trkpt>
      <trkpt lat="42.53547396528705" lon="20.02543772649247">
        <ele>1884</ele>
      </trkpt>
      <trkpt lat="42.53556170131604" lon="20.02539004386801">
        <ele>1884</ele>
      </trkpt>
      <trkpt lat="42.53561033759298" lon="20.02538432195308">
        <ele>1884</ele>
      </trkpt>
      <trkpt lat="42.53568186152966" lon="20.02538622925806">
        <ele>1884</ele>
      </trkpt>
      <trkpt lat="42.53575433911882" lon="20.02538909021553">
        <ele>1883</ele>
      </trkpt>
      <trkpt lat="42.5358344459279" lon="20.02536715620828">
        <ele>1883</ele>
      </trkpt>
      <trkpt lat="42.53591455273698" lon="20.02534522220103">
        <ele>1882</ele>
      </trkpt>
      <trkpt lat="42.53591455273698" lon="20.02534522220103">
        <ele>1882</ele>
      </trkpt>
      <trkpt lat="42.53595365248903" lon="20.02539385847797">
        <ele>1881</ele>
      </trkpt>
      <trkpt lat="42.5360347129506" lon="20.02541102422277">
        <ele>1880</ele>
      </trkpt>
      <trkpt lat="42.53610146862484" lon="20.0253824146481">
        <ele>1880</ele>
      </trkpt>
      <trkpt lat="42.53616631699409" lon="20.02529658592409">
        <ele>1880</ele>
      </trkpt>
      <trkpt lat="42.5362521457181" lon="20.02528132748427">
        <ele>1879</ele>
      </trkpt>
      <trkpt lat="42.5363389280946" lon="20.02526702269693">
        <ele>1878</ele>
      </trkpt>
      <trkpt lat="42.53640473011635" lon="20.02525176425711">
        <ele>1877</ele>
      </trkpt>
      <trkpt lat="42.53647053213809" lon="20.02523745946977">
        <ele>1877</ele>
      </trkpt>
      <trkpt lat="42.5365744802594" lon="20.02519549876025">
        <ele>1876</ele>
      </trkpt>
      <trkpt lat="42.53667938203318" lon="20.02516975014305">
        <ele>1875</ele>
      </trkpt>
      <trkpt lat="42.53672897196262" lon="20.02517642571047">
        <ele>1874</ele>
      </trkpt>
      <trkpt lat="42.53675948884226" lon="20.02519931337021">
        <ele>1873</ele>
      </trkpt>
      <trkpt lat="42.53687678809842" lon="20.02531565897387">
        <ele>1870</ele>
      </trkpt>
      <trkpt lat="42.53695975586496" lon="20.02541674613771">
        <ele>1868</ele>
      </trkpt>
      <trkpt lat="42.53699694831204" lon="20.02544726301736">
        <ele>1867</ele>
      </trkpt>
      <trkpt lat="42.53708182338356" lon="20.02548636276941">
        <ele>1865</ele>
      </trkpt>
      <trkpt lat="42.53712855235553" lon="20.02548445546443">
        <ele>1864</ele>
      </trkpt>
      <trkpt lat="42.53712855235553" lon="20.02548445546443">
        <ele>1864</ele>
      </trkpt>
      <trkpt lat="42.53715144001526" lon="20.02550066755675">
        <ele>1863</ele>
      </trkpt>
      <trkpt lat="42.537478542819" lon="20.02547015067709">
        <ele>1859</ele>
      </trkpt>
      <trkpt lat="42.53789719626168" lon="20.02561701316041">
        <ele>1847</ele>
      </trkpt>
      <trkpt lat="42.53796776654587" lon="20.02560175472058">
        <ele>1846</ele>
      </trkpt>
      <trkpt lat="42.53803929048255" lon="20.02558649628076">
        <ele>1845</ele>
      </trkpt>
      <trkpt lat="42.53815468243372" lon="20.02561033759298">
        <ele>1842</ele>
      </trkpt>
      <trkpt lat="42.5382700743849" lon="20.0256351325577">
        <ele>1839</ele>
      </trkpt>
      <trkpt lat="42.53829773030708" lon="20.02565706656495">
        <ele>1838</ele>
      </trkpt>
      <trkpt lat="42.53834064466908" lon="20.02567423230975">
        <ele>1836</ele>
      </trkpt>
      <trkpt lat="42.53836639328629" lon="20.02571237840931">
        <ele>1835</ele>
      </trkpt>
      <trkpt lat="42.53838928094603" lon="20.0257219149342">
        <ele>1835</ele>
      </trkpt>
      <trkpt lat="42.53843219530803" lon="20.02572382223918">
        <ele>1834</ele>
      </trkpt>
      <trkpt lat="42.53848083158497" lon="20.02573526606905">
        <ele>1834</ele>
      </trkpt>
      <trkpt lat="42.53853900438681" lon="20.0257657829487">
        <ele>1833</ele>
      </trkpt>
      <trkpt lat="42.53864772077056" lon="20.02588498950982">
        <ele>1829</ele>
      </trkpt>
      <trkpt lat="42.53874022506199" lon="20.02591073812703">
        <ele>1827</ele>
      </trkpt>
      <trkpt lat="42.53883940492085" lon="20.02598989128362">
        <ele>1824</ele>
      </trkpt>
      <trkpt lat="42.53893858477971" lon="20.02606999809269">
        <ele>1821</ele>
      </trkpt>
      <trkpt lat="42.53898436009918" lon="20.02612054167462">
        <ele>1820</ele>
      </trkpt>
      <trkpt lat="42.53901487697883" lon="20.02617489986649">
        <ele>1818</ele>
      </trkpt>
      <trkpt lat="42.53906923517071" lon="20.02625023841312">
        <ele>1816</ele>
      </trkpt>
      <trkpt lat="42.53909975205035" lon="20.02631699408736">
        <ele>1814</ele>
      </trkpt>
      <trkpt lat="42.53913026893" lon="20.02638374976159">
        <ele>1813</ele>
      </trkpt>
      <trkpt lat="42.53915983215716" lon="20.0264867442304">
        <ele>1810</ele>
      </trkpt>
      <trkpt lat="42.53919034903682" lon="20.02653538050734">
        <ele>1809</ele>
      </trkpt>
      <trkpt lat="42.5392437535762" lon="20.02654968529468">
        <ele>1811</ele>
      </trkpt>
      <trkpt lat="42.53928476063323" lon="20.02657734121686">
        <ele>1812</ele>
      </trkpt>
      <trkpt lat="42.53931527751288" lon="20.02652393667747">
        <ele>1814</ele>
      </trkpt>
      <trkpt lat="42.53936105283235" lon="20.02647530040053">
        <ele>1816</ele>
      </trkpt>
      <trkpt lat="42.53942685485409" lon="20.02649437345032">
        <ele>1818</ele>
      </trkpt>
      <trkpt lat="42.53953461758535" lon="20.02654968529468">
        <ele>1820</ele>
      </trkpt>
      <trkpt lat="42.53964238031661" lon="20.02660595079153">
        <ele>1823</ele>
      </trkpt>
      <trkpt lat="42.53968529467862" lon="20.02664218958612">
        <ele>1823</ele>
      </trkpt>
      <trkpt lat="42.53973393095556" lon="20.02670131604044">
        <ele>1824</ele>
      </trkpt>
      <trkpt lat="42.5398178523746" lon="20.02699408735457">
        <ele>1821</ele>
      </trkpt>
      <trkpt lat="42.53983406446691" lon="20.02706656494373">
        <ele>1820</ele>
      </trkpt>
      <trkpt lat="42.53985123021171" lon="20.0271390425329">
        <ele>1820</ele>
      </trkpt>
      <trkpt lat="42.53983883272935" lon="20.02738603852756">
        <ele>1815</ele>
      </trkpt>
      <trkpt lat="42.53984550829678" lon="20.02773316803357">
        <ele>1813</ele>
      </trkpt>
      <trkpt lat="42.53992275414839" lon="20.02841884417318">
        <ele>1820</ele>
      </trkpt>
      <trkpt lat="42.53986934960901" lon="20.02871924470723">
        <ele>1817</ele>
      </trkpt>
      <trkpt lat="42.53968338737364" lon="20.02924279992371">
        <ele>1807</ele>
      </trkpt>
      <trkpt lat="42.53954987602518" lon="20.02980354758726">
        <ele>1796</ele>
      </trkpt>
      <trkpt lat="42.53955273698264" lon="20.02990082014114">
        <ele>1796</ele>
      </trkpt>
      <trkpt lat="42.53955559794012" lon="20.02999809269502">
        <ele>1796</ele>
      </trkpt>
      <trkpt lat="42.53953843219531" lon="20.03002860957467">
        <ele>1795</ele>
      </trkpt>
      <trkpt lat="42.5395308029754" lon="20.03007533854663">
        <ele>1794</ele>
      </trkpt>
      <trkpt lat="42.53956036620256" lon="20.03013637230593">
        <ele>1796</ele>
      </trkpt>
      <trkpt lat="42.53956418081251" lon="20.0302088498951">
        <ele>1796</ele>
      </trkpt>
      <trkpt lat="42.5395823002098" lon="20.0303223345413">
        <ele>1797</ele>
      </trkpt>
      <trkpt lat="42.53956990272745" lon="20.03042246805264">
        <ele>1796</ele>
      </trkpt>
      <trkpt lat="42.53957848559985" lon="20.03050543581919">
        <ele>1796</ele>
      </trkpt>
      <trkpt lat="42.53957848559985" lon="20.03062750333779">
        <ele>1796</ele>
      </trkpt>
      <trkpt lat="42.53957276368492" lon="20.03069807362197">
        <ele>1796</ele>
      </trkpt>
      <trkpt lat="42.53956704176998" lon="20.03076864390616">
        <ele>1795</ele>
      </trkpt>
      <trkpt lat="42.53961472439443" lon="20.03121972153347">
        <ele>1796</ele>
      </trkpt>
      <trkpt lat="42.53967957276369" lon="20.0314867442304">
        <ele>1798</ele>
      </trkpt>
      <trkpt lat="42.5397129506008" lon="20.03174423040244">
        <ele>1799</ele>
      </trkpt>
      <trkpt lat="42.53975109670036" lon="20.03181384703414">
        <ele>1800</ele>
      </trkpt>
      <trkpt lat="42.53979019645242" lon="20.03188346366584">
        <ele>1802</ele>
      </trkpt>
      <trkpt lat="42.53981975967957" lon="20.03198073621972">
        <ele>1803</ele>
      </trkpt>
      <trkpt lat="42.53984932290673" lon="20.03207896242609">
        <ele>1804</ele>
      </trkpt>
      <trkpt lat="42.53986744230403" lon="20.03218863246233">
        <ele>1804</ele>
      </trkpt>
      <trkpt lat="42.53988556170132" lon="20.03229925615106">
        <ele>1804</ele>
      </trkpt>
      <trkpt lat="42.53993133702079" lon="20.03288670608431">
        <ele>1799</ele>
      </trkpt>
      <trkpt lat="42.54" lon="20.03336830059127">
        <ele>1796</ele>
      </trkpt>
      <trkpt lat="42.54000000000001" lon="20.03336830059127">
        <ele>1796</ele>
      </trkpt>
      <trkpt lat="42.54006294106428" lon="20.0336610719054">
        <ele>1794</ele>
      </trkpt>
      <trkpt lat="42.54007629219913" lon="20.03374594697692">
        <ele>1793</ele>
      </trkpt>
      <trkpt lat="42.54009059698647" lon="20.03383082204845">
        <ele>1792</ele>
      </trkpt>
      <trkpt lat="42.54009822620638" lon="20.03394621399962">
        <ele>1790</ele>
      </trkpt>
      <trkpt lat="42.54013637230594" lon="20.03405588403586">
        <ele>1789</ele>
      </trkpt>
      <trkpt lat="42.54019740606524" lon="20.03417127598703">
        <ele>1790</ele>
      </trkpt>
      <trkpt lat="42.54025843982454" lon="20.0342866679382">
        <ele>1789</ele>
      </trkpt>
      <trkpt lat="42.54029086400917" lon="20.03437345031471">
        <ele>1789</ele>
      </trkpt>
      <trkpt lat="42.54035952698838" lon="20.0344087354568">
        <ele>1790</ele>
      </trkpt>
      <trkpt lat="42.54042818996759" lon="20.03444402059889">
        <ele>1792</ele>
      </trkpt>
      <trkpt lat="42.54049113103186" lon="20.03452508106046">
        <ele>1792</ele>
      </trkpt>
      <trkpt lat="42.54058268167081" lon="20.03460137325959">
        <ele>1793</ele>
      </trkpt>
      <trkpt lat="42.54067518596225" lon="20.03467766545871">
        <ele>1795</ele>
      </trkpt>
      <trkpt lat="42.54074766355141" lon="20.0347215334732">
        <ele>1796</ele>
      </trkpt>
      <trkpt lat="42.54082204844556" lon="20.0347568186153">
        <ele>1797</ele>
      </trkpt>
      <trkpt lat="42.5408964333397" lon="20.03479305740988">
        <ele>1798</ele>
      </trkpt>
      <trkpt lat="42.54096700362389" lon="20.03478542818997">
        <ele>1799</ele>
      </trkpt>
      <trkpt lat="42.54105092504292" lon="20.03481213045966">
        <ele>1800</ele>
      </trkpt>
      <trkpt lat="42.54113580011445" lon="20.03483883272936">
        <ele>1801</ele>
      </trkpt>
      <trkpt lat="42.54113580011445" lon="20.03483883272936">
        <ele>1801</ele>
      </trkpt>
      <trkpt lat="42.54121590692353" lon="20.03484836925425">
        <ele>1803</ele>
      </trkpt>
      <trkpt lat="42.54133415983217" lon="20.03484455464429">
        <ele>1805</ele>
      </trkpt>
      <trkpt lat="42.54139900820142" lon="20.03485885943162">
        <ele>1806</ele>
      </trkpt>
      <trkpt lat="42.54146481022317" lon="20.03487411787145">
        <ele>1807</ele>
      </trkpt>
      <trkpt lat="42.54150295632273" lon="20.03490654205607">
        <ele>1807</ele>
      </trkpt>
      <trkpt lat="42.54154300972726" lon="20.03496662216288">
        <ele>1807</ele>
      </trkpt>
      <trkpt lat="42.54154110242229" lon="20.03504672897196">
        <ele>1806</ele>
      </trkpt>
      <trkpt lat="42.54153919511731" lon="20.03512683578104">
        <ele>1804</ele>
      </trkpt>
      <trkpt lat="42.54156208277705" lon="20.03541674613771">
        <ele>1799</ele>
      </trkpt>
      <trkpt lat="42.54160213618159" lon="20.03571237840931">
        <ele>1794</ele>
      </trkpt>
      <trkpt lat="42.54160595079154" lon="20.0358258630555">
        <ele>1792</ele>
      </trkpt>
      <trkpt lat="42.54161071905398" lon="20.03594030135419">
        <ele>1789</ele>
      </trkpt>
      <trkpt lat="42.54159736791914" lon="20.0360175472058">
        <ele>1787</ele>
      </trkpt>
      <trkpt lat="42.54158497043679" lon="20.0360957467099">
        <ele>1784</ele>
      </trkpt>
      <trkpt lat="42.54158210947931" lon="20.0361911119588">
        <ele>1782</ele>
      </trkpt>
      <trkpt lat="42.54157924852185" lon="20.03628647720771">
        <ele>1779</ele>
      </trkpt>
      <trkpt lat="42.54159832157163" lon="20.03639042532901">
        <ele>1777</ele>
      </trkpt>
      <trkpt lat="42.54163456036621" lon="20.03650772458516">
        <ele>1775</ele>
      </trkpt>
      <trkpt lat="42.54167366011826" lon="20.03659355330917">
        <ele>1774</ele>
      </trkpt>
      <trkpt lat="42.54174423040245" lon="20.03670608430288">
        <ele>1774</ele>
      </trkpt>
      <trkpt lat="42.54181193972917" lon="20.03678046919703">
        <ele>1774</ele>
      </trkpt>
      <trkpt lat="42.54211329391571" lon="20.03705988937631">
        <ele>1778</ele>
      </trkpt>
      <trkpt lat="42.54211043295824" lon="20.0371304596605">
        <ele>1776</ele>
      </trkpt>
      <trkpt lat="42.54207419416366" lon="20.03722201029945">
        <ele>1772</ele>
      </trkpt>
      <trkpt lat="42.54205607476636" lon="20.03729353423612">
        <ele>1769</ele>
      </trkpt>
      <trkpt lat="42.54206465763877" lon="20.03735933625787">
        <ele>1768</ele>
      </trkpt>
      <trkpt lat="42.54209040625597" lon="20.03741560175472">
        <ele>1767</ele>
      </trkpt>
      <trkpt lat="42.54215144001527" lon="20.03747568186153">
        <ele>1768</ele>
      </trkpt>
      <trkpt lat="42.54219816898723" lon="20.03754529849323">
        <ele>1767</ele>
      </trkpt>
      <trkpt lat="42.54221628838452" lon="20.0376263589548">
        <ele>1766</ele>
      </trkpt>
      <trkpt lat="42.54218767880985" lon="20.03771600228877">
        <ele>1763</ele>
      </trkpt>
      <trkpt lat="42.54216765210759" lon="20.03783520884989">
        <ele>1759</ele>
      </trkpt>
      <trkpt lat="42.5421485790578" lon="20.03795441541103">
        <ele>1756</ele>
      </trkpt>
      <trkpt lat="42.54212855235554" lon="20.03802498569521">
        <ele>1753</ele>
      </trkpt>
      <trkpt lat="42.54212855235554" lon="20.03802498569521">
        <ele>1753</ele>
      </trkpt>
      <trkpt lat="42.54217623497998" lon="20.0380955559794">
        <ele>1753</ele>
      </trkpt>
      <trkpt lat="42.54222391760444" lon="20.03816707991608">
        <ele>1752</ele>
      </trkpt>
      <trkpt lat="42.54219149341981" lon="20.03822334541293">
        <ele>1750</ele>
      </trkpt>
      <trkpt lat="42.54216860576008" lon="20.03831108144193">
        <ele>1747</ele>
      </trkpt>
      <trkpt lat="42.54218291054741" lon="20.038348273889">
        <ele>1747</ele>
      </trkpt>
      <trkpt lat="42.54222105664697" lon="20.03835018119397">
        <ele>1748</ele>
      </trkpt>
      <trkpt lat="42.54223726873929" lon="20.03844077818043">
        <ele>1746</ele>
      </trkpt>
      <trkpt lat="42.54226111005151" lon="20.03845794392523">
        <ele>1746</ele>
      </trkpt>
      <trkpt lat="42.54227160022889" lon="20.03848941445737">
        <ele>1745</ele>
      </trkpt>
      <trkpt lat="42.54226301735649" lon="20.03852851420942">
        <ele>1744</ele>
      </trkpt>
      <trkpt lat="42.54223726873929" lon="20.03855712378409">
        <ele>1743</ele>
      </trkpt>
      <trkpt lat="42.54222773221439" lon="20.03862769406828">
        <ele>1741</ele>
      </trkpt>
      <trkpt lat="42.54224680526417" lon="20.03867537669273">
        <ele>1740</ele>
      </trkpt>
      <trkpt lat="42.54227160022889" lon="20.03870780087736">
        <ele>1740</ele>
      </trkpt>
      <trkpt lat="42.54231165363343" lon="20.0387049399199">
        <ele>1741</ele>
      </trkpt>
      <trkpt lat="42.54232691207325" lon="20.03873450314705">
        <ele>1741</ele>
      </trkpt>
      <trkpt lat="42.54230879267596" lon="20.03882700743849">
        <ele>1738</ele>
      </trkpt>
      <trkpt lat="42.54232214381081" lon="20.03888899485028">
        <ele>1737</ele>
      </trkpt>
      <trkpt lat="42.54233549494565" lon="20.03895193591455">
        <ele>1736</ele>
      </trkpt>
      <trkpt lat="42.5423316803357" lon="20.03901106236887">
        <ele>1734</ele>
      </trkpt>
      <trkpt lat="42.54231069998094" lon="20.03904730116346">
        <ele>1733</ele>
      </trkpt>
      <trkpt lat="42.54231260728591" lon="20.03907114247568">
        <ele>1732</ele>
      </trkpt>
      <trkpt lat="42.54235552164792" lon="20.03914743467481">
        <ele>1731</ele>
      </trkpt>
      <trkpt lat="42.5424012969674" lon="20.03918653442686">
        <ele>1731</ele>
      </trkpt>
      <trkpt lat="42.5424270455846" lon="20.0392265878314">
        <ele>1731</ele>
      </trkpt>
      <trkpt lat="42.54244611863438" lon="20.03927140949838">
        <ele>1730</ele>
      </trkpt>
      <trkpt lat="42.54241560175473" lon="20.03934865534999">
        <ele>1728</ele>
      </trkpt>
      <trkpt lat="42.54238603852757" lon="20.03942685485409">
        <ele>1726</ele>
      </trkpt>
      <trkpt lat="42.54237745565517" lon="20.03954701506771">
        <ele>1724</ele>
      </trkpt>
      <trkpt lat="42.54237840930766" lon="20.03965096318901">
        <ele>1722</ele>
      </trkpt>
      <trkpt lat="42.54238031661264" lon="20.03975586496281">
        <ele>1720</ele>
      </trkpt>
      <trkpt lat="42.54242227732215" lon="20.03983883272936">
        <ele>1719</ele>
      </trkpt>
      <trkpt lat="42.54243276749953" lon="20.03991989319092">
        <ele>1718</ele>
      </trkpt>
      <trkpt lat="42.54240511157735" lon="20.03997139042533">
        <ele>1716</ele>
      </trkpt>
      <trkpt lat="42.54239652870495" lon="20.04">
        <ele>1716</ele>
      </trkpt>
      <trkpt lat="42.54239652870495" lon="20.04000000000001">
        <ele>1716</ele>
      </trkpt>
      <trkpt lat="42.54238413122259" lon="20.04002384131224">
        <ele>1715</ele>
      </trkpt>
      <trkpt lat="42.54234979973299" lon="20.04004863627695">
        <ele>1714</ele>
      </trkpt>
      <trkpt lat="42.54229925615107" lon="20.04005435819188">
        <ele>1713</ele>
      </trkpt>
      <trkpt lat="42.54228685866871" lon="20.04007152393669">
        <ele>1712</ele>
      </trkpt>
      <trkpt lat="42.5422363150868" lon="20.04018691588786">
        <ele>1709</ele>
      </trkpt>
      <trkpt lat="42.54225634178906" lon="20.04026797634943">
        <ele>1708</ele>
      </trkpt>
      <trkpt lat="42.5422363150868" lon="20.0403137516689">
        <ele>1707</ele>
      </trkpt>
      <trkpt lat="42.5422963951936" lon="20.04039099752051">
        <ele>1706</ele>
      </trkpt>
      <trkpt lat="42.54237268739273" lon="20.04044344840741">
        <ele>1707</ele>
      </trkpt>
      <trkpt lat="42.54234217051307" lon="20.04069616631701">
        <ele>1701</ele>
      </trkpt>
      <trkpt lat="42.54234312416556" lon="20.04082300209805">
        <ele>1699</ele>
      </trkpt>
      <trkpt lat="42.54239652870495" lon="20.04084875071525">
        <ele>1699</ele>
      </trkpt>
      <trkpt lat="42.54243944306696" lon="20.04093267213429">
        <ele>1698</ele>
      </trkpt>
      <trkpt lat="42.54242513827963" lon="20.04100705702843">
        <ele>1696</ele>
      </trkpt>
      <trkpt lat="42.54247472820905" lon="20.04105569330537">
        <ele>1696</ele>
      </trkpt>
      <trkpt lat="42.54250905969866" lon="20.04110051497236">
        <ele>1696</ele>
      </trkpt>
      <trkpt lat="42.54257200076293" lon="20.04114724394432">
        <ele>1696</ele>
      </trkpt>
      <trkpt lat="42.54260251764259" lon="20.04115201220676">
        <ele>1697</ele>
      </trkpt>
      <trkpt lat="42.54263398817472" lon="20.04119397291628">
        <ele>1697</ele>
      </trkpt>
      <trkpt lat="42.5426959755865" lon="20.04120827770362">
        <ele>1698</ele>
      </trkpt>
      <trkpt lat="42.54271218767882" lon="20.04127312607287">
        <ele>1697</ele>
      </trkpt>
      <trkpt lat="42.54271123402633" lon="20.04133415983217">
        <ele>1696</ele>
      </trkpt>
      <trkpt lat="42.54271981689873" lon="20.04137325958422">
        <ele>1695</ele>
      </trkpt>
      <trkpt lat="42.54273793629603" lon="20.04141140568378">
        <ele>1694</ele>
      </trkpt>
      <trkpt lat="42.54273507533856" lon="20.04147339309557">
        <ele>1693</ele>
      </trkpt>
      <trkpt lat="42.54273221438109" lon="20.04153538050736">
        <ele>1691</ele>
      </trkpt>
      <trkpt lat="42.54271790959375" lon="20.04163360671372">
        <ele>1688</ele>
      </trkpt>
      <trkpt lat="42.54270455845891" lon="20.04173278657258">
        <ele>1685</ele>
      </trkpt>
      <trkpt lat="42.54271504863629" lon="20.04197978256724">
        <ele>1679</ele>
      </trkpt>
      <trkpt lat="42.54275033377838" lon="20.04201506770934">
        <ele>1679</ele>
      </trkpt>
      <trkpt lat="42.54275987030327" lon="20.04206275033379">
        <ele>1678</ele>
      </trkpt>
      <trkpt lat="42.54274651916842" lon="20.04214190349038">
        <ele>1675</ele>
      </trkpt>
      <trkpt lat="42.5427312607286" lon="20.04217146671754">
        <ele>1674</ele>
      </trkpt>
      <trkpt lat="42.54271123402633" lon="20.04217814228496">
        <ele>1673</ele>
      </trkpt>
      <trkpt lat="42.54269788289149" lon="20.0421924470723">
        <ele>1673</ele>
      </trkpt>
      <trkpt lat="42.54269883654398" lon="20.04222201029946">
        <ele>1672</ele>
      </trkpt>
      <trkpt lat="42.54271504863629" lon="20.04225920274653">
        <ele>1671</ele>
      </trkpt>
      <trkpt lat="42.54277703604807" lon="20.04229448788863">
        <ele>1672</ele>
      </trkpt>
      <trkpt lat="42.54280469197026" lon="20.04232500476827">
        <ele>1672</ele>
      </trkpt>
      <trkpt lat="42.54289147434676" lon="20.04235838260539">
        <ele>1673</ele>
      </trkpt>
      <trkpt lat="42.5429572763685" lon="20.04240320427238">
        <ele>1673</ele>
      </trkpt>
      <trkpt lat="42.54295155445357" lon="20.04265592218197">
        <ele>1666</ele>
      </trkpt>
      <trkpt lat="42.54295441541104" lon="20.04275414838834">
        <ele>1664</ele>
      </trkpt>
      <trkpt lat="42.5429572763685" lon="20.04285237459471">
        <ele>1661</ele>
      </trkpt>
      <trkpt lat="42.54292866679383" lon="20.04311558268168">
        <ele>1654</ele>
      </trkpt>
      <trkpt lat="42.54292389853138" lon="20.04361052832349">
        <ele>1645</ele>
      </trkpt>
      <trkpt lat="42.54294201792868" lon="20.04369158878506">
        <ele>1644</ele>
      </trkpt>
      <trkpt lat="42.54295060080108" lon="20.04378886133894">
        <ele>1643</ele>
      </trkpt>
      <trkpt lat="42.54295918367348" lon="20.04388613389282">
        <ele>1643</ele>
      </trkpt>
      <trkpt lat="42.54297825672326" lon="20.0439576578295">
        <ele>1643</ele>
      </trkpt>
      <trkpt lat="42.54300305168798" lon="20.04400534045395">
        <ele>1643</ele>
      </trkpt>
      <trkpt lat="42.54302212473776" lon="20.04412645432006">
        <ele>1643</ele>
      </trkpt>
      <trkpt lat="42.54304501239749" lon="20.04416173946215">
        <ele>1644</ele>
      </trkpt>
      <trkpt lat="42.54306980736221" lon="20.04418462712189">
        <ele>1645</ele>
      </trkpt>
      <trkpt lat="42.54313465573146" lon="20.04421895861149">
        <ele>1649</ele>
      </trkpt>
      <trkpt lat="42.54314419225636" lon="20.04424375357621">
        <ele>1649</ele>
      </trkpt>
      <trkpt lat="42.54313274842649" lon="20.04428094602328">
        <ele>1649</ele>
      </trkpt>
      <trkpt lat="42.54312130459662" lon="20.04429143620066">
        <ele>1648</ele>
      </trkpt>
      <trkpt lat="42.54310699980928" lon="20.04432099942782">
        <ele>1648</ele>
      </trkpt>
      <trkpt lat="42.54312225824911" lon="20.04438680144956">
        <ele>1649</ele>
      </trkpt>
      <trkpt lat="42.54313751668893" lon="20.04445260347131">
        <ele>1650</ele>
      </trkpt>
      <trkpt lat="42.54314705321382" lon="20.044522220103">
        <ele>1650</ele>
      </trkpt>
      <trkpt lat="42.54315849704369" lon="20.04464238031662">
        <ele>1651</ele>
      </trkpt>
      <trkpt lat="42.54315849704369" lon="20.04471295060081">
        <ele>1652</ele>
      </trkpt>
      <trkpt lat="42.54315945069618" lon="20.04478447453749">
        <ele>1652</ele>
      </trkpt>
      <trkpt lat="42.543174709136" lon="20.04487221056648">
        <ele>1653</ele>
      </trkpt>
      <trkpt lat="42.54325481594508" lon="20.04513065039101">
        <ele>1658</ele>
      </trkpt>
      <trkpt lat="42.54327388899486" lon="20.04520408163267">
        <ele>1659</ele>
      </trkpt>
      <trkpt lat="42.54329296204465" lon="20.04527751287432">
        <ele>1660</ele>
      </trkpt>
      <trkpt lat="42.54332633988176" lon="20.04534999046349">
        <ele>1662</ele>
      </trkpt>
      <trkpt lat="42.54334732023652" lon="20.04541579248523">
        <ele>1663</ele>
      </trkpt>
      <trkpt lat="42.54343314896053" lon="20.04553786000383">
        <ele>1669</ele>
      </trkpt>
      <trkpt lat="42.54345126835782" lon="20.04561129124548">
        <ele>1670</ele>
      </trkpt>
      <trkpt lat="42.54348559984743" lon="20.04566088117491">
        <ele>1672</ele>
      </trkpt>
      <trkpt lat="42.54349418271983" lon="20.04568949074958">
        <ele>1673</ele>
      </trkpt>
      <trkpt lat="42.54348750715241" lon="20.0457142857143">
        <ele>1672</ele>
      </trkpt>
      <trkpt lat="42.54341693686822" lon="20.04570856379936">
        <ele>1667</ele>
      </trkpt>
      <trkpt lat="42.54339595651346" lon="20.0457228685867">
        <ele>1665</ele>
      </trkpt>
      <trkpt lat="42.54337688346368" lon="20.04577818043106">
        <ele>1664</ele>
      </trkpt>
      <trkpt lat="42.54338451268359" lon="20.04586019454512">
        <ele>1664</ele>
      </trkpt>
      <trkpt lat="42.54339881747092" lon="20.04592408926188">
        <ele>1664</ele>
      </trkpt>
      <trkpt lat="42.54341312225826" lon="20.04598893763114">
        <ele>1664</ele>
      </trkpt>
      <trkpt lat="42.5434264733931" lon="20.04608525653253">
        <ele>1664</ele>
      </trkpt>
      <trkpt lat="42.54344077818044" lon="20.04618157543392">
        <ele>1665</ele>
      </trkpt>
      <trkpt lat="42.54346843410262" lon="20.04647625405303">
        <ele>1663</ele>
      </trkpt>
      <trkpt lat="42.5434617585352" lon="20.04653728781233">
        <ele>1662</ele>
      </trkpt>
      <trkpt lat="42.54346652679764" lon="20.0466269311463">
        <ele>1662</ele>
      </trkpt>
      <trkpt lat="42.54347224871258" lon="20.04671657448027">
        <ele>1662</ele>
      </trkpt>
      <trkpt lat="42.54345699027276" lon="20.04680812511922">
        <ele>1661</ele>
      </trkpt>
      <trkpt lat="42.54344173183293" lon="20.04690062941065">
        <ele>1661</ele>
      </trkpt>
      <trkpt lat="42.54351516307459" lon="20.04700267022698">
        <ele>1666</ele>
      </trkpt>
      <trkpt lat="42.54354091169179" lon="20.04701697501432">
        <ele>1668</ele>
      </trkpt>
      <trkpt lat="42.54355044821668" lon="20.04705607476637">
        <ele>1669</ele>
      </trkpt>
      <trkpt lat="42.54347701697503" lon="20.04749952317377">
        <ele>1666</ele>
      </trkpt>
      <trkpt lat="42.54347892428" lon="20.04756151058555">
        <ele>1667</ele>
      </trkpt>
      <trkpt lat="42.54340835399582" lon="20.04759107381271">
        <ele>1662</ele>
      </trkpt>
      <trkpt lat="42.54339691016595" lon="20.04765401487699">
        <ele>1662</ele>
      </trkpt>
      <trkpt lat="42.54338641998856" lon="20.04771695594127">
        <ele>1663</ele>
      </trkpt>
      <trkpt lat="42.54334541293154" lon="20.04782090406257">
        <ele>1661</ele>
      </trkpt>
      <trkpt lat="42.54330440587451" lon="20.04792580583636">
        <ele>1660</ele>
      </trkpt>
      <trkpt lat="42.54331012778945" lon="20.04802403204274">
        <ele>1661</ele>
      </trkpt>
      <trkpt lat="42.54334064466909" lon="20.04810413885181">
        <ele>1664</ele>
      </trkpt>
      <trkpt lat="42.54337211520123" lon="20.04818519931338">
        <ele>1668</ele>
      </trkpt>
      <trkpt lat="42.54338260537861" lon="20.04824241846272">
        <ele>1669</ele>
      </trkpt>
      <trkpt lat="42.54337879076866" lon="20.04834255197407">
        <ele>1670</ele>
      </trkpt>
      <trkpt lat="42.54340644669084" lon="20.0484531756628">
        <ele>1672</ele>
      </trkpt>
      <trkpt lat="42.54341693686822" lon="20.04856952126646">
        <ele>1673</ele>
      </trkpt>
      <trkpt lat="42.54342838069808" lon="20.04868586687012">
        <ele>1674</ele>
      </trkpt>
      <trkpt lat="42.5434445927904" lon="20.04874117871449">
        <ele>1675</ele>
      </trkpt>
      <trkpt lat="42.54343505626551" lon="20.04880411977877">
        <ele>1674</ele>
      </trkpt>
      <trkpt lat="42.5434264733931" lon="20.04886706084304">
        <ele>1674</ele>
      </trkpt>
      <trkpt lat="42.54342742704559" lon="20.04890806790007">
        <ele>1674</ele>
      </trkpt>
      <trkpt lat="42.543436009918" lon="20.04895956513448">
        <ele>1674</ele>
      </trkpt>
      <trkpt lat="42.54347797062751" lon="20.04905111577342">
        <ele>1677</ele>
      </trkpt>
      <trkpt lat="42.54348273888996" lon="20.04912931527753">
        <ele>1678</ele>
      </trkpt>
      <trkpt lat="42.54348178523747" lon="20.04916746137708">
        <ele>1678</ele>
      </trkpt>
      <trkpt lat="42.54346557314516" lon="20.04925042914363">
        <ele>1678</ele>
      </trkpt>
      <trkpt lat="42.54345889757774" lon="20.04934674804502">
        <ele>1679</ele>
      </trkpt>
      <trkpt lat="42.54347320236507" lon="20.04938298683961">
        <ele>1681</ele>
      </trkpt>
      <trkpt lat="42.54348941445738" lon="20.0494011062369">
        <ele>1682</ele>
      </trkpt>
      <trkpt lat="42.54349990463476" lon="20.04946786191113">
        <ele>1684</ele>
      </trkpt>
      <trkpt lat="42.5435227922945" lon="20.04950219340074">
        <ele>1687</ele>
      </trkpt>
      <trkpt lat="42.54352565325197" lon="20.04961758535191">
        <ele>1689</ele>
      </trkpt>
      <trkpt lat="42.5434970436773" lon="20.04972534808317">
        <ele>1689</ele>
      </trkpt>
      <trkpt lat="42.54345699027276" lon="20.04982452794203">
        <ele>1687</ele>
      </trkpt>
      <trkpt lat="42.5433749761587" lon="20.04994468815565">
        <ele>1682</ele>
      </trkpt>
      <trkpt lat="42.54336734693879" lon="20.0499837879077">
        <ele>1683</ele>
      </trkpt>
      <trkpt lat="42.54336543963381" lon="20.05007343124167">
        <ele>1684</ele>
      </trkpt>
      <trkpt lat="42.5433921419035" lon="20.05068186152967">
        <ele>1695</ele>
      </trkpt>
      <trkpt lat="42.54339786381843" lon="20.0507486172039">
        <ele>1697</ele>
      </trkpt>
      <trkpt lat="42.54340358573337" lon="20.05081537287813">
        <ele>1698</ele>
      </trkpt>
      <trkpt lat="42.54343791722297" lon="20.05092790387184">
        <ele>1702</ele>
      </trkpt>
      <trkpt lat="42.5434531756628" lon="20.05101563990083">
        <ele>1704</ele>
      </trkpt>
      <trkpt lat="42.54346938775512" lon="20.05110337592982">
        <ele>1706</ele>
      </trkpt>
      <trkpt lat="42.5434960900248" lon="20.05119874117873">
        <ele>1709</ele>
      </trkpt>
      <trkpt lat="42.5435227922945" lon="20.05129410642763">
        <ele>1712</ele>
      </trkpt>
      <trkpt lat="42.54352565325197" lon="20.05132557695977">
        <ele>1713</ele>
      </trkpt>
      <trkpt lat="42.54355521647913" lon="20.05138947167653">
        <ele>1716</ele>
      </trkpt>
      <trkpt lat="42.54356284569904" lon="20.05145241274081">
        <ele>1717</ele>
      </trkpt>
      <trkpt lat="42.54357428952891" lon="20.05146767118063">
        <ele>1718</ele>
      </trkpt>
      <trkpt lat="42.5435924089262" lon="20.05146290291819">
        <ele>1719</ele>
      </trkpt>
      <trkpt lat="42.54360385275606" lon="20.05147625405304">
        <ele>1721</ele>
      </trkpt>
      <trkpt lat="42.54360480640855" lon="20.05150295632273">
        <ele>1721</ele>
      </trkpt>
      <trkpt lat="42.54358573335877" lon="20.05154968529469">
        <ele>1720</ele>
      </trkpt>
      <trkpt lat="42.54358191874882" lon="20.05161071905399">
        <ele>1720</ele>
      </trkpt>
      <trkpt lat="42.54356761396149" lon="20.05166316994088">
        <ele>1720</ele>
      </trkpt>
      <trkpt lat="42.54357715048637" lon="20.05167747472822">
        <ele>1721</ele>
      </trkpt>
      <trkpt lat="42.54359145527371" lon="20.05168033568569">
        <ele>1722</ele>
      </trkpt>
      <trkpt lat="42.54363723059318" lon="20.05163074575626">
        <ele>1725</ele>
      </trkpt>
      <trkpt lat="42.54365916460043" lon="20.05163646767119">
        <ele>1727</ele>
      </trkpt>
      <trkpt lat="42.54366107190541" lon="20.05166793820333">
        <ele>1727</ele>
      </trkpt>
      <trkpt lat="42.5436362769407" lon="20.05169559412551">
        <ele>1726</ele>
      </trkpt>
      <trkpt lat="42.54363246233074" lon="20.05172992561512">
        <ele>1727</ele>
      </trkpt>
      <trkpt lat="42.54363723059318" lon="20.05176902536717">
        <ele>1729</ele>
      </trkpt>
      <trkpt lat="42.54365153538052" lon="20.05178523745948">
        <ele>1731</ele>
      </trkpt>
      <trkpt lat="42.54366011825292" lon="20.05185866870114">
        <ele>1734</ele>
      </trkpt>
      <trkpt lat="42.54366870112532" lon="20.05193209994279">
        <ele>1738</ele>
      </trkpt>
      <trkpt lat="42.54365248903301" lon="20.05197024604236">
        <ele>1738</ele>
      </trkpt>
      <trkpt lat="42.54364962807554" lon="20.05203509441161">
        <ele>1740</ele>
      </trkpt>
      <trkpt lat="42.54366011825292" lon="20.05203795536908">
        <ele>1741</ele>
      </trkpt>
      <trkpt lat="42.54367251573527" lon="20.05205702841885">
        <ele>1743</ele>
      </trkpt>
      <trkpt lat="42.54366870112532" lon="20.05207705512112">
        <ele>1743</ele>
      </trkpt>
      <trkpt lat="42.54364962807554" lon="20.05209994278086">
        <ele>1743</ele>
      </trkpt>
      <trkpt lat="42.54362960137327" lon="20.05210471104331">
        <ele>1742</ele>
      </trkpt>
      <trkpt lat="42.54363341598323" lon="20.05222010299448">
        <ele>1746</ele>
      </trkpt>
      <trkpt lat="42.54362197215336" lon="20.05224871256915">
        <ele>1747</ele>
      </trkpt>
      <trkpt lat="42.54360576006105" lon="20.052262063704">
        <ele>1746</ele>
      </trkpt>
      <trkpt lat="42.54360766736603" lon="20.05228495136373">
        <ele>1747</ele>
      </trkpt>
      <trkpt lat="42.54361434293345" lon="20.05229353423614">
        <ele>1748</ele>
      </trkpt>
      <trkpt lat="42.54360671371354" lon="20.05235933625788">
        <ele>1750</ele>
      </trkpt>
      <trkpt lat="42.54359050162122" lon="20.05240606522984">
        <ele>1751</ele>
      </trkpt>
      <trkpt lat="42.54352088498952" lon="20.05251668891857">
        <ele>1751</ele>
      </trkpt>
      <trkpt lat="42.5435056265497" lon="20.05256723250049">
        <ele>1751</ele>
      </trkpt>
      <trkpt lat="42.54350848750716" lon="20.05261968338738">
        <ele>1753</ele>
      </trkpt>
      <trkpt lat="42.5434970436773" lon="20.05266545870686">
        <ele>1754</ele>
      </trkpt>
      <trkpt lat="42.54345222201031" lon="20.05274270455847">
        <ele>1753</ele>
      </trkpt>
      <trkpt lat="42.54340835399582" lon="20.05282090406257">
        <ele>1753</ele>
      </trkpt>
      <trkpt lat="42.54336830059128" lon="20.05283425519742">
        <ele>1751</ele>
      </trkpt>
      <trkpt lat="42.54335113484647" lon="20.05287526225445">
        <ele>1752</ele>
      </trkpt>
      <trkpt lat="42.54335304215145" lon="20.05295823002099">
        <ele>1754</ele>
      </trkpt>
      <trkpt lat="42.54327198168988" lon="20.05307648292963">
        <ele>1756</ele>
      </trkpt>
      <trkpt lat="42.54325100133512" lon="20.05314133129889">
        <ele>1758</ele>
      </trkpt>
      <trkpt lat="42.54323097463286" lon="20.05320713332063">
        <ele>1760</ele>
      </trkpt>
      <trkpt lat="42.54317661644098" lon="20.0532443257677">
        <ele>1760</ele>
      </trkpt>
      <trkpt lat="42.54312893381653" lon="20.05323955750526">
        <ele>1760</ele>
      </trkpt>
      <trkpt lat="42.54310699980928" lon="20.05317280183102">
        <ele>1757</ele>
      </trkpt>
      <trkpt lat="42.54305740987985" lon="20.0531050925043">
        <ele>1754</ele>
      </trkpt>
      <trkpt lat="42.54300781995042" lon="20.05303833683007">
        <ele>1751</ele>
      </trkpt>
      <trkpt lat="42.5429315277513" lon="20.05304405874501">
        <ele>1750</ele>
      </trkpt>
      <trkpt lat="42.54289814991418" lon="20.05310699980928">
        <ele>1752</ele>
      </trkpt>
      <trkpt lat="42.54288670608432" lon="20.05319282853329">
        <ele>1755</ele>
      </trkpt>
      <trkpt lat="42.54289242799925" lon="20.0532967766546">
        <ele>1758</ele>
      </trkpt>
      <trkpt lat="42.54288575243182" lon="20.05337020789625">
        <ele>1760</ele>
      </trkpt>
      <trkpt lat="42.5428790768644" lon="20.05344363913791">
        <ele>1760</ele>
      </trkpt>
      <trkpt lat="42.54289338165174" lon="20.05351897768454">
        <ele>1760</ele>
      </trkpt>
      <trkpt lat="42.54290864009156" lon="20.05359431623118">
        <ele>1761</ele>
      </trkpt>
      <trkpt lat="42.54286286477209" lon="20.05368205226017">
        <ele>1760</ele>
      </trkpt>
      <trkpt lat="42.54283902345986" lon="20.05375548350182">
        <ele>1759</ele>
      </trkpt>
      <trkpt lat="42.54285523555217" lon="20.05382128552356">
        <ele>1760</ele>
      </trkpt>
      <trkpt lat="42.54287621590694" lon="20.05409116917796">
        <ele>1761</ele>
      </trkpt>
      <trkpt lat="42.5428533282472" lon="20.05415506389473">
        <ele>1760</ele>
      </trkpt>
      <trkpt lat="42.54283044058746" lon="20.05421895861149">
        <ele>1759</ele>
      </trkpt>
      <trkpt lat="42.5428619111196" lon="20.05463856570667">
        <ele>1756</ele>
      </trkpt>
      <trkpt lat="42.5428619111196" lon="20.05473393095557">
        <ele>1755</ele>
      </trkpt>
      <trkpt lat="42.54286286477209" lon="20.05482929620447">
        <ele>1755</ele>
      </trkpt>
      <trkpt lat="42.54289814991418" lon="20.05510776273127">
        <ele>1753</ele>
      </trkpt>
      <trkpt lat="42.54297253480833" lon="20.05536715620829">
        <ele>1752</ele>
      </trkpt>
      <trkpt lat="42.54301163456038" lon="20.05545679954226">
        <ele>1753</ele>
      </trkpt>
      <trkpt lat="42.54312035094413" lon="20.05555216479116">
        <ele>1755</ele>
      </trkpt>
      <trkpt lat="42.54321666984552" lon="20.05566469578487">
        <ele>1758</ele>
      </trkpt>
      <trkpt lat="42.54326053786001" lon="20.05577341216862">
        <ele>1758</ele>
      </trkpt>
      <trkpt lat="42.54329486934962" lon="20.05589071142477">
        <ele>1758</ele>
      </trkpt>
      <trkpt lat="42.54332538622927" lon="20.0559660499714">
        <ele>1758</ele>
      </trkpt>
      <trkpt lat="42.54335685676141" lon="20.05604234217052">
        <ele>1757</ele>
      </trkpt>
      <trkpt lat="42.54339881747092" lon="20.0561052832348">
        <ele>1757</ele>
      </trkpt>
      <trkpt lat="42.54344173183293" lon="20.05616917795157">
        <ele>1757</ele>
      </trkpt>
      <trkpt lat="42.54354186534428" lon="20.05626931146291">
        <ele>1758</ele>
      </trkpt>
      <trkpt lat="42.54360576006105" lon="20.05636753766928">
        <ele>1758</ele>
      </trkpt>
      <trkpt lat="42.54368872782759" lon="20.05645622735076">
        <ele>1758</ele>
      </trkpt>
      <trkpt lat="42.54378695403396" lon="20.05652679763495">
        <ele>1760</ele>
      </trkpt>
      <trkpt lat="42.54387373641046" lon="20.05657734121687">
        <ele>1761</ele>
      </trkpt>
      <trkpt lat="42.54391283616251" lon="20.05663456036621">
        <ele>1761</ele>
      </trkpt>
      <trkpt lat="42.54397196261684" lon="20.05670799160787">
        <ele>1761</ele>
      </trkpt>
      <trkpt lat="42.54403204272364" lon="20.05678142284953">
        <ele>1761</ele>
      </trkpt>
      <trkpt lat="42.5441312225825" lon="20.05686439061607">
        <ele>1762</ele>
      </trkpt>
      <trkpt lat="42.54420274651918" lon="20.05698073621973">
        <ele>1762</ele>
      </trkpt>
      <trkpt lat="42.54425138279612" lon="20.05707514781615">
        <ele>1762</ele>
      </trkpt>
      <trkpt lat="42.54430001907306" lon="20.05716955941256">
        <ele>1762</ele>
      </trkpt>
      <trkpt lat="42.54434293343507" lon="20.05723822239177">
        <ele>1762</ele>
      </trkpt>
      <trkpt lat="42.54438680144956" lon="20.05730783902347">
        <ele>1762</ele>
      </trkpt>
      <trkpt lat="42.54445737173375" lon="20.05739938966242">
        <ele>1762</ele>
      </trkpt>
      <trkpt lat="42.54445737173375" lon="20.05739938966242">
        <ele>1762</ele>
      </trkpt>
      <trkpt lat="42.54489414457373" lon="20.05795060080108">
        <ele>1764</ele>
      </trkpt>
      <trkpt lat="42.54501907304979" lon="20.05807457562466">
        <ele>1765</ele>
      </trkpt>
      <trkpt lat="42.54511157734123" lon="20.05826721342744">
        <ele>1763</ele>
      </trkpt>
      <trkpt lat="42.54532424184628" lon="20.05859622353616">
        <ele>1762</ele>
      </trkpt>
      <trkpt lat="42.54551115773413" lon="20.05899961853902">
        <ele>1759</ele>
      </trkpt>
      <trkpt lat="42.54575147816137" lon="20.05941541102423">
        <ele>1759</ele>
      </trkpt>
      <trkpt lat="42.54591073812704" lon="20.05987983978639">
        <ele>1758</ele>
      </trkpt>
      <trkpt lat="42.54596795727638" lon="20.06000000000001">
        <ele>1758</ele>
      </trkpt>
      <trkpt lat="42.54596795727638" lon="20.05999999999999">
        <ele>1758</ele>
      </trkpt>
      <trkpt lat="42.54600801068092" lon="20.06008582872401">
        <ele>1758</ele>
      </trkpt>
      <trkpt lat="42.54606904444022" lon="20.06016021361815">
        <ele>1758</ele>
      </trkpt>
      <trkpt lat="42.54612626358956" lon="20.06027274461186">
        <ele>1759</ele>
      </trkpt>
      <trkpt lat="42.54613389280947" lon="20.06037573908067">
        <ele>1758</ele>
      </trkpt>
      <trkpt lat="42.54617013160406" lon="20.06047587259202">
        <ele>1758</ele>
      </trkpt>
      <trkpt lat="42.54620732405112" lon="20.06057600610337">
        <ele>1758</ele>
      </trkpt>
      <trkpt lat="42.54619588022126" lon="20.06091550638946">
        <ele>1757</ele>
      </trkpt>
      <trkpt lat="42.54620350944117" lon="20.06099561319854">
        <ele>1757</ele>
      </trkpt>
      <trkpt lat="42.54621209231357" lon="20.06107667366011">
        <ele>1757</ele>
      </trkpt>
      <trkpt lat="42.54623116536335" lon="20.06111005149723">
        <ele>1758</ele>
      </trkpt>
      <trkpt lat="42.54632366965479" lon="20.06114056837688">
        <ele>1759</ele>
      </trkpt>
      <trkpt lat="42.54637325958422" lon="20.06123307266831">
        <ele>1759</ele>
      </trkpt>
      <trkpt lat="42.54642284951365" lon="20.06132557695975">
        <ele>1760</ele>
      </trkpt>
      <trkpt lat="42.54642952508107" lon="20.06141045203127">
        <ele>1759</ele>
      </trkpt>
      <trkpt lat="42.54643620064849" lon="20.0614953271028">
        <ele>1759</ele>
      </trkpt>
      <trkpt lat="42.54641998855618" lon="20.06157161930192">
        <ele>1759</ele>
      </trkpt>
      <trkpt lat="42.54640473011636" lon="20.06164791150104">
        <ele>1759</ele>
      </trkpt>
      <trkpt lat="42.54643143238605" lon="20.06176807171466">
        <ele>1760</ele>
      </trkpt>
      <trkpt lat="42.54641426664125" lon="20.06184054930383">
        <ele>1760</ele>
      </trkpt>
      <trkpt lat="42.54639710089644" lon="20.061913026893">
        <ele>1761</ele>
      </trkpt>
      <trkpt lat="42.54639710089644" lon="20.061913026893">
        <ele>1761</ele>
      </trkpt>
      <trkpt lat="42.54635037192448" lon="20.06229258058363">
        <ele>1763</ele>
      </trkpt>
      <trkpt lat="42.54636181575435" lon="20.06236410452031">
        <ele>1764</ele>
      </trkpt>
      <trkpt lat="42.54637325958422" lon="20.06243658210947">
        <ele>1764</ele>
      </trkpt>
      <trkpt lat="42.54646481022316" lon="20.06251573526606">
        <ele>1764</ele>
      </trkpt>
      <trkpt lat="42.54655636086211" lon="20.06259584207514">
        <ele>1764</ele>
      </trkpt>
      <trkpt lat="42.54681098607669" lon="20.06303166126263">
        <ele>1765</ele>
      </trkpt>
      <trkpt lat="42.54684913217625" lon="20.06313465573145">
        <ele>1766</ele>
      </trkpt>
      <trkpt lat="42.5468882319283" lon="20.06323765020026">
        <ele>1767</ele>
      </trkpt>
      <trkpt lat="42.54709803547588" lon="20.063868968148">
        <ele>1774</ele>
      </trkpt>
      <trkpt lat="42.54711806217816" lon="20.06398531375166">
        <ele>1776</ele>
      </trkpt>
      <trkpt lat="42.54713904253291" lon="20.06410165935532">
        <ele>1777</ele>
      </trkpt>
      <trkpt lat="42.54714476444784" lon="20.06438584779706">
        <ele>1779</ele>
      </trkpt>
      <trkpt lat="42.54716955941256" lon="20.06450505435819">
        <ele>1780</ele>
      </trkpt>
      <trkpt lat="42.54719435437728" lon="20.0646252145718">
        <ele>1781</ele>
      </trkpt>
      <trkpt lat="42.54719435437728" lon="20.06526225443448">
        <ele>1788</ele>
      </trkpt>
      <trkpt lat="42.54714667175283" lon="20.06581728018309">
        <ele>1796</ele>
      </trkpt>
      <trkpt lat="42.54706084302881" lon="20.06587640663741">
        <ele>1797</ele>
      </trkpt>
      <trkpt lat="42.54702078962427" lon="20.06599179858859">
        <ele>1799</ele>
      </trkpt>
      <trkpt lat="42.54698168987222" lon="20.06610719053976">
        <ele>1800</ele>
      </trkpt>
      <trkpt lat="42.54712569139807" lon="20.06648292962044">
        <ele>1802</ele>
      </trkpt>
      <trkpt lat="42.54707228685868" lon="20.06711615487316">
        <ele>1807</ele>
      </trkpt>
      <trkpt lat="42.54703986267405" lon="20.06720007629219">
        <ele>1808</ele>
      </trkpt>
      <trkpt lat="42.54700839214191" lon="20.06728495136372">
        <ele>1809</ele>
      </trkpt>
      <trkpt lat="42.54699885561703" lon="20.0675300400534">
        <ele>1811</ele>
      </trkpt>
      <trkpt lat="42.54705130650392" lon="20.0678952889567">
        <ele>1812</ele>
      </trkpt>
      <trkpt lat="42.547000762922" lon="20.06822143810795">
        <ele>1814</ele>
      </trkpt>
      <trkpt lat="42.54699885561703" lon="20.06877169559412">
        <ele>1816</ele>
      </trkpt>
      <trkpt lat="42.54698073621973" lon="20.06887278275796">
        <ele>1817</ele>
      </trkpt>
      <trkpt lat="42.54696357047493" lon="20.06897482357428">
        <ele>1817</ele>
      </trkpt>
      <trkpt lat="42.54696070951746" lon="20.06907686439061">
        <ele>1818</ele>
      </trkpt>
      <trkpt lat="42.54695880221249" lon="20.06917890520694">
        <ele>1818</ele>
      </trkpt>
      <trkpt lat="42.54700934579441" lon="20.0692513827961">
        <ele>1819</ele>
      </trkpt>
      <trkpt lat="42.54707896242611" lon="20.06926187297348">
        <ele>1819</ele>
      </trkpt>
      <trkpt lat="42.54719435437728" lon="20.06925805836353">
        <ele>1818</ele>
      </trkpt>
      <trkpt lat="42.54730307076102" lon="20.06927427045584">
        <ele>1818</ele>
      </trkpt>
      <trkpt lat="42.54737173374023" lon="20.0692780850658">
        <ele>1818</ele>
      </trkpt>
      <trkpt lat="42.54744039671944" lon="20.06928285332824">
        <ele>1818</ele>
      </trkpt>
      <trkpt lat="42.54753004005342" lon="20.06924852183863">
        <ele>1818</ele>
      </trkpt>
      <trkpt lat="42.54762063703988" lon="20.06919320999427">
        <ele>1819</ele>
      </trkpt>
      <trkpt lat="42.54768357810415" lon="20.06911882510013">
        <ele>1819</ele>
      </trkpt>
      <trkpt lat="42.54774461186345" lon="20.068999618539">
        <ele>1819</ele>
      </trkpt>
      <trkpt lat="42.54779992370781" lon="20.06893095555979">
        <ele>1819</ele>
      </trkpt>
      <trkpt lat="42.54785618920467" lon="20.06886324623306">
        <ele>1819</ele>
      </trkpt>
      <trkpt lat="42.54805836353234" lon="20.06857047491893">
        <ele>1820</ele>
      </trkpt>
      <trkpt lat="42.54814705321382" lon="20.06848178523745">
        <ele>1821</ele>
      </trkpt>
      <trkpt lat="42.54821380888805" lon="20.06844363913789">
        <ele>1821</ele>
      </trkpt>
      <trkpt lat="42.54828151821477" lon="20.06840644669082">
        <ele>1822</ele>
      </trkpt>
      <trkpt lat="42.54831203509443" lon="20.06837879076864">
        <ele>1822</ele>
      </trkpt>
      <trkpt lat="42.5483311081442" lon="20.06830917413694">
        <ele>1822</ele>
      </trkpt>
      <trkpt lat="42.54835113484647" lon="20.06823955750524">
        <ele>1822</ele>
      </trkpt>
      <trkpt lat="42.54841026130079" lon="20.06811844363913">
        <ele>1822</ele>
      </trkpt>
      <trkpt lat="42.54845603662027" lon="20.06805359526988">
        <ele>1823</ele>
      </trkpt>
      <trkpt lat="42.54850181193974" lon="20.06798970055311">
        <ele>1823</ele>
      </trkpt>
      <trkpt lat="42.54858287240131" lon="20.06792675948883">
        <ele>1824</ele>
      </trkpt>
      <trkpt lat="42.54864962807554" lon="20.06789052069425">
        <ele>1825</ele>
      </trkpt>
      <trkpt lat="42.54864962807554" lon="20.06789052069425">
        <ele>1825</ele>
      </trkpt>
      <trkpt lat="42.54873927140951" lon="20.06785046728971">
        <ele>1826</ele>
      </trkpt>
      <trkpt lat="42.54897100896434" lon="20.06785046728971">
        <ele>1829</ele>
      </trkpt>
      <trkpt lat="42.54918081251193" lon="20.0679649055884">
        <ele>1833</ele>
      </trkpt>
      <trkpt lat="42.54922749104811" lon="20.06795052482725">
        <ele>1834</ele>
      </trkpt>
      <trkpt lat="42.54922754148389" lon="20.06795060080106">
        <ele>1834</ele>
      </trkpt>
      <trkpt lat="42.54963379744422" lon="20.06855903108907">
        <ele>1844</ele>
      </trkpt>
      <trkpt lat="42.55001621209232" lon="20.06902727446118">
        <ele>1851</ele>
      </trkpt>
      <trkpt lat="42.5502880030517" lon="20.06904634751096">
        <ele>1858</ele>
      </trkpt>
      <trkpt lat="42.55046061415221" lon="20.06929811176807">
        <ele>1865</ele>
      </trkpt>
      <trkpt lat="42.55051497234409" lon="20.06959851230211">
        <ele>1870</ele>
      </trkpt>
      <trkpt lat="42.55048731642191" lon="20.06989223726873">
        <ele>1873</ele>
      </trkpt>
      <trkpt lat="42.55057028418845" lon="20.06997806599275">
        <ele>1876</ele>
      </trkpt>
      <trkpt lat="42.55068949074958" lon="20.07002765592217">
        <ele>1880</ele>
      </trkpt>
      <trkpt lat="42.55077341216862" lon="20.07019263780278">
        <ele>1885</ele>
      </trkpt>
      <trkpt lat="42.55103852756057" lon="20.07050448216669">
        <ele>1898</ele>
      </trkpt>
      <trkpt lat="42.55107190539768" lon="20.07065039099751">
        <ele>1901</ele>
      </trkpt>
      <trkpt lat="42.55120350944117" lon="20.0708430288003">
        <ele>1908</ele>
      </trkpt>
      <trkpt lat="42.55136467671182" lon="20.07091455273698">
        <ele>1915</ele>
      </trkpt>
      <trkpt lat="42.55139519359147" lon="20.07105569330535">
        <ele>1918</ele>
      </trkpt>
      <trkpt lat="42.55150104901775" lon="20.07109193209994">
        <ele>1922</ele>
      </trkpt>
      <trkpt lat="42.55152107572002" lon="20.07159641426663">
        <ele>1929</ele>
      </trkpt>
      <trkpt lat="42.55166793820333" lon="20.071955941255">
        <ele>1941</ele>
      </trkpt>
      <trkpt lat="42.55179477398437" lon="20.07204367728399">
        <ele>1951</ele>
      </trkpt>
      <trkpt lat="42.55187106618349" lon="20.07227446118634">
        <ele>1959</ele>
      </trkpt>
      <trkpt lat="42.55189204653825" lon="20.07256818615296">
        <ele>1966</ele>
      </trkpt>
      <trkpt lat="42.55187011253101" lon="20.0727207705512">
        <ele>1967</ele>
      </trkpt>
      <trkpt lat="42.55191779515545" lon="20.07279324814037">
        <ele>1971</ele>
      </trkpt>
      <trkpt lat="42.55219816898723" lon="20.07280278466526">
        <ele>1986</ele>
      </trkpt>
      <trkpt lat="42.55224680526418" lon="20.07279515544535">
        <ele>1989</ele>
      </trkpt>
      <trkpt lat="42.55232691207326" lon="20.07282948693495">
        <ele>1994</ele>
      </trkpt>
      <trkpt lat="42.55237650200268" lon="20.07301735647529">
        <ele>2000</ele>
      </trkpt>
      <trkpt lat="42.55235647530041" lon="20.07323955750524">
        <ele>2003</ele>
      </trkpt>
      <trkpt lat="42.55247472820905" lon="20.07333492275414">
        <ele>2012</ele>
      </trkpt>
      <trkpt lat="42.55246614533665" lon="20.07348178523745">
        <ele>2015</ele>
      </trkpt>
      <trkpt lat="42.5524966622163" lon="20.073564753004">
        <ele>2019</ele>
      </trkpt>
      <trkpt lat="42.55257104711045" lon="20.07358764066374">
        <ele>2024</ele>
      </trkpt>
      <trkpt lat="42.55265210757202" lon="20.07342933435056">
        <ele>2023</ele>
      </trkpt>
      <trkpt lat="42.55278466526799" lon="20.07331775700934">
        <ele>2027</ele>
      </trkpt>
      <trkpt lat="42.55289528895671" lon="20.07330059126454">
        <ele>2033</ele>
      </trkpt>
      <trkpt lat="42.55290577913409" lon="20.07344459279038">
        <ele>2037</ele>
      </trkpt>
      <trkpt lat="42.55298779324815" lon="20.07335304215143">
        <ele>2039</ele>
      </trkpt>
      <trkpt lat="42.55306408544728" lon="20.07332824718672">
        <ele>2042</ele>
      </trkpt>
      <trkpt lat="42.55320522601565" lon="20.07316135800114">
        <ele>2047</ele>
      </trkpt>
      <trkpt lat="42.55328342551975" lon="20.07307076101468">
        <ele>2050</ele>
      </trkpt>
      <trkpt lat="42.5534274270456" lon="20.07300305168796">
        <ele>2058</ele>
      </trkpt>
      <trkpt lat="42.55350276559223" lon="20.0727207705512">
        <ele>2059</ele>
      </trkpt>
      <trkpt lat="42.55361148197598" lon="20.07261491512492">
        <ele>2064</ele>
      </trkpt>
      <trkpt lat="42.55367251573528" lon="20.07245470150676">
        <ele>2066</ele>
      </trkpt>
      <trkpt lat="42.55379649055885" lon="20.07235361434293">
        <ele>2073</ele>
      </trkpt>
      <trkpt lat="42.55388136563037" lon="20.07241274079725">
        <ele>2079</ele>
      </trkpt>
      <trkpt lat="42.55413599084495" lon="20.07218386419988">
        <ele>2093</ele>
      </trkpt>
      <trkpt lat="42.55418748807936" lon="20.07205416746137">
        <ele>2095</ele>
      </trkpt>
      <trkpt lat="42.55427427045586" lon="20.07215048636276">
        <ele>2102</ele>
      </trkpt>
      <trkpt lat="42.55446404730117" lon="20.07195117299256">
        <ele>2113</ele>
      </trkpt>
      <trkpt lat="42.55470055311846" lon="20.07157543391187">
        <ele>2124</ele>
      </trkpt>
      <trkpt lat="42.55487316421897" lon="20.07145432004577">
        <ele>2133</ele>
      </trkpt>
      <trkpt lat="42.55496566851041" lon="20.07153347320236">
        <ele>2140</ele>
      </trkpt>
      <trkpt lat="42.55503337783713" lon="20.07146767118061">
        <ele>2142</ele>
      </trkpt>
      <trkpt lat="42.55512492847608" lon="20.07146194926568">
        <ele>2144</ele>
      </trkpt>
      <trkpt lat="42.55522124737747" lon="20.07140949837878">
        <ele>2146</ele>
      </trkpt>
      <trkpt lat="42.55530707610148" lon="20.07115201220675">
        <ele>2147</ele>
      </trkpt>
      <trkpt lat="42.55544249475492" lon="20.07091646004195">
        <ele>2151</ele>
      </trkpt>
      <trkpt lat="42.55549113103186" lon="20.07093267213427">
        <ele>2153</ele>
      </trkpt>
      <trkpt lat="42.55550448216671" lon="20.07123497997329">
        <ele>2153</ele>
      </trkpt>
      <trkpt lat="42.55560747663552" lon="20.0714953271028">
        <ele>2154</ele>
      </trkpt>
      <trkpt lat="42.55570474918941" lon="20.07170608430287">
        <ele>2155</ele>
      </trkpt>
      <trkpt lat="42.55582681670801" lon="20.07175376692733">
        <ele>2158</ele>
      </trkpt>
      <trkpt lat="42.55584112149534" lon="20.07207037955368">
        <ele>2163</ele>
      </trkpt>
      <trkpt lat="42.55592218195691" lon="20.07237459469768">
        <ele>2164</ele>
      </trkpt>
      <trkpt lat="42.55592218195691" lon="20.07237459469768">
        <ele>2164</ele>
      </trkpt>
      <trkpt lat="42.55592027465192" lon="20.07263112721724">
        <ele>2169</ele>
      </trkpt>
      <trkpt lat="42.55596414266643" lon="20.07287240129696">
        <ele>2172</ele>
      </trkpt>
      <trkpt lat="42.55602136181577" lon="20.07305931718481">
        <ele>2174</ele>
      </trkpt>
      <trkpt lat="42.55616250238414" lon="20.07316421895861">
        <ele>2172</ele>
      </trkpt>
      <trkpt lat="42.55623974823575" lon="20.0733559031089">
        <ele>2175</ele>
      </trkpt>
      <trkpt lat="42.55629315277514" lon="20.07338928094602">
        <ele>2175</ele>
      </trkpt>
      <trkpt lat="42.55642571047112" lon="20.07336925424375">
        <ele>2172</ele>
      </trkpt>
      <trkpt lat="42.55651058554264" lon="20.07340549303833">
        <ele>2171</ele>
      </trkpt>
      <trkpt lat="42.55670322334542" lon="20.07370112530993">
        <ele>2179</ele>
      </trkpt>
      <trkpt lat="42.55691207324053" lon="20.07392714094983">
        <ele>2185</ele>
      </trkpt>
      <trkpt lat="42.55704367728401" lon="20.07397100896433">
        <ele>2185</ele>
      </trkpt>
      <trkpt lat="42.55743753576198" lon="20.0743124165554">
        <ele>2192</ele>
      </trkpt>
      <trkpt lat="42.55756151058555" lon="20.07435914552736">
        <ele>2192</ele>
      </trkpt>
      <trkpt lat="42.55771314133131" lon="20.07442971581155">
        <ele>2191</ele>
      </trkpt>
      <trkpt lat="42.55781327484266" lon="20.07443829868395">
        <ele>2189</ele>
      </trkpt>
      <trkpt lat="42.55791245470152" lon="20.07439538432195">
        <ele>2186</ele>
      </trkpt>
      <trkpt lat="42.55799256151059" lon="20.07438584779706">
        <ele>2185</ele>
      </trkpt>
      <trkpt lat="42.55804787335496" lon="20.07441159641426">
        <ele>2184</ele>
      </trkpt>
      <trkpt lat="42.55810509250431" lon="20.07449837879076">
        <ele>2185</ele>
      </trkpt>
      <trkpt lat="42.55818710661836" lon="20.07475395765782">
        <ele>2188</ele>
      </trkpt>
      <trkpt lat="42.55828724012971" lon="20.07490082014113">
        <ele>2188</ele>
      </trkpt>
      <trkpt lat="42.55828724012971" lon="20.07496662216288">
        <ele>2189</ele>
      </trkpt>
      <trkpt lat="42.55804787335496" lon="20.07521743276749">
        <ele>2196</ele>
      </trkpt>
      <trkpt lat="42.55772839977114" lon="20.07547873354949">
        <ele>2206</ele>
      </trkpt>
      <trkpt lat="42.55757104711044" lon="20.07590215525462">
        <ele>2213</ele>
      </trkpt>
      <trkpt lat="42.55755864962808" lon="20.07607858096509">
        <ele>2216</ele>
      </trkpt>
      <trkpt lat="42.55762254434485" lon="20.07627503337783">
        <ele>2216</ele>
      </trkpt>
      <trkpt lat="42.55766450505437" lon="20.07635895479687">
        <ele>2215</ele>
      </trkpt>
      <trkpt lat="42.55770360480642" lon="20.07648483692542">
        <ele>2215</ele>
      </trkpt>
      <trkpt lat="42.55778085065803" lon="20.07661453366392">
        <ele>2214</ele>
      </trkpt>
      <trkpt lat="42.55784188441733" lon="20.07674995231737">
        <ele>2214</ele>
      </trkpt>
      <trkpt lat="42.55806885370972" lon="20.07732786572572">
        <ele>2215</ele>
      </trkpt>
      <trkpt lat="42.55808220484457" lon="20.07747186725157">
        <ele>2217</ele>
      </trkpt>
      <trkpt lat="42.55806599275225" lon="20.0776082395575">
        <ele>2221</ele>
      </trkpt>
      <trkpt lat="42.55810032424186" lon="20.07771600228876">
        <ele>2222</ele>
      </trkpt>
      <trkpt lat="42.55818424566089" lon="20.07782376502002">
        <ele>2220</ele>
      </trkpt>
      <trkpt lat="42.55836162502385" lon="20.07801831012778">
        <ele>2217</ele>
      </trkpt>
      <trkpt lat="42.55860003814611" lon="20.07815086782376">
        <ele>2217</ele>
      </trkpt>
      <trkpt lat="42.55883463665841" lon="20.07843982452794">
        <ele>2221</ele>
      </trkpt>
      <trkpt lat="42.55918653442686" lon="20.07866774747281">
        <ele>2220</ele>
      </trkpt>
      <trkpt lat="42.55934484074005" lon="20.07893477016974">
        <ele>2224</ele>
      </trkpt>
      <trkpt lat="42.55933816517262" lon="20.07901964524127">
        <ele>2226</ele>
      </trkpt>
      <trkpt lat="42.55933816517262" lon="20.07901964524127">
        <ele>2226</ele>
      </trkpt>
      <trkpt lat="42.55941159641428" lon="20.07917413694449">
        <ele>2229</ele>
      </trkpt>
      <trkpt lat="42.55963761205418" lon="20.07929811176806">
        <ele>2226</ele>
      </trkpt>
      <trkpt lat="42.5599837879077" lon="20.07938489414457">
        <ele>2225</ele>
      </trkpt>
      <trkpt lat="42.56000000000001" lon="20.07939824527941">
        <ele>2225</ele>
      </trkpt>
      <trkpt lat="42.56" lon="20.07939824527941">
        <ele>2225</ele>
      </trkpt>
      <trkpt lat="42.5603127980164" lon="20.07965096318901">
        <ele>2223</ele>
      </trkpt>
      <trkpt lat="42.5604167461377" lon="20.07970627503337">
        <ele>2223</ele>
      </trkpt>
      <trkpt lat="42.56055025748616" lon="20.07982643524699">
        <ele>2224</ele>
      </trkpt>
      <trkpt lat="42.5607123784093" lon="20.07987316421895">
        <ele>2227</ele>
      </trkpt>
      <trkpt lat="42.5608954796872" lon="20.07999999999999">
        <ele>2229</ele>
      </trkpt>
      <trkpt lat="42.5608954796872" lon="20.08">
        <ele>2229</ele>
      </trkpt>
      <trkpt lat="42.56093553309174" lon="20.08002765592219">
        <ele>2228</ele>
      </trkpt>
      <trkpt lat="42.56104234217051" lon="20.08005721914935">
        <ele>2227</ele>
      </trkpt>
      <trkpt lat="42.56114915124927" lon="20.0800867823765">
        <ele>2225</ele>
      </trkpt>
      <trkpt lat="42.56121304596604" lon="20.08011539195117">
        <ele>2224</ele>
      </trkpt>
      <trkpt lat="42.5612778943353" lon="20.08014495517834">
        <ele>2223</ele>
      </trkpt>
      <trkpt lat="42.56168891855807" lon="20.08022315468244">
        <ele>2218</ele>
      </trkpt>
      <trkpt lat="42.56180335685676" lon="20.08030230783903">
        <ele>2215</ele>
      </trkpt>
      <trkpt lat="42.56217146671752" lon="20.08042914362007">
        <ele>2207</ele>
      </trkpt>
      <trkpt lat="42.56228495136371" lon="20.08050543581919">
        <ele>2204</ele>
      </trkpt>
      <trkpt lat="42.56239843600991" lon="20.08058172801831">
        <ele>2201</ele>
      </trkpt>
      <trkpt lat="42.56247186725157" lon="20.08060843028801">
        <ele>2200</ele>
      </trkpt>
      <trkpt lat="42.56254625214571" lon="20.08063608621019">
        <ele>2199</ele>
      </trkpt>
      <trkpt lat="42.56266259774937" lon="20.08073145145909">
        <ele>2196</ele>
      </trkpt>
      <trkpt lat="42.56277989700553" lon="20.08082681670799">
        <ele>2194</ele>
      </trkpt>
      <trkpt lat="42.56288956704176" lon="20.08084588975778">
        <ele>2193</ele>
      </trkpt>
      <trkpt lat="42.562999237078" lon="20.08086591646004">
        <ele>2192</ele>
      </trkpt>
      <trkpt lat="42.56307076101468" lon="20.08091836734694">
        <ele>2191</ele>
      </trkpt>
      <trkpt lat="42.56314323860384" lon="20.08097177188633">
        <ele>2190</ele>
      </trkpt>
      <trkpt lat="42.56323097463284" lon="20.08099752050353">
        <ele>2189</ele>
      </trkpt>
      <trkpt lat="42.56331871066183" lon="20.08102326912073">
        <ele>2189</ele>
      </trkpt>
      <trkpt lat="42.56338451268357" lon="20.0810957467099">
        <ele>2188</ele>
      </trkpt>
      <trkpt lat="42.56345031470531" lon="20.08116822429907">
        <ele>2188</ele>
      </trkpt>
      <trkpt lat="42.56353995803929" lon="20.0812263971009">
        <ele>2187</ele>
      </trkpt>
      <trkpt lat="42.56363055502574" lon="20.08128552355522">
        <ele>2187</ele>
      </trkpt>
      <trkpt lat="42.563738317757" lon="20.08131604043487">
        <ele>2187</ele>
      </trkpt>
      <trkpt lat="42.56384608048826" lon="20.08134751096701">
        <ele>2187</ele>
      </trkpt>
      <trkpt lat="42.56459469769215" lon="20.08184245660881">
        <ele>2179</ele>
      </trkpt>
      <trkpt lat="42.56549208468434" lon="20.0824527942018">
        <ele>2172</ele>
      </trkpt>
      <trkpt lat="42.56583253862292" lon="20.0825920274652">
        <ele>2170</ele>
      </trkpt>
      <trkpt lat="42.56590883082204" lon="20.08259298111768">
        <ele>2170</ele>
      </trkpt>
      <trkpt lat="42.56598607667365" lon="20.08259393477017">
        <ele>2171</ele>
      </trkpt>
      <trkpt lat="42.56610146862483" lon="20.08263875643716">
        <ele>2171</ele>
      </trkpt>
      <trkpt lat="42.56621781422849" lon="20.08268453175663">
        <ele>2172</ele>
      </trkpt>
      <trkpt lat="42.56632366965477" lon="20.08275224108335">
        <ele>2172</ele>
      </trkpt>
      <trkpt lat="42.56642952508106" lon="20.08282090406256">
        <ele>2173</ele>
      </trkpt>
      <trkpt lat="42.56651726111004" lon="20.08285618920466">
        <ele>2174</ele>
      </trkpt>
      <trkpt lat="42.56660499713904" lon="20.08289242799924">
        <ele>2176</ele>
      </trkpt>
      <trkpt lat="42.56667938203318" lon="20.08288384512684">
        <ele>2177</ele>
      </trkpt>
      <trkpt lat="42.56675376692733" lon="20.08287526225444">
        <ele>2177</ele>
      </trkpt>
      <trkpt lat="42.56687488079343" lon="20.08290864009155">
        <ele>2178</ele>
      </trkpt>
      <trkpt lat="42.56699599465954" lon="20.08294297158116">
        <ele>2179</ele>
      </trkpt>
      <trkpt lat="42.56724871256913" lon="20.082956322716">
        <ele>2181</ele>
      </trkpt>
      <trkpt lat="42.56806980736219" lon="20.08291817661645">
        <ele>2178</ele>
      </trkpt>
      <trkpt lat="42.56817566278847" lon="20.08294964714858">
        <ele>2178</ele>
      </trkpt>
      <trkpt lat="42.56828247186724" lon="20.08298111768072">
        <ele>2179</ele>
      </trkpt>
      <trkpt lat="42.5683902345985" lon="20.08298683959566">
        <ele>2177</ele>
      </trkpt>
      <trkpt lat="42.56849895098225" lon="20.08299351516308">
        <ele>2174</ele>
      </trkpt>
      <trkpt lat="42.56881747091359" lon="20.08313751668892">
        <ele>2170</ele>
      </trkpt>
      <trkpt lat="42.56917127598702" lon="20.08319473583827">
        <ele>2164</ele>
      </trkpt>
      <trkpt lat="42.56927045584588" lon="20.08324623307267">
        <ele>2163</ele>
      </trkpt>
      <trkpt lat="42.56937058935723" lon="20.08329773030708">
        <ele>2162</ele>
      </trkpt>
      <trkpt lat="42.56943066946404" lon="20.08336162502384">
        <ele>2162</ele>
      </trkpt>
      <trkpt lat="42.56949170322334" lon="20.0834264733931">
        <ele>2161</ele>
      </trkpt>
      <trkpt lat="42.56957753194735" lon="20.08348178523746">
        <ele>2159</ele>
      </trkpt>
      <trkpt lat="42.56966336067136" lon="20.08353709708183">
        <ele>2158</ele>
      </trkpt>
      <trkpt lat="42.56992561510585" lon="20.08377264924662">
        <ele>2153</ele>
      </trkpt>
      <trkpt lat="42.56999141712759" lon="20.08378123211902">
        <ele>2151</ele>
      </trkpt>
      <trkpt lat="42.57005817280182" lon="20.08378981499142">
        <ele>2150</ele>
      </trkpt>
      <trkpt lat="42.57012397482357" lon="20.08382796109098">
        <ele>2149</ele>
      </trkpt>
      <trkpt lat="42.57018977684531" lon="20.08386706084303">
        <ele>2148</ele>
      </trkpt>
      <trkpt lat="42.57025462521457" lon="20.08387182910548">
        <ele>2146</ele>
      </trkpt>
      <trkpt lat="42.5703213808888" lon="20.08389662407019">
        <ele>2145</ele>
      </trkpt>
      <trkpt lat="42.57038813656303" lon="20.08392141903491">
        <ele>2143</ele>
      </trkpt>
      <trkpt lat="42.57044154110242" lon="20.08400534045394">
        <ele>2143</ele>
      </trkpt>
      <trkpt lat="42.57050829677664" lon="20.08408067900058">
        <ele>2143</ele>
      </trkpt>
      <trkpt lat="42.57060556933053" lon="20.08411787144765">
        <ele>2141</ele>
      </trkpt>
      <trkpt lat="42.57066946404729" lon="20.08410165935533">
        <ele>2139</ele>
      </trkpt>
      <trkpt lat="42.57073335876406" lon="20.08408544726302">
        <ele>2137</ele>
      </trkpt>
      <trkpt lat="42.57084588975776" lon="20.08411501049018">
        <ele>2134</ele>
      </trkpt>
      <trkpt lat="42.57095842075147" lon="20.08414457371734">
        <ele>2132</ele>
      </trkpt>
      <trkpt lat="42.5710337592981" lon="20.08419320999428">
        <ele>2130</ele>
      </trkpt>
      <trkpt lat="42.57109765401487" lon="20.08420465382415">
        <ele>2128</ele>
      </trkpt>
      <trkpt lat="42.57116250238413" lon="20.08421609765402">
        <ele>2126</ele>
      </trkpt>
      <trkpt lat="42.57119969483119" lon="20.08417795155446">
        <ele>2126</ele>
      </trkpt>
      <trkpt lat="42.57123784093076" lon="20.08418653442686">
        <ele>2125</ele>
      </trkpt>
      <trkpt lat="42.57124833110814" lon="20.08422468052642">
        <ele>2124</ele>
      </trkpt>
      <trkpt lat="42.5712340263208" lon="20.08430669464047">
        <ele>2123</ele>
      </trkpt>
      <trkpt lat="42.57125882128552" lon="20.08436486744231">
        <ele>2122</ele>
      </trkpt>
      <trkpt lat="42.57124451649818" lon="20.08447930574099">
        <ele>2120</ele>
      </trkpt>
      <trkpt lat="42.57132748426473" lon="20.08448598130841">
        <ele>2118</ele>
      </trkpt>
      <trkpt lat="42.57132271600229" lon="20.08455750524509">
        <ele>2117</ele>
      </trkpt>
      <trkpt lat="42.57131890139232" lon="20.08462998283426">
        <ele>2116</ele>
      </trkpt>
      <trkpt lat="42.57139805454892" lon="20.08465477779897">
        <ele>2114</ele>
      </trkpt>
      <trkpt lat="42.57147720770551" lon="20.08468052641618">
        <ele>2112</ele>
      </trkpt>
      <trkpt lat="42.57150104901773" lon="20.08478542818997">
        <ele>2110</ele>
      </trkpt>
      <trkpt lat="42.57156017547205" lon="20.08487507152394">
        <ele>2107</ele>
      </trkpt>
      <trkpt lat="42.5715992752241" lon="20.08495899294298">
        <ele>2105</ele>
      </trkpt>
      <trkpt lat="42.57163932862864" lon="20.0850438680145">
        <ele>2103</ele>
      </trkpt>
      <trkpt lat="42.57166126263589" lon="20.08511920656113">
        <ele>2102</ele>
      </trkpt>
      <trkpt lat="42.57168319664314" lon="20.08519549876026">
        <ele>2100</ele>
      </trkpt>
      <trkpt lat="42.5717566278848" lon="20.08530135418654">
        <ele>2098</ele>
      </trkpt>
      <trkpt lat="42.57183005912645" lon="20.08540816326531">
        <ele>2096</ele>
      </trkpt>
      <trkpt lat="42.57187583444592" lon="20.08566374213237">
        <ele>2094</ele>
      </trkpt>
      <trkpt lat="42.57195403395002" lon="20.08571428571429">
        <ele>2093</ele>
      </trkpt>
      <trkpt lat="42.57195403395002" lon="20.08571428571429">
        <ele>2093</ele>
      </trkpt>
      <trkpt lat="42.57223250047682" lon="20.08607953461759">
        <ele>2092</ele>
      </trkpt>
      <trkpt lat="42.57262921991226" lon="20.08657924852184">
        <ele>2095</ele>
      </trkpt>
      <trkpt lat="42.57292485218386" lon="20.08692351707038">
        <ele>2098</ele>
      </trkpt>
      <trkpt lat="42.57292485218386" lon="20.08692351707038">
        <ele>2098</ele>
      </trkpt>
      <trkpt lat="42.5729649055884" lon="20.08698836543964">
        <ele>2098</ele>
      </trkpt>
      <trkpt lat="42.57301544917031" lon="20.087043677284">
        <ele>2099</ele>
      </trkpt>
      <trkpt lat="42.57323860385275" lon="20.08729067327866">
        <ele>2105</ele>
      </trkpt>
      <trkpt lat="42.57343505626549" lon="20.08740987983979">
        <ele>2112</ele>
      </trkpt>
      <trkpt lat="42.57350944115964" lon="20.08748521838642">
        <ele>2117</ele>
      </trkpt>
      <trkpt lat="42.57350944115964" lon="20.08748521838642">
        <ele>2117</ele>
      </trkpt>
      <trkpt lat="42.57361625023841" lon="20.08741464810224">
        <ele>2120</ele>
      </trkpt>
      <trkpt lat="42.5737297348846" lon="20.08729353423613">
        <ele>2124</ele>
      </trkpt>
      <trkpt lat="42.57381270265115" lon="20.08726873927141">
        <ele>2127</ele>
      </trkpt>
      <trkpt lat="42.57389662407018" lon="20.08724489795919">
        <ele>2130</ele>
      </trkpt>
      <trkpt lat="42.57399866488651" lon="20.08719530802976">
        <ele>2133</ele>
      </trkpt>
      <trkpt lat="42.57410165935532" lon="20.08714667175282">
        <ele>2136</ele>
      </trkpt>
      <trkpt lat="42.57418462712187" lon="20.08707514781614">
        <ele>2138</ele>
      </trkpt>
      <trkpt lat="42.57426854854091" lon="20.08700362387946">
        <ele>2140</ele>
      </trkpt>
      <trkpt lat="42.57434293343505" lon="20.08696357047492">
        <ele>2142</ele>
      </trkpt>
      <trkpt lat="42.57441827198168" lon="20.08692447072287">
        <ele>2145</ele>
      </trkpt>
      <trkpt lat="42.57451554453556" lon="20.08689204653825">
        <ele>2148</ele>
      </trkpt>
      <trkpt lat="42.57461281708945" lon="20.08686057600611">
        <ele>2151</ele>
      </trkpt>
      <trkpt lat="42.5747119969483" lon="20.08675853518978">
        <ele>2151</ele>
      </trkpt>
      <trkpt lat="42.57487030326148" lon="20.08648388327294">
        <ele>2147</ele>
      </trkpt>
      <trkpt lat="42.57491607858096" lon="20.08641712759871">
        <ele>2146</ele>
      </trkpt>
      <trkpt lat="42.57496185390043" lon="20.08635132557696">
        <ele>2145</ele>
      </trkpt>
      <trkpt lat="42.57505054358191" lon="20.0862702651154">
        <ele>2144</ele>
      </trkpt>
      <trkpt lat="42.57513923326339" lon="20.08619015830632">
        <ele>2143</ele>
      </trkpt>
      <trkpt lat="42.5754253290101" lon="20.08582395575053">
        <ele>2137</ele>
      </trkpt>
      <trkpt lat="42.575477779897" lon="20.08580583635324">
        <ele>2138</ele>
      </trkpt>
      <trkpt lat="42.57555407209612" lon="20.08580965096319">
        <ele>2140</ele>
      </trkpt>
      <trkpt lat="42.57563036429524" lon="20.08581346557315">
        <ele>2142</ele>
      </trkpt>
      <trkpt lat="42.57573049780659" lon="20.08585828724013">
        <ele>2147</ele>
      </trkpt>
      <trkpt lat="42.57583063131794" lon="20.08590310890712">
        <ele>2150</ele>
      </trkpt>
      <trkpt lat="42.57594316231165" lon="20.08595937440397">
        <ele>2153</ele>
      </trkpt>
      <trkpt lat="42.57605569330535" lon="20.08601659355331">
        <ele>2155</ele>
      </trkpt>
      <trkpt lat="42.57615773412168" lon="20.08602803738318">
        <ele>2157</ele>
      </trkpt>
      <trkpt lat="42.5762254434484" lon="20.08602040816327">
        <ele>2157</ele>
      </trkpt>
      <trkpt lat="42.57629410642761" lon="20.08601277894336">
        <ele>2157</ele>
      </trkpt>
      <trkpt lat="42.57641045203128" lon="20.08592981117681">
        <ele>2156</ele>
      </trkpt>
      <trkpt lat="42.57650486362769" lon="20.08592599656685">
        <ele>2156</ele>
      </trkpt>
      <trkpt lat="42.57662693114629" lon="20.08595269883655">
        <ele>2158</ele>
      </trkpt>
      <trkpt lat="42.57673278657256" lon="20.08602803738318">
        <ele>2160</ele>
      </trkpt>
      <trkpt lat="42.57681861529658" lon="20.08613484646195">
        <ele>2162</ele>
      </trkpt>
      <trkpt lat="42.57690444402059" lon="20.08624260919321">
        <ele>2164</ele>
      </trkpt>
      <trkpt lat="42.57699694831203" lon="20.08631222582491">
        <ele>2165</ele>
      </trkpt>
      <trkpt lat="42.57709040625596" lon="20.08638184245661">
        <ele>2165</ele>
      </trkpt>
      <trkpt lat="42.57740892618729" lon="20.08646862483311">
        <ele>2160</ele>
      </trkpt>
      <trkpt lat="42.57751764257104" lon="20.08648388327294">
        <ele>2158</ele>
      </trkpt>
      <trkpt lat="42.57762635895479" lon="20.08649914171276">
        <ele>2161</ele>
      </trkpt>
      <trkpt lat="42.57770741941636" lon="20.08647625405303">
        <ele>2162</ele>
      </trkpt>
      <trkpt lat="42.57778943353041" lon="20.08645336639329">
        <ele>2162</ele>
      </trkpt>
      <trkpt lat="42.57786477207705" lon="20.08644573717338">
        <ele>2163</ele>
      </trkpt>
      <trkpt lat="42.57793057409879" lon="20.0864609956132">
        <ele>2165</ele>
      </trkpt>
      <trkpt lat="42.57799732977303" lon="20.08647625405303">
        <ele>2167</ele>
      </trkpt>
      <trkpt lat="42.57810699980926" lon="20.08649151249285">
        <ele>2169</ele>
      </trkpt>
      <trkpt lat="42.5782166698455" lon="20.08650677093268">
        <ele>2172</ele>
      </trkpt>
      <trkpt lat="42.57828151821476" lon="20.08648769788289">
        <ele>2172</ele>
      </trkpt>
      <trkpt lat="42.5783473202365" lon="20.08646862483311">
        <ele>2172</ele>
      </trkpt>
      <trkpt lat="42.57841789052069" lon="20.08638374976159">
        <ele>2166</ele>
      </trkpt>
      <trkpt lat="42.57848846080488" lon="20.08629887469007">
        <ele>2161</ele>
      </trkpt>
      <trkpt lat="42.57855235552164" lon="20.08625119206561">
        <ele>2158</ele>
      </trkpt>
      <trkpt lat="42.5786162502384" lon="20.08620350944116">
        <ele>2156</ele>
      </trkpt>
      <trkpt lat="42.57872305931718" lon="20.0861911119588">
        <ele>2155</ele>
      </trkpt>
      <trkpt lat="42.57882986839595" lon="20.08617966812894">
        <ele>2155</ele>
      </trkpt>
      <trkpt lat="42.57911787144764" lon="20.08622544344841">
        <ele>2158</ele>
      </trkpt>
      <trkpt lat="42.57979305740987" lon="20.08657734121686">
        <ele>2164</ele>
      </trkpt>
      <trkpt lat="42.57989605187869" lon="20.08662311653634">
        <ele>2164</ele>
      </trkpt>
      <trkpt lat="42.57999999999999" lon="20.08666889185581">
        <ele>2164</ele>
      </trkpt>
      <trkpt lat="42.58000000000001" lon="20.08666889185581">
        <ele>2164</ele>
      </trkpt>
      <trkpt lat="42.5802698836544" lon="20.08678905206943">
        <ele>2172</ele>
      </trkpt>
      <trkpt lat="42.58053023078391" lon="20.08678142284952">
        <ele>2174</ele>
      </trkpt>
      <trkpt lat="42.58073431241656" lon="20.08675090596987">
        <ele>2174</ele>
      </trkpt>
      <trkpt lat="42.58096128170895" lon="20.08673564753004">
        <ele>2178</ele>
      </trkpt>
      <trkpt lat="42.58121972153348" lon="20.08679572763685">
        <ele>2183</ele>
      </trkpt>
      <trkpt lat="42.5814524127408" lon="20.08688537097082">
        <ele>2187</ele>
      </trkpt>
      <trkpt lat="42.5814524127408" lon="20.08688537097082">
        <ele>2187</ele>
      </trkpt>
      <trkpt lat="42.58169845508297" lon="20.08696261682243">
        <ele>2188</ele>
      </trkpt>
      <trkpt lat="42.58183578104139" lon="20.08695975586497">
        <ele>2188</ele>
      </trkpt>
      <trkpt lat="42.5822439443067" lon="20.08681098607668">
        <ele>2191</ele>
      </trkpt>
      <trkpt lat="42.58237268739272" lon="20.08678809841694">
        <ele>2192</ele>
      </trkpt>
      <trkpt lat="42.58258725920275" lon="20.08676997901965">
        <ele>2192</ele>
      </trkpt>
      <trkpt lat="42.5829305740988" lon="20.08669177951555">
        <ele>2195</ele>
      </trkpt>
      <trkpt lat="42.5830612244898" lon="20.08672038909022">
        <ele>2194</ele>
      </trkpt>
      <trkpt lat="42.58323097463285" lon="20.08676711806218">
        <ele>2193</ele>
      </trkpt>
      <trkpt lat="42.58344554644288" lon="20.08679668128934">
        <ele>2192</ele>
      </trkpt>
      <trkpt lat="42.58378695403395" lon="20.08685962235362">
        <ele>2189</ele>
      </trkpt>
      <trkpt lat="42.58378695403395" lon="20.08685962235362">
        <ele>2189</ele>
      </trkpt>
      <trkpt lat="42.58437535761968" lon="20.08689967575816">
        <ele>2189</ele>
      </trkpt>
      <trkpt lat="42.58494087354568" lon="20.08724012969674">
        <ele>2191</ele>
      </trkpt>
      <trkpt lat="42.58522029372497" lon="20.08775510204082">
        <ele>2190</ele>
      </trkpt>
      <trkpt lat="42.58623021171086" lon="20.08898531375167">
        <ele>2195</ele>
      </trkpt>
      <trkpt lat="42.58691016593554" lon="20.08948502765593">
        <ele>2196</ele>
      </trkpt>
      <trkpt lat="42.58781995041007" lon="20.08994564180813">
        <ele>2195</ele>
      </trkpt>
      <trkpt lat="42.58812511920657" lon="20.09001907304978">
        <ele>2195</ele>
      </trkpt>
      <trkpt lat="42.58825290864009" lon="20.08981117680717">
        <ele>2195</ele>
      </trkpt>
      <trkpt lat="42.58831298874691" lon="20.08957943925234">
        <ele>2195</ele>
      </trkpt>
      <trkpt lat="42.58832729353424" lon="20.08939824527942">
        <ele>2194</ele>
      </trkpt>
      <trkpt lat="42.58859431623117" lon="20.08935437726493">
        <ele>2183</ele>
      </trkpt>
      <trkpt lat="42.58904157924852" lon="20.08853328247187">
        <ele>2173</ele>
      </trkpt>
      <trkpt lat="42.58923612435629" lon="20.08849132176235">
        <ele>2168</ele>
      </trkpt>
      <trkpt lat="42.58983311081442" lon="20.08857333587641">
        <ele>2153</ele>
      </trkpt>
      <trkpt lat="42.58997520503529" lon="20.08869540339501">
        <ele>2147</ele>
      </trkpt>
      <trkpt lat="42.59009441159642" lon="20.08873354949457">
        <ele>2144</ele>
      </trkpt>
      <trkpt lat="42.59015449170322" lon="20.08849799732978">
        <ele>2146</ele>
      </trkpt>
      <trkpt lat="42.59036620255579" lon="20.0885571237841">
        <ele>2141</ele>
      </trkpt>
      <trkpt lat="42.59064085447263" lon="20.08819092122831">
        <ele>2140</ele>
      </trkpt>
      <trkpt lat="42.59100228876598" lon="20.08800686629792">
        <ele>2134</ele>
      </trkpt>
      <trkpt lat="42.59204081632653" lon="20.08692637802785">
        <ele>2131</ele>
      </trkpt>
      <trkpt lat="42.59254625214572" lon="20.08670036238795">
        <ele>2130</ele>
      </trkpt>
      <trkpt lat="42.59304405874499" lon="20.08678809841694">
        <ele>2126</ele>
      </trkpt>
      <trkpt lat="42.59323288193782" lon="20.0868958611482">
        <ele>2121</ele>
      </trkpt>
      <trkpt lat="42.59333873736411" lon="20.08684722487126">
        <ele>2123</ele>
      </trkpt>
      <trkpt lat="42.59336353232882" lon="20.0866955941255">
        <ele>2129</ele>
      </trkpt>
      <trkpt lat="42.5932262063704" lon="20.0866002288766">
        <ele>2133</ele>
      </trkpt>
      <trkpt lat="42.59327388899485" lon="20.08650390997521">
        <ele>2137</ele>
      </trkpt>
      <trkpt lat="42.59359431623117" lon="20.08632080869731">
        <ele>2143</ele>
      </trkpt>
      <trkpt lat="42.59409975205035" lon="20.08595746709899">
        <ele>2154</ele>
      </trkpt>
      <trkpt lat="42.59461949265688" lon="20.08598798397864">
        <ele>2149</ele>
      </trkpt>
      <trkpt lat="42.59483024985695" lon="20.08583349227542">
        <ele>2153</ele>
      </trkpt>
      <trkpt lat="42.59505531184437" lon="20.08519645241275">
        <ele>2168</ele>
      </trkpt>
      <trkpt lat="42.59528991035667" lon="20.08497234407782">
        <ele>2171</ele>
      </trkpt>
      <trkpt lat="42.59541674613771" lon="20.08491893953844">
        <ele>2171</ele>
      </trkpt>
      <trkpt lat="42.59549494564181" lon="20.08471867251574">
        <ele>2174</ele>
      </trkpt>
      <trkpt lat="42.59555884035858" lon="20.08472344077818">
        <ele>2174</ele>
      </trkpt>
      <trkpt lat="42.59570093457944" lon="20.08484646194927">
        <ele>2170</ele>
      </trkpt>
      <trkpt lat="42.59593839404921" lon="20.08485981308412">
        <ele>2170</ele>
      </trkpt>
      <trkpt lat="42.59637516688919" lon="20.08503242418463">
        <ele>2170</ele>
      </trkpt>
      <trkpt lat="42.59669082586306" lon="20.08504005340454">
        <ele>2172</ele>
      </trkpt>
      <trkpt lat="42.59709422086592" lon="20.08475967957277">
        <ele>2188</ele>
      </trkpt>
      <trkpt lat="42.59738413122258" lon="20.08483120350945">
        <ele>2191</ele>
      </trkpt>
      <trkpt lat="42.59797921037574" lon="20.08470627503338">
        <ele>2193</ele>
      </trkpt>
      <trkpt lat="42.5986877741751" lon="20.08420751478162">
        <ele>2204</ele>
      </trkpt>
      <trkpt lat="42.59893095555979" lon="20.08376406637421">
        <ele>2211</ele>
      </trkpt>
      <trkpt lat="42.59912931527752" lon="20.08361243562846">
        <ele>2210</ele>
      </trkpt>
      <trkpt lat="42.59920846843411" lon="20.08348369254244">
        <ele>2212</ele>
      </trkpt>
      <trkpt lat="42.59981308411215" lon="20.08330249856952">
        <ele>2215</ele>
      </trkpt>
      <trkpt lat="42.6" lon="20.08312893381652">
        <ele>2219</ele>
      </trkpt>
      <trkpt lat="42.60000000000002" lon="20.08312893381652">
        <ele>2219</ele>
      </trkpt>
      <trkpt lat="42.6002880030517" lon="20.0828609574671">
        <ele>2231</ele>
      </trkpt>
      <trkpt lat="42.60038718291056" lon="20.0827913408354">
        <ele>2235</ele>
      </trkpt>
      <trkpt lat="42.60052832347894" lon="20.08283997711234">
        <ele>2237</ele>
      </trkpt>
      <trkpt lat="42.60062273507535" lon="20.08291913026893">
        <ele>2237</ele>
      </trkpt>
      <trkpt lat="42.60100896433341" lon="20.08366297921038">
        <ele>2234</ele>
      </trkpt>
      <trkpt lat="42.60154396337976" lon="20.08454701506771">
        <ele>2241</ele>
      </trkpt>
      <trkpt lat="42.60166126263591" lon="20.08460423421705">
        <ele>2244</ele>
      </trkpt>
      <trkpt lat="42.60171371352281" lon="20.08455273698265">
        <ele>2245</ele>
      </trkpt>
      <trkpt lat="42.60171180621783" lon="20.08424566088118">
        <ele>2247</ele>
      </trkpt>
      <trkpt lat="42.60177093267215" lon="20.08417509059699">
        <ele>2247</ele>
      </trkpt>
      <trkpt lat="42.60179954224682" lon="20.08406446690826">
        <ele>2245</ele>
      </trkpt>
      <trkpt lat="42.60172992561512" lon="20.08385561701316">
        <ele>2244</ele>
      </trkpt>
      <trkpt lat="42.60178046919704" lon="20.08384989509823">
        <ele>2242</ele>
      </trkpt>
      <trkpt lat="42.60177951554455" lon="20.08376883463666">
        <ele>2241</ele>
      </trkpt>
      <trkpt lat="42.60184817852376" lon="20.0837478542819">
        <ele>2238</ele>
      </trkpt>
      <trkpt lat="42.60180431050927" lon="20.08355235552165">
        <ele>2237</ele>
      </trkpt>
      <trkpt lat="42.60181575433914" lon="20.08331203509442">
        <ele>2233</ele>
      </trkpt>
      <trkpt lat="42.60184054930384" lon="20.08315086782377">
        <ele>2232</ele>
      </trkpt>
      <trkpt lat="42.60192733168035" lon="20.08296490558841">
        <ele>2228</ele>
      </trkpt>
      <trkpt lat="42.60192733168035" lon="20.08296490558841">
        <ele>2228</ele>
      </trkpt>
      <trkpt lat="42.60206847224872" lon="20.08271695594126">
        <ele>2222</ele>
      </trkpt>
      <trkpt lat="42.60218958611483" lon="20.08240415792486">
        <ele>2216</ele>
      </trkpt>
      <trkpt lat="42.60242704558461" lon="20.08199313370208">
        <ele>2204</ele>
      </trkpt>
      <trkpt lat="42.60233740225063" lon="20.08172420370018">
        <ele>2207</ele>
      </trkpt>
      <trkpt lat="42.6023660118253" lon="20.08164600419607">
        <ele>2206</ele>
      </trkpt>
      <trkpt lat="42.60254625214573" lon="20.08166412359337">
        <ele>2198</ele>
      </trkpt>
      <trkpt lat="42.60264066374214" lon="20.08174709135991">
        <ele>2194</ele>
      </trkpt>
      <trkpt lat="42.6028008773603" lon="20.08172134274271">
        <ele>2187</ele>
      </trkpt>
      <trkpt lat="42.60288193782187" lon="20.08179858859432">
        <ele>2183</ele>
      </trkpt>
      <trkpt lat="42.60294297158117" lon="20.08176997901965">
        <ele>2180</ele>
      </trkpt>
      <trkpt lat="42.60299065420562" lon="20.08164695784856">
        <ele>2177</ele>
      </trkpt>
      <trkpt lat="42.60303738317759" lon="20.08131794773985">
        <ele>2174</ele>
      </trkpt>
      <trkpt lat="42.6029057791341" lon="20.0806694640473">
        <ele>2177</ele>
      </trkpt>
      <trkpt lat="42.60304119778754" lon="20.08029372496663">
        <ele>2171</ele>
      </trkpt>
      <trkpt lat="42.60319759679574" lon="20.08017833301545">
        <ele>2166</ele>
      </trkpt>
      <trkpt lat="42.60326625977495" lon="20.08007343124166">
        <ele>2163</ele>
      </trkpt>
      <trkpt lat="42.60329963761207" lon="20.08">
        <ele>2162</ele>
      </trkpt>
      <trkpt lat="42.60329963761207" lon="20.07999999999999">
        <ele>2162</ele>
      </trkpt>
      <trkpt lat="42.60352851420944" lon="20.07948598130841">
        <ele>2156</ele>
      </trkpt>
      <trkpt lat="42.6035580774366" lon="20.07922754148388">
        <ele>2154</ele>
      </trkpt>
      <trkpt lat="42.60350658020219" lon="20.07899008201411">
        <ele>2155</ele>
      </trkpt>
      <trkpt lat="42.6035485409117" lon="20.078564753004">
        <ele>2154</ele>
      </trkpt>
      <trkpt lat="42.60363818424567" lon="20.07827388899484">
        <ele>2153</ele>
      </trkpt>
      <trkpt lat="42.60394335304216" lon="20.0778600038146">
        <ele>2154</ele>
      </trkpt>
      <trkpt lat="42.6040797253481" lon="20.07777703604806">
        <ele>2154</ele>
      </trkpt>
      <trkpt lat="42.6042189586115" lon="20.07777512874308">
        <ele>2153</ele>
      </trkpt>
      <trkpt lat="42.6042189586115" lon="20.07777512874308">
        <ele>2153</ele>
      </trkpt>
      <trkpt lat="42.60429811176809" lon="20.07797158115582">
        <ele>2149</ele>
      </trkpt>
      <trkpt lat="42.60441350371926" lon="20.07814037764638">
        <ele>2145</ele>
      </trkpt>
      <trkpt lat="42.60466717528134" lon="20.07834159832156">
        <ele>2139</ele>
      </trkpt>
      <trkpt lat="42.60470436772842" lon="20.07851039481212">
        <ele>2138</ele>
      </trkpt>
      <trkpt lat="42.60503719244709" lon="20.07887469006294">
        <ele>2130</ele>
      </trkpt>
      <trkpt lat="42.60519740606524" lon="20.07915220293724">
        <ele>2125</ele>
      </trkpt>
      <trkpt lat="42.60548922372688" lon="20.07928857524318">
        <ele>2120</ele>
      </trkpt>
      <trkpt lat="42.60564753004007" lon="20.07941064276177">
        <ele>2116</ele>
      </trkpt>
      <trkpt lat="42.60567041769981" lon="20.0795470150677">
        <ele>2114</ele>
      </trkpt>
      <trkpt lat="42.60578008773604" lon="20.07971581155826">
        <ele>2109</ele>
      </trkpt>
      <trkpt lat="42.60598226206372" lon="20.07985599847415">
        <ele>2106</ele>
      </trkpt>
      <trkpt lat="42.60605664695786" lon="20.07999999999999">
        <ele>2104</ele>
      </trkpt>
      <trkpt lat="42.60605664695786" lon="20.08">
        <ele>2104</ele>
      </trkpt>
      <trkpt lat="42.60614056837689" lon="20.08016116727065">
        <ele>2101</ele>
      </trkpt>
      <trkpt lat="42.60646385657068" lon="20.08053786000382">
        <ele>2094</ele>
      </trkpt>
      <trkpt lat="42.60658592408927" lon="20.08061129124548">
        <ele>2093</ele>
      </trkpt>
      <trkpt lat="42.60672325004769" lon="20.0807829486935">
        <ele>2088</ele>
      </trkpt>
      <trkpt lat="42.6069492656876" lon="20.08117108525654">
        <ele>2079</ele>
      </trkpt>
      <trkpt lat="42.60716097654016" lon="20.08136181575434">
        <ele>2074</ele>
      </trkpt>
      <trkpt lat="42.60745088689683" lon="20.0815048636277">
        <ele>2069</ele>
      </trkpt>
      <trkpt lat="42.60750715239368" lon="20.08174232309747">
        <ele>2065</ele>
      </trkpt>
      <trkpt lat="42.60763112721725" lon="20.08183768834637">
        <ele>2062</ele>
      </trkpt>
      <trkpt lat="42.60790101087165" lon="20.08221152012207">
        <ele>2052</ele>
      </trkpt>
      <trkpt lat="42.60804596604999" lon="20.08231069998093">
        <ele>2049</ele>
      </trkpt>
      <trkpt lat="42.60835304215146" lon="20.0824003433149">
        <ele>2043</ele>
      </trkpt>
      <trkpt lat="42.60913503719246" lon="20.082435628457">
        <ele>2035</ele>
      </trkpt>
      <trkpt lat="42.60920370017167" lon="20.08251954987603">
        <ele>2034</ele>
      </trkpt>
      <trkpt lat="42.60948693496091" lon="20.08252336448599">
        <ele>2031</ele>
      </trkpt>
      <trkpt lat="42.60964619492658" lon="20.0826263589548">
        <ele>2031</ele>
      </trkpt>
      <trkpt lat="42.61049494564182" lon="20.0828523745947">
        <ele>2026</ele>
      </trkpt>
      <trkpt lat="42.61113770741943" lon="20.08299446881557">
        <ele>2020</ele>
      </trkpt>
      <trkpt lat="42.61113770741943" lon="20.08299446881557">
        <ele>2020</ele>
      </trkpt>
      <trkpt lat="42.61161548731643" lon="20.08291436200649">
        <ele>2011</ele>
      </trkpt>
      <trkpt lat="42.61188346366585" lon="20.08290577913409">
        <ele>2006</ele>
      </trkpt>
      <trkpt lat="42.61205035285143" lon="20.082913408354">
        <ele>2004</ele>
      </trkpt>
      <trkpt lat="42.61254815945071" lon="20.08317184817853">
        <ele>1998</ele>
      </trkpt>
      <trkpt lat="42.61316421895862" lon="20.08323383559031">
        <ele>1985</ele>
      </trkpt>
      <trkpt lat="42.6134274270456" lon="20.08344268548541">
        <ele>1982</ele>
      </trkpt>
      <trkpt lat="42.61392904825483" lon="20.08365916460042">
        <ele>1975</ele>
      </trkpt>
      <trkpt lat="42.61460232691208" lon="20.08408353995804">
        <ele>1965</ele>
      </trkpt>
      <trkpt lat="42.61497997329774" lon="20.08451840549304">
        <ele>1965</ele>
      </trkpt>
      <trkpt lat="42.6155054358192" lon="20.08478924279993">
        <ele>1959</ele>
      </trkpt>
      <trkpt lat="42.61574861720391" lon="20.08481499141713">
        <ele>1953</ele>
      </trkpt>
      <trkpt lat="42.61593648674425" lon="20.08489128361625">
        <ele>1950</ele>
      </trkpt>
      <trkpt lat="42.61638279610911" lon="20.08514114056838">
        <ele>1945</ele>
      </trkpt>
      <trkpt lat="42.6168710661835" lon="20.0853652489033">
        <ele>1937</ele>
      </trkpt>
      <trkpt lat="42.61707896242611" lon="20.08557600610338">
        <ele>1933</ele>
      </trkpt>
      <trkpt lat="42.61713618157545" lon="20.08572382223918">
        <ele>1932</ele>
      </trkpt>
      <trkpt lat="42.61729830249858" lon="20.08579629982835">
        <ele>1926</ele>
      </trkpt>
      <trkpt lat="42.61772172420371" lon="20.08616059507916">
        <ele>1917</ele>
      </trkpt>
      <trkpt lat="42.61791245470152" lon="20.08651249284761">
        <ele>1914</ele>
      </trkpt>
      <trkpt lat="42.61822239176045" lon="20.08679668128934">
        <ele>1903</ele>
      </trkpt>
      <trkpt lat="42.61829868395958" lon="20.08698741178715">
        <ele>1902</ele>
      </trkpt>
      <trkpt lat="42.61838165172612" lon="20.08709231356094">
        <ele>1900</ele>
      </trkpt>
      <trkpt lat="42.61837592981119" lon="20.08725538813657">
        <ele>1902</ele>
      </trkpt>
      <trkpt lat="42.6186534426855" lon="20.0875481594507">
        <ele>1894</ele>
      </trkpt>
      <trkpt lat="42.61874976158689" lon="20.08776082395575">
        <ele>1893</ele>
      </trkpt>
      <trkpt lat="42.61882319282855" lon="20.0878609574671">
        <ele>1891</ele>
      </trkpt>
      <trkpt lat="42.61897196261683" lon="20.08797062750334">
        <ele>1884</ele>
      </trkpt>
      <trkpt lat="42.6190711424757" lon="20.08798779324814">
        <ele>1879</ele>
      </trkpt>
      <trkpt lat="42.61920274651919" lon="20.08818043105093">
        <ele>1874</ele>
      </trkpt>
      <trkpt lat="42.61935914552738" lon="20.08825481594507">
        <ele>1869</ele>
      </trkpt>
      <trkpt lat="42.61944211329393" lon="20.08833301544917">
        <ele>1866</ele>
      </trkpt>
      <trkpt lat="42.61949456418083" lon="20.08852756055694">
        <ele>1865</ele>
      </trkpt>
      <trkpt lat="42.61958611481977" lon="20.08863723059318">
        <ele>1862</ele>
      </trkpt>
      <trkpt lat="42.61958802212475" lon="20.08872878123212">
        <ele>1862</ele>
      </trkpt>
      <trkpt lat="42.61973583826055" lon="20.08891188251002">
        <ele>1856</ele>
      </trkpt>
      <trkpt lat="42.61996185390045" lon="20.08915315658974">
        <ele>1846</ele>
      </trkpt>
      <trkpt lat="42.62000000000001" lon="20.08917509059699">
        <ele>1845</ele>
      </trkpt>
      <trkpt lat="42.62" lon="20.08917509059699">
        <ele>1845</ele>
      </trkpt>
      <trkpt lat="42.62014400152584" lon="20.08925615105856">
        <ele>1843</ele>
      </trkpt>
      <trkpt lat="42.62026130078199" lon="20.08936200648484">
        <ele>1842</ele>
      </trkpt>
      <trkpt lat="42.62046347510967" lon="20.08950600801068">
        <ele>1840</ele>
      </trkpt>
      <trkpt lat="42.62046347510967" lon="20.08950600801068">
        <ele>1840</ele>
      </trkpt>
      <trkpt lat="42.62060270837306" lon="20.0896872019836">
        <ele>1838</ele>
      </trkpt>
      <trkpt lat="42.62098130841121" lon="20.08993896624071">
        <ele>1833</ele>
      </trkpt>
      <trkpt lat="42.6214428762159" lon="20.09026511539195">
        <ele>1826</ele>
      </trkpt>
      <trkpt lat="42.62165554072096" lon="20.09067423230975">
        <ele>1822</ele>
      </trkpt>
      <trkpt lat="42.62170417699789" lon="20.09084970436773">
        <ele>1820</ele>
      </trkpt>
      <trkpt lat="42.62187297348846" lon="20.09087926759489">
        <ele>1818</ele>
      </trkpt>
      <trkpt lat="42.62203414075911" lon="20.09091741369445">
        <ele>1817</ele>
      </trkpt>
      <trkpt lat="42.62216288384512" lon="20.09098035475873">
        <ele>1815</ele>
      </trkpt>
      <trkpt lat="42.62232500476826" lon="20.091131031852">
        <ele>1812</ele>
      </trkpt>
      <trkpt lat="42.62252813274842" lon="20.09134369635705">
        <ele>1808</ele>
      </trkpt>
      <trkpt lat="42.62261586877742" lon="20.0914438298684">
        <ele>1809</ele>
      </trkpt>
      <trkpt lat="42.62275891665077" lon="20.0916955941255">
        <ele>1809</ele>
      </trkpt>
      <trkpt lat="42.62289719626168" lon="20.09184627121877">
        <ele>1810</ele>
      </trkpt>
      <trkpt lat="42.62306313179477" lon="20.09197787526226">
        <ele>1811</ele>
      </trkpt>
      <trkpt lat="42.62316040434865" lon="20.0921657448026">
        <ele>1811</ele>
      </trkpt>
      <trkpt lat="42.62322048445546" lon="20.092347892428">
        <ele>1811</ele>
      </trkpt>
      <trkpt lat="42.623303452222" lon="20.09256723250048">
        <ele>1810</ele>
      </trkpt>
      <trkpt lat="42.6234608048827" lon="20.09282471867252">
        <ele>1813</ele>
      </trkpt>
      <trkpt lat="42.62361720389089" lon="20.09320141140569">
        <ele>1816</ele>
      </trkpt>
      <trkpt lat="42.62392714094983" lon="20.09382223917605">
        <ele>1818</ele>
      </trkpt>
      <trkpt lat="42.62435151630746" lon="20.09502098035476">
        <ele>1803</ele>
      </trkpt>
      <trkpt lat="42.62454987602517" lon="20.09537860003815">
        <ele>1805</ele>
      </trkpt>
      <trkpt lat="42.62471199694831" lon="20.09573621972154">
        <ele>1805</ele>
      </trkpt>
      <trkpt lat="42.62487316421895" lon="20.09619969483121">
        <ele>1804</ele>
      </trkpt>
      <trkpt lat="42.62512302117108" lon="20.09667079916079">
        <ele>1803</ele>
      </trkpt>
      <trkpt lat="42.62551497234407" lon="20.09716002288766">
        <ele>1803</ele>
      </trkpt>
      <trkpt lat="42.62578771695593" lon="20.0976177760824">
        <ele>1796</ele>
      </trkpt>
      <trkpt lat="42.62657257295441" lon="20.09875357619684">
        <ele>1787</ele>
      </trkpt>
      <trkpt lat="42.62679858859431" lon="20.09905493038337">
        <ele>1786</ele>
      </trkpt>
      <trkpt lat="42.62713999618538" lon="20.09949361052833">
        <ele>1786</ele>
      </trkpt>
      <trkpt lat="42.62739843600991" lon="20.0999399198932">
        <ele>1780</ele>
      </trkpt>
      <trkpt lat="42.62744993324432" lon="20.1">
        <ele>1780</ele>
      </trkpt>
      <trkpt lat="42.62744993324432" lon="20.10000000000001">
        <ele>1780</ele>
      </trkpt>
      <trkpt lat="42.62761586877741" lon="20.10019645241275">
        <ele>1777</ele>
      </trkpt>
      <trkpt lat="42.62792008392142" lon="20.10052260156401">
        <ele>1772</ele>
      </trkpt>
      <trkpt lat="42.628607667366" lon="20.1010442494755">
        <ele>1764</ele>
      </trkpt>
      <trkpt lat="42.62908353995803" lon="20.10130745756248">
        <ele>1758</ele>
      </trkpt>
      <trkpt lat="42.62968815563608" lon="20.1016269311463">
        <ele>1745</ele>
      </trkpt>
      <trkpt lat="42.62983120350944" lon="20.10177188632464">
        <ele>1740</ele>
      </trkpt>
      <trkpt lat="42.63038050734312" lon="20.10204749189397">
        <ele>1731</ele>
      </trkpt>
      <trkpt lat="42.63052355521648" lon="20.10209135990846">
        <ele>1730</ele>
      </trkpt>
      <trkpt lat="42.63069902727446" lon="20.10221724203701">
        <ele>1727</ele>
      </trkpt>
      <trkpt lat="42.63117013160404" lon="20.10253099370591">
        <ele>1723</ele>
      </trkpt>
      <trkpt lat="42.63137802784665" lon="20.10255674232311">
        <ele>1725</ele>
      </trkpt>
      <trkpt lat="42.63137802784665" lon="20.10255674232311">
        <ele>1725</ele>
      </trkpt>
      <trkpt lat="42.63152679763494" lon="20.10265782948695">
        <ele>1724</ele>
      </trkpt>
      <trkpt lat="42.63168510394812" lon="20.10262540530232">
        <ele>1727</ele>
      </trkpt>
      <trkpt lat="42.63180621781422" lon="20.10264924661455">
        <ele>1728</ele>
      </trkpt>
      <trkpt lat="42.63193686820522" lon="20.10278847987795">
        <ele>1727</ele>
      </trkpt>
      <trkpt lat="42.63214571810032" lon="20.10281613580013">
        <ele>1729</ele>
      </trkpt>
      <trkpt lat="42.63220389090215" lon="20.10298588594318">
        <ele>1726</ele>
      </trkpt>
      <trkpt lat="42.63226206370398" lon="20.10308983406448">
        <ele>1724</ele>
      </trkpt>
      <trkpt lat="42.63252717909593" lon="20.10335208849897">
        <ele>1721</ele>
      </trkpt>
      <trkpt lat="42.6328170894526" lon="20.10379362960139">
        <ele>1714</ele>
      </trkpt>
      <trkpt lat="42.63295155445356" lon="20.10392046538243">
        <ele>1712</ele>
      </trkpt>
      <trkpt lat="42.6333473202365" lon="20.10421514400154">
        <ele>1708</ele>
      </trkpt>
      <trkpt lat="42.63342551974061" lon="20.10431718481787">
        <ele>1707</ele>
      </trkpt>
      <trkpt lat="42.6335819187488" lon="20.10461663169942">
        <ele>1703</ele>
      </trkpt>
      <trkpt lat="42.63381556360861" lon="20.10512016021363">
        <ele>1694</ele>
      </trkpt>
      <trkpt lat="42.63390997520503" lon="20.10523841312227">
        <ele>1692</ele>
      </trkpt>
      <trkpt lat="42.63399866488651" lon="20.10532901010873">
        <ele>1691</ele>
      </trkpt>
      <trkpt lat="42.63422658783139" lon="20.10531375166891">
        <ele>1695</ele>
      </trkpt>
      <trkpt lat="42.63434579439252" lon="20.10538527560558">
        <ele>1694</ele>
      </trkpt>
      <trkpt lat="42.63490844936105" lon="20.10614629029183">
        <ele>1676</ele>
      </trkpt>
      <trkpt lat="42.635" lon="20.10626645050545">
        <ele>1674</ele>
      </trkpt>
      <trkpt lat="42.63512206751859" lon="20.10638279610911">
        <ele>1670</ele>
      </trkpt>
      <trkpt lat="42.63512206751859" lon="20.10638279610911">
        <ele>1670</ele>
      </trkpt>
      <trkpt lat="42.63522124737745" lon="20.10644287621592">
        <ele>1669</ele>
      </trkpt>
      <trkpt lat="42.6353213808888" lon="20.10650295632273">
        <ele>1667</ele>
      </trkpt>
      <trkpt lat="42.6353213808888" lon="20.10650295632273">
        <ele>1667</ele>
      </trkpt>
      <trkpt lat="42.63591646004195" lon="20.10676711806219">
        <ele>1659</ele>
      </trkpt>
      <trkpt lat="42.63603375929811" lon="20.10679000572193">
        <ele>1659</ele>
      </trkpt>
      <trkpt lat="42.63611195880221" lon="20.10677379362961">
        <ele>1660</ele>
      </trkpt>
      <trkpt lat="42.63617585351897" lon="20.10672992561512">
        <ele>1661</ele>
      </trkpt>
      <trkpt lat="42.63624165554072" lon="20.10671085256534">
        <ele>1662</ele>
      </trkpt>
      <trkpt lat="42.63630745756246" lon="20.10669273316805">
        <ele>1662</ele>
      </trkpt>
      <trkpt lat="42.63637612054167" lon="20.10671562082779">
        <ele>1662</ele>
      </trkpt>
      <trkpt lat="42.63647434674804" lon="20.1067232500477">
        <ele>1662</ele>
      </trkpt>
      <trkpt lat="42.63658306313179" lon="20.10666698455085">
        <ele>1664</ele>
      </trkpt>
      <trkpt lat="42.63669082586305" lon="20.10664123593364">
        <ele>1665</ele>
      </trkpt>
      <trkpt lat="42.63676711806217" lon="20.10670226969294">
        <ele>1665</ele>
      </trkpt>
      <trkpt lat="42.63679477398436" lon="20.10677856189206">
        <ele>1663</ele>
      </trkpt>
      <trkpt lat="42.63678428380697" lon="20.10686629792105">
        <ele>1660</ele>
      </trkpt>
      <trkpt lat="42.63677379362959" lon="20.10695403395004">
        <ele>1657</ele>
      </trkpt>
      <trkpt lat="42.6367556742323" lon="20.10702078962428">
        <ele>1655</ele>
      </trkpt>
      <trkpt lat="42.63673755483502" lon="20.107088498951">
        <ele>1653</ele>
      </trkpt>
      <trkpt lat="42.63673374022505" lon="20.10720770551212">
        <ele>1649</ele>
      </trkpt>
      <trkpt lat="42.63679572763684" lon="20.10726873927142">
        <ele>1649</ele>
      </trkpt>
      <trkpt lat="42.63688251001334" lon="20.10726969292391">
        <ele>1651</ele>
      </trkpt>
      <trkpt lat="42.63696929238985" lon="20.10727160022889">
        <ele>1653</ele>
      </trkpt>
      <trkpt lat="42.63704653824146" lon="20.10733454129317">
        <ele>1653</ele>
      </trkpt>
      <trkpt lat="42.63703986267404" lon="20.10745184054932">
        <ele>1650</ele>
      </trkpt>
      <trkpt lat="42.63700743848941" lon="20.1075319473584">
        <ele>1648</ele>
      </trkpt>
      <trkpt lat="42.63697596795727" lon="20.10761300781996">
        <ele>1646</ele>
      </trkpt>
      <trkpt lat="42.63700171657447" lon="20.10770932672136">
        <ele>1646</ele>
      </trkpt>
      <trkpt lat="42.63706179668129" lon="20.10774365821096">
        <ele>1647</ele>
      </trkpt>
      <trkpt lat="42.63713427427045" lon="20.10775033377838">
        <ele>1650</ele>
      </trkpt>
      <trkpt lat="42.63718577150486" lon="20.1078533282472">
        <ele>1650</ele>
      </trkpt>
      <trkpt lat="42.63719244707228" lon="20.10793057409881">
        <ele>1650</ele>
      </trkpt>
      <trkpt lat="42.6372000762922" lon="20.10800781995042">
        <ele>1650</ele>
      </trkpt>
      <trkpt lat="42.6372000762922" lon="20.10800781995042">
        <ele>1650</ele>
      </trkpt>
      <trkpt lat="42.63719816898722" lon="20.10853042151441">
        <ele>1647</ele>
      </trkpt>
      <trkpt lat="42.63718672515735" lon="20.10906446690827">
        <ele>1644</ele>
      </trkpt>
      <trkpt lat="42.63711329391569" lon="20.10914075910739">
        <ele>1641</ele>
      </trkpt>
      <trkpt lat="42.6370427236315" lon="20.1091140568377">
        <ele>1638</ele>
      </trkpt>
      <trkpt lat="42.63697024604234" lon="20.10905969864583">
        <ele>1635</ele>
      </trkpt>
      <trkpt lat="42.63689776845317" lon="20.10900534045395">
        <ele>1633</ele>
      </trkpt>
      <trkpt lat="42.63680240320427" lon="20.10905111577343">
        <ele>1629</ele>
      </trkpt>
      <trkpt lat="42.63672229639519" lon="20.10913026893002">
        <ele>1625</ele>
      </trkpt>
      <trkpt lat="42.63668510394812" lon="20.10922277322145">
        <ele>1623</ele>
      </trkpt>
      <trkpt lat="42.63664886515353" lon="20.10931623116538">
        <ele>1622</ele>
      </trkpt>
      <trkpt lat="42.63662788479878" lon="20.10939824527943">
        <ele>1621</ele>
      </trkpt>
      <trkpt lat="42.63660690444402" lon="20.10948121304598">
        <ele>1620</ele>
      </trkpt>
      <trkpt lat="42.63660308983406" lon="20.10960232691209">
        <ele>1620</ele>
      </trkpt>
      <trkpt lat="42.6366002288766" lon="20.10972344077819">
        <ele>1620</ele>
      </trkpt>
      <trkpt lat="42.6366955941255" lon="20.1100791531566">
        <ele>1620</ele>
      </trkpt>
      <trkpt lat="42.63673755483502" lon="20.11035952698838">
        <ele>1620</ele>
      </trkpt>
      <trkpt lat="42.63673564753004" lon="20.11063990082015">
        <ele>1617</ele>
      </trkpt>
      <trkpt lat="42.63680335685676" lon="20.11096795727638">
        <ele>1617</ele>
      </trkpt>
      <trkpt lat="42.63695117299255" lon="20.11128170894527">
        <ele>1621</ele>
      </trkpt>
      <trkpt lat="42.63699790196452" lon="20.11159355330919">
        <ele>1621</ele>
      </trkpt>
      <trkpt lat="42.63706561129124" lon="20.11211710852567">
        <ele>1623</ele>
      </trkpt>
      <trkpt lat="42.63701983597177" lon="20.11255102040818">
        <ele>1620</ele>
      </trkpt>
      <trkpt lat="42.63698455082967" lon="20.11296776654589">
        <ele>1618</ele>
      </trkpt>
      <trkpt lat="42.63699694831203" lon="20.11336543963381">
        <ele>1618</ele>
      </trkpt>
      <trkpt lat="42.63705226015639" lon="20.1137926759489">
        <ele>1622</ele>
      </trkpt>
      <trkpt lat="42.63701888231927" lon="20.11406542056076">
        <ele>1621</ele>
      </trkpt>
      <trkpt lat="42.63682052260156" lon="20.11469387755103">
        <ele>1611</ele>
      </trkpt>
      <trkpt lat="42.63660881174899" lon="20.11531089071144">
        <ele>1601</ele>
      </trkpt>
      <trkpt lat="42.63658115582681" lon="20.1159403013542">
        <ele>1599</ele>
      </trkpt>
      <trkpt lat="42.63680144955178" lon="20.11645050543583">
        <ele>1599</ele>
      </trkpt>
      <trkpt lat="42.63683387373641" lon="20.1168796490559">
        <ele>1596</ele>
      </trkpt>
      <trkpt lat="42.63692256341788" lon="20.11735170703797">
        <ele>1595</ele>
      </trkpt>
      <trkpt lat="42.63702365058172" lon="20.11799542246807">
        <ele>1592</ele>
      </trkpt>
      <trkpt lat="42.63714476444783" lon="20.11898149914173">
        <ele>1587</ele>
      </trkpt>
      <trkpt lat="42.63724585161167" lon="20.1194535571238">
        <ele>1582</ele>
      </trkpt>
      <trkpt lat="42.63734598512302" lon="20.12000000000002">
        <ele>1573</ele>
      </trkpt>
      <trkpt lat="42.63734598512302" lon="20.11999999999999">
        <ele>1573</ele>
      </trkpt>
      <trkpt lat="42.63737459469769" lon="20.12026797634941">
        <ele>1574</ele>
      </trkpt>
      <trkpt lat="42.63736696547777" lon="20.1204339118825">
        <ele>1574</ele>
      </trkpt>
      <trkpt lat="42.63733454129315" lon="20.12054072096128">
        <ele>1574</ele>
      </trkpt>
      <trkpt lat="42.63711806217814" lon="20.12093553309174">
        <ele>1572</ele>
      </trkpt>
      <trkpt lat="42.6370083921419" lon="20.12124070188823">
        <ele>1571</ele>
      </trkpt>
      <trkpt lat="42.63693972916269" lon="20.12151821476253">
        <ele>1570</ele>
      </trkpt>
      <trkpt lat="42.63694259012016" lon="20.12179858859431">
        <ele>1571</ele>
      </trkpt>
      <trkpt lat="42.63697215334732" lon="20.12196357047491">
        <ele>1573</ele>
      </trkpt>
      <trkpt lat="42.63692447072287" lon="20.12215334732023">
        <ele>1573</ele>
      </trkpt>
      <trkpt lat="42.63639233263398" lon="20.12319378218577">
        <ele>1565</ele>
      </trkpt>
      <trkpt lat="42.63621209231356" lon="20.12390139233263">
        <ele>1565</ele>
      </trkpt>
      <trkpt lat="42.63605378600037" lon="20.12461377074194">
        <ele>1574</ele>
      </trkpt>
      <trkpt lat="42.63546347510967" lon="20.12543581918748">
        <ele>1562</ele>
      </trkpt>
      <trkpt lat="42.63510013351134" lon="20.12708563799351">
        <ele>1577</ele>
      </trkpt>
      <trkpt lat="42.63503814609955" lon="20.1272868586687">
        <ele>1576</ele>
      </trkpt>
      <trkpt lat="42.63476921609765" lon="20.127695021934">
        <ele>1565</ele>
      </trkpt>
      <trkpt lat="42.63470913599084" lon="20.12813465573145">
        <ele>1573</ele>
      </trkpt>
      <trkpt lat="42.63458611481975" lon="20.12836067137135">
        <ele>1568</ele>
      </trkpt>
      <trkpt lat="42.63449361052832" lon="20.12857428952889">
        <ele>1567</ele>
      </trkpt>
      <trkpt lat="42.63441445737173" lon="20.12932767499523">
        <ele>1579</ele>
      </trkpt>
      <trkpt lat="42.63441350371924" lon="20.13008582872401">
        <ele>1585</ele>
      </trkpt>
      <trkpt lat="42.63436200648484" lon="20.1308344459279">
        <ele>1584</ele>
      </trkpt>
      <trkpt lat="42.63440873545679" lon="20.13117394621399">
        <ele>1587</ele>
      </trkpt>
      <trkpt lat="42.63440778180431" lon="20.13197119969483">
        <ele>1591</ele>
      </trkpt>
      <trkpt lat="42.6345212664505" lon="20.13264447835208">
        <ele>1607</ele>
      </trkpt>
      <trkpt lat="42.63446786191111" lon="20.13308792675948">
        <ele>1608</ele>
      </trkpt>
      <trkpt lat="42.63450886896814" lon="20.13315849704367">
        <ele>1611</ele>
      </trkpt>
      <trkpt lat="42.63454606141521" lon="20.133129887469">
        <ele>1614</ele>
      </trkpt>
      <trkpt lat="42.63463856570665" lon="20.13302117108525">
        <ele>1619</ele>
      </trkpt>
      <trkpt lat="42.63467671180621" lon="20.13285046728971">
        <ele>1620</ele>
      </trkpt>
      <trkpt lat="42.63470055311844" lon="20.13252241083349">
        <ele>1620</ele>
      </trkpt>
      <trkpt lat="42.63472057982071" lon="20.13250143047873">
        <ele>1622</ele>
      </trkpt>
      <trkpt lat="42.63474918939538" lon="20.13253480831585">
        <ele>1624</ele>
      </trkpt>
      <trkpt lat="42.63477207705512" lon="20.13268262445165">
        <ele>1627</ele>
      </trkpt>
      <trkpt lat="42.63488556170131" lon="20.13307457562464">
        <ele>1636</ele>
      </trkpt>
      <trkpt lat="42.6348865153538" lon="20.13321857715048">
        <ele>1636</ele>
      </trkpt>
      <trkpt lat="42.63486839595651" lon="20.13336543963379">
        <ele>1636</ele>
      </trkpt>
      <trkpt lat="42.63477016975014" lon="20.13367823765019">
        <ele>1634</ele>
      </trkpt>
      <trkpt lat="42.63473965287049" lon="20.13385752431813">
        <ele>1634</ele>
      </trkpt>
      <trkpt lat="42.63475681861529" lon="20.13396147243944">
        <ele>1636</ele>
      </trkpt>
      <trkpt lat="42.63479687201983" lon="20.13407304978066">
        <ele>1640</ele>
      </trkpt>
      <trkpt lat="42.63483692542437" lon="20.13427522410833">
        <ele>1643</ele>
      </trkpt>
      <trkpt lat="42.63483883272935" lon="20.13443162311653">
        <ele>1644</ele>
      </trkpt>
      <trkpt lat="42.63465096318901" lon="20.13481499141712">
        <ele>1639</ele>
      </trkpt>
      <trkpt lat="42.63456227350753" lon="20.13504100705702">
        <ele>1640</ele>
      </trkpt>
      <trkpt lat="42.63450219340072" lon="20.13547491893953">
        <ele>1650</ele>
      </trkpt>
      <trkpt lat="42.63440205988937" lon="20.13565611291245">
        <ele>1652</ele>
      </trkpt>
      <trkpt lat="42.63407972534808" lon="20.13607953461758">
        <ele>1654</ele>
      </trkpt>
      <trkpt lat="42.63390329963761" lon="20.13656780469196">
        <ele>1660</ele>
      </trkpt>
      <trkpt lat="42.63373831775701" lon="20.13677570093457">
        <ele>1658</ele>
      </trkpt>
      <trkpt lat="42.63367251573526" lon="20.13694259012016">
        <ele>1658</ele>
      </trkpt>
      <trkpt lat="42.63368777417509" lon="20.13707991607858">
        <ele>1659</ele>
      </trkpt>
      <trkpt lat="42.63374594697692" lon="20.13710471104329">
        <ele>1660</ele>
      </trkpt>
      <trkpt lat="42.63386706084302" lon="20.13709040625596">
        <ele>1661</ele>
      </trkpt>
      <trkpt lat="42.63404253290101" lon="20.13701029944688">
        <ele>1664</ele>
      </trkpt>
      <trkpt lat="42.63421228304406" lon="20.13704176997901">
        <ele>1666</ele>
      </trkpt>
      <trkpt lat="42.63449837879077" lon="20.13693496090024">
        <ele>1669</ele>
      </trkpt>
      <trkpt lat="42.63482834255197" lon="20.13697882891474">
        <ele>1671</ele>
      </trkpt>
      <trkpt lat="42.63510585542627" lon="20.13709994278085">
        <ele>1669</ele>
      </trkpt>
      <trkpt lat="42.635304215144" lon="20.13703795536906">
        <ele>1670</ele>
      </trkpt>
      <trkpt lat="42.6355121113866" lon="20.13699790196452">
        <ele>1672</ele>
      </trkpt>
      <trkpt lat="42.6360604615678" lon="20.13692733168033">
        <ele>1675</ele>
      </trkpt>
      <trkpt lat="42.6361558268167" lon="20.13691016593553">
        <ele>1676</ele>
      </trkpt>
      <trkpt lat="42.6363303452222" lon="20.13683387373641">
        <ele>1678</ele>
      </trkpt>
      <trkpt lat="42.6364867442304" lon="20.13679000572191">
        <ele>1680</ele>
      </trkpt>
      <trkpt lat="42.63657924852183" lon="20.13680335685676">
        <ele>1680</ele>
      </trkpt>
      <trkpt lat="42.63665649437345" lon="20.13687297348845">
        <ele>1679</ele>
      </trkpt>
      <trkpt lat="42.63677570093458" lon="20.13693305359526">
        <ele>1678</ele>
      </trkpt>
      <trkpt lat="42.63689967575815" lon="20.13693209994278">
        <ele>1678</ele>
      </trkpt>
      <trkpt lat="42.63703986267404" lon="20.13688727827579">
        <ele>1680</ele>
      </trkpt>
      <trkpt lat="42.63721533473202" lon="20.1368605760061">
        <ele>1680</ele>
      </trkpt>
      <trkpt lat="42.63742990654205" lon="20.13676807171466">
        <ele>1683</ele>
      </trkpt>
      <trkpt lat="42.63760156399007" lon="20.13662216288384">
        <ele>1686</ele>
      </trkpt>
      <trkpt lat="42.63794487888613" lon="20.13649341979782">
        <ele>1688</ele>
      </trkpt>
      <trkpt lat="42.63819664314323" lon="20.13629124547015">
        <ele>1690</ele>
      </trkpt>
      <trkpt lat="42.6383559031089" lon="20.13610242227732">
        <ele>1692</ele>
      </trkpt>
      <trkpt lat="42.63848750715239" lon="20.13584398245279">
        <ele>1695</ele>
      </trkpt>
      <trkpt lat="42.63869254243753" lon="20.13564180812511">
        <ele>1694</ele>
      </trkpt>
      <trkpt lat="42.63900534045393" lon="20.13540339500286">
        <ele>1692</ele>
      </trkpt>
      <trkpt lat="42.63910452031279" lon="20.13531184436391">
        <ele>1691</ele>
      </trkpt>
      <trkpt lat="42.63913694449742" lon="20.13505817280183">
        <ele>1693</ele>
      </trkpt>
      <trkpt lat="42.63931337020789" lon="20.13458325386229">
        <ele>1699</ele>
      </trkpt>
      <trkpt lat="42.63956990272744" lon="20.13455178333015">
        <ele>1697</ele>
      </trkpt>
      <trkpt lat="42.63974537478543" lon="20.13418176616441">
        <ele>1698</ele>
      </trkpt>
      <trkpt lat="42.63985409116918" lon="20.13414075910738">
        <ele>1697</ele>
      </trkpt>
      <trkpt lat="42.63993801258821" lon="20.13412073240511">
        <ele>1696</ele>
      </trkpt>
      <trkpt lat="42.63999999999999" lon="20.13409784474537">
        <ele>1695</ele>
      </trkpt>
      <trkpt lat="42.64000000000001" lon="20.13409784474537">
        <ele>1695</ele>
      </trkpt>
      <trkpt lat="42.64006580202175" lon="20.13407304978066">
        <ele>1697</ele>
      </trkpt>
      <trkpt lat="42.64018500858288" lon="20.1340692351707">
        <ele>1700</ele>
      </trkpt>
      <trkpt lat="42.64024890329964" lon="20.13410070570284">
        <ele>1701</ele>
      </trkpt>
      <trkpt lat="42.6403137516689" lon="20.13413217623497">
        <ele>1703</ele>
      </trkpt>
      <trkpt lat="42.64043105092505" lon="20.13424375357619">
        <ele>1706</ele>
      </trkpt>
      <trkpt lat="42.64050352851422" lon="20.13436296013732">
        <ele>1708</ele>
      </trkpt>
      <trkpt lat="42.64050352851422" lon="20.13436296013732">
        <ele>1708</ele>
      </trkpt>
      <trkpt lat="42.64056265496853" lon="20.13447072286858">
        <ele>1710</ele>
      </trkpt>
      <trkpt lat="42.6406875834446" lon="20.13455082967766">
        <ele>1713</ele>
      </trkpt>
      <trkpt lat="42.64086400915507" lon="20.13449742513827">
        <ele>1718</ele>
      </trkpt>
      <trkpt lat="42.64096700362389" lon="20.13449647148579">
        <ele>1722</ele>
      </trkpt>
      <trkpt lat="42.64103089834065" lon="20.13453175662788">
        <ele>1724</ele>
      </trkpt>
      <trkpt lat="42.6414917440541" lon="20.13499355058354">
        <ele>1749</ele>
      </trkpt>
      <trkpt lat="42.64149174411039" lon="20.13499355035635">
        <ele>1749</ele>
      </trkpt>
      <trkpt lat="42.64125023841313" lon="20.13596986458134">
        <ele>1763</ele>
      </trkpt>
      <trkpt lat="42.64122544344841" lon="20.13626454320045">
        <ele>1769</ele>
      </trkpt>
      <trkpt lat="42.6410261300782" lon="20.13737936296013">
        <ele>1780</ele>
      </trkpt>
      <trkpt lat="42.64097844745375" lon="20.1377560556933">
        <ele>1785</ele>
      </trkpt>
      <trkpt lat="42.64075529277132" lon="20.13896528704939">
        <ele>1790</ele>
      </trkpt>
      <trkpt lat="42.64075529277132" lon="20.13934197978256">
        <ele>1791</ele>
      </trkpt>
      <trkpt lat="42.64075529277132" lon="20.13934197978256">
        <ele>1791</ele>
      </trkpt>
      <trkpt lat="42.641131031852" lon="20.1398254815945">
        <ele>1796</ele>
      </trkpt>
      <trkpt lat="42.64124451649819" lon="20.13990940301354">
        <ele>1797</ele>
      </trkpt>
      <trkpt lat="42.6414619492657" lon="20.13981308411214">
        <ele>1803</ele>
      </trkpt>
      <trkpt lat="42.64150104901774" lon="20.14">
        <ele>1800</ele>
      </trkpt>
      <trkpt lat="42.64150104901774" lon="20.14">
        <ele>1800</ele>
      </trkpt>
      <trkpt lat="42.64151916841504" lon="20.14008868968149">
        <ele>1800</ele>
      </trkpt>
      <trkpt lat="42.64186439061606" lon="20.14067423230975">
        <ele>1801</ele>
      </trkpt>
      <trkpt lat="42.64216669845509" lon="20.14099561319856">
        <ele>1807</ele>
      </trkpt>
      <trkpt lat="42.64298779324815" lon="20.14137707419417">
        <ele>1831</ele>
      </trkpt>
      <trkpt lat="42.64338928094603" lon="20.14181575433912">
        <ele>1838</ele>
      </trkpt>
      <trkpt lat="42.64364676711807" lon="20.14218672515736">
        <ele>1843</ele>
      </trkpt>
      <trkpt lat="42.64418462712188" lon="20.1431222582491">
        <ele>1851</ele>
      </trkpt>
      <trkpt lat="42.64445737173374" lon="20.14355044821668">
        <ele>1860</ele>
      </trkpt>
      <trkpt lat="42.64463665840169" lon="20.14392046538242">
        <ele>1868</ele>
      </trkpt>
      <trkpt lat="42.64498760251765" lon="20.14402822811368">
        <ele>1883</ele>
      </trkpt>
      <trkpt lat="42.64533187106619" lon="20.14440778180431">
        <ele>1900</ele>
      </trkpt>
      <trkpt lat="42.64552546252146" lon="20.1451392332634">
        <ele>1910</ele>
      </trkpt>
      <trkpt lat="42.64583349227542" lon="20.14606427617777">
        <ele>1926</ele>
      </trkpt>
      <trkpt lat="42.6461129124547" lon="20.1470875452985">
        <ele>1944</ele>
      </trkpt>
      <trkpt lat="42.64607667366013" lon="20.14736982643525">
        <ele>1942</ele>
      </trkpt>
      <trkpt lat="42.64618443639139" lon="20.14792580583636">
        <ele>1957</ele>
      </trkpt>
      <trkpt lat="42.64583349227542" lon="20.14939729162694">
        <ele>1970</ele>
      </trkpt>
      <trkpt lat="42.64572763684914" lon="20.14997139042534">
        <ele>1978</ele>
      </trkpt>
      <trkpt lat="42.64572763684914" lon="20.14997139042534">
        <ele>1978</ele>
      </trkpt>
      <trkpt lat="42.64614724394431" lon="20.15024604234218">
        <ele>1996</ele>
      </trkpt>
      <trkpt lat="42.64650009536525" lon="20.15029277131414">
        <ele>2009</ele>
      </trkpt>
      <trkpt lat="42.64685676139615" lon="20.15005340453939">
        <ele>2021</ele>
      </trkpt>
      <trkpt lat="42.6472010299447" lon="20.14983215716193">
        <ele>2036</ele>
      </trkpt>
      <trkpt lat="42.64733358764067" lon="20.14995231737555">
        <ele>2045</ele>
      </trkpt>
      <trkpt lat="42.64795727636849" lon="20.14954987602518">
        <ele>2073</ele>
      </trkpt>
      <trkpt lat="42.64810986076674" lon="20.14936486744231">
        <ele>2081</ele>
      </trkpt>
      <trkpt lat="42.6482262063704" lon="20.14944592790388">
        <ele>2088</ele>
      </trkpt>
      <trkpt lat="42.64833206179669" lon="20.14977112340264">
        <ele>2094</ele>
      </trkpt>
      <trkpt lat="42.64847701697502" lon="20.14981117680718">
        <ele>2100</ele>
      </trkpt>
      <trkpt lat="42.64854091169178" lon="20.14982834255198">
        <ele>2102</ele>
      </trkpt>
      <trkpt lat="42.64867442304025" lon="20.1502002670227">
        <ele>2110</ele>
      </trkpt>
      <trkpt lat="42.64868968148007" lon="20.15024032042724">
        <ele>2111</ele>
      </trkpt>
      <trkpt lat="42.64882033187107" lon="20.15043677283998">
        <ele>2117</ele>
      </trkpt>
      <trkpt lat="42.6488966240702" lon="20.150826816708">
        <ele>2124</ele>
      </trkpt>
      <trkpt lat="42.6489674413784" lon="20.15102165603784">
        <ele>2127</ele>
      </trkpt>
      <trkpt lat="42.64896814800687" lon="20.15102231546825">
        <ele>2127</ele>
      </trkpt>
      <trkpt lat="42.64905302307839" lon="20.15110146862484">
        <ele>2128</ele>
      </trkpt>
      <trkpt lat="42.64913789814992" lon="20.15118157543392">
        <ele>2129</ele>
      </trkpt>
      <trkpt lat="42.64921419034904" lon="20.15113675376693">
        <ele>2128</ele>
      </trkpt>
      <trkpt lat="42.64929048254817" lon="20.15109193209995">
        <ele>2128</ele>
      </trkpt>
      <trkpt lat="42.64932576769026" lon="20.15101945451078">
        <ele>2128</ele>
      </trkpt>
      <trkpt lat="42.64936105283235" lon="20.15094793057411">
        <ele>2127</ele>
      </trkpt>
      <trkpt lat="42.64936677474729" lon="20.15065134465002">
        <ele>2126</ele>
      </trkpt>
      <trkpt lat="42.64927140949838" lon="20.15040625596033">
        <ele>2125</ele>
      </trkpt>
      <trkpt lat="42.64943639137898" lon="20.1499046347511">
        <ele>2124</ele>
      </trkpt>
      <trkpt lat="42.64931623116537" lon="20.14961472439444">
        <ele>2126</ele>
      </trkpt>
      <trkpt lat="42.64938489414458" lon="20.14955941255007">
        <ele>2127</ele>
      </trkpt>
      <trkpt lat="42.64945451077628" lon="20.14950410070571">
        <ele>2127</ele>
      </trkpt>
      <trkpt lat="42.64953747854283" lon="20.14941922563418">
        <ele>2127</ele>
      </trkpt>
      <trkpt lat="42.64962139996186" lon="20.14933435056266">
        <ele>2128</ele>
      </trkpt>
      <trkpt lat="42.64988365439634" lon="20.14928571428572">
        <ele>2128</ele>
      </trkpt>
      <trkpt lat="42.64996280755293" lon="20.14921228304406">
        <ele>2128</ele>
      </trkpt>
      <trkpt lat="42.65004196070952" lon="20.1491398054549">
        <ele>2129</ele>
      </trkpt>
      <trkpt lat="42.65071523936678" lon="20.14879362960138">
        <ele>2129</ele>
      </trkpt>
      <trkpt lat="42.65082300209804" lon="20.14882319282854">
        <ele>2127</ele>
      </trkpt>
      <trkpt lat="42.65093171848179" lon="20.1488527560557">
        <ele>2125</ele>
      </trkpt>
      <trkpt lat="42.65103948121305" lon="20.14890997520504">
        <ele>2123</ele>
      </trkpt>
      <trkpt lat="42.65115773412169" lon="20.14890043868015">
        <ele>2122</ele>
      </trkpt>
      <trkpt lat="42.65127598703033" lon="20.14889185580775">
        <ele>2121</ele>
      </trkpt>
      <trkpt lat="42.65187488079344" lon="20.14903395002862">
        <ele>2109</ele>
      </trkpt>
      <trkpt lat="42.65191493419798" lon="20.14897100896434">
        <ele>2109</ele>
      </trkpt>
      <trkpt lat="42.65195498760252" lon="20.14890806790006">
        <ele>2109</ele>
      </trkpt>
      <trkpt lat="42.65206751859623" lon="20.14897673087927">
        <ele>2103</ele>
      </trkpt>
      <trkpt lat="42.65218100324243" lon="20.14904634751097">
        <ele>2098</ele>
      </trkpt>
      <trkpt lat="42.65227446118635" lon="20.1490005721915">
        <ele>2096</ele>
      </trkpt>
      <trkpt lat="42.65234312416556" lon="20.14902059889377">
        <ele>2093</ele>
      </trkpt>
      <trkpt lat="42.65241274079726" lon="20.14904062559604">
        <ele>2091</ele>
      </trkpt>
      <trkpt lat="42.65251287430861" lon="20.14904920846844">
        <ele>2087</ele>
      </trkpt>
      <trkpt lat="42.65261300781996" lon="20.14905779134084">
        <ele>2086</ele>
      </trkpt>
      <trkpt lat="42.65268167079917" lon="20.14904920846844">
        <ele>2085</ele>
      </trkpt>
      <trkpt lat="42.65295346175854" lon="20.14896242609194">
        <ele>2083</ele>
      </trkpt>
      <trkpt lat="42.65304882700745" lon="20.14893286286478">
        <ele>2082</ele>
      </trkpt>
      <trkpt lat="42.65348559984742" lon="20.1488527560557">
        <ele>2080</ele>
      </trkpt>
      <trkpt lat="42.65383272935343" lon="20.14884131222583">
        <ele>2079</ele>
      </trkpt>
      <trkpt lat="42.65440682815183" lon="20.14868872782759">
        <ele>2078</ele>
      </trkpt>
      <trkpt lat="42.65450219340073" lon="20.1486963570475">
        <ele>2077</ele>
      </trkpt>
      <trkpt lat="42.65459851230212" lon="20.14870398626741">
        <ele>2076</ele>
      </trkpt>
      <trkpt lat="42.65466717528133" lon="20.14868491321763">
        <ele>2076</ele>
      </trkpt>
      <trkpt lat="42.65471581155828" lon="20.14865821094794">
        <ele>2076</ele>
      </trkpt>
      <trkpt lat="42.65476444783521" lon="20.14859526988366">
        <ele>2076</ele>
      </trkpt>
      <trkpt lat="42.6548006866298" lon="20.14850371924471">
        <ele>2077</ele>
      </trkpt>
      <trkpt lat="42.65487411787145" lon="20.14842933435057">
        <ele>2077</ele>
      </trkpt>
      <trkpt lat="42.65491035666604" lon="20.14843887087546">
        <ele>2077</ele>
      </trkpt>
      <trkpt lat="42.65495517833302" lon="20.14841502956323">
        <ele>2077</ele>
      </trkpt>
      <trkpt lat="42.6549828342552" lon="20.1484093076483">
        <ele>2076</ele>
      </trkpt>
      <trkpt lat="42.65502098035476" lon="20.14836925424376">
        <ele>2076</ele>
      </trkpt>
      <trkpt lat="42.65506484836926" lon="20.14830726683197">
        <ele>2077</ele>
      </trkpt>
      <trkpt lat="42.65516688918559" lon="20.14821285523556">
        <ele>2078</ele>
      </trkpt>
      <trkpt lat="42.65521171085257" lon="20.14820331871067">
        <ele>2078</ele>
      </trkpt>
      <trkpt lat="42.6552527179096" lon="20.14818615296587">
        <ele>2078</ele>
      </trkpt>
      <trkpt lat="42.6553223345413" lon="20.14808888041198">
        <ele>2079</ele>
      </trkpt>
      <trkpt lat="42.65534903681099" lon="20.14802593934771">
        <ele>2080</ele>
      </trkpt>
      <trkpt lat="42.65537573908068" lon="20.14796299828343">
        <ele>2081</ele>
      </trkpt>
      <trkpt lat="42.65539862674042" lon="20.14788670608431">
        <ele>2082</ele>
      </trkpt>
      <trkpt lat="42.65542056074767" lon="20.14786095746711">
        <ele>2082</ele>
      </trkpt>
      <trkpt lat="42.65542056074767" lon="20.14786095746711">
        <ele>2082</ele>
      </trkpt>
      <trkpt lat="42.65550638947168" lon="20.14798874690063">
        <ele>2079</ele>
      </trkpt>
      <trkpt lat="42.65553023078391" lon="20.14826912073241">
        <ele>2075</ele>
      </trkpt>
      <trkpt lat="42.65560270837307" lon="20.1496175853519">
        <ele>2070</ele>
      </trkpt>
      <trkpt lat="42.65555884035858" lon="20.15100419607096">
        <ele>2071</ele>
      </trkpt>
      <trkpt lat="42.65560843028801" lon="20.1519483120351">
        <ele>2070</ele>
      </trkpt>
      <trkpt lat="42.65560844972892" lon="20.15194868315865">
        <ele>2070</ele>
      </trkpt>
      <trkpt lat="42.65563990082015" lon="20.15197501430479">
        <ele>2070</ele>
      </trkpt>
      <trkpt lat="42.65582395575053" lon="20.15254148388328">
        <ele>2070</ele>
      </trkpt>
      <trkpt lat="42.65619397291628" lon="20.15320713332062">
        <ele>2078</ele>
      </trkpt>
      <trkpt lat="42.65637993515163" lon="20.15376978828915">
        <ele>2083</ele>
      </trkpt>
      <trkpt lat="42.65639614724395" lon="20.15397482357429">
        <ele>2083</ele>
      </trkpt>
      <trkpt lat="42.6565830631318" lon="20.15426473393096">
        <ele>2089</ele>
      </trkpt>
      <trkpt lat="42.65661834827389" lon="20.15452984932291">
        <ele>2089</ele>
      </trkpt>
      <trkpt lat="42.6566269311463" lon="20.15503433148961">
        <ele>2089</ele>
      </trkpt>
      <trkpt lat="42.65652965859241" lon="20.15574480259394">
        <ele>2096</ele>
      </trkpt>
      <trkpt lat="42.65632366965478" lon="20.15634274270456">
        <ele>2093</ele>
      </trkpt>
      <trkpt lat="42.6561834827389" lon="20.15678905206943">
        <ele>2093</ele>
      </trkpt>
      <trkpt lat="42.65626072859051" lon="20.15802212473775">
        <ele>2097</ele>
      </trkpt>
      <trkpt lat="42.65629792103758" lon="20.15841979782568">
        <ele>2098</ele>
      </trkpt>
      <trkpt lat="42.65654014876979" lon="20.15848846080489">
        <ele>2099</ele>
      </trkpt>
      <trkpt lat="42.65688823192829" lon="20.15863436963571">
        <ele>2097</ele>
      </trkpt>
      <trkpt lat="42.6572792294488" lon="20.15892332633989">
        <ele>2089</ele>
      </trkpt>
      <trkpt lat="42.65739080679001" lon="20.15898436009919">
        <ele>2086</ele>
      </trkpt>
      <trkpt lat="42.65744611863438" lon="20.15899008201412">
        <ele>2085</ele>
      </trkpt>
      <trkpt lat="42.65754529849323" lon="20.15897100896434">
        <ele>2084</ele>
      </trkpt>
      <trkpt lat="42.65763589547969" lon="20.15896814800687">
        <ele>2083</ele>
      </trkpt>
      <trkpt lat="42.65773030707611" lon="20.1589395384322">
        <ele>2082</ele>
      </trkpt>
      <trkpt lat="42.6577922944879" lon="20.1589395384322">
        <ele>2081</ele>
      </trkpt>
      <trkpt lat="42.65786286477208" lon="20.15891474346749">
        <ele>2080</ele>
      </trkpt>
      <trkpt lat="42.65805454892238" lon="20.15886706084304">
        <ele>2078</ele>
      </trkpt>
      <trkpt lat="42.6583568567614" lon="20.15880793438872">
        <ele>2074</ele>
      </trkpt>
      <trkpt lat="42.6584522220103" lon="20.15879935151631">
        <ele>2072</ele>
      </trkpt>
      <trkpt lat="42.65856952126646" lon="20.15876883463666">
        <ele>2071</ele>
      </trkpt>
      <trkpt lat="42.65876502002671" lon="20.15865439633798">
        <ele>2069</ele>
      </trkpt>
      <trkpt lat="42.65896242609194" lon="20.15855330917414">
        <ele>2066</ele>
      </trkpt>
      <trkpt lat="42.65904157924853" lon="20.15847224871257">
        <ele>2066</ele>
      </trkpt>
      <trkpt lat="42.65918558077437" lon="20.15839595651345">
        <ele>2064</ele>
      </trkpt>
      <trkpt lat="42.65929238985314" lon="20.15841884417319">
        <ele>2064</ele>
      </trkpt>
      <trkpt lat="42.65937917222965" lon="20.15846366584017">
        <ele>2063</ele>
      </trkpt>
      <trkpt lat="42.65944306694641" lon="20.15850562654969">
        <ele>2063</ele>
      </trkpt>
      <trkpt lat="42.65967385084875" lon="20.15860385275606">
        <ele>2063</ele>
      </trkpt>
      <trkpt lat="42.65990272744612" lon="20.15866488651536">
        <ele>2064</ele>
      </trkpt>
      <trkpt lat="42.66" lon="20.15865821094794">
        <ele>2064</ele>
      </trkpt>
      <trkpt lat="42.66000000000002" lon="20.15865821094794">
        <ele>2064</ele>
      </trkpt>
      <trkpt lat="42.66014590883083" lon="20.15864867442304">
        <ele>2066</ele>
      </trkpt>
      <trkpt lat="42.66032519549878" lon="20.1586963570475">
        <ele>2069</ele>
      </trkpt>
      <trkpt lat="42.66042342170515" lon="20.15876883463666">
        <ele>2070</ele>
      </trkpt>
      <trkpt lat="42.66058649628077" lon="20.15887278275797">
        <ele>2072</ele>
      </trkpt>
      <trkpt lat="42.66069139805457" lon="20.15891474346749">
        <ele>2074</ele>
      </trkpt>
      <trkpt lat="42.6609059698646" lon="20.15891569711998">
        <ele>2075</ele>
      </trkpt>
      <trkpt lat="42.6611748998665" lon="20.1589652870494">
        <ele>2073</ele>
      </trkpt>
      <trkpt lat="42.66122067518598" lon="20.15894621399962">
        <ele>2072</ele>
      </trkpt>
      <trkpt lat="42.66124070188825" lon="20.15892618729735">
        <ele>2072</ele>
      </trkpt>
      <trkpt lat="42.66139614724396" lon="20.15886324623308">
        <ele>2071</ele>
      </trkpt>
      <trkpt lat="42.66215334732025" lon="20.15835494945642">
        <ele>2066</ele>
      </trkpt>
      <trkpt lat="42.66239366774749" lon="20.15801068090788">
        <ele>2063</ele>
      </trkpt>
      <trkpt lat="42.66271695594127" lon="20.15752527179097">
        <ele>2061</ele>
      </trkpt>
      <trkpt lat="42.66271695594127" lon="20.15752527179097">
        <ele>2061</ele>
      </trkpt>
      <trkpt lat="42.66268167079917" lon="20.15689490749572">
        <ele>2052</ele>
      </trkpt>
      <trkpt lat="42.66275128743088" lon="20.15655063894717">
        <ele>2046</ele>
      </trkpt>
      <trkpt lat="42.66276845317568" lon="20.15606904444021">
        <ele>2036</ele>
      </trkpt>
      <trkpt lat="42.66287526225445" lon="20.15577531947359">
        <ele>2028</ele>
      </trkpt>
      <trkpt lat="42.66288956704179" lon="20.15504005340454">
        <ele>2019</ele>
      </trkpt>
      <trkpt lat="42.66327388899487" lon="20.15468815563609">
        <ele>2007</ele>
      </trkpt>
      <trkpt lat="42.66341979782569" lon="20.15463856570666">
        <ele>2002</ele>
      </trkpt>
      <trkpt lat="42.66382223917606" lon="20.15514304787336">
        <ele>1989</ele>
      </trkpt>
      <trkpt lat="42.66405969864583" lon="20.15522315468244">
        <ele>1981</ele>
      </trkpt>
      <trkpt lat="42.66417413694451" lon="20.15534522220103">
        <ele>1978</ele>
      </trkpt>
      <trkpt lat="42.66434484074005" lon="20.15542723631509">
        <ele>1970</ele>
      </trkpt>
      <trkpt lat="42.66480068662981" lon="20.15555121113867">
        <ele>1948</ele>
      </trkpt>
      <trkpt lat="42.66516021361817" lon="20.15544630936487">
        <ele>1932</ele>
      </trkpt>
      <trkpt lat="42.66602994468817" lon="20.15547682624452">
        <ele>1894</ele>
      </trkpt>
      <trkpt lat="42.66615487316424" lon="20.1557219149342">
        <ele>1888</ele>
      </trkpt>
      <trkpt lat="42.66681480068664" lon="20.1556704176998">
        <ele>1868</ele>
      </trkpt>
      <trkpt lat="42.66708086973109" lon="20.15575147816136">
        <ele>1859</ele>
      </trkpt>
      <trkpt lat="42.66724680526418" lon="20.15581918748808">
        <ele>1852</ele>
      </trkpt>
      <trkpt lat="42.66740034331491" lon="20.15612530993706">
        <ele>1853</ele>
      </trkpt>
      <trkpt lat="42.66762349799735" lon="20.15619492656876">
        <ele>1845</ele>
      </trkpt>
      <trkpt lat="42.66775033377839" lon="20.15628933816518">
        <ele>1841</ele>
      </trkpt>
      <trkpt lat="42.66800114438301" lon="20.15615487316423">
        <ele>1828</ele>
      </trkpt>
      <trkpt lat="42.66823192828535" lon="20.15617776082396">
        <ele>1819</ele>
      </trkpt>
      <trkpt lat="42.66870207896244" lon="20.15580106809079">
        <ele>1797</ele>
      </trkpt>
      <trkpt lat="42.66909403013543" lon="20.1557572000763">
        <ele>1781</ele>
      </trkpt>
      <trkpt lat="42.66942304024415" lon="20.15584016784284">
        <ele>1763</ele>
      </trkpt>
      <trkpt lat="42.66992180049591" lon="20.15563799351517">
        <ele>1740</ele>
      </trkpt>
      <trkpt lat="42.67025653251957" lon="20.15570761014687">
        <ele>1727</ele>
      </trkpt>
      <trkpt lat="42.67045393858479" lon="20.15565039099753">
        <ele>1721</ele>
      </trkpt>
      <trkpt lat="42.67072191493421" lon="20.15574194163647">
        <ele>1712</ele>
      </trkpt>
      <trkpt lat="42.67109193209996" lon="20.15575910738128">
        <ele>1705</ele>
      </trkpt>
      <trkpt lat="42.67114152202939" lon="20.155826816708">
        <ele>1704</ele>
      </trkpt>
      <trkpt lat="42.67114152202939" lon="20.155826816708">
        <ele>1704</ele>
      </trkpt>
      <trkpt lat="42.67182910547398" lon="20.15637325958421">
        <ele>1687</ele>
      </trkpt>
      <trkpt lat="42.67214762540532" lon="20.15687774175091">
        <ele>1675</ele>
      </trkpt>
      <trkpt lat="42.6724012969674" lon="20.15684627121878">
        <ele>1666</ele>
      </trkpt>
      <trkpt lat="42.6725319473584" lon="20.15697024604235">
        <ele>1660</ele>
      </trkpt>
      <trkpt lat="42.67273984360101" lon="20.15693877551021">
        <ele>1652</ele>
      </trkpt>
      <trkpt lat="42.673262445165" lon="20.15715239366775">
        <ele>1629</ele>
      </trkpt>
      <trkpt lat="42.67342361243564" lon="20.15731546824338">
        <ele>1622</ele>
      </trkpt>
      <trkpt lat="42.67364104520314" lon="20.15730688537097">
        <ele>1612</ele>
      </trkpt>
      <trkpt lat="42.67412836162504" lon="20.15757581537288">
        <ele>1589</ele>
      </trkpt>
      <trkpt lat="42.67440396719437" lon="20.15787430860195">
        <ele>1581</ele>
      </trkpt>
      <trkpt lat="42.67501621209233" lon="20.15785618920466">
        <ele>1556</ele>
      </trkpt>
      <trkpt lat="42.6753576196834" lon="20.15792771314134">
        <ele>1545</ele>
      </trkpt>
      <trkpt lat="42.67547491893956" lon="20.158044058745">
        <ele>1541</ele>
      </trkpt>
      <trkpt lat="42.67591646004198" lon="20.15809269502194">
        <ele>1528</ele>
      </trkpt>
      <trkpt lat="42.67602803738319" lon="20.15822906732787">
        <ele>1525</ele>
      </trkpt>
      <trkpt lat="42.67602803738319" lon="20.15822906732787">
        <ele>1525</ele>
      </trkpt>
      <trkpt lat="42.67665554072098" lon="20.1579401106237">
        <ele>1516</ele>
      </trkpt>
      <trkpt lat="42.67710471104331" lon="20.15790005721916">
        <ele>1499</ele>
      </trkpt>
      <trkpt lat="42.67756151058556" lon="20.15767690253672">
        <ele>1483</ele>
      </trkpt>
      <trkpt lat="42.67756151058556" lon="20.15767690253672">
        <ele>1483</ele>
      </trkpt>
      <trkpt lat="42.67851325576962" lon="20.15715620827771">
        <ele>1472</ele>
      </trkpt>
      <trkpt lat="42.68000000000001" lon="20.15669750143049">
        <ele>1462</ele>
      </trkpt>
      <trkpt lat="42.68" lon="20.15669750143049">
        <ele>1462</ele>
      </trkpt>
      <trkpt lat="42.68082204844554" lon="20.1564438298684">
        <ele>1449</ele>
      </trkpt>
      <trkpt lat="42.68142666412359" lon="20.15598512302118">
        <ele>1434</ele>
      </trkpt>
      <trkpt lat="42.68194449742514" lon="20.15592313560939">
        <ele>1421</ele>
      </trkpt>
      <trkpt lat="42.68239652870493" lon="20.15590787716956">
        <ele>1416</ele>
      </trkpt>
      <trkpt lat="42.68326435246995" lon="20.15631508678238">
        <ele>1397</ele>
      </trkpt>
      <trkpt lat="42.68369921800495" lon="20.1562349799733">
        <ele>1393</ele>
      </trkpt>
      <trkpt lat="42.6845212664505" lon="20.15621590692352">
        <ele>1380</ele>
      </trkpt>
      <trkpt lat="42.6845212664505" lon="20.15621590692352">
        <ele>1380</ele>
      </trkpt>
      <trkpt lat="42.68474537478543" lon="20.15618062178143">
        <ele>1376</ele>
      </trkpt>
      <trkpt lat="42.68510871638374" lon="20.15591455273699">
        <ele>1379</ele>
      </trkpt>
      <trkpt lat="42.68541102422277" lon="20.15588308220485">
        <ele>1376</ele>
      </trkpt>
      <trkpt lat="42.68541102422277" lon="20.15588308220485">
        <ele>1376</ele>
      </trkpt>
      <trkpt lat="42.68643143238604" lon="20.15598226206371">
        <ele>1352</ele>
      </trkpt>
      <trkpt lat="42.6868605760061" lon="20.15588403585734">
        <ele>1343</ele>
      </trkpt>
      <trkpt lat="42.68711710852565" lon="20.15577245851612">
        <ele>1340</ele>
      </trkpt>
      <trkpt lat="42.68722487125691" lon="20.15569902727447">
        <ele>1338</ele>
      </trkpt>
      <trkpt lat="42.68722487125691" lon="20.15569902727447">
        <ele>1338</ele>
      </trkpt>
      <trkpt lat="42.68764161739462" lon="20.15638374976159">
        <ele>1318</ele>
      </trkpt>
      <trkpt lat="42.68871733740225" lon="20.1571485790578">
        <ele>1271</ele>
      </trkpt>
      <trkpt lat="42.68983597177188" lon="20.15785809650964">
        <ele>1252</ele>
      </trkpt>
      <trkpt lat="42.69048445546443" lon="20.15829868395957">
        <ele>1235</ele>
      </trkpt>
      <trkpt lat="42.69101087163838" lon="20.15880125882129">
        <ele>1213</ele>
      </trkpt>
      <trkpt lat="42.69148960518787" lon="20.15970341407592">
        <ele>1187</ele>
      </trkpt>
      <trkpt lat="42.69154491703223" lon="20.16000000000001">
        <ele>1179</ele>
      </trkpt>
      <trkpt lat="42.69154491703223" lon="20.16000000000001">
        <ele>1179</ele>
      </trkpt>
      <trkpt lat="42.6915735266069" lon="20.16015163074577">
        <ele>1173</ele>
      </trkpt>
      <trkpt lat="42.69172897196261" lon="20.16026130078201">
        <ele>1167</ele>
      </trkpt>
      <trkpt lat="42.69184436391379" lon="20.16065039099754">
        <ele>1149</ele>
      </trkpt>
      <trkpt lat="42.69216479115011" lon="20.16106999809271">
        <ele>1127</ele>
      </trkpt>
      <trkpt lat="42.69229353423612" lon="20.16126740415794">
        <ele>1119</ele>
      </trkpt>
      <trkpt lat="42.69240034331489" lon="20.16127026511541">
        <ele>1118</ele>
      </trkpt>
      <trkpt lat="42.69250905969864" lon="20.16152489032998">
        <ele>1112</ele>
      </trkpt>
      <trkpt lat="42.69316612626358" lon="20.16207419416366">
        <ele>1068</ele>
      </trkpt>
      <trkpt lat="42.69333206179668" lon="20.16271218767882">
        <ele>1034</ele>
      </trkpt>
      <trkpt lat="42.69345699027274" lon="20.16259393477019">
        <ele>1035</ele>
      </trkpt>
      <trkpt lat="42.69386706084303" lon="20.16113675376694">
        <ele>1041</ele>
      </trkpt>
      <trkpt lat="42.69404634751096" lon="20.16098607667368">
        <ele>1029</ele>
      </trkpt>
      <trkpt lat="42.69442208659164" lon="20.16161453366395">
        <ele>1006</ele>
      </trkpt>
      <trkpt lat="42.69489414457372" lon="20.16098512302119">
        <ele>978</ele>
      </trkpt>
      <trkpt lat="42.69507533854663" lon="20.16072859050164">
        <ele>964</ele>
      </trkpt>
      <trkpt lat="42.69533282471867" lon="20.16015925996568">
        <ele>939</ele>
      </trkpt>
      <trkpt lat="42.69557505245088" lon="20.16009250429145">
        <ele>925</ele>
      </trkpt>
      <trkpt lat="42.69561033759298" lon="20.16013923326341">
        <ele>924</ele>
      </trkpt>
      <trkpt lat="42.69561033759298" lon="20.16013923326341">
        <ele>924</ele>
      </trkpt>
      <trkpt lat="42.69562654968529" lon="20.16013065039101">
        <ele>923</ele>
      </trkpt>
      <trkpt lat="42.69562654968529" lon="20.16013065039101">
        <ele>923</ele>
      </trkpt>
      <trkpt lat="42.69557314514591" lon="20.16000000000001">
        <ele>924</ele>
      </trkpt>
      <trkpt lat="42.69557314514591" lon="20.16000000000001">
        <ele>924</ele>
      </trkpt>
      <trkpt lat="42.69548540911691" lon="20.15978828914744">
        <ele>927</ele>
      </trkpt>
      <trkpt lat="42.695477779897" lon="20.1597224871257">
        <ele>927</ele>
      </trkpt>
      <trkpt lat="42.69549113103185" lon="20.1596614533664">
        <ele>926</ele>
      </trkpt>
      <trkpt lat="42.69559507915316" lon="20.15936963570476">
        <ele>921</ele>
      </trkpt>
      <trkpt lat="42.69559507915316" lon="20.15936963570476">
        <ele>921</ele>
      </trkpt>
      <trkpt lat="42.69562082777036" lon="20.15930574098799">
        <ele>921</ele>
      </trkpt>
      <trkpt lat="42.69564657638756" lon="20.15924184627123">
        <ele>920</ele>
      </trkpt>
      <trkpt lat="42.69564657638756" lon="20.15924184627123">
        <ele>920</ele>
      </trkpt>
      <trkpt lat="42.69569711996948" lon="20.15914075910739">
        <ele>919</ele>
      </trkpt>
      <trkpt lat="42.69565325195499" lon="20.15868205226016">
        <ele>925</ele>
      </trkpt>
      <trkpt lat="42.69563608621019" lon="20.15797253480832">
        <ele>929</ele>
      </trkpt>
      <trkpt lat="42.69562559603281" lon="20.15782853328248">
        <ele>928</ele>
      </trkpt>
      <trkpt lat="42.69564276177761" lon="20.15774747282091">
        <ele>928</ele>
      </trkpt>
      <trkpt lat="42.69589261872973" lon="20.15701029944689">
        <ele>926</ele>
      </trkpt>
      <trkpt lat="42.69594506961663" lon="20.15696261682244">
        <ele>928</ele>
      </trkpt>
      <trkpt lat="42.69594506961663" lon="20.15696261682244">
        <ele>928</ele>
      </trkpt>
      <trkpt lat="42.69601182529086" lon="20.1567747472821">
        <ele>928</ele>
      </trkpt>
      <trkpt lat="42.69610623688727" lon="20.15655159259966">
        <ele>931</ele>
      </trkpt>
      <trkpt lat="42.69634655731451" lon="20.15617108525654">
        <ele>932</ele>
      </trkpt>
      <trkpt lat="42.69684817852374" lon="20.1553395002861">
        <ele>929</ele>
      </trkpt>
      <trkpt lat="42.6970350944116" lon="20.15504100705703">
        <ele>930</ele>
      </trkpt>
      <trkpt lat="42.69720198359718" lon="20.15481213045967">
        <ele>934</ele>
      </trkpt>
      <trkpt lat="42.69738699218005" lon="20.15463856570666">
        <ele>937</ele>
      </trkpt>
      <trkpt lat="42.69764638565707" lon="20.15449456418082">
        <ele>944</ele>
      </trkpt>
      <trkpt lat="42.69777036048064" lon="20.15433911882511">
        <ele>949</ele>
      </trkpt>
      <trkpt lat="42.69787335494945" lon="20.15404157924853">
        <ele>953</ele>
      </trkpt>
      <trkpt lat="42.69791150104901" lon="20.15378600038147">
        <ele>955</ele>
      </trkpt>
      <trkpt lat="42.69790101087164" lon="20.15350181193973">
        <ele>954</ele>
      </trkpt>
      <trkpt lat="42.69801831012779" lon="20.1528180431051">
        <ele>953</ele>
      </trkpt>
      <trkpt lat="42.69804596604997" lon="20.15250905969865">
        <ele>951</ele>
      </trkpt>
      <trkpt lat="42.69804882700743" lon="20.15196261682243">
        <ele>946</ele>
      </trkpt>
      <trkpt lat="42.69804882700743" lon="20.15196261682243">
        <ele>946</ele>
      </trkpt>
      <trkpt lat="42.69803261491512" lon="20.15161071905398">
        <ele>945</ele>
      </trkpt>
      <trkpt lat="42.69803261491512" lon="20.15161071905398">
        <ele>945</ele>
      </trkpt>
      <trkpt lat="42.69801544917032" lon="20.15145718100325">
        <ele>947</ele>
      </trkpt>
      <trkpt lat="42.69805645622735" lon="20.15122353614343">
        <ele>948</ele>
      </trkpt>
      <trkpt lat="42.69849322906732" lon="20.15049303833684">
        <ele>947</ele>
      </trkpt>
      <trkpt lat="42.69868395956513" lon="20.14994468815564">
        <ele>954</ele>
      </trkpt>
      <trkpt lat="42.69888231928285" lon="20.14929143620066">
        <ele>953</ele>
      </trkpt>
      <trkpt lat="42.69890616059508" lon="20.14862483311082">
        <ele>954</ele>
      </trkpt>
      <trkpt lat="42.69879744421133" lon="20.14784665267977">
        <ele>962</ele>
      </trkpt>
      <trkpt lat="42.6987736028991" lon="20.14745565515927">
        <ele>964</ele>
      </trkpt>
      <trkpt lat="42.69874403967194" lon="20.14710280373832">
        <ele>966</ele>
      </trkpt>
      <trkpt lat="42.6988432195308" lon="20.14671180621782">
        <ele>961</ele>
      </trkpt>
      <trkpt lat="42.69901869158878" lon="20.14635609383941">
        <ele>955</ele>
      </trkpt>
      <trkpt lat="42.69910452031279" lon="20.14608621018501">
        <ele>952</ele>
      </trkpt>
      <trkpt lat="42.69911977875262" lon="20.14583158497044">
        <ele>952</ele>
      </trkpt>
      <trkpt lat="42.69913503719245" lon="20.14493419797826">
        <ele>964</ele>
      </trkpt>
      <trkpt lat="42.6992084684341" lon="20.14464047301164">
        <ele>966</ele>
      </trkpt>
      <trkpt lat="42.69939729162693" lon="20.14404730116346">
        <ele>970</ele>
      </trkpt>
      <trkpt lat="42.69968815563608" lon="20.14341884417319">
        <ele>970</ele>
      </trkpt>
      <trkpt lat="42.69991035666603" lon="20.14306885370971">
        <ele>959</ele>
      </trkpt>
      <trkpt lat="42.69991035666603" lon="20.14306885370971">
        <ele>959</ele>
      </trkpt>
      <trkpt lat="42.7" lon="20.14310986076674">
        <ele>954</ele>
      </trkpt>
      <trkpt lat="42.70000000000001" lon="20.14310986076674">
        <ele>954</ele>
      </trkpt>
      <trkpt lat="42.70011062368874" lon="20.14316231165364">
        <ele>955</ele>
      </trkpt>
      <trkpt lat="42.70011062368874" lon="20.14316231165364">
        <ele>955</ele>
      </trkpt>
      <trkpt lat="42.70017356475302" lon="20.14318615296586">
        <ele>955</ele>
      </trkpt>
      <trkpt lat="42.70023745946978" lon="20.14321094793058">
        <ele>955</ele>
      </trkpt>
      <trkpt lat="42.70023745946978" lon="20.14321094793058">
        <ele>955</ele>
      </trkpt>
      <trkpt lat="42.70038146099562" lon="20.14327674995232">
        <ele>956</ele>
      </trkpt>
      <trkpt lat="42.70051306503911" lon="20.14339881747092">
        <ele>956</ele>
      </trkpt>
      <trkpt lat="42.70058077436583" lon="20.14350753385467">
        <ele>957</ele>
      </trkpt>
      <trkpt lat="42.70070761014687" lon="20.14358477970628">
        <ele>959</ele>
      </trkpt>
      <trkpt lat="42.70078676330346" lon="20.14360576006104">
        <ele>960</ele>
      </trkpt>
      <trkpt lat="42.70088975777227" lon="20.14356856761397">
        <ele>961</ele>
      </trkpt>
      <trkpt lat="42.70113389280947" lon="20.14331203509442">
        <ele>959</ele>
      </trkpt>
      <trkpt lat="42.70159641426665" lon="20.14295250810605">
        <ele>973</ele>
      </trkpt>
      <trkpt lat="42.70176425710472" lon="20.1428790768644">
        <ele>977</ele>
      </trkpt>
      <trkpt lat="42.70193782185773" lon="20.14285046728973">
        <ele>980</ele>
      </trkpt>
      <trkpt lat="42.702174327675" lon="20.14289338165173">
        <ele>982</ele>
      </trkpt>
      <trkpt lat="42.70275987030327" lon="20.14316994087355">
        <ele>983</ele>
      </trkpt>
      <trkpt lat="42.70319568949076" lon="20.14323097463285">
        <ele>987</ele>
      </trkpt>
      <trkpt lat="42.70334064466909" lon="20.14335399580393">
        <ele>986</ele>
      </trkpt>
      <trkpt lat="42.70353900438681" lon="20.14375357619684">
        <ele>994</ele>
      </trkpt>
      <trkpt lat="42.70422754148389" lon="20.1447739843601">
        <ele>997</ele>
      </trkpt>
      <trkpt lat="42.70438107953463" lon="20.14495517833302">
        <ele>993</ele>
      </trkpt>
      <trkpt lat="42.70438107953463" lon="20.14495517833302">
        <ele>993</ele>
      </trkpt>
      <trkpt lat="42.70445355712379" lon="20.14504005340455">
        <ele>994</ele>
      </trkpt>
      <trkpt lat="42.70445355712379" lon="20.14504005340455">
        <ele>994</ele>
      </trkpt>
      <trkpt lat="42.70449170322335" lon="20.14508487507153">
        <ele>996</ele>
      </trkpt>
      <trkpt lat="42.70472725538814" lon="20.14506770932673">
        <ele>997</ele>
      </trkpt>
      <trkpt lat="42.70496662216289" lon="20.14498092695023">
        <ele>997</ele>
      </trkpt>
      <trkpt lat="42.70528991035668" lon="20.14497043677284">
        <ele>1006</ele>
      </trkpt>
      <trkpt lat="42.70566278847988" lon="20.14504768262446">
        <ele>1016</ele>
      </trkpt>
      <trkpt lat="42.70586496280756" lon="20.14512111386611">
        <ele>1024</ele>
      </trkpt>
      <trkpt lat="42.70614152202938" lon="20.14525653251956">
        <ele>1034</ele>
      </trkpt>
      <trkpt lat="42.70648197596797" lon="20.14518977684532">
        <ele>1037</ele>
      </trkpt>
      <trkpt lat="42.70670894526035" lon="20.14513160404349">
        <ele>1039</ele>
      </trkpt>
      <trkpt lat="42.70687201983598" lon="20.14517737936297">
        <ele>1043</ele>
      </trkpt>
      <trkpt lat="42.70701220675187" lon="20.14545203127981">
        <ele>1049</ele>
      </trkpt>
      <trkpt lat="42.70727255388137" lon="20.14575052450887">
        <ele>1045</ele>
      </trkpt>
      <trkpt lat="42.70755292771315" lon="20.14603757390807">
        <ele>1042</ele>
      </trkpt>
      <trkpt lat="42.7078876597368" lon="20.14627694068282">
        <ele>1047</ele>
      </trkpt>
      <trkpt lat="42.70810032424185" lon="20.14637802784666">
        <ele>1046</ele>
      </trkpt>
      <trkpt lat="42.70815372878124" lon="20.14638851802404">
        <ele>1045</ele>
      </trkpt>
      <trkpt lat="42.70815372878124" lon="20.14638851802404">
        <ele>1045</ele>
      </trkpt>
      <trkpt lat="42.70824909403014" lon="20.14640663742133">
        <ele>1044</ele>
      </trkpt>
      <trkpt lat="42.70824909403014" lon="20.14640663742133">
        <ele>1044</ele>
      </trkpt>
      <trkpt lat="42.70828056456228" lon="20.14641331298875">
        <ele>1044</ele>
      </trkpt>
      <trkpt lat="42.70841884417319" lon="20.14649532710281">
        <ele>1044</ele>
      </trkpt>
      <trkpt lat="42.70852851420943" lon="20.14669750143048">
        <ele>1042</ele>
      </trkpt>
      <trkpt lat="42.70852851420943" lon="20.14669750143048">
        <ele>1042</ele>
      </trkpt>
      <trkpt lat="42.70854949456419" lon="20.1468090787717">
        <ele>1044</ele>
      </trkpt>
      <trkpt lat="42.70854949456419" lon="20.1468090787717">
        <ele>1044</ele>
      </trkpt>
      <trkpt lat="42.70854663360672" lon="20.14691302689301">
        <ele>1046</ele>
      </trkpt>
      <trkpt lat="42.70842075147817" lon="20.14719816898723">
        <ele>1044</ele>
      </trkpt>
      <trkpt lat="42.70837116154874" lon="20.14752813274843">
        <ele>1045</ele>
      </trkpt>
      <trkpt lat="42.70836734693879" lon="20.14798397863819">
        <ele>1045</ele>
      </trkpt>
      <trkpt lat="42.70842742704559" lon="20.14836257867634">
        <ele>1048</ele>
      </trkpt>
      <trkpt lat="42.7084960900248" lon="20.14845889757773">
        <ele>1051</ele>
      </trkpt>
      <trkpt lat="42.7085657066565" lon="20.14855521647912">
        <ele>1054</ele>
      </trkpt>
      <trkpt lat="42.70864104520314" lon="20.14862578676331">
        <ele>1056</ele>
      </trkpt>
      <trkpt lat="42.70871733740226" lon="20.1486963570475">
        <ele>1057</ele>
      </trkpt>
      <trkpt lat="42.70882605378601" lon="20.14875166889186">
        <ele>1059</ele>
      </trkpt>
      <trkpt lat="42.70938680144956" lon="20.149218004959">
        <ele>1058</ele>
      </trkpt>
      <trkpt lat="42.7097568186153" lon="20.14947167652108">
        <ele>1063</ele>
      </trkpt>
      <trkpt lat="42.70983501811941" lon="20.1494783520885">
        <ele>1064</ele>
      </trkpt>
      <trkpt lat="42.709914171276" lon="20.14948502765593">
        <ele>1065</ele>
      </trkpt>
      <trkpt lat="42.7099914171276" lon="20.14944974251383">
        <ele>1066</ele>
      </trkpt>
      <trkpt lat="42.71006866297922" lon="20.14941541102423">
        <ele>1067</ele>
      </trkpt>
      <trkpt lat="42.71015449170323" lon="20.14935819187489">
        <ele>1068</ele>
      </trkpt>
      <trkpt lat="42.71024032042725" lon="20.14930192637803">
        <ele>1069</ele>
      </trkpt>
      <trkpt lat="42.7103395002861" lon="20.14927713141332">
        <ele>1070</ele>
      </trkpt>
      <trkpt lat="42.71043963379745" lon="20.1492523364486">
        <ele>1070</ele>
      </trkpt>
      <trkpt lat="42.71073717337403" lon="20.14923040244136">
        <ele>1071</ele>
      </trkpt>
      <trkpt lat="42.71082872401298" lon="20.14920274651917">
        <ele>1071</ele>
      </trkpt>
      <trkpt lat="42.71092122830441" lon="20.14917509059699">
        <ele>1071</ele>
      </trkpt>
      <trkpt lat="42.7109832157162" lon="20.14912931527752">
        <ele>1072</ele>
      </trkpt>
      <trkpt lat="42.71104520312799" lon="20.14908449361053">
        <ele>1073</ele>
      </trkpt>
      <trkpt lat="42.71109860766737" lon="20.1490177379363">
        <ele>1076</ele>
      </trkpt>
      <trkpt lat="42.71115296585925" lon="20.14895098226207">
        <ele>1078</ele>
      </trkpt>
      <trkpt lat="42.71121495327104" lon="20.14890806790006">
        <ele>1079</ele>
      </trkpt>
      <trkpt lat="42.71127789433531" lon="20.14886610719055">
        <ele>1079</ele>
      </trkpt>
      <trkpt lat="42.71158973869922" lon="20.14882796109098">
        <ele>1078</ele>
      </trkpt>
      <trkpt lat="42.71158973869922" lon="20.14882796109098">
        <ele>1078</ele>
      </trkpt>
      <trkpt lat="42.71189300019074" lon="20.14881270265116">
        <ele>1079</ele>
      </trkpt>
      <trkpt lat="42.71214953271028" lon="20.1487573908068">
        <ele>1082</ele>
      </trkpt>
      <trkpt lat="42.71240225061988" lon="20.14873545679955">
        <ele>1085</ele>
      </trkpt>
      <trkpt lat="42.71257200076293" lon="20.14876120541675">
        <ele>1087</ele>
      </trkpt>
      <trkpt lat="42.71270646576389" lon="20.14888422658784">
        <ele>1087</ele>
      </trkpt>
      <trkpt lat="42.71281327484265" lon="20.14905969864582">
        <ele>1085</ele>
      </trkpt>
      <trkpt lat="42.71296013732596" lon="20.14935246995995">
        <ele>1087</ele>
      </trkpt>
      <trkpt lat="42.71319092122831" lon="20.14972344077819">
        <ele>1090</ele>
      </trkpt>
      <trkpt lat="42.71337306885372" lon="20.15014495517834">
        <ele>1090</ele>
      </trkpt>
      <trkpt lat="42.71369540339501" lon="20.15056265496854">
        <ele>1096</ele>
      </trkpt>
      <trkpt lat="42.71379553690636" lon="20.15065420560748">
        <ele>1097</ele>
      </trkpt>
      <trkpt lat="42.71400343314897" lon="20.15073621972154">
        <ele>1098</ele>
      </trkpt>
      <trkpt lat="42.71414266641236" lon="20.15080297539577">
        <ele>1098</ele>
      </trkpt>
      <trkpt lat="42.71425805836354" lon="20.15096795727638">
        <ele>1102</ele>
      </trkpt>
      <trkpt lat="42.71434197978257" lon="20.15113866107191">
        <ele>1106</ele>
      </trkpt>
      <trkpt lat="42.71440205988939" lon="20.15128075529278">
        <ele>1108</ele>
      </trkpt>
      <trkpt lat="42.71440205988939" lon="20.15128075529278">
        <ele>1108</ele>
      </trkpt>
      <trkpt lat="42.71444306694642" lon="20.15137802784666">
        <ele>1109</ele>
      </trkpt>
      <trkpt lat="42.71444306694642" lon="20.15137802784666">
        <ele>1109</ele>
      </trkpt>
      <trkpt lat="42.71448312035096" lon="20.151435246996">
        <ele>1110</ele>
      </trkpt>
      <trkpt lat="42.714522220103" lon="20.15143810795347">
        <ele>1110</ele>
      </trkpt>
      <trkpt lat="42.71463761205418" lon="20.15139805454893">
        <ele>1110</ele>
      </trkpt>
      <trkpt lat="42.71484550829678" lon="20.15135323288195">
        <ele>1111</ele>
      </trkpt>
      <trkpt lat="42.7149399198932" lon="20.15135037192448">
        <ele>1111</ele>
      </trkpt>
      <trkpt lat="42.7150095365249" lon="20.15136849132177">
        <ele>1112</ele>
      </trkpt>
      <trkpt lat="42.71504958992944" lon="20.15142380316613">
        <ele>1112</ele>
      </trkpt>
      <trkpt lat="42.71505435819189" lon="20.15149055884036">
        <ele>1112</ele>
      </trkpt>
      <trkpt lat="42.7150181193973" lon="20.15154396337975">
        <ele>1110</ele>
      </trkpt>
      <trkpt lat="42.71487316421896" lon="20.15161548731643">
        <ele>1109</ele>
      </trkpt>
      <trkpt lat="42.71468624833112" lon="20.15174327674996">
        <ele>1112</ele>
      </trkpt>
      <trkpt lat="42.71429143620065" lon="20.15189967575816">
        <ele>1120</ele>
      </trkpt>
      <trkpt lat="42.71423326339882" lon="20.1519568949075">
        <ele>1123</ele>
      </trkpt>
      <trkpt lat="42.71422563417892" lon="20.15205416746138">
        <ele>1126</ele>
      </trkpt>
      <trkpt lat="42.71425615105856" lon="20.15213618157544">
        <ele>1128</ele>
      </trkpt>
      <trkpt lat="42.71431241655542" lon="20.15216002288767">
        <ele>1128</ele>
      </trkpt>
      <trkpt lat="42.71452508106047" lon="20.15214953271029">
        <ele>1124</ele>
      </trkpt>
      <trkpt lat="42.71470341407592" lon="20.15215048636277">
        <ele>1122</ele>
      </trkpt>
      <trkpt lat="42.7147749380126" lon="20.15219435437727">
        <ele>1121</ele>
      </trkpt>
      <trkpt lat="42.71488174709137" lon="20.15229258058364">
        <ele>1122</ele>
      </trkpt>
      <trkpt lat="42.71504291436202" lon="20.15239557505246">
        <ele>1122</ele>
      </trkpt>
      <trkpt lat="42.71518214762541" lon="20.1524613770742">
        <ele>1125</ele>
      </trkpt>
      <trkpt lat="42.7152965859241" lon="20.15255102040817">
        <ele>1127</ele>
      </trkpt>
      <trkpt lat="42.71554167461378" lon="20.15288956704178">
        <ele>1134</ele>
      </trkpt>
      <trkpt lat="42.71577722677857" lon="20.15301926378028">
        <ele>1136</ele>
      </trkpt>
      <trkpt lat="42.71602803738318" lon="20.15304882700745">
        <ele>1137</ele>
      </trkpt>
      <trkpt lat="42.71620160213619" lon="20.15311081441923">
        <ele>1138</ele>
      </trkpt>
      <trkpt lat="42.71636372305932" lon="20.15328628647721">
        <ele>1137</ele>
      </trkpt>
      <trkpt lat="42.71640473011635" lon="20.1536267404158">
        <ele>1139</ele>
      </trkpt>
      <trkpt lat="42.71651440015259" lon="20.15402727446119">
        <ele>1141</ele>
      </trkpt>
      <trkpt lat="42.71662883845128" lon="20.1544964714858">
        <ele>1147</ele>
      </trkpt>
      <trkpt lat="42.71681766164411" lon="20.15484741560176">
        <ele>1153</ele>
      </trkpt>
      <trkpt lat="42.71709517451841" lon="20.15520980354759">
        <ele>1157</ele>
      </trkpt>
      <trkpt lat="42.7172439443067" lon="20.15565420560748">
        <ele>1164</ele>
      </trkpt>
      <trkpt lat="42.71739366774748" lon="20.1557829486935">
        <ele>1164</ele>
      </trkpt>
      <trkpt lat="42.71764066374214" lon="20.15581918748808">
        <ele>1163</ele>
      </trkpt>
      <trkpt lat="42.71788956704178" lon="20.15577722677857">
        <ele>1162</ele>
      </trkpt>
      <trkpt lat="42.7183225252718" lon="20.15565992752242">
        <ele>1162</ele>
      </trkpt>
      <trkpt lat="42.71864295250811" lon="20.15570761014687">
        <ele>1165</ele>
      </trkpt>
      <trkpt lat="42.71887373641046" lon="20.1558525653252">
        <ele>1167</ele>
      </trkpt>
      <trkpt lat="42.71910547396529" lon="20.1562006484837">
        <ele>1171</ele>
      </trkpt>
      <trkpt lat="42.71927140949839" lon="20.15653824146482">
        <ele>1173</ele>
      </trkpt>
      <trkpt lat="42.71955082967767" lon="20.15689681480069">
        <ele>1180</ele>
      </trkpt>
      <trkpt lat="42.71984932290674" lon="20.15750619874118">
        <ele>1184</ele>
      </trkpt>
      <trkpt lat="42.72000000000001" lon="20.15770265115393">
        <ele>1187</ele>
      </trkpt>
      <trkpt lat="42.71999999999999" lon="20.15770265115393">
        <ele>1187</ele>
      </trkpt>
      <trkpt lat="42.72003909975204" lon="20.15775319473584">
        <ele>1189</ele>
      </trkpt>
      <trkpt lat="42.7204424947549" lon="20.15797348846081">
        <ele>1197</ele>
      </trkpt>
      <trkpt lat="42.7204424947549" lon="20.15797348846081">
        <ele>1197</ele>
      </trkpt>
      <trkpt lat="42.72073621972152" lon="20.1581394239939">
        <ele>1199</ele>
      </trkpt>
      <trkpt lat="42.72094888422658" lon="20.15827102803739">
        <ele>1202</ele>
      </trkpt>
      <trkpt lat="42.72105569330535" lon="20.15850848750716">
        <ele>1207</ele>
      </trkpt>
      <trkpt lat="42.72109002479495" lon="20.15889471676522">
        <ele>1209</ele>
      </trkpt>
      <trkpt lat="42.72124356284569" lon="20.15910452031281">
        <ele>1211</ele>
      </trkpt>
      <trkpt lat="42.72137898149913" lon="20.15942113293916">
        <ele>1211</ele>
      </trkpt>
      <trkpt lat="42.72154777798969" lon="20.1597825672325">
        <ele>1209</ele>
      </trkpt>
      <trkpt lat="42.72174995231737" lon="20.15999523173756">
        <ele>1208</ele>
      </trkpt>
      <trkpt lat="42.72177570093457" lon="20.16000000000001">
        <ele>1208</ele>
      </trkpt>
      <trkpt lat="42.72177570093457" lon="20.16000000000001">
        <ele>1208</ele>
      </trkpt>
      <trkpt lat="42.7218338737364" lon="20.16001144382988">
        <ele>1210</ele>
      </trkpt>
      <trkpt lat="42.72192733168033" lon="20.16001144382988">
        <ele>1212</ele>
      </trkpt>
      <trkpt lat="42.72192733168033" lon="20.16001144382988">
        <ele>1212</ele>
      </trkpt>
      <trkpt lat="42.72200839214189" lon="20.16000000000001">
        <ele>1214</ele>
      </trkpt>
      <trkpt lat="42.72200839214189" lon="20.16000000000001">
        <ele>1214</ele>
      </trkpt>
      <trkpt lat="42.72202937249665" lon="20.15999713904254">
        <ele>1215</ele>
      </trkpt>
      <trkpt lat="42.72202937249665" lon="20.15999713904254">
        <ele>1215</ele>
      </trkpt>
      <trkpt lat="42.72210566469577" lon="20.15998569521267">
        <ele>1217</ele>
      </trkpt>
      <trkpt lat="42.72218767880983" lon="20.16000000000001">
        <ele>1219</ele>
      </trkpt>
      <trkpt lat="42.72218767880983" lon="20.16000000000001">
        <ele>1219</ele>
      </trkpt>
      <trkpt lat="42.72219721533472" lon="20.16000190730499">
        <ele>1219</ele>
      </trkpt>
      <trkpt lat="42.72232691207323" lon="20.16010394812132">
        <ele>1223</ele>
      </trkpt>
      <trkpt lat="42.72255960328055" lon="20.16045012397484">
        <ele>1229</ele>
      </trkpt>
      <trkpt lat="42.72288765973678" lon="20.16058840358575">
        <ele>1236</ele>
      </trkpt>
      <trkpt lat="42.72317089452603" lon="20.16087354567997">
        <ele>1238</ele>
      </trkpt>
      <trkpt lat="42.72339500286095" lon="20.16108144192258">
        <ele>1241</ele>
      </trkpt>
      <trkpt lat="42.72356093839404" lon="20.16119397291628">
        <ele>1243</ele>
      </trkpt>
      <trkpt lat="42.72381460995612" lon="20.16131890139235">
        <ele>1245</ele>
      </trkpt>
      <trkpt lat="42.72409784474537" lon="20.16152870493994">
        <ele>1243</ele>
      </trkpt>
      <trkpt lat="42.72432576769025" lon="20.16181098607669">
        <ele>1245</ele>
      </trkpt>
      <trkpt lat="42.72447358382605" lon="20.16191684150297">
        <ele>1249</ele>
      </trkpt>
      <trkpt lat="42.72464810223153" lon="20.16193305359528">
        <ele>1253</ele>
      </trkpt>
      <trkpt lat="42.72482929620445" lon="20.16189490749572">
        <ele>1257</ele>
      </trkpt>
      <trkpt lat="42.72482929620445" lon="20.16189490749572">
        <ele>1257</ele>
      </trkpt>
      <trkpt lat="42.72486267404157" lon="20.16195403395005">
        <ele>1257</ele>
      </trkpt>
      <trkpt lat="42.72486267404157" lon="20.16195403395005">
        <ele>1257</ele>
      </trkpt>
      <trkpt lat="42.72490654205606" lon="20.16201411405685">
        <ele>1258</ele>
      </trkpt>
      <trkpt lat="42.72490654205606" lon="20.16201411405685">
        <ele>1258</ele>
      </trkpt>
      <trkpt lat="42.72486267404157" lon="20.16195403395005">
        <ele>1257</ele>
      </trkpt>
      <trkpt lat="42.72486267404157" lon="20.16195403395005">
        <ele>1257</ele>
      </trkpt>
      <trkpt lat="42.72482929620445" lon="20.16189490749572">
        <ele>1257</ele>
      </trkpt>
      <trkpt lat="42.72492847606331" lon="20.1618710661835">
        <ele>1259</ele>
      </trkpt>
      <trkpt lat="42.7249990463475" lon="20.16186057600612">
        <ele>1261</ele>
      </trkpt>
      <trkpt lat="42.72507057028418" lon="20.16185103948123">
        <ele>1262</ele>
      </trkpt>
      <trkpt lat="42.7251382796109" lon="20.16187201983599">
        <ele>1263</ele>
      </trkpt>
      <trkpt lat="42.72520694259011" lon="20.16189395384324">
        <ele>1263</ele>
      </trkpt>
      <trkpt lat="42.72528228113674" lon="20.16193972916271">
        <ele>1263</ele>
      </trkpt>
      <trkpt lat="42.72535857333587" lon="20.16198645813467">
        <ele>1264</ele>
      </trkpt>
      <trkpt lat="42.72544821666983" lon="20.16200457753196">
        <ele>1264</ele>
      </trkpt>
      <trkpt lat="42.7255378600038" lon="20.16202365058174">
        <ele>1265</ele>
      </trkpt>
      <trkpt lat="42.72563227160022" lon="20.16199504100707">
        <ele>1267</ele>
      </trkpt>
      <trkpt lat="42.72572763684912" lon="20.16196738508489">
        <ele>1268</ele>
      </trkpt>
      <trkpt lat="42.72623116536333" lon="20.16166507724587">
        <ele>1273</ele>
      </trkpt>
      <trkpt lat="42.72631413312988" lon="20.16162502384133">
        <ele>1274</ele>
      </trkpt>
      <trkpt lat="42.72639710089642" lon="20.16158592408928">
        <ele>1275</ele>
      </trkpt>
      <trkpt lat="42.72647434674803" lon="20.16159355330919">
        <ele>1275</ele>
      </trkpt>
      <trkpt lat="42.72655159259965" lon="20.1616011825291">
        <ele>1275</ele>
      </trkpt>
      <trkpt lat="42.72662883845125" lon="20.16163837497617">
        <ele>1274</ele>
      </trkpt>
      <trkpt lat="42.72670608430287" lon="20.16167556742325">
        <ele>1273</ele>
      </trkpt>
      <trkpt lat="42.72693496090024" lon="20.16193496090026">
        <ele>1276</ele>
      </trkpt>
      <trkpt lat="42.72700076292198" lon="20.16196070951747">
        <ele>1277</ele>
      </trkpt>
      <trkpt lat="42.72706656494373" lon="20.16198645813467">
        <ele>1277</ele>
      </trkpt>
      <trkpt lat="42.72713999618538" lon="20.16198645813467">
        <ele>1278</ele>
      </trkpt>
      <trkpt lat="42.72721342742704" lon="20.16198645813467">
        <ele>1279</ele>
      </trkpt>
      <trkpt lat="42.72727636849131" lon="20.16196738508489">
        <ele>1279</ele>
      </trkpt>
      <trkpt lat="42.72734026320808" lon="20.16194831203511">
        <ele>1280</ele>
      </trkpt>
      <trkpt lat="42.72744421132938" lon="20.16185962235363">
        <ele>1281</ele>
      </trkpt>
      <trkpt lat="42.72748235742894" lon="20.16174613770744">
        <ele>1281</ele>
      </trkpt>
      <trkpt lat="42.7275205035285" lon="20.16163265306124">
        <ele>1282</ele>
      </trkpt>
      <trkpt lat="42.72758725920274" lon="20.16104234217053">
        <ele>1290</ele>
      </trkpt>
      <trkpt lat="42.72762921991225" lon="20.16093648674425">
        <ele>1292</ele>
      </trkpt>
      <trkpt lat="42.72772744611862" lon="20.16087736028993">
        <ele>1295</ele>
      </trkpt>
      <trkpt lat="42.72780659927521" lon="20.16086305550259">
        <ele>1297</ele>
      </trkpt>
      <trkpt lat="42.72788670608429" lon="20.16084875071526">
        <ele>1299</ele>
      </trkpt>
      <trkpt lat="42.72795918367346" lon="20.16082872401299">
        <ele>1301</ele>
      </trkpt>
      <trkpt lat="42.72803166126263" lon="20.16080965096321">
        <ele>1303</ele>
      </trkpt>
      <trkpt lat="42.72813179477397" lon="20.16075624642382">
        <ele>1306</ele>
      </trkpt>
      <trkpt lat="42.72817375548349" lon="20.16068186152967">
        <ele>1308</ele>
      </trkpt>
      <trkpt lat="42.72817661644096" lon="20.16057219149344">
        <ele>1309</ele>
      </trkpt>
      <trkpt lat="42.7281384703414" lon="20.16049589929431">
        <ele>1309</ele>
      </trkpt>
      <trkpt lat="42.72803070761014" lon="20.16045584588977">
        <ele>1307</ele>
      </trkpt>
      <trkpt lat="42.72792389853137" lon="20.16041579248524">
        <ele>1306</ele>
      </trkpt>
      <trkpt lat="42.7278161358001" lon="20.16038527560558">
        <ele>1304</ele>
      </trkpt>
      <trkpt lat="42.72770932672133" lon="20.16035475872594">
        <ele>1303</ele>
      </trkpt>
      <trkpt lat="42.72762349799732" lon="20.16033854663362">
        <ele>1302</ele>
      </trkpt>
      <trkpt lat="42.7275376692733" lon="20.1603232881938">
        <ele>1301</ele>
      </trkpt>
      <trkpt lat="42.7275376692733" lon="20.1603232881938">
        <ele>1301</ele>
      </trkpt>
      <trkpt lat="42.72742227732213" lon="20.16034140759109">
        <ele>1299</ele>
      </trkpt>
      <trkpt lat="42.72707133320617" lon="20.1604186534427">
        <ele>1298</ele>
      </trkpt>
      <trkpt lat="42.7269902727446" lon="20.16039576578297">
        <ele>1298</ele>
      </trkpt>
      <trkpt lat="42.72693114629028" lon="20.16032138088882">
        <ele>1299</ele>
      </trkpt>
      <trkpt lat="42.72681766164408" lon="20.16000000000001">
        <ele>1302</ele>
      </trkpt>
      <trkpt lat="42.72681766164408" lon="20.16000000000001">
        <ele>1302</ele>
      </trkpt>
      <trkpt lat="42.72662025557886" lon="20.1594096891093">
        <ele>1298</ele>
      </trkpt>
      <trkpt lat="42.72658401678427" lon="20.15934484074004">
        <ele>1297</ele>
      </trkpt>
      <trkpt lat="42.72654873164218" lon="20.15928094602328">
        <ele>1297</ele>
      </trkpt>
      <trkpt lat="42.72650581728017" lon="20.15917222963953">
        <ele>1296</ele>
      </trkpt>
      <trkpt lat="42.72649308336523" lon="20.15906169218347">
        <ele>1295</ele>
      </trkpt>
      <trkpt lat="42.72649437345031" lon="20.1590616059508">
        <ele>1295</ele>
      </trkpt>
      <trkpt lat="42.72689204653823" lon="20.1590349036811">
        <ele>1298</ele>
      </trkpt>
      <trkpt lat="42.72725920274651" lon="20.15903776463857">
        <ele>1301</ele>
      </trkpt>
      <trkpt lat="42.72737078008772" lon="20.15901296967386">
        <ele>1302</ele>
      </trkpt>
      <trkpt lat="42.72744611863436" lon="20.15895956513447">
        <ele>1302</ele>
      </trkpt>
      <trkpt lat="42.72754148388326" lon="20.15876311272173">
        <ele>1302</ele>
      </trkpt>
      <trkpt lat="42.72761586877741" lon="20.15869063513256">
        <ele>1302</ele>
      </trkpt>
      <trkpt lat="42.7276511539195" lon="20.15856666030899">
        <ele>1302</ele>
      </trkpt>
      <trkpt lat="42.72765020026701" lon="20.15843219530803">
        <ele>1301</ele>
      </trkpt>
      <trkpt lat="42.72754434484073" lon="20.15757962998284">
        <ele>1298</ele>
      </trkpt>
      <trkpt lat="42.72755292771313" lon="20.15738127026512">
        <ele>1300</ele>
      </trkpt>
      <trkpt lat="42.72754053023078" lon="20.15724585161168">
        <ele>1302</ele>
      </trkpt>
      <trkpt lat="42.72749284760632" lon="20.15710089643335">
        <ele>1303</ele>
      </trkpt>
      <trkpt lat="42.72749284760632" lon="20.15710089643335">
        <ele>1303</ele>
      </trkpt>
      <trkpt lat="42.72732405111577" lon="20.15686534426855">
        <ele>1304</ele>
      </trkpt>
      <trkpt lat="42.72732405111577" lon="20.15686534426855">
        <ele>1304</ele>
      </trkpt>
      <trkpt lat="42.72752622544344" lon="20.15659355330918">
        <ele>1311</ele>
      </trkpt>
      <trkpt lat="42.72760537860002" lon="20.15637039862674">
        <ele>1318</ele>
      </trkpt>
      <trkpt lat="42.72770455845889" lon="20.15603662025558">
        <ele>1328</ele>
      </trkpt>
      <trkpt lat="42.72774270455845" lon="20.15562559603281">
        <ele>1338</ele>
      </trkpt>
      <trkpt lat="42.72770169750142" lon="20.15537287812322">
        <ele>1343</ele>
      </trkpt>
      <trkpt lat="42.72758058363532" lon="20.15496948312036">
        <ele>1350</ele>
      </trkpt>
      <trkpt lat="42.72769597558649" lon="20.15434007247759">
        <ele>1366</ele>
      </trkpt>
      <trkpt lat="42.72799256151058" lon="20.15442971581156">
        <ele>1369</ele>
      </trkpt>
      <trkpt lat="42.72812702651153" lon="20.15453557123785">
        <ele>1368</ele>
      </trkpt>
      <trkpt lat="42.72820331871065" lon="20.15454987602518">
        <ele>1369</ele>
      </trkpt>
      <trkpt lat="42.7282862864772" lon="20.15436009917986">
        <ele>1375</ele>
      </trkpt>
      <trkpt lat="42.72848083158496" lon="20.15416650772459">
        <ele>1384</ele>
      </trkpt>
      <trkpt lat="42.7285466336067" lon="20.15365058172802">
        <ele>1400</ele>
      </trkpt>
      <trkpt lat="42.72869158878504" lon="20.15343600991799">
        <ele>1409</ele>
      </trkpt>
      <trkpt lat="42.72899294297157" lon="20.15341121495328">
        <ele>1416</ele>
      </trkpt>
      <trkpt lat="42.72914457371733" lon="20.15332729353424">
        <ele>1420</ele>
      </trkpt>
      <trkpt lat="42.72927903871828" lon="20.15332061796682">
        <ele>1423</ele>
      </trkpt>
      <trkpt lat="42.7293991989319" lon="20.15327484264735">
        <ele>1427</ele>
      </trkpt>
      <trkpt lat="42.72992656875834" lon="20.15355426282663">
        <ele>1434</ele>
      </trkpt>
      <trkpt lat="42.7300686629792" lon="20.15373164218959">
        <ele>1434</ele>
      </trkpt>
      <trkpt lat="42.73031756627883" lon="20.15370970818234">
        <ele>1438</ele>
      </trkpt>
      <trkpt lat="42.73044917032232" lon="20.15372878123213">
        <ele>1440</ele>
      </trkpt>
      <trkpt lat="42.73044917032232" lon="20.15372878123213">
        <ele>1440</ele>
      </trkpt>
      <trkpt lat="42.73048922372686" lon="20.15355521647912">
        <ele>1444</ele>
      </trkpt>
      <trkpt lat="42.730520694259" lon="20.15331680335686">
        <ele>1448</ele>
      </trkpt>
      <trkpt lat="42.73048540911691" lon="20.15284760633226">
        <ele>1457</ele>
      </trkpt>
      <trkpt lat="42.7304691970246" lon="20.15271218767882">
        <ele>1459</ele>
      </trkpt>
      <trkpt lat="42.73058649628074" lon="20.15241846271219">
        <ele>1467</ele>
      </trkpt>
      <trkpt lat="42.73059412550066" lon="20.15210566469579">
        <ele>1474</ele>
      </trkpt>
      <trkpt lat="42.73059507915315" lon="20.15167270646577">
        <ele>1485</ele>
      </trkpt>
      <trkpt lat="42.7305559794011" lon="20.15146004196071">
        <ele>1489</ele>
      </trkpt>
      <trkpt lat="42.73056742323097" lon="20.15115296585925">
        <ele>1497</ele>
      </trkpt>
      <trkpt lat="42.73071810032423" lon="20.15074766355141">
        <ele>1507</ele>
      </trkpt>
      <trkpt lat="42.73091455273697" lon="20.15031756627885">
        <ele>1516</ele>
      </trkpt>
      <trkpt lat="42.73092218195688" lon="20.14986744230403">
        <ele>1525</ele>
      </trkpt>
      <trkpt lat="42.73102231546823" lon="20.14966049971391">
        <ele>1530</ele>
      </trkpt>
      <trkpt lat="42.73114533663932" lon="20.14925329010109">
        <ele>1539</ele>
      </trkpt>
      <trkpt lat="42.73114533663932" lon="20.14925329010109">
        <ele>1539</ele>
      </trkpt>
      <trkpt lat="42.73088308220483" lon="20.14879839786382">
        <ele>1544</ele>
      </trkpt>
      <trkpt lat="42.73082204844554" lon="20.14856475300401">
        <ele>1547</ele>
      </trkpt>
      <trkpt lat="42.73091073812702" lon="20.14760823955751">
        <ele>1556</ele>
      </trkpt>
      <trkpt lat="42.73107667366011" lon="20.14748235742896">
        <ele>1560</ele>
      </trkpt>
      <trkpt lat="42.73130459660499" lon="20.14744897959184">
        <ele>1565</ele>
      </trkpt>
      <trkpt lat="42.73159355330916" lon="20.14740701888233">
        <ele>1571</ele>
      </trkpt>
      <trkpt lat="42.73173946213998" lon="20.14723822239177">
        <ele>1574</ele>
      </trkpt>
      <trkpt lat="42.73201125309936" lon="20.14714476444784">
        <ele>1580</ele>
      </trkpt>
      <trkpt lat="42.73213904253289" lon="20.14694926568759">
        <ele>1584</ele>
      </trkpt>
      <trkpt lat="42.73253290101086" lon="20.14690730497807">
        <ele>1592</ele>
      </trkpt>
      <trkpt lat="42.73300400534044" lon="20.14700171657449">
        <ele>1598</ele>
      </trkpt>
      <trkpt lat="42.73313560938393" lon="20.14695308029755">
        <ele>1601</ele>
      </trkpt>
      <trkpt lat="42.73313560938393" lon="20.14695308029755">
        <ele>1601</ele>
      </trkpt>
      <trkpt lat="42.73314133129887" lon="20.1462874308602">
        <ele>1605</ele>
      </trkpt>
      <trkpt lat="42.73324432576768" lon="20.14627121876789">
        <ele>1607</ele>
      </trkpt>
      <trkpt lat="42.73380125882127" lon="20.14632939156972">
        <ele>1618</ele>
      </trkpt>
      <trkpt lat="42.73380125882127" lon="20.14632939156972">
        <ele>1618</ele>
      </trkpt>
      <trkpt lat="42.73410452031279" lon="20.14648102231547">
        <ele>1623</ele>
      </trkpt>
      <trkpt lat="42.73460900247949" lon="20.14651916841504">
        <ele>1634</ele>
      </trkpt>
      <trkpt lat="42.73495327102803" lon="20.1464876978829">
        <ele>1642</ele>
      </trkpt>
      <trkpt lat="42.73542818996756" lon="20.14658115582682">
        <ele>1652</ele>
      </trkpt>
      <trkpt lat="42.73592885752431" lon="20.14654777798971">
        <ele>1664</ele>
      </trkpt>
      <trkpt lat="42.73599275224107" lon="20.14639423993897">
        <ele>1667</ele>
      </trkpt>
      <trkpt lat="42.7360165935533" lon="20.1461138661072">
        <ele>1671</ele>
      </trkpt>
      <trkpt lat="42.7361033759298" lon="20.14598798397864">
        <ele>1674</ele>
      </trkpt>
      <trkpt lat="42.73621209231355" lon="20.14594030135419">
        <ele>1677</ele>
      </trkpt>
      <trkpt lat="42.73637612054166" lon="20.14559794011063">
        <ele>1683</ele>
      </trkpt>
      <trkpt lat="42.73646767118061" lon="20.14531089071143">
        <ele>1686</ele>
      </trkpt>
      <trkpt lat="42.73661358001144" lon="20.14510108716384">
        <ele>1691</ele>
      </trkpt>
      <trkpt lat="42.73690062941063" lon="20.14507343124166">
        <ele>1700</ele>
      </trkpt>
      <trkpt lat="42.73724585161166" lon="20.14524794964715">
        <ele>1709</ele>
      </trkpt>
      <trkpt lat="42.73757676902536" lon="20.14518024032043">
        <ele>1720</ele>
      </trkpt>
      <trkpt lat="42.73779992370779" lon="20.1449656685104">
        <ele>1729</ele>
      </trkpt>
      <trkpt lat="42.73802117108524" lon="20.14497139042534">
        <ele>1736</ele>
      </trkpt>
      <trkpt lat="42.73834445927903" lon="20.14490272744612">
        <ele>1745</ele>
      </trkpt>
      <trkpt lat="42.73866679382032" lon="20.1449303833683">
        <ele>1749</ele>
      </trkpt>
      <trkpt lat="42.73882223917603" lon="20.1450524508869">
        <ele>1752</ele>
      </trkpt>
      <trkpt lat="42.7390596986458" lon="20.14514590883083">
        <ele>1755</ele>
      </trkpt>
      <trkpt lat="42.73935723822238" lon="20.14558077436583">
        <ele>1762</ele>
      </trkpt>
      <trkpt lat="42.73999999999999" lon="20.1460528323479">
        <ele>1775</ele>
      </trkpt>
      <trkpt lat="42.74" lon="20.1460528323479">
        <ele>1775</ele>
      </trkpt>
      <trkpt lat="42.74002765592218" lon="20.14607285905017">
        <ele>1775</ele>
      </trkpt>
      <trkpt lat="42.74024985695213" lon="20.14645432004578">
        <ele>1779</ele>
      </trkpt>
      <trkpt lat="42.74027655922182" lon="20.1467308792676">
        <ele>1780</ele>
      </trkpt>
      <trkpt lat="42.74035952698836" lon="20.14680335685677">
        <ele>1780</ele>
      </trkpt>
      <trkpt lat="42.74128647720771" lon="20.14722773221439">
        <ele>1790</ele>
      </trkpt>
      <trkpt lat="42.74165554072096" lon="20.14717623497998">
        <ele>1791</ele>
      </trkpt>
      <trkpt lat="42.74197692160976" lon="20.14719530802976">
        <ele>1791</ele>
      </trkpt>
      <trkpt lat="42.7427655922182" lon="20.14643906160596">
        <ele>1806</ele>
      </trkpt>
      <trkpt lat="42.7430087736029" lon="20.14626835781042">
        <ele>1813</ele>
      </trkpt>
      <trkpt lat="42.7430087736029" lon="20.14626835781042">
        <ele>1813</ele>
      </trkpt>
      <trkpt lat="42.74274270455846" lon="20.14586973107">
        <ele>1809</ele>
      </trkpt>
      <trkpt lat="42.74251954987602" lon="20.14514304787336">
        <ele>1808</ele>
      </trkpt>
      <trkpt lat="42.74233644859813" lon="20.14468529467862">
        <ele>1804</ele>
      </trkpt>
      <trkpt lat="42.74218863246233" lon="20.14435819187489">
        <ele>1799</ele>
      </trkpt>
      <trkpt lat="42.74214953271028" lon="20.14383272935343">
        <ele>1793</ele>
      </trkpt>
      <trkpt lat="42.74214857905779" lon="20.1433225252718">
        <ele>1786</ele>
      </trkpt>
      <trkpt lat="42.74226015639901" lon="20.14287144764448">
        <ele>1781</ele>
      </trkpt>
      <trkpt lat="42.74250810604616" lon="20.14180812511921">
        <ele>1772</ele>
      </trkpt>
      <trkpt lat="42.74281518214762" lon="20.14101659355331">
        <ele>1775</ele>
      </trkpt>
      <trkpt lat="42.74289719626168" lon="20.14065515925997">
        <ele>1781</ele>
      </trkpt>
      <trkpt lat="42.74288575243181" lon="20.14043391188251">
        <ele>1785</ele>
      </trkpt>
      <trkpt lat="42.74280087736029" lon="20.14030993705894">
        <ele>1785</ele>
      </trkpt>
      <trkpt lat="42.74244611863437" lon="20.14">
        <ele>1777</ele>
      </trkpt>
      <trkpt lat="42.74244611863437" lon="20.14">
        <ele>1777</ele>
      </trkpt>
      <trkpt lat="42.74207705512111" lon="20.13965859240892">
        <ele>1773</ele>
      </trkpt>
      <trkpt lat="42.74162979210376" lon="20.1392695021934">
        <ele>1770</ele>
      </trkpt>
      <trkpt lat="42.7410175472058" lon="20.13870112530993">
        <ele>1764</ele>
      </trkpt>
      <trkpt lat="42.74051687964906" lon="20.13822716002288">
        <ele>1764</ele>
      </trkpt>
      <trkpt lat="42.74022220102994" lon="20.13807266831966">
        <ele>1764</ele>
      </trkpt>
      <trkpt lat="42.74" lon="20.13790577913408">
        <ele>1765</ele>
      </trkpt>
      <trkpt lat="42.73999999999999" lon="20.13790577913408">
        <ele>1765</ele>
      </trkpt>
      <trkpt lat="42.73991989319091" lon="20.13784474537478">
        <ele>1765</ele>
      </trkpt>
      <trkpt lat="42.73953271028036" lon="20.1375910738127">
        <ele>1765</ele>
      </trkpt>
      <trkpt lat="42.73932672134274" lon="20.13753671562082">
        <ele>1762</ele>
      </trkpt>
      <trkpt lat="42.73891760442493" lon="20.13733072668319">
        <ele>1762</ele>
      </trkpt>
      <trkpt lat="42.73859526988365" lon="20.13712664505054">
        <ele>1763</ele>
      </trkpt>
      <trkpt lat="42.73844077818042" lon="20.13693305359526">
        <ele>1767</ele>
      </trkpt>
      <trkpt lat="42.73823192828532" lon="20.13680621781423">
        <ele>1767</ele>
      </trkpt>
      <trkpt lat="42.73766069044439" lon="20.13667079916078">
        <ele>1764</ele>
      </trkpt>
      <trkpt lat="42.73715811558267" lon="20.13647243944306">
        <ele>1765</ele>
      </trkpt>
      <trkpt lat="42.73670608430287" lon="20.13621590692351">
        <ele>1766</ele>
      </trkpt>
      <trkpt lat="42.73616536334159" lon="20.13599847415601">
        <ele>1759</ele>
      </trkpt>
      <trkpt lat="42.73592504291435" lon="20.1358516116727">
        <ele>1755</ele>
      </trkpt>
      <trkpt lat="42.73547587259202" lon="20.13520503528514">
        <ele>1751</ele>
      </trkpt>
      <trkpt lat="42.73519645241273" lon="20.13474060652298">
        <ele>1749</ele>
      </trkpt>
      <trkpt lat="42.73503528514208" lon="20.1344430669464">
        <ele>1748</ele>
      </trkpt>
      <trkpt lat="42.73479687201983" lon="20.13414838832729">
        <ele>1744</ele>
      </trkpt>
      <trkpt lat="42.73442876215906" lon="20.13354472630173">
        <ele>1742</ele>
      </trkpt>
      <trkpt lat="42.7342427999237" lon="20.1332262063704">
        <ele>1742</ele>
      </trkpt>
      <trkpt lat="42.73303547587258" lon="20.13202746519168">
        <ele>1718</ele>
      </trkpt>
      <trkpt lat="42.73280278466526" lon="20.13173564753004">
        <ele>1715</ele>
      </trkpt>
      <trkpt lat="42.73239366774746" lon="20.13127694068281">
        <ele>1704</ele>
      </trkpt>
      <trkpt lat="42.7322773221438" lon="20.13118729734884">
        <ele>1701</ele>
      </trkpt>
      <trkpt lat="42.73215906923516" lon="20.13095555979401">
        <ele>1700</ele>
      </trkpt>
      <trkpt lat="42.73209326721341" lon="20.13090024794964">
        <ele>1699</ele>
      </trkpt>
      <trkpt lat="42.73185866870111" lon="20.13086305550257">
        <ele>1692</ele>
      </trkpt>
      <trkpt lat="42.7317470913599" lon="20.13078008773602">
        <ele>1690</ele>
      </trkpt>
      <trkpt lat="42.73169940873544" lon="20.13068853709708">
        <ele>1690</ele>
      </trkpt>
      <trkpt lat="42.73159450696166" lon="20.13060366202555">
        <ele>1689</ele>
      </trkpt>
      <trkpt lat="42.73074575624641" lon="20.13055693305359">
        <ele>1671</ele>
      </trkpt>
      <trkpt lat="42.73041483883272" lon="20.13061033759298">
        <ele>1663</ele>
      </trkpt>
      <trkpt lat="42.73024699599465" lon="20.13066851039481">
        <ele>1658</ele>
      </trkpt>
      <trkpt lat="42.73009345794392" lon="20.13070093457943">
        <ele>1655</ele>
      </trkpt>
      <trkpt lat="42.72994278085065" lon="20.13066278847987">
        <ele>1651</ele>
      </trkpt>
      <trkpt lat="42.72969197024603" lon="20.13043772649246">
        <ele>1648</ele>
      </trkpt>
      <trkpt lat="42.72960232691207" lon="20.13032710280373">
        <ele>1647</ele>
      </trkpt>
      <trkpt lat="42.72954510776272" lon="20.13020026702269">
        <ele>1647</ele>
      </trkpt>
      <trkpt lat="42.72952222010299" lon="20.13000286095746">
        <ele>1650</ele>
      </trkpt>
      <trkpt lat="42.72953366393286" lon="20.12978638184245">
        <ele>1647</ele>
      </trkpt>
      <trkpt lat="42.72963856570664" lon="20.12945069616631">
        <ele>1644</ele>
      </trkpt>
      <trkpt lat="42.72987793248139" lon="20.12890711424756">
        <ele>1642</ele>
      </trkpt>
      <trkpt lat="42.72987793248139" lon="20.12890711424756">
        <ele>1642</ele>
      </trkpt>
      <trkpt lat="42.73009155063894" lon="20.12856284569902">
        <ele>1641</ele>
      </trkpt>
      <trkpt lat="42.73024699599465" lon="20.1283473202365">
        <ele>1641</ele>
      </trkpt>
      <trkpt lat="42.73033950028609" lon="20.12816803356856">
        <ele>1638</ele>
      </trkpt>
      <trkpt lat="42.73035189776844" lon="20.1280173564753">
        <ele>1634</ele>
      </trkpt>
      <trkpt lat="42.73030516879648" lon="20.12788098416937">
        <ele>1629</ele>
      </trkpt>
      <trkpt lat="42.73016021361815" lon="20.12759679572763">
        <ele>1621</ele>
      </trkpt>
      <trkpt lat="42.72997425138279" lon="20.12711615487316">
        <ele>1611</ele>
      </trkpt>
      <trkpt lat="42.72997425138279" lon="20.12711615487316">
        <ele>1611</ele>
      </trkpt>
      <trkpt lat="42.7299380125882" lon="20.12700362387945">
        <ele>1609</ele>
      </trkpt>
      <trkpt lat="42.7298683959565" lon="20.12685485409116">
        <ele>1605</ele>
      </trkpt>
      <trkpt lat="42.7297205798207" lon="20.1266345603662">
        <ele>1600</ele>
      </trkpt>
      <trkpt lat="42.72957467098988" lon="20.1261996948312">
        <ele>1588</ele>
      </trkpt>
      <trkpt lat="42.72941541102421" lon="20.12596128170894">
        <ele>1582</ele>
      </trkpt>
      <trkpt lat="42.72934484074003" lon="20.12582109479305">
        <ele>1578</ele>
      </trkpt>
      <trkpt lat="42.7293295823002" lon="20.12571333206179">
        <ele>1576</ele>
      </trkpt>
      <trkpt lat="42.7293295823002" lon="20.12571333206179">
        <ele>1576</ele>
      </trkpt>
      <trkpt lat="42.72935437726491" lon="20.12557886706084">
        <ele>1573</ele>
      </trkpt>
      <trkpt lat="42.72926473393095" lon="20.12554072096128">
        <ele>1572</ele>
      </trkpt>
      <trkpt lat="42.72926473393095" lon="20.12554072096128">
        <ele>1572</ele>
      </trkpt>
      <trkpt lat="42.72918653442684" lon="20.12505912645431">
        <ele>1563</ele>
      </trkpt>
      <trkpt lat="42.72918081251191" lon="20.12496280755292">
        <ele>1563</ele>
      </trkpt>
      <trkpt lat="42.72920083921418" lon="20.12471008964333">
        <ele>1562</ele>
      </trkpt>
      <trkpt lat="42.72916364676711" lon="20.12458802212473">
        <ele>1562</ele>
      </trkpt>
      <trkpt lat="42.72900152584397" lon="20.12433339691016">
        <ele>1560</ele>
      </trkpt>
      <trkpt lat="42.72893572382223" lon="20.12416936868205">
        <ele>1559</ele>
      </trkpt>
      <trkpt lat="42.72880698073621" lon="20.1238079343887">
        <ele>1558</ele>
      </trkpt>
      <trkpt lat="42.72880221247377" lon="20.123695403395">
        <ele>1558</ele>
      </trkpt>
      <trkpt lat="42.7288336830059" lon="20.12343219530803">
        <ele>1560</ele>
      </trkpt>
      <trkpt lat="42.72883559031088" lon="20.12329868395956">
        <ele>1559</ele>
      </trkpt>
      <trkpt lat="42.72864867442303" lon="20.12282471867251">
        <ele>1555</ele>
      </trkpt>
      <trkpt lat="42.72849322906732" lon="20.12250143047873">
        <ele>1555</ele>
      </trkpt>
      <trkpt lat="42.72824623307266" lon="20.12164218958611">
        <ele>1558</ele>
      </trkpt>
      <trkpt lat="42.72815754339118" lon="20.121390425329">
        <ele>1557</ele>
      </trkpt>
      <trkpt lat="42.72804978065992" lon="20.1211996948312">
        <ele>1557</ele>
      </trkpt>
      <trkpt lat="42.72798588594316" lon="20.12114247568186">
        <ele>1557</ele>
      </trkpt>
      <trkpt lat="42.72791150104901" lon="20.12113389280946">
        <ele>1557</ele>
      </trkpt>
      <trkpt lat="42.72770932672133" lon="20.12119588022124">
        <ele>1558</ele>
      </trkpt>
      <trkpt lat="42.72751478161357" lon="20.12123021171085">
        <ele>1559</ele>
      </trkpt>
      <trkpt lat="42.72713141331298" lon="20.12135323288193">
        <ele>1552</ele>
      </trkpt>
      <trkpt lat="42.72706275033376" lon="20.12134465000953">
        <ele>1552</ele>
      </trkpt>
      <trkpt lat="42.72700171657447" lon="20.12129887469006">
        <ele>1551</ele>
      </trkpt>
      <trkpt lat="42.72690253671561" lon="20.12116727064657">
        <ele>1552</ele>
      </trkpt>
      <trkpt lat="42.72682052260156" lon="20.12101087163837">
        <ele>1553</ele>
      </trkpt>
      <trkpt lat="42.7265725729544" lon="20.1203385466336">
        <ele>1559</ele>
      </trkpt>
      <trkpt lat="42.72651344650009" lon="20.12020217432767">
        <ele>1560</ele>
      </trkpt>
      <trkpt lat="42.72643333969101" lon="20.12007629219912">
        <ele>1562</ele>
      </trkpt>
      <trkpt lat="42.72633702078961" lon="20.12002098035476">
        <ele>1563</ele>
      </trkpt>
      <trkpt lat="42.72612340263207" lon="20.11999999999999">
        <ele>1564</ele>
      </trkpt>
      <trkpt lat="42.72612340263207" lon="20.12000000000002">
        <ele>1564</ele>
      </trkpt>
      <trkpt lat="42.72588498950982" lon="20.11997615868779">
        <ele>1564</ele>
      </trkpt>
      <trkpt lat="42.72558840358572" lon="20.11986362769408">
        <ele>1560</ele>
      </trkpt>
      <trkpt lat="42.72538622925805" lon="20.11974346748046">
        <ele>1557</ele>
      </trkpt>
      <trkpt lat="42.72515353805073" lon="20.11949074957087">
        <ele>1554</ele>
      </trkpt>
      <trkpt lat="42.72500572191493" lon="20.11919130268931">
        <ele>1554</ele>
      </trkpt>
      <trkpt lat="42.72491893953842" lon="20.11888994850278">
        <ele>1555</ele>
      </trkpt>
      <trkpt lat="42.72488174709135" lon="20.11860385275607">
        <ele>1557</ele>
      </trkpt>
      <trkpt lat="42.72481975967956" lon="20.11835876406639">
        <ele>1559</ele>
      </trkpt>
      <trkpt lat="42.72473965287048" lon="20.11814609956133">
        <ele>1558</ele>
      </trkpt>
      <trkpt lat="42.72460995613198" lon="20.11803356856763">
        <ele>1555</ele>
      </trkpt>
      <trkpt lat="42.72439156971199" lon="20.11793248140379">
        <ele>1549</ele>
      </trkpt>
      <trkpt lat="42.72439156971199" lon="20.11793248140379">
        <ele>1549</ele>
      </trkpt>
      <trkpt lat="42.72459660499713" lon="20.11815945069618">
        <ele>1554</ele>
      </trkpt>
      <trkpt lat="42.72470627503337" lon="20.11837020789626">
        <ele>1555</ele>
      </trkpt>
      <trkpt lat="42.72476158687773" lon="20.1186534426855">
        <ele>1553</ele>
      </trkpt>
      <trkpt lat="42.72475586496279" lon="20.11895288956705">
        <ele>1548</ele>
      </trkpt>
      <trkpt lat="42.72470913599084" lon="20.11929906542057">
        <ele>1542</ele>
      </trkpt>
      <trkpt lat="42.72471962616822" lon="20.11956131985506">
        <ele>1540</ele>
      </trkpt>
      <trkpt lat="42.72477589166507" lon="20.1198617203891">
        <ele>1538</ele>
      </trkpt>
      <trkpt lat="42.72486076673659" lon="20.12000000000002">
        <ele>1539</ele>
      </trkpt>
      <trkpt lat="42.72486076673659" lon="20.11999999999999">
        <ele>1539</ele>
      </trkpt>
      <trkpt lat="42.7248950982262" lon="20.12005721914934">
        <ele>1539</ele>
      </trkpt>
      <trkpt lat="42.72504672897195" lon="20.12020217432767">
        <ele>1540</ele>
      </trkpt>
      <trkpt lat="42.72518691588784" lon="20.12030612244898">
        <ele>1541</ele>
      </trkpt>
      <trkpt lat="42.72545107762731" lon="20.12040053404539">
        <ele>1544</ele>
      </trkpt>
      <trkpt lat="42.72571619301925" lon="20.12056742323097">
        <ele>1544</ele>
      </trkpt>
      <trkpt lat="42.72590692351706" lon="20.12067423230974">
        <ele>1543</ele>
      </trkpt>
      <trkpt lat="42.72595460614151" lon="20.12072763684913">
        <ele>1542</ele>
      </trkpt>
      <trkpt lat="42.72597177188631" lon="20.12079439252336">
        <ele>1541</ele>
      </trkpt>
      <trkpt lat="42.72596318901391" lon="20.12087068472248">
        <ele>1539</ele>
      </trkpt>
      <trkpt lat="42.72581918748807" lon="20.12155445355712">
        <ele>1532</ele>
      </trkpt>
      <trkpt lat="42.72578580965095" lon="20.12185390043868">
        <ele>1527</ele>
      </trkpt>
      <trkpt lat="42.72578390234597" lon="20.12198741178714">
        <ele>1525</ele>
      </trkpt>
      <trkpt lat="42.72584016784283" lon="20.12220293724966">
        <ele>1522</ele>
      </trkpt>
      <trkpt lat="42.72593362578675" lon="20.1224346748045">
        <ele>1519</ele>
      </trkpt>
      <trkpt lat="42.72611958802212" lon="20.12276368491321">
        <ele>1514</ele>
      </trkpt>
      <trkpt lat="42.72621876788097" lon="20.12287430860194">
        <ele>1512</ele>
      </trkpt>
      <trkpt lat="42.72633511348464" lon="20.1229038718291">
        <ele>1512</ele>
      </trkpt>
      <trkpt lat="42.72669273316802" lon="20.1229124547015">
        <ele>1518</ele>
      </trkpt>
      <trkpt lat="42.72684817852374" lon="20.12300591264543">
        <ele>1517</ele>
      </trkpt>
      <trkpt lat="42.72696833873735" lon="20.123129887469">
        <ele>1516</ele>
      </trkpt>
      <trkpt lat="42.72701411405683" lon="20.12333396910165">
        <ele>1511</ele>
      </trkpt>
      <trkpt lat="42.7269549876025" lon="20.12386706084303">
        <ele>1511</ele>
      </trkpt>
      <trkpt lat="42.72689967575814" lon="20.1240778180431">
        <ele>1510</ele>
      </trkpt>
      <trkpt lat="42.72664981880602" lon="20.12437917222963">
        <ele>1505</ele>
      </trkpt>
      <trkpt lat="42.72627598703031" lon="20.12459279038718">
        <ele>1496</ele>
      </trkpt>
      <trkpt lat="42.7261472439443" lon="20.12468338737364">
        <ele>1494</ele>
      </trkpt>
      <trkpt lat="42.72602708373068" lon="20.12491035666603">
        <ele>1493</ele>
      </trkpt>
      <trkpt lat="42.72584875071523" lon="20.12552260156399">
        <ele>1491</ele>
      </trkpt>
      <trkpt lat="42.72568949074956" lon="20.1261558268167">
        <ele>1488</ele>
      </trkpt>
      <trkpt lat="42.72567804691969" lon="20.1263560938394">
        <ele>1488</ele>
      </trkpt>
      <trkpt lat="42.72569807362196" lon="20.12661453366393">
        <ele>1490</ele>
      </trkpt>
      <trkpt lat="42.72563894716764" lon="20.12679000572191">
        <ele>1489</ele>
      </trkpt>
      <trkpt lat="42.72546442876215" lon="20.12697024604234">
        <ele>1485</ele>
      </trkpt>
      <trkpt lat="42.72526511539194" lon="20.12732786572573">
        <ele>1483</ele>
      </trkpt>
      <trkpt lat="42.72517928666793" lon="20.12742418462712">
        <ele>1482</ele>
      </trkpt>
      <trkpt lat="42.72508010680907" lon="20.12744421132939">
        <ele>1480</ele>
      </trkpt>
      <trkpt lat="42.72496185390043" lon="20.12743944306694">
        <ele>1478</ele>
      </trkpt>
      <trkpt lat="42.72479687201982" lon="20.12738317757009">
        <ele>1476</ele>
      </trkpt>
      <trkpt lat="42.72458611481975" lon="20.12740034331489">
        <ele>1475</ele>
      </trkpt>
      <trkpt lat="42.7240768643906" lon="20.12753480831584">
        <ele>1474</ele>
      </trkpt>
      <trkpt lat="42.72399485027655" lon="20.12765401487697">
        <ele>1474</ele>
      </trkpt>
      <trkpt lat="42.72392332633987" lon="20.12793057409879">
        <ele>1476</ele>
      </trkpt>
      <trkpt lat="42.72386324623307" lon="20.12805264161739">
        <ele>1475</ele>
      </trkpt>
      <trkpt lat="42.72374308601945" lon="20.1282252527179">
        <ele>1473</ele>
      </trkpt>
      <trkpt lat="42.723477016975" lon="20.12876788098416">
        <ele>1469</ele>
      </trkpt>
      <trkpt lat="42.72340167842837" lon="20.128868968148">
        <ele>1468</ele>
      </trkpt>
      <trkpt lat="42.72332538622925" lon="20.12889090215525">
        <ele>1466</ele>
      </trkpt>
      <trkpt lat="42.72305836353232" lon="20.12888518024032">
        <ele>1460</ele>
      </trkpt>
      <trkpt lat="42.7227388899485" lon="20.12883368300591">
        <ele>1453</ele>
      </trkpt>
      <trkpt lat="42.72227350753384" lon="20.12873641045203">
        <ele>1441</ele>
      </trkpt>
      <trkpt lat="42.72207324051115" lon="20.12858287240129">
        <ele>1435</ele>
      </trkpt>
      <trkpt lat="42.72207324051115" lon="20.12858287240129">
        <ele>1435</ele>
      </trkpt>
      <trkpt lat="42.72201506770931" lon="20.1285390043868">
        <ele>1433</ele>
      </trkpt>
      <trkpt lat="42.72189013923325" lon="20.12847987793248">
        <ele>1430</ele>
      </trkpt>
      <trkpt lat="42.72161453366392" lon="20.12839023459851">
        <ele>1425</ele>
      </trkpt>
      <trkpt lat="42.72121304596604" lon="20.12814133129887">
        <ele>1424</ele>
      </trkpt>
      <trkpt lat="42.72097558649627" lon="20.12788956704177">
        <ele>1421</ele>
      </trkpt>
      <trkpt lat="42.72084016784283" lon="20.12751096700362">
        <ele>1417</ele>
      </trkpt>
      <trkpt lat="42.72016784283806" lon="20.12663932862864">
        <ele>1416</ele>
      </trkpt>
      <trkpt lat="42.71999999999999" lon="20.12631604043486">
        <ele>1413</ele>
      </trkpt>
      <trkpt lat="42.72000000000001" lon="20.12631604043486">
        <ele>1413</ele>
      </trkpt>
      <trkpt lat="42.71983215716194" lon="20.12599275224108">
        <ele>1417</ele>
      </trkpt>
      <trkpt lat="42.71972153347321" lon="20.12563703986267">
        <ele>1418</ele>
      </trkpt>
      <trkpt lat="42.71947263017357" lon="20.12533663932862">
        <ele>1415</ele>
      </trkpt>
      <trkpt lat="42.71917318329201" lon="20.124608048827">
        <ele>1394</ele>
      </trkpt>
      <trkpt lat="42.71909593744041" lon="20.12432195308029">
        <ele>1389</ele>
      </trkpt>
      <trkpt lat="42.71905588403587" lon="20.12426473393095">
        <ele>1389</ele>
      </trkpt>
      <trkpt lat="42.71902155254626" lon="20.12430097272554">
        <ele>1391</ele>
      </trkpt>
      <trkpt lat="42.71901296967386" lon="20.12458516116727">
        <ele>1398</ele>
      </trkpt>
      <trkpt lat="42.71896719435438" lon="20.12460900247949">
        <ele>1400</ele>
      </trkpt>
      <trkpt lat="42.71887373641046" lon="20.12443925233644">
        <ele>1398</ele>
      </trkpt>
      <trkpt lat="42.71877360289911" lon="20.12382223917604">
        <ele>1382</ele>
      </trkpt>
      <trkpt lat="42.71877074194165" lon="20.12339023459851">
        <ele>1368</ele>
      </trkpt>
      <trkpt lat="42.71874213236698" lon="20.12329773030707">
        <ele>1366</ele>
      </trkpt>
      <trkpt lat="42.71826912073242" lon="20.12300305168796">
        <ele>1360</ele>
      </trkpt>
      <trkpt lat="42.71775033377838" lon="20.12236219721533">
        <ele>1345</ele>
      </trkpt>
      <trkpt lat="42.71694354377266" lon="20.12234026320808">
        <ele>1331</ele>
      </trkpt>
      <trkpt lat="42.71660976540149" lon="20.12240511157734">
        <ele>1325</ele>
      </trkpt>
      <trkpt lat="42.71628838451269" lon="20.12254434484074">
        <ele>1319</ele>
      </trkpt>
      <trkpt lat="42.71570093457944" lon="20.1226168224299">
        <ele>1311</ele>
      </trkpt>
      <trkpt lat="42.71549208468435" lon="20.12282853328247">
        <ele>1316</ele>
      </trkpt>
      <trkpt lat="42.71501335113486" lon="20.12294487888613">
        <ele>1311</ele>
      </trkpt>
      <trkpt lat="42.71443353042152" lon="20.12317566278848">
        <ele>1313</ele>
      </trkpt>
      <trkpt lat="42.71408067900058" lon="20.12321380888804">
        <ele>1311</ele>
      </trkpt>
      <trkpt lat="42.7136791913027" lon="20.12332061796681">
        <ele>1311</ele>
      </trkpt>
      <trkpt lat="42.71336162502385" lon="20.12349036810986">
        <ele>1311</ele>
      </trkpt>
      <trkpt lat="42.71323955750525" lon="20.1238432195308">
        <ele>1310</ele>
      </trkpt>
      <trkpt lat="42.71320427236316" lon="20.12469101659355">
        <ele>1311</ele>
      </trkpt>
      <trkpt lat="42.7131050925043" lon="20.12516402822811">
        <ele>1310</ele>
      </trkpt>
      <trkpt lat="42.71285714285715" lon="20.12539290482548">
        <ele>1307</ele>
      </trkpt>
      <trkpt lat="42.71240225061988" lon="20.12506580202174">
        <ele>1288</ele>
      </trkpt>
      <trkpt lat="42.7122696929239" lon="20.12501907304978">
        <ele>1283</ele>
      </trkpt>
      <trkpt lat="42.7122696929239" lon="20.12501907304978">
        <ele>1283</ele>
      </trkpt>
      <trkpt lat="42.71215430097273" lon="20.12502002670227">
        <ele>1281</ele>
      </trkpt>
      <trkpt lat="42.71203890902156" lon="20.12502193400724">
        <ele>1278</ele>
      </trkpt>
      <trkpt lat="42.71192160976541" lon="20.12507915315658">
        <ele>1277</ele>
      </trkpt>
      <trkpt lat="42.71180526416175" lon="20.12513637230593">
        <ele>1276</ele>
      </trkpt>
      <trkpt lat="42.71174041579249" lon="20.12514114056837">
        <ele>1274</ele>
      </trkpt>
      <trkpt lat="42.71170226969294" lon="20.12507915315658">
        <ele>1272</ele>
      </trkpt>
      <trkpt lat="42.71171752813276" lon="20.12496852946786">
        <ele>1268</ele>
      </trkpt>
      <trkpt lat="42.71176044249476" lon="20.12485790577913">
        <ele>1266</ele>
      </trkpt>
      <trkpt lat="42.71204939919894" lon="20.12444688155636">
        <ele>1264</ele>
      </trkpt>
      <trkpt lat="42.71213904253291" lon="20.1243906160595">
        <ele>1265</ele>
      </trkpt>
      <trkpt lat="42.71222868586688" lon="20.12433435056265">
        <ele>1267</ele>
      </trkpt>
      <trkpt lat="42.71231165363342" lon="20.12423517070379">
        <ele>1267</ele>
      </trkpt>
      <trkpt lat="42.71233263398818" lon="20.12414171275987">
        <ele>1267</ele>
      </trkpt>
      <trkpt lat="42.71231832920085" lon="20.12406160595079">
        <ele>1266</ele>
      </trkpt>
      <trkpt lat="42.71228590501622" lon="20.12398912836162">
        <ele>1265</ele>
      </trkpt>
      <trkpt lat="42.71225824909403" lon="20.12388231928285">
        <ele>1263</ele>
      </trkpt>
      <trkpt lat="42.71224680526417" lon="20.12380316612626">
        <ele>1263</ele>
      </trkpt>
      <trkpt lat="42.71223631508679" lon="20.12372496662216">
        <ele>1262</ele>
      </trkpt>
      <trkpt lat="42.71202460423422" lon="20.12317947739843">
        <ele>1251</ele>
      </trkpt>
      <trkpt lat="42.71186439061606" lon="20.12271790959374">
        <ele>1252</ele>
      </trkpt>
      <trkpt lat="42.71166889185582" lon="20.12242037001716">
        <ele>1249</ele>
      </trkpt>
      <trkpt lat="42.71132748426474" lon="20.12212378409307">
        <ele>1234</ele>
      </trkpt>
      <trkpt lat="42.71089738699219" lon="20.12141808125119">
        <ele>1215</ele>
      </trkpt>
      <trkpt lat="42.71087068472249" lon="20.12141808125119">
        <ele>1213</ele>
      </trkpt>
      <trkpt lat="42.71086496280756" lon="20.1214514590883">
        <ele>1212</ele>
      </trkpt>
      <trkpt lat="42.71088403585734" lon="20.12153633415983">
        <ele>1213</ele>
      </trkpt>
      <trkpt lat="42.71090406255961" lon="20.12162120923135">
        <ele>1214</ele>
      </trkpt>
      <trkpt lat="42.71093362578677" lon="20.12172706465763">
        <ele>1215</ele>
      </trkpt>
      <trkpt lat="42.71096414266642" lon="20.12183387373641">
        <ele>1215</ele>
      </trkpt>
      <trkpt lat="42.71098035475873" lon="20.12191111958802">
        <ele>1215</ele>
      </trkpt>
      <trkpt lat="42.71099752050354" lon="20.12198931909212">
        <ele>1215</ele>
      </trkpt>
      <trkpt lat="42.71099752050354" lon="20.12207705512111">
        <ele>1213</ele>
      </trkpt>
      <trkpt lat="42.71099847415603" lon="20.12216574480259">
        <ele>1211</ele>
      </trkpt>
      <trkpt lat="42.7109746328438" lon="20.12226683196643">
        <ele>1208</ele>
      </trkpt>
      <trkpt lat="42.71091169177952" lon="20.12235552164791">
        <ele>1202</ele>
      </trkpt>
      <trkpt lat="42.71081251192066" lon="20.12238699218004">
        <ele>1196</ele>
      </trkpt>
      <trkpt lat="42.71071333206181" lon="20.12241941636467">
        <ele>1192</ele>
      </trkpt>
      <trkpt lat="42.71060366202557" lon="20.12240701888231">
        <ele>1189</ele>
      </trkpt>
      <trkpt lat="42.71049399198932" lon="20.12239462139996">
        <ele>1186</ele>
      </trkpt>
      <trkpt lat="42.71041579248523" lon="20.12234503147053">
        <ele>1184</ele>
      </trkpt>
      <trkpt lat="42.71033996609193" lon="20.12229787115274">
        <ele>1182</ele>
      </trkpt>
      <trkpt lat="42.71033996615501" lon="20.12229787132063">
        <ele>1182</ele>
      </trkpt>
      <trkpt lat="42.71027846652681" lon="20.12213427427045">
        <ele>1181</ele>
      </trkpt>
      <trkpt lat="42.71025843982454" lon="20.12204367728399">
        <ele>1181</ele>
      </trkpt>
      <trkpt lat="42.71023841312227" lon="20.12195308029753">
        <ele>1180</ele>
      </trkpt>
      <trkpt lat="42.71024127407973" lon="20.12184150295632">
        <ele>1181</ele>
      </trkpt>
      <trkpt lat="42.71027083730689" lon="20.12173469387755">
        <ele>1183</ele>
      </trkpt>
      <trkpt lat="42.71031947358384" lon="20.12165077245851">
        <ele>1186</ele>
      </trkpt>
      <trkpt lat="42.71036906351326" lon="20.12156685103947">
        <ele>1188</ele>
      </trkpt>
      <trkpt lat="42.71039576578296" lon="20.12146385657066">
        <ele>1190</ele>
      </trkpt>
      <trkpt lat="42.71038813656305" lon="20.12135132557696">
        <ele>1190</ele>
      </trkpt>
      <trkpt lat="42.7103395002861" lon="20.12125023841312">
        <ele>1188</ele>
      </trkpt>
      <trkpt lat="42.7102794201793" lon="20.12115964142666">
        <ele>1185</ele>
      </trkpt>
      <trkpt lat="42.71022029372497" lon="20.12106999809269">
        <ele>1182</ele>
      </trkpt>
      <trkpt lat="42.71013637230594" lon="20.12096128170894">
        <ele>1178</ele>
      </trkpt>
      <trkpt lat="42.71005245088691" lon="20.12085351897768">
        <ele>1174</ele>
      </trkpt>
      <trkpt lat="42.70998188060272" lon="20.12075338546633">
        <ele>1170</ele>
      </trkpt>
      <trkpt lat="42.70991226397102" lon="20.12065420560747">
        <ele>1167</ele>
      </trkpt>
      <trkpt lat="42.70974507644912" lon="20.12034941518691">
        <ele>1160</ele>
      </trkpt>
      <trkpt lat="42.70974507644912" lon="20.12034941518691">
        <ele>1160</ele>
      </trkpt>
      <trkpt lat="42.70968052641618" lon="20.12023173755483">
        <ele>1157</ele>
      </trkpt>
      <trkpt lat="42.70957562464239" lon="20.12011062368872">
        <ele>1153</ele>
      </trkpt>
      <trkpt lat="42.70946976921611" lon="20.12002956322716">
        <ele>1149</ele>
      </trkpt>
      <trkpt lat="42.70936772839978" lon="20.11999999999999">
        <ele>1145</ele>
      </trkpt>
      <trkpt lat="42.70936772839978" lon="20.12000000000002">
        <ele>1145</ele>
      </trkpt>
      <trkpt lat="42.70913217623499" lon="20.11982834255199">
        <ele>1134</ele>
      </trkpt>
      <trkpt lat="42.70886324623308" lon="20.11966431432387">
        <ele>1130</ele>
      </trkpt>
      <trkpt lat="42.70881174899867" lon="20.11964905588405">
        <ele>1129</ele>
      </trkpt>
      <trkpt lat="42.70875262254435" lon="20.1196709898913">
        <ele>1129</ele>
      </trkpt>
      <trkpt lat="42.70871638374977" lon="20.11970913599086">
        <ele>1130</ele>
      </trkpt>
      <trkpt lat="42.70855521647912" lon="20.12000000000002">
        <ele>1133</ele>
      </trkpt>
      <trkpt lat="42.70855521647912" lon="20.11999999999999">
        <ele>1133</ele>
      </trkpt>
      <trkpt lat="42.70835399580394" lon="20.12035189776845">
        <ele>1131</ele>
      </trkpt>
      <trkpt lat="42.70826435246997" lon="20.12042914362006">
        <ele>1129</ele>
      </trkpt>
      <trkpt lat="42.7081489605188" lon="20.1204949456418">
        <ele>1126</ele>
      </trkpt>
      <trkpt lat="42.7081489605188" lon="20.1204949456418">
        <ele>1126</ele>
      </trkpt>
      <trkpt lat="42.70810413885181" lon="20.12042246805264">
        <ele>1126</ele>
      </trkpt>
      <trkpt lat="42.70802880030518" lon="20.12035285142094">
        <ele>1124</ele>
      </trkpt>
      <trkpt lat="42.70776654587069" lon="20.12014590883082">
        <ele>1119</ele>
      </trkpt>
      <trkpt lat="42.70762731260729" lon="20.11999999999999">
        <ele>1116</ele>
      </trkpt>
      <trkpt lat="42.70762731260729" lon="20.12000000000002">
        <ele>1116</ele>
      </trkpt>
      <trkpt lat="42.70755960328057" lon="20.11992942971582">
        <ele>1114</ele>
      </trkpt>
      <trkpt lat="42.7074699599466" lon="20.1198703032615">
        <ele>1112</ele>
      </trkpt>
      <trkpt lat="42.70738031661264" lon="20.11981213045967">
        <ele>1111</ele>
      </trkpt>
      <trkpt lat="42.70730116345604" lon="20.11977779897007">
        <ele>1109</ele>
      </trkpt>
      <trkpt lat="42.70722296395194" lon="20.11974346748046">
        <ele>1108</ele>
      </trkpt>
      <trkpt lat="42.70711138661073" lon="20.11971295060081">
        <ele>1105</ele>
      </trkpt>
      <trkpt lat="42.70699980926951" lon="20.11968243372117">
        <ele>1103</ele>
      </trkpt>
      <trkpt lat="42.70689395384323" lon="20.11969197024606">
        <ele>1101</ele>
      </trkpt>
      <trkpt lat="42.70678905206943" lon="20.11970246042344">
        <ele>1099</ele>
      </trkpt>
      <trkpt lat="42.70672325004769" lon="20.1197139042533">
        <ele>1098</ele>
      </trkpt>
      <trkpt lat="42.70665840167844" lon="20.11972534808317">
        <ele>1096</ele>
      </trkpt>
      <trkpt lat="42.70660118252909" lon="20.11969959946597">
        <ele>1096</ele>
      </trkpt>
      <trkpt lat="42.70656399008202" lon="20.11958802212475">
        <ele>1096</ele>
      </trkpt>
      <trkpt lat="42.70651249284762" lon="20.11929238985315">
        <ele>1095</ele>
      </trkpt>
      <trkpt lat="42.7064705321381" lon="20.11921895861149">
        <ele>1095</ele>
      </trkpt>
      <trkpt lat="42.70641522029374" lon="20.119175090597">
        <ele>1094</ele>
      </trkpt>
      <trkpt lat="42.70637898149915" lon="20.11917699790198">
        <ele>1093</ele>
      </trkpt>
      <trkpt lat="42.70606809078772" lon="20.11923230974634">
        <ele>1088</ele>
      </trkpt>
      <trkpt lat="42.70602517642572" lon="20.1192275414839">
        <ele>1087</ele>
      </trkpt>
      <trkpt lat="42.70591264543202" lon="20.11920656112914">
        <ele>1085</ele>
      </trkpt>
      <trkpt lat="42.7058001144383" lon="20.11918653442687">
        <ele>1083</ele>
      </trkpt>
      <trkpt lat="42.70554644287623" lon="20.11902155254626">
        <ele>1080</ele>
      </trkpt>
      <trkpt lat="42.70551306503911" lon="20.11896433339692">
        <ele>1079</ele>
      </trkpt>
      <trkpt lat="42.70547682624453" lon="20.1188537097082">
        <ele>1078</ele>
      </trkpt>
      <trkpt lat="42.70544154110243" lon="20.11874403967196">
        <ele>1077</ele>
      </trkpt>
      <trkpt lat="42.70539958039291" lon="20.11863723059319">
        <ele>1076</ele>
      </trkpt>
      <trkpt lat="42.70535857333589" lon="20.11853042151441">
        <ele>1075</ele>
      </trkpt>
      <trkpt lat="42.70536334159833" lon="20.11844077818045">
        <ele>1075</ele>
      </trkpt>
      <trkpt lat="42.70541674613771" lon="20.11833683005914">
        <ele>1075</ele>
      </trkpt>
      <trkpt lat="42.70547110432959" lon="20.11827293534238">
        <ele>1077</ele>
      </trkpt>
      <trkpt lat="42.70552546252146" lon="20.11820904062561">
        <ele>1079</ele>
      </trkpt>
      <trkpt lat="42.70560843028801" lon="20.11809937058937">
        <ele>1081</ele>
      </trkpt>
      <trkpt lat="42.70564085447264" lon="20.11802784665269">
        <ele>1083</ele>
      </trkpt>
      <trkpt lat="42.70564085447264" lon="20.11802784665269">
        <ele>1083</ele>
      </trkpt>
      <trkpt lat="42.705653251955" lon="20.11793057409881">
        <ele>1084</ele>
      </trkpt>
      <trkpt lat="42.705653251955" lon="20.11793057409881">
        <ele>1084</ele>
      </trkpt>
      <trkpt lat="42.70564943734504" lon="20.11783902345987">
        <ele>1086</ele>
      </trkpt>
      <trkpt lat="42.70563417890521" lon="20.11777322143812">
        <ele>1088</ele>
      </trkpt>
      <trkpt lat="42.70561892046539" lon="20.11770741941638">
        <ele>1089</ele>
      </trkpt>
      <trkpt lat="42.70561892046539" lon="20.11770741941638">
        <ele>1089</ele>
      </trkpt>
      <trkpt lat="42.70500476826246" lon="20.11804787335496">
        <ele>1083</ele>
      </trkpt>
      <trkpt lat="42.70500476826246" lon="20.11804787335496">
        <ele>1083</ele>
      </trkpt>
      <trkpt lat="42.70497139042534" lon="20.11800400534047">
        <ele>1085</ele>
      </trkpt>
      <trkpt lat="42.70491798588595" lon="20.1180097272554">
        <ele>1085</ele>
      </trkpt>
      <trkpt lat="42.70464905588404" lon="20.1180965096319">
        <ele>1082</ele>
      </trkpt>
      <trkpt lat="42.70416269311464" lon="20.11828724012971">
        <ele>1073</ele>
      </trkpt>
      <trkpt lat="42.7040616059508" lon="20.11826244516499">
        <ele>1076</ele>
      </trkpt>
      <trkpt lat="42.70398245279421" lon="20.11820236505818">
        <ele>1080</ele>
      </trkpt>
      <trkpt lat="42.70390329963762" lon="20.11814228495138">
        <ele>1084</ele>
      </trkpt>
      <trkpt lat="42.70384035857334" lon="20.11807171466719">
        <ele>1088</ele>
      </trkpt>
      <trkpt lat="42.70377837116155" lon="20.11800209803549">
        <ele>1092</ele>
      </trkpt>
      <trkpt lat="42.70370303261492" lon="20.11796395193593">
        <ele>1094</ele>
      </trkpt>
      <trkpt lat="42.70361720389091" lon="20.1179753957658">
        <ele>1094</ele>
      </trkpt>
      <trkpt lat="42.70354949456419" lon="20.11802975395767">
        <ele>1093</ele>
      </trkpt>
      <trkpt lat="42.70348178523746" lon="20.11808506580203">
        <ele>1092</ele>
      </trkpt>
      <trkpt lat="42.70339691016594" lon="20.11818138470343">
        <ele>1090</ele>
      </trkpt>
      <trkpt lat="42.70331298874691" lon="20.11827865725731">
        <ele>1089</ele>
      </trkpt>
      <trkpt lat="42.70323097463285" lon="20.11834159832159">
        <ele>1088</ele>
      </trkpt>
      <trkpt lat="42.70316898722106" lon="20.11835971771888">
        <ele>1088</ele>
      </trkpt>
      <trkpt lat="42.70310699980928" lon="20.11837783711617">
        <ele>1088</ele>
      </trkpt>
      <trkpt lat="42.70300686629793" lon="20.11840167842839">
        <ele>1088</ele>
      </trkpt>
      <trkpt lat="42.70290673278658" lon="20.11842551974062">
        <ele>1088</ele>
      </trkpt>
      <trkpt lat="42.70281327484265" lon="20.11845985123022">
        <ele>1089</ele>
      </trkpt>
      <trkpt lat="42.70271981689873" lon="20.11849513637232">
        <ele>1089</ele>
      </trkpt>
      <trkpt lat="42.70264829296205" lon="20.11850276559223">
        <ele>1089</ele>
      </trkpt>
      <trkpt lat="42.70257676902538" lon="20.11851039481214">
        <ele>1089</ele>
      </trkpt>
      <trkpt lat="42.70257676902538" lon="20.11851039481214">
        <ele>1089</ele>
      </trkpt>
      <trkpt lat="42.70254243753577" lon="20.11850371924472">
        <ele>1089</ele>
      </trkpt>
      <trkpt lat="42.7025138279611" lon="20.11843887087547">
        <ele>1090</ele>
      </trkpt>
      <trkpt lat="42.70245946976922" lon="20.11801163456038">
        <ele>1090</ele>
      </trkpt>
      <trkpt lat="42.70239652870494" lon="20.11758630555027">
        <ele>1090</ele>
      </trkpt>
      <trkpt lat="42.70230402441351" lon="20.11728113675378">
        <ele>1090</ele>
      </trkpt>
      <trkpt lat="42.70214476444784" lon="20.11703414075912">
        <ele>1087</ele>
      </trkpt>
      <trkpt lat="42.7019568949075" lon="20.11679095937442">
        <ele>1083</ele>
      </trkpt>
      <trkpt lat="42.7018186152966" lon="20.11662788479879">
        <ele>1079</ele>
      </trkpt>
      <trkpt lat="42.70175376692734" lon="20.11644001525845">
        <ele>1079</ele>
      </trkpt>
      <trkpt lat="42.701696547778" lon="20.11617776082397">
        <ele>1079</ele>
      </trkpt>
      <trkpt lat="42.70165172611101" lon="20.11613770741943">
        <ele>1077</ele>
      </trkpt>
      <trkpt lat="42.701608811749" lon="20.11616822429908">
        <ele>1074</ele>
      </trkpt>
      <trkpt lat="42.701608811749" lon="20.11650772458518">
        <ele>1071</ele>
      </trkpt>
      <trkpt lat="42.70164505054359" lon="20.11689300019074">
        <ele>1067</ele>
      </trkpt>
      <trkpt lat="42.70171275987031" lon="20.11709898912838">
        <ele>1067</ele>
      </trkpt>
      <trkpt lat="42.70170799160787" lon="20.11716097654016">
        <ele>1066</ele>
      </trkpt>
      <trkpt lat="42.70166316994088" lon="20.11717337402252">
        <ele>1064</ele>
      </trkpt>
      <trkpt lat="42.70162025557887" lon="20.11711806217816">
        <ele>1062</ele>
      </trkpt>
      <trkpt lat="42.70154491703224" lon="20.11696070951746">
        <ele>1061</ele>
      </trkpt>
      <trkpt lat="42.70144287621591" lon="20.11665840167844">
        <ele>1060</ele>
      </trkpt>
      <trkpt lat="42.70135514018693" lon="20.11645527369828">
        <ele>1057</ele>
      </trkpt>
      <trkpt lat="42.70119397291628" lon="20.11620255578869">
        <ele>1050</ele>
      </trkpt>
      <trkpt lat="42.70110814419226" lon="20.11592885752433">
        <ele>1047</ele>
      </trkpt>
      <trkpt lat="42.70101754720581" lon="20.11549113103187">
        <ele>1042</ele>
      </trkpt>
      <trkpt lat="42.70091073812704" lon="20.11455464428764">
        <ele>1036</ele>
      </trkpt>
      <trkpt lat="42.70087259202747" lon="20.11407877169561">
        <ele>1036</ele>
      </trkpt>
      <trkpt lat="42.70087449933245" lon="20.11384703414077">
        <ele>1034</ele>
      </trkpt>
      <trkpt lat="42.70086210185009" lon="20.11359908449363">
        <ele>1030</ele>
      </trkpt>
      <trkpt lat="42.70082490940302" lon="20.11338737364106">
        <ele>1023</ele>
      </trkpt>
      <trkpt lat="42.70083921419036" lon="20.1132014114057">
        <ele>1025</ele>
      </trkpt>
      <trkpt lat="42.70084207514783" lon="20.11303261491514">
        <ele>1028</ele>
      </trkpt>
      <trkpt lat="42.70083158497044" lon="20.1129572763685">
        <ele>1027</ele>
      </trkpt>
      <trkpt lat="42.70079820713333" lon="20.11292675948886">
        <ele>1027</ele>
      </trkpt>
      <trkpt lat="42.7007657829487" lon="20.11296776654589">
        <ele>1027</ele>
      </trkpt>
      <trkpt lat="42.70072763684914" lon="20.11316803356858">
        <ele>1024</ele>
      </trkpt>
      <trkpt lat="42.70067423230975" lon="20.11336257867634">
        <ele>1023</ele>
      </trkpt>
      <trkpt lat="42.70061892046539" lon="20.11346938775512">
        <ele>1023</ele>
      </trkpt>
      <trkpt lat="42.70056360862102" lon="20.11348178523747">
        <ele>1023</ele>
      </trkpt>
      <trkpt lat="42.70056360862102" lon="20.11348178523747">
        <ele>1023</ele>
      </trkpt>
      <trkpt lat="42.70061892046539" lon="20.11322334541294">
        <ele>1023</ele>
      </trkpt>
      <trkpt lat="42.70062273507535" lon="20.11302307839025">
        <ele>1025</ele>
      </trkpt>
      <trkpt lat="42.70059221819569" lon="20.11281995041008">
        <ele>1026</ele>
      </trkpt>
      <trkpt lat="42.7005483501812" lon="20.11242609193211">
        <ele>1027</ele>
      </trkpt>
      <trkpt lat="42.70049780659928" lon="20.11184245660883">
        <ele>1030</ele>
      </trkpt>
      <trkpt lat="42.70047682624453" lon="20.11117871447646">
        <ele>1046</ele>
      </trkpt>
      <trkpt lat="42.70041388518025" lon="20.1108878504673">
        <ele>1050</ele>
      </trkpt>
      <trkpt lat="42.70034999046349" lon="20.11068376883465">
        <ele>1049</ele>
      </trkpt>
      <trkpt lat="42.70023269120733" lon="20.11052164791151">
        <ele>1043</ele>
      </trkpt>
      <trkpt lat="42.70014972344079" lon="20.11038813656305">
        <ele>1038</ele>
      </trkpt>
      <trkpt lat="42.70011062368874" lon="20.11024032042725">
        <ele>1036</ele>
      </trkpt>
      <trkpt lat="42.70010871638376" lon="20.11004768262447">
        <ele>1039</ele>
      </trkpt>
      <trkpt lat="42.70007819950411" lon="20.10986648865155">
        <ele>1042</ele>
      </trkpt>
      <trkpt lat="42.70000000000001" lon="20.10971008964335">
        <ele>1042</ele>
      </trkpt>
      <trkpt lat="42.7" lon="20.10971008964335">
        <ele>1042</ele>
      </trkpt>
      <trkpt lat="42.69997901964524" lon="20.10966812893383">
        <ele>1043</ele>
      </trkpt>
      <trkpt lat="42.69991035666603" lon="20.10947167652109">
        <ele>1049</ele>
      </trkpt>
      <trkpt lat="42.69980450123975" lon="20.1092618729735">
        <ele>1052</ele>
      </trkpt>
      <trkpt lat="42.69968815563608" lon="20.10912454701508">
        <ele>1048</ele>
      </trkpt>
      <trkpt lat="42.69959660499714" lon="20.10896337974443">
        <ele>1045</ele>
      </trkpt>
      <trkpt lat="42.69941827198168" lon="20.10849227541485">
        <ele>1042</ele>
      </trkpt>
      <trkpt lat="42.69917890520694" lon="20.10794773984361">
        <ele>1037</ele>
      </trkpt>
      <trkpt lat="42.69907304978066" lon="20.10760728590503">
        <ele>1041</ele>
      </trkpt>
      <trkpt lat="42.69906446690825" lon="20.107392714095">
        <ele>1044</ele>
      </trkpt>
      <trkpt lat="42.6990778180431" lon="20.10718958611483">
        <ele>1049</ele>
      </trkpt>
      <trkpt lat="42.69906351325577" lon="20.1070360480641">
        <ele>1052</ele>
      </trkpt>
      <trkpt lat="42.69901296967385" lon="20.10691302689301">
        <ele>1052</ele>
      </trkpt>
      <trkpt lat="42.69887182910547" lon="20.10664314323862">
        <ele>1051</ele>
      </trkpt>
      <trkpt lat="42.69873641045203" lon="20.10644859813085">
        <ele>1051</ele>
      </trkpt>
      <trkpt lat="42.69846748045012" lon="20.1062359336258">
        <ele>1043</ele>
      </trkpt>
      <trkpt lat="42.69838165172611" lon="20.10608811749">
        <ele>1043</ele>
      </trkpt>
      <trkpt lat="42.69826149151249" lon="20.1058363532329">
        <ele>1045</ele>
      </trkpt>
      <trkpt lat="42.69819759679572" lon="20.10565229830251">
        <ele>1049</ele>
      </trkpt>
      <trkpt lat="42.69814323860385" lon="20.10556074766356">
        <ele>1051</ele>
      </trkpt>
      <trkpt lat="42.69814323860385" lon="20.10556074766356">
        <ele>1051</ele>
      </trkpt>
      <trkpt lat="42.69808411214953" lon="20.10551592599658">
        <ele>1050</ele>
      </trkpt>
      <trkpt lat="42.69808411214953" lon="20.10551592599658">
        <ele>1050</ele>
      </trkpt>
      <trkpt lat="42.69803356856761" lon="20.10549589929431">
        <ele>1048</ele>
      </trkpt>
      <trkpt lat="42.69796299828342" lon="20.10548445546444">
        <ele>1046</ele>
      </trkpt>
      <trkpt lat="42.69790101087164" lon="20.10545012397484">
        <ele>1045</ele>
      </trkpt>
      <trkpt lat="42.69782662597749" lon="20.10537001716576">
        <ele>1044</ele>
      </trkpt>
      <trkpt lat="42.6977131413313" lon="20.10521457181004">
        <ele>1043</ele>
      </trkpt>
      <trkpt lat="42.69759584207515" lon="20.10497139042534">
        <ele>1043</ele>
      </trkpt>
      <trkpt lat="42.69751668891855" lon="20.10472916269313">
        <ele>1047</ele>
      </trkpt>
      <trkpt lat="42.69743944306694" lon="20.10440492084686">
        <ele>1054</ele>
      </trkpt>
      <trkpt lat="42.69733358764066" lon="20.10417699790198">
        <ele>1057</ele>
      </trkpt>
      <trkpt lat="42.69717814228495" lon="20.10389948502767">
        <ele>1061</ele>
      </trkpt>
      <trkpt lat="42.69708277703604" lon="20.10380793438872">
        <ele>1061</ele>
      </trkpt>
      <trkpt lat="42.69692923898531" lon="20.10371638374977">
        <ele>1059</ele>
      </trkpt>
      <trkpt lat="42.69680621781423" lon="20.10359908449362">
        <ele>1059</ele>
      </trkpt>
      <trkpt lat="42.69671371352279" lon="20.10345699027276">
        <ele>1062</ele>
      </trkpt>
      <trkpt lat="42.6965391951173" lon="20.1033225252718">
        <ele>1062</ele>
      </trkpt>
      <trkpt lat="42.69622925805836" lon="20.10311176807173">
        <ele>1060</ele>
      </trkpt>
      <trkpt lat="42.69605664695785" lon="20.10303166126265">
        <ele>1056</ele>
      </trkpt>
      <trkpt lat="42.6959298111768" lon="20.10294201792868">
        <ele>1053</ele>
      </trkpt>
      <trkpt lat="42.69582014114057" lon="20.10277608239559">
        <ele>1053</ele>
      </trkpt>
      <trkpt lat="42.69577531947358" lon="20.10255388136564">
        <ele>1057</ele>
      </trkpt>
      <trkpt lat="42.69578962426092" lon="20.10227541483885">
        <ele>1060</ele>
      </trkpt>
      <trkpt lat="42.69584016784284" lon="20.10187583444594">
        <ele>1063</ele>
      </trkpt>
      <trkpt lat="42.69594506961663" lon="20.1014533663933">
        <ele>1074</ele>
      </trkpt>
      <trkpt lat="42.69599465954606" lon="20.10121590692353">
        <ele>1080</ele>
      </trkpt>
      <trkpt lat="42.69601659355331" lon="20.10096509631892">
        <ele>1085</ele>
      </trkpt>
      <trkpt lat="42.69598130841121" lon="20.10063227160024">
        <ele>1088</ele>
      </trkpt>
      <trkpt lat="42.69594316231165" lon="20.10042056074768">
        <ele>1090</ele>
      </trkpt>
      <trkpt lat="42.69586877741751" lon="20.10013255769599">
        <ele>1092</ele>
      </trkpt>
      <trkpt lat="42.69581251192066" lon="20.10000000000001">
        <ele>1091</ele>
      </trkpt>
      <trkpt lat="42.69581251192066" lon="20.1">
        <ele>1091</ele>
      </trkpt>
      <trkpt lat="42.69574194163646" lon="20.09983311081442">
        <ele>1092</ele>
      </trkpt>
      <trkpt lat="42.69558172801831" lon="20.0996614533664">
        <ele>1088</ele>
      </trkpt>
      <trkpt lat="42.69537669273316" lon="20.09921991226398">
        <ele>1088</ele>
      </trkpt>
      <trkpt lat="42.69528228113675" lon="20.09910833492276">
        <ele>1086</ele>
      </trkpt>
      <trkpt lat="42.6951296967385" lon="20.09900247949647">
        <ele>1081</ele>
      </trkpt>
      <trkpt lat="42.69503147053214" lon="20.09885180240321">
        <ele>1081</ele>
      </trkpt>
      <trkpt lat="42.69492466145336" lon="20.09853423612436">
        <ele>1088</ele>
      </trkpt>
      <trkpt lat="42.69481499141713" lon="20.09829963761206">
        <ele>1091</ele>
      </trkpt>
      <trkpt lat="42.6947215334732" lon="20.09796872019836">
        <ele>1097</ele>
      </trkpt>
      <trkpt lat="42.6946261682243" lon="20.09775987030326">
        <ele>1100</ele>
      </trkpt>
      <trkpt lat="42.69444497425138" lon="20.09750238413123">
        <ele>1101</ele>
      </trkpt>
      <trkpt lat="42.69429143620064" lon="20.09742037001717">
        <ele>1097</ele>
      </trkpt>
      <trkpt lat="42.69391188251001" lon="20.09734884608049">
        <ele>1087</ele>
      </trkpt>
      <trkpt lat="42.69381174899866" lon="20.0972525271791">
        <ele>1088</ele>
      </trkpt>
      <trkpt lat="42.69372305931718" lon="20.09715144001526">
        <ele>1088</ele>
      </trkpt>
      <trkpt lat="42.69357524318139" lon="20.09695594125501">
        <ele>1091</ele>
      </trkpt>
      <trkpt lat="42.6934169368682" lon="20.09668605760061">
        <ele>1095</ele>
      </trkpt>
      <trkpt lat="42.69333206179668" lon="20.09659259965669">
        <ele>1096</ele>
      </trkpt>
      <trkpt lat="42.69305836353232" lon="20.09644096891093">
        <ele>1089</ele>
      </trkpt>
      <trkpt lat="42.69296299828342" lon="20.09631985504483">
        <ele>1088</ele>
      </trkpt>
      <trkpt lat="42.69290196452413" lon="20.09614056837689">
        <ele>1090</ele>
      </trkpt>
      <trkpt lat="42.69287526225443" lon="20.09575147816136">
        <ele>1099</ele>
      </trkpt>
      <trkpt lat="42.692825672325" lon="20.09558172801831">
        <ele>1101</ele>
      </trkpt>
      <trkpt lat="42.69273984360099" lon="20.09538622925806">
        <ele>1102</ele>
      </trkpt>
      <trkpt lat="42.69263684913217" lon="20.09517547205798">
        <ele>1102</ele>
      </trkpt>
      <trkpt lat="42.69252908640091" lon="20.09484074003434">
        <ele>1104</ele>
      </trkpt>
      <trkpt lat="42.69245851611672" lon="20.09458420751479">
        <ele>1105</ele>
      </trkpt>
      <trkpt lat="42.69243086019454" lon="20.09441064276178">
        <ele>1107</ele>
      </trkpt>
      <trkpt lat="42.69244802593934" lon="20.09430097272554">
        <ele>1110</ele>
      </trkpt>
      <trkpt lat="42.69248331108144" lon="20.09419225634179">
        <ele>1113</ele>
      </trkpt>
      <trkpt lat="42.69250238413122" lon="20.09409879839787">
        <ele>1116</ele>
      </trkpt>
      <trkpt lat="42.69249475491131" lon="20.09400534045394">
        <ele>1118</ele>
      </trkpt>
      <trkpt lat="42.6924518405493" lon="20.09393858477971">
        <ele>1117</ele>
      </trkpt>
      <trkpt lat="42.69236410452031" lon="20.09385180240321">
        <ele>1115</ele>
      </trkpt>
      <trkpt lat="42.6922000762922" lon="20.0937392714095">
        <ele>1110</ele>
      </trkpt>
      <trkpt lat="42.69206561129124" lon="20.09362578676331">
        <ele>1107</ele>
      </trkpt>
      <trkpt lat="42.69188441731833" lon="20.09344173183293">
        <ele>1104</ele>
      </trkpt>
      <trkpt lat="42.69177856189204" lon="20.0932700743849">
        <ele>1103</ele>
      </trkpt>
      <trkpt lat="42.69171085256532" lon="20.09301068090788">
        <ele>1102</ele>
      </trkpt>
      <trkpt lat="42.69168796490558" lon="20.09278847987794">
        <ele>1103</ele>
      </trkpt>
      <trkpt lat="42.6917127598703" lon="20.09263112721725">
        <ele>1106</ele>
      </trkpt>
      <trkpt lat="42.69181861529658" lon="20.09232977303071">
        <ele>1115</ele>
      </trkpt>
      <trkpt lat="42.69186343696357" lon="20.09201983597178">
        <ele>1121</ele>
      </trkpt>
      <trkpt lat="42.69188060270837" lon="20.09172897196262">
        <ele>1126</ele>
      </trkpt>
      <trkpt lat="42.69181670799161" lon="20.09138184245661">
        <ele>1127</ele>
      </trkpt>
      <trkpt lat="42.69176234979973" lon="20.09119588022125">
        <ele>1127</ele>
      </trkpt>
      <trkpt lat="42.69162216288385" lon="20.09088022124738">
        <ele>1125</ele>
      </trkpt>
      <trkpt lat="42.69153824146481" lon="20.09056837688347">
        <ele>1122</ele>
      </trkpt>
      <trkpt lat="42.69144382986839" lon="20.09028800305169">
        <ele>1117</ele>
      </trkpt>
      <trkpt lat="42.69144192256341" lon="20.09010108716384">
        <ele>1118</ele>
      </trkpt>
      <trkpt lat="42.69147530040053" lon="20.08987697882892">
        <ele>1117</ele>
      </trkpt>
      <trkpt lat="42.6915563608621" lon="20.08976063322526">
        <ele>1119</ele>
      </trkpt>
      <trkpt lat="42.6922429906542" lon="20.08909116917796">
        <ele>1135</ele>
      </trkpt>
      <trkpt lat="42.69234217051307" lon="20.08891569711997">
        <ele>1135</ele>
      </trkpt>
      <trkpt lat="42.69244707228685" lon="20.08876788098417">
        <ele>1137</ele>
      </trkpt>
      <trkpt lat="42.69251192065611" lon="20.08862483311082">
        <ele>1137</ele>
      </trkpt>
      <trkpt lat="42.69252527179096" lon="20.08851802403204">
        <ele>1136</ele>
      </trkpt>
      <trkpt lat="42.69247758916651" lon="20.08797825672325">
        <ele>1129</ele>
      </trkpt>
      <trkpt lat="42.69246805264162" lon="20.08736791913027">
        <ele>1129</ele>
      </trkpt>
      <trkpt lat="42.69249666221629" lon="20.08724203700172">
        <ele>1130</ele>
      </trkpt>
      <trkpt lat="42.69260156399008" lon="20.08704272363151">
        <ele>1136</ele>
      </trkpt>
      <trkpt lat="42.69263017356475" lon="20.08693877551021">
        <ele>1137</ele>
      </trkpt>
      <trkpt lat="42.69262921991226" lon="20.08683864199886">
        <ele>1138</ele>
      </trkpt>
      <trkpt lat="42.69261777608239" lon="20.08674899866489">
        <ele>1138</ele>
      </trkpt>
      <trkpt lat="42.6925653251955" lon="20.08657257295442">
        <ele>1136</ele>
      </trkpt>
      <trkpt lat="42.69244039671943" lon="20.08625023841313">
        <ele>1132</ele>
      </trkpt>
      <trkpt lat="42.69241369444974" lon="20.08615201220676">
        <ele>1131</ele>
      </trkpt>
      <trkpt lat="42.69240415792485" lon="20.08605473965287">
        <ele>1131</ele>
      </trkpt>
      <trkpt lat="42.69241083349227" lon="20.08573812702652">
        <ele>1132</ele>
      </trkpt>
      <trkpt lat="42.6924346748045" lon="20.08552450886897">
        <ele>1134</ele>
      </trkpt>
      <trkpt lat="42.69253385466336" lon="20.08525081060462">
        <ele>1141</ele>
      </trkpt>
      <trkpt lat="42.69254529849323" lon="20.08514972344078">
        <ele>1142</ele>
      </trkpt>
      <trkpt lat="42.69253957657829" lon="20.08506008010681">
        <ele>1142</ele>
      </trkpt>
      <trkpt lat="42.69250905969864" lon="20.084957085638">
        <ele>1141</ele>
      </trkpt>
      <trkpt lat="42.69239652870494" lon="20.0846700362388">
        <ele>1138</ele>
      </trkpt>
      <trkpt lat="42.69227255388137" lon="20.08431146290292">
        <ele>1135</ele>
      </trkpt>
      <trkpt lat="42.69216860576006" lon="20.08407686439062">
        <ele>1132</ele>
      </trkpt>
      <trkpt lat="42.69213999618539" lon="20.08398245279421">
        <ele>1131</ele>
      </trkpt>
      <trkpt lat="42.69212855235552" lon="20.08386515353805">
        <ele>1131</ele>
      </trkpt>
      <trkpt lat="42.69211806217814" lon="20.08357715048637">
        <ele>1133</ele>
      </trkpt>
      <trkpt lat="42.69219912263971" lon="20.08271028037383">
        <ele>1137</ele>
      </trkpt>
      <trkpt lat="42.69219912263971" lon="20.08250715239367">
        <ele>1136</ele>
      </trkpt>
      <trkpt lat="42.69217814228495" lon="20.08234407781805">
        <ele>1134</ele>
      </trkpt>
      <trkpt lat="42.69209803547587" lon="20.0820875452985">
        <ele>1129</ele>
      </trkpt>
      <trkpt lat="42.69204749189395" lon="20.08187964905589">
        <ele>1125</ele>
      </trkpt>
      <trkpt lat="42.69204463093649" lon="20.08176234979974">
        <ele>1125</ele>
      </trkpt>
      <trkpt lat="42.69206656494373" lon="20.08164981880603">
        <ele>1125</ele>
      </trkpt>
      <trkpt lat="42.69221628838451" lon="20.0812960137326">
        <ele>1129</ele>
      </trkpt>
      <trkpt lat="42.69233644859813" lon="20.08095174518406">
        <ele>1130</ele>
      </trkpt>
      <trkpt lat="42.69238031661262" lon="20.08075052450887">
        <ele>1129</ele>
      </trkpt>
      <trkpt lat="42.69239938966241" lon="20.08014304787336">
        <ele>1120</ele>
      </trkpt>
      <trkpt lat="42.69242895288956" lon="20.08">
        <ele>1119</ele>
      </trkpt>
      <trkpt lat="42.69242895288956" lon="20.07999999999999">
        <ele>1119</ele>
      </trkpt>
      <trkpt lat="42.69244802593934" lon="20.07990654205607">
        <ele>1118</ele>
      </trkpt>
      <trkpt lat="42.69250810604616" lon="20.07973679191302">
        <ele>1118</ele>
      </trkpt>
      <trkpt lat="42.69258916650772" lon="20.07956894907495">
        <ele>1120</ele>
      </trkpt>
      <trkpt lat="42.69268834636658" lon="20.0794163646767">
        <ele>1123</ele>
      </trkpt>
      <trkpt lat="42.69273412168606" lon="20.07932576769025">
        <ele>1124</ele>
      </trkpt>
      <trkpt lat="42.69276463856571" lon="20.07916936868205">
        <ele>1123</ele>
      </trkpt>
      <trkpt lat="42.69282281136753" lon="20.07870017165744">
        <ele>1116</ele>
      </trkpt>
      <trkpt lat="42.69286381842456" lon="20.07849036810985">
        <ele>1113</ele>
      </trkpt>
      <trkpt lat="42.69293629601373" lon="20.07834350562654">
        <ele>1112</ele>
      </trkpt>
      <trkpt lat="42.69300019073049" lon="20.07826149151249">
        <ele>1114</ele>
      </trkpt>
      <trkpt lat="42.69313370207896" lon="20.07816040434865">
        <ele>1116</ele>
      </trkpt>
      <trkpt lat="42.69319759679573" lon="20.07808983406446">
        <ele>1117</ele>
      </trkpt>
      <trkpt lat="42.69330059126454" lon="20.07786763303451">
        <ele>1114</ele>
      </trkpt>
      <trkpt lat="42.69341026130078" lon="20.07768071714667">
        <ele>1113</ele>
      </trkpt>
      <trkpt lat="42.69351516307457" lon="20.07757390806789">
        <ele>1114</ele>
      </trkpt>
      <trkpt lat="42.6936515353805" lon="20.07752336448597">
        <ele>1118</ele>
      </trkpt>
      <trkpt lat="42.69390997520503" lon="20.07746137707419">
        <ele>1126</ele>
      </trkpt>
      <trkpt lat="42.69406542056075" lon="20.07737459469768">
        <ele>1129</ele>
      </trkpt>
      <trkpt lat="42.69423803166126" lon="20.07720484455464">
        <ele>1128</ele>
      </trkpt>
      <trkpt lat="42.69456322716002" lon="20.07681956894907">
        <ele>1123</ele>
      </trkpt>
      <trkpt lat="42.69456322716002" lon="20.07681956894907">
        <ele>1123</ele>
      </trkpt>
      <trkpt lat="42.69454510776273" lon="20.07678142284951">
        <ele>1121</ele>
      </trkpt>
      <trkpt lat="42.69454510776273" lon="20.07678142284951">
        <ele>1121</ele>
      </trkpt>
      <trkpt lat="42.69449361052832" lon="20.07666412359336">
        <ele>1116</ele>
      </trkpt>
      <trkpt lat="42.69449361052832" lon="20.07666412359336">
        <ele>1116</ele>
      </trkpt>
      <trkpt lat="42.69447263017356" lon="20.07661358001144">
        <ele>1116</ele>
      </trkpt>
      <trkpt lat="42.69421419034904" lon="20.07676711806217">
        <ele>1114</ele>
      </trkpt>
      <trkpt lat="42.6937917222964" lon="20.07692637802784">
        <ele>1116</ele>
      </trkpt>
      <trkpt lat="42.69372019835971" lon="20.07694354377264">
        <ele>1116</ele>
      </trkpt>
      <trkpt lat="42.69364962807553" lon="20.07696166316994">
        <ele>1115</ele>
      </trkpt>
      <trkpt lat="42.69358859431623" lon="20.076955941255">
        <ele>1115</ele>
      </trkpt>
      <trkpt lat="42.69351134846462" lon="20.07692351707037">
        <ele>1114</ele>
      </trkpt>
      <trkpt lat="42.69342265878313" lon="20.0768777417509">
        <ele>1114</ele>
      </trkpt>
      <trkpt lat="42.69333396910166" lon="20.07683196643142">
        <ele>1115</ele>
      </trkpt>
      <trkpt lat="42.69323574289529" lon="20.07682052260156">
        <ele>1117</ele>
      </trkpt>
      <trkpt lat="42.69312416555407" lon="20.07687201983596">
        <ele>1119</ele>
      </trkpt>
      <trkpt lat="42.69274556551592" lon="20.07721438107953">
        <ele>1119</ele>
      </trkpt>
      <trkpt lat="42.69235742895289" lon="20.07765687583444">
        <ele>1112</ele>
      </trkpt>
      <trkpt lat="42.6921209231356" lon="20.07790959374403">
        <ele>1108</ele>
      </trkpt>
      <trkpt lat="42.69205035285142" lon="20.0779906542056">
        <ele>1106</ele>
      </trkpt>
      <trkpt lat="42.69198073621972" lon="20.07807171466717">
        <ele>1105</ele>
      </trkpt>
      <trkpt lat="42.6918958611482" lon="20.07812321190158">
        <ele>1104</ele>
      </trkpt>
      <trkpt lat="42.69181193972916" lon="20.078129887469">
        <ele>1104</ele>
      </trkpt>
      <trkpt lat="42.69173946213999" lon="20.07809078771695">
        <ele>1105</ele>
      </trkpt>
      <trkpt lat="42.69169177951554" lon="20.07800877360289">
        <ele>1107</ele>
      </trkpt>
      <trkpt lat="42.69155254625214" lon="20.07755864962807">
        <ele>1117</ele>
      </trkpt>
      <trkpt lat="42.69150963189013" lon="20.0774775891665">
        <ele>1119</ele>
      </trkpt>
      <trkpt lat="42.69146767118062" lon="20.07739652870493">
        <ele>1120</ele>
      </trkpt>
      <trkpt lat="42.6913656303643" lon="20.07728209040625">
        <ele>1123</ele>
      </trkpt>
      <trkpt lat="42.69127121876788" lon="20.07720961281708">
        <ele>1124</ele>
      </trkpt>
      <trkpt lat="42.6911653633416" lon="20.07715430097272">
        <ele>1125</ele>
      </trkpt>
      <trkpt lat="42.6910957467099" lon="20.07712855235551">
        <ele>1126</ele>
      </trkpt>
      <trkpt lat="42.69102708373069" lon="20.0771037573908">
        <ele>1126</ele>
      </trkpt>
      <trkpt lat="42.69090978447453" lon="20.07708849895097">
        <ele>1126</ele>
      </trkpt>
      <trkpt lat="42.69082014114056" lon="20.07710185008582">
        <ele>1126</ele>
      </trkpt>
      <trkpt lat="42.6907037955369" lon="20.0771562082777">
        <ele>1125</ele>
      </trkpt>
      <trkpt lat="42.69058744993324" lon="20.07721056646957">
        <ele>1125</ele>
      </trkpt>
      <trkpt lat="42.69049303833683" lon="20.07723154682433">
        <ele>1126</ele>
      </trkpt>
      <trkpt lat="42.6904081632653" lon="20.07720389090215">
        <ele>1127</ele>
      </trkpt>
      <trkpt lat="42.69033187106618" lon="20.07714667175281">
        <ele>1127</ele>
      </trkpt>
      <trkpt lat="42.69023745946977" lon="20.07702651153919">
        <ele>1127</ele>
      </trkpt>
      <trkpt lat="42.68995994659546" lon="20.07647243944306">
        <ele>1126</ele>
      </trkpt>
      <trkpt lat="42.68965382414648" lon="20.07541579248521">
        <ele>1133</ele>
      </trkpt>
      <trkpt lat="42.6895298493229" lon="20.07502956322715">
        <ele>1130</ele>
      </trkpt>
      <trkpt lat="42.68919511729926" lon="20.07447835208849">
        <ele>1124</ele>
      </trkpt>
      <trkpt lat="42.68914648102231" lon="20.07437917222963">
        <ele>1124</ele>
      </trkpt>
      <trkpt lat="42.68909879839786" lon="20.07428094602326">
        <ele>1127</ele>
      </trkpt>
      <trkpt lat="42.68906446690826" lon="20.07416650772458">
        <ele>1129</ele>
      </trkpt>
      <trkpt lat="42.68903013541865" lon="20.0740520694259">
        <ele>1131</ele>
      </trkpt>
      <trkpt lat="42.68901869158879" lon="20.07359240892618">
        <ele>1137</ele>
      </trkpt>
      <trkpt lat="42.68887850467289" lon="20.07318519931336">
        <ele>1141</ele>
      </trkpt>
      <trkpt lat="42.68868872782758" lon="20.07280373831775">
        <ele>1142</ele>
      </trkpt>
      <trkpt lat="42.68865439633797" lon="20.07271504863627">
        <ele>1141</ele>
      </trkpt>
      <trkpt lat="42.68862006484837" lon="20.07262635895479">
        <ele>1141</ele>
      </trkpt>
      <trkpt lat="42.68862006484837" lon="20.07262635895479">
        <ele>1141</ele>
      </trkpt>
      <trkpt lat="42.68846461949266" lon="20.07210185008582">
        <ele>1143</ele>
      </trkpt>
      <trkpt lat="42.68846461949266" lon="20.07210185008582">
        <ele>1143</ele>
      </trkpt>
      <trkpt lat="42.68843982452794" lon="20.07203604806408">
        <ele>1143</ele>
      </trkpt>
      <trkpt lat="42.68843982452794" lon="20.07203604806408">
        <ele>1143</ele>
      </trkpt>
      <trkpt lat="42.68831394239939" lon="20.07211520122067">
        <ele>1139</ele>
      </trkpt>
      <trkpt lat="42.68816707991608" lon="20.07247949647148">
        <ele>1142</ele>
      </trkpt>
      <trkpt lat="42.68809937058936" lon="20.07266545870684">
        <ele>1146</ele>
      </trkpt>
      <trkpt lat="42.68808315849704" lon="20.07278561892046">
        <ele>1148</ele>
      </trkpt>
      <trkpt lat="42.68817184817852" lon="20.07335018119397">
        <ele>1145</ele>
      </trkpt>
      <trkpt lat="42.68835494945642" lon="20.0739214190349">
        <ele>1143</ele>
      </trkpt>
      <trkpt lat="42.68838069807362" lon="20.07421895861147">
        <ele>1146</ele>
      </trkpt>
      <trkpt lat="42.68825100133511" lon="20.07468910928857">
        <ele>1155</ele>
      </trkpt>
      <trkpt lat="42.68823860385275" lon="20.07493515163074">
        <ele>1157</ele>
      </trkpt>
      <trkpt lat="42.68831871066183" lon="20.07517833301544">
        <ele>1155</ele>
      </trkpt>
      <trkpt lat="42.68835781041388" lon="20.07560938394048">
        <ele>1155</ele>
      </trkpt>
      <trkpt lat="42.68835590310891" lon="20.07598035475872">
        <ele>1157</ele>
      </trkpt>
      <trkpt lat="42.68823002098036" lon="20.07636849132176">
        <ele>1165</ele>
      </trkpt>
      <trkpt lat="42.68815086782377" lon="20.07645622735075">
        <ele>1168</ele>
      </trkpt>
      <trkpt lat="42.68810890711425" lon="20.0765468243372">
        <ele>1170</ele>
      </trkpt>
      <trkpt lat="42.68812321190158" lon="20.07662788479877">
        <ele>1170</ele>
      </trkpt>
      <trkpt lat="42.68823955750524" lon="20.07667652107571">
        <ele>1167</ele>
      </trkpt>
      <trkpt lat="42.6884865534999" lon="20.07674041579248">
        <ele>1162</ele>
      </trkpt>
      <trkpt lat="42.68855903108907" lon="20.07682147625405">
        <ele>1162</ele>
      </trkpt>
      <trkpt lat="42.68859431623116" lon="20.07695689490749">
        <ele>1164</ele>
      </trkpt>
      <trkpt lat="42.68859145527369" lon="20.0770951745184">
        <ele>1168</ele>
      </trkpt>
      <trkpt lat="42.68864772077055" lon="20.07724966622162">
        <ele>1170</ele>
      </trkpt>
      <trkpt lat="42.6887564371543" lon="20.07734312416555">
        <ele>1169</ele>
      </trkpt>
      <trkpt lat="42.68895479687202" lon="20.07747568186152">
        <ele>1166</ele>
      </trkpt>
      <trkpt lat="42.68909307648293" lon="20.07760442494754">
        <ele>1165</ele>
      </trkpt>
      <trkpt lat="42.68929906542056" lon="20.07797444211329">
        <ele>1169</ele>
      </trkpt>
      <trkpt lat="42.68969673850849" lon="20.07825386229257">
        <ele>1163</ele>
      </trkpt>
      <trkpt lat="42.68979210375739" lon="20.07842456608811">
        <ele>1163</ele>
      </trkpt>
      <trkpt lat="42.68985409116917" lon="20.07849990463474">
        <ele>1162</ele>
      </trkpt>
      <trkpt lat="42.6899647148579" lon="20.07853995803928">
        <ele>1158</ele>
      </trkpt>
      <trkpt lat="42.69003623879458" lon="20.07861911119587">
        <ele>1156</ele>
      </trkpt>
      <trkpt lat="42.69009155063895" lon="20.07880507343123">
        <ele>1155</ele>
      </trkpt>
      <trkpt lat="42.69010776273126" lon="20.07901106236887">
        <ele>1156</ele>
      </trkpt>
      <trkpt lat="42.69009822620637" lon="20.07930192637802">
        <ele>1161</ele>
      </trkpt>
      <trkpt lat="42.69022410833492" lon="20.0799389662407">
        <ele>1162</ele>
      </trkpt>
      <trkpt lat="42.69022887659737" lon="20.07999999999999">
        <ele>1163</ele>
      </trkpt>
      <trkpt lat="42.69022887659737" lon="20.08">
        <ele>1163</ele>
      </trkpt>
      <trkpt lat="42.69023936677475" lon="20.0801573526607">
        <ele>1160</ele>
      </trkpt>
      <trkpt lat="42.69021266450505" lon="20.08033759298112">
        <ele>1160</ele>
      </trkpt>
      <trkpt lat="42.69009822620637" lon="20.08054072096128">
        <ele>1164</ele>
      </trkpt>
      <trkpt lat="42.68983024985695" lon="20.08080488270075">
        <ele>1175</ele>
      </trkpt>
      <trkpt lat="42.68955464428762" lon="20.08116440968911">
        <ele>1184</ele>
      </trkpt>
      <trkpt lat="42.68944211329391" lon="20.08143906160596">
        <ele>1185</ele>
      </trkpt>
      <trkpt lat="42.68935056265497" lon="20.08163265306123">
        <ele>1185</ele>
      </trkpt>
      <trkpt lat="42.68921132939157" lon="20.0817919130269">
        <ele>1190</ele>
      </trkpt>
      <trkpt lat="42.68908449361053" lon="20.08195880221248">
        <ele>1196</ele>
      </trkpt>
      <trkpt lat="42.68905683768834" lon="20.08198073621973">
        <ele>1198</ele>
      </trkpt>
      <trkpt lat="42.68903013541865" lon="20.08197119969483">
        <ele>1199</ele>
      </trkpt>
      <trkpt lat="42.68901106236887" lon="20.08189776845318">
        <ele>1201</ele>
      </trkpt>
      <trkpt lat="42.68902345985123" lon="20.08180812511921">
        <ele>1201</ele>
      </trkpt>
      <trkpt lat="42.68913026893" lon="20.08161262635896">
        <ele>1196</ele>
      </trkpt>
      <trkpt lat="42.68918844173183" lon="20.08143906160596">
        <ele>1196</ele>
      </trkpt>
      <trkpt lat="42.68924470722868" lon="20.08118348273889">
        <ele>1199</ele>
      </trkpt>
      <trkpt lat="42.68931050925043" lon="20.08076387564372">
        <ele>1203</ele>
      </trkpt>
      <trkpt lat="42.68931718481785" lon="20.08059984741561">
        <ele>1203</ele>
      </trkpt>
      <trkpt lat="42.68928857524318" lon="20.08043868014496">
        <ele>1205</ele>
      </trkpt>
      <trkpt lat="42.68922468052642" lon="20.08027942017929">
        <ele>1209</ele>
      </trkpt>
      <trkpt lat="42.68899675758153" lon="20.08">
        <ele>1217</ele>
      </trkpt>
      <trkpt lat="42.68899675758153" lon="20.07999999999999">
        <ele>1217</ele>
      </trkpt>
      <trkpt lat="42.68897768453176" lon="20.07997711234026">
        <ele>1218</ele>
      </trkpt>
      <trkpt lat="42.68890616059507" lon="20.07985790577913">
        <ele>1219</ele>
      </trkpt>
      <trkpt lat="42.6888346366584" lon="20.07973965287049">
        <ele>1220</ele>
      </trkpt>
      <trkpt lat="42.68877551020408" lon="20.07967003623879">
        <ele>1221</ele>
      </trkpt>
      <trkpt lat="42.68871829105474" lon="20.07963570474918">
        <ele>1223</ele>
      </trkpt>
      <trkpt lat="42.68867537669273" lon="20.07963284379171">
        <ele>1224</ele>
      </trkpt>
      <trkpt lat="42.6886601182529" lon="20.07964333396909">
        <ele>1225</ele>
      </trkpt>
      <trkpt lat="42.688652489033" lon="20.07966622162883">
        <ele>1225</ele>
      </trkpt>
      <trkpt lat="42.68865630364295" lon="20.07971390425328">
        <ele>1226</ele>
      </trkpt>
      <trkpt lat="42.68873354949456" lon="20.07999999999999">
        <ele>1226</ele>
      </trkpt>
      <trkpt lat="42.68873354949456" lon="20.08">
        <ele>1226</ele>
      </trkpt>
      <trkpt lat="42.68875166889185" lon="20.08012111386611">
        <ele>1226</ele>
      </trkpt>
      <trkpt lat="42.68876978828914" lon="20.08024222773222">
        <ele>1226</ele>
      </trkpt>
      <trkpt lat="42.68876883463665" lon="20.08036143429335">
        <ele>1226</ele>
      </trkpt>
      <trkpt lat="42.68876788098417" lon="20.08048159450696">
        <ele>1227</ele>
      </trkpt>
      <trkpt lat="42.68874117871447" lon="20.08059126454321">
        <ele>1229</ele>
      </trkpt>
      <trkpt lat="42.68871543009727" lon="20.08070093457944">
        <ele>1230</ele>
      </trkpt>
      <trkpt lat="42.68868109860767" lon="20.08079629982835">
        <ele>1232</ele>
      </trkpt>
      <trkpt lat="42.68864676711806" lon="20.08089166507725">
        <ele>1233</ele>
      </trkpt>
      <trkpt lat="42.68861625023841" lon="20.08095365248904">
        <ele>1234</ele>
      </trkpt>
      <trkpt lat="42.68858668701125" lon="20.08101563990082">
        <ele>1235</ele>
      </trkpt>
      <trkpt lat="42.68852946786191" lon="20.08107762731261">
        <ele>1237</ele>
      </trkpt>
      <trkpt lat="42.68847320236505" lon="20.08110528323479">
        <ele>1240</ele>
      </trkpt>
      <trkpt lat="42.68845126835781" lon="20.0810871638375">
        <ele>1241</ele>
      </trkpt>
      <trkpt lat="42.68843600991799" lon="20.08105664695785">
        <ele>1242</ele>
      </trkpt>
      <trkpt lat="42.68843887087545" lon="20.08094030135419">
        <ele>1243</ele>
      </trkpt>
      <trkpt lat="42.68844173183292" lon="20.08082395575053">
        <ele>1244</ele>
      </trkpt>
      <trkpt lat="42.68842742704558" lon="20.08072000762922">
        <ele>1243</ele>
      </trkpt>
      <trkpt lat="42.68841407591074" lon="20.08061701316041">
        <ele>1243</ele>
      </trkpt>
      <trkpt lat="42.68837879076864" lon="20.08054072096128">
        <ele>1243</ele>
      </trkpt>
      <trkpt lat="42.68834350562655" lon="20.08046538241465">
        <ele>1244</ele>
      </trkpt>
      <trkpt lat="42.68828342551974" lon="20.08039862674042">
        <ele>1245</ele>
      </trkpt>
      <trkpt lat="42.68822334541293" lon="20.08033282471868">
        <ele>1246</ele>
      </trkpt>
      <trkpt lat="42.68813560938394" lon="20.08029849322907">
        <ele>1249</ele>
      </trkpt>
      <trkpt lat="42.68804882700744" lon="20.08026511539196">
        <ele>1251</ele>
      </trkpt>
      <trkpt lat="42.68798302498569" lon="20.08022410833492">
        <ele>1252</ele>
      </trkpt>
      <trkpt lat="42.68791817661644" lon="20.08018405493039">
        <ele>1254</ele>
      </trkpt>
      <trkpt lat="42.68784283806981" lon="20.08010299446882">
        <ele>1255</ele>
      </trkpt>
      <trkpt lat="42.68781041388518" lon="20.08">
        <ele>1254</ele>
      </trkpt>
      <trkpt lat="42.68781041388518" lon="20.07999999999999">
        <ele>1254</ele>
      </trkpt>
      <trkpt lat="42.68777703604806" lon="20.07989605187869">
        <ele>1253</ele>
      </trkpt>
      <trkpt lat="42.68774651916841" lon="20.07983120350944">
        <ele>1253</ele>
      </trkpt>
      <trkpt lat="42.68771695594126" lon="20.07976635514018">
        <ele>1253</ele>
      </trkpt>
      <trkpt lat="42.68762635895479" lon="20.07969673850848">
        <ele>1254</ele>
      </trkpt>
      <trkpt lat="42.68754148388327" lon="20.07968243372115">
        <ele>1256</ele>
      </trkpt>
      <trkpt lat="42.68745756246424" lon="20.07966812893381">
        <ele>1259</ele>
      </trkpt>
      <trkpt lat="42.68737078008773" lon="20.07964142666412">
        <ele>1261</ele>
      </trkpt>
      <trkpt lat="42.68728399771123" lon="20.07961472439442">
        <ele>1263</ele>
      </trkpt>
      <trkpt lat="42.68721056646957" lon="20.07958325386229">
        <ele>1264</ele>
      </trkpt>
      <trkpt lat="42.68713808888041" lon="20.07955178333015">
        <ele>1266</ele>
      </trkpt>
      <trkpt lat="42.68707610146862" lon="20.07948979591836">
        <ele>1266</ele>
      </trkpt>
      <trkpt lat="42.68701411405684" lon="20.07942876215906">
        <ele>1267</ele>
      </trkpt>
      <trkpt lat="42.68681289338165" lon="20.07915887850467">
        <ele>1267</ele>
      </trkpt>
      <trkpt lat="42.68656303642953" lon="20.07891951172992">
        <ele>1268</ele>
      </trkpt>
      <trkpt lat="42.68648483692542" lon="20.07888994850276">
        <ele>1270</ele>
      </trkpt>
      <trkpt lat="42.68644573717337" lon="20.07891665077245">
        <ele>1272</ele>
      </trkpt>
      <trkpt lat="42.68643810795346" lon="20.07897386992179">
        <ele>1274</ele>
      </trkpt>
      <trkpt lat="42.68654873164219" lon="20.0792513827961">
        <ele>1276</ele>
      </trkpt>
      <trkpt lat="42.68670703795537" lon="20.07974156017546">
        <ele>1282</ele>
      </trkpt>
      <trkpt lat="42.6867213427427" lon="20.0798340644669">
        <ele>1284</ele>
      </trkpt>
      <trkpt lat="42.68670322334541" lon="20.07990558840358">
        <ele>1286</ele>
      </trkpt>
      <trkpt lat="42.68665935533092" lon="20.07991798588593">
        <ele>1288</ele>
      </trkpt>
      <trkpt lat="42.68662025557887" lon="20.07989891283616">
        <ele>1289</ele>
      </trkpt>
      <trkpt lat="42.68641903490368" lon="20.07965573145145">
        <ele>1290</ele>
      </trkpt>
      <trkpt lat="42.68614056837688" lon="20.07942494754911">
        <ele>1294</ele>
      </trkpt>
      <trkpt lat="42.68609002479496" lon="20.07939824527941">
        <ele>1295</ele>
      </trkpt>
      <trkpt lat="42.68605092504291" lon="20.07939443066946">
        <ele>1296</ele>
      </trkpt>
      <trkpt lat="42.68603185199313" lon="20.07942780850657">
        <ele>1297</ele>
      </trkpt>
      <trkpt lat="42.68603185199313" lon="20.07950982262063">
        <ele>1300</ele>
      </trkpt>
      <trkpt lat="42.68620541674613" lon="20.07999999999999">
        <ele>1306</ele>
      </trkpt>
      <trkpt lat="42.68620541674613" lon="20.08">
        <ele>1306</ele>
      </trkpt>
      <trkpt lat="42.68639519359145" lon="20.08057886706085">
        <ele>1315</ele>
      </trkpt>
      <trkpt lat="42.68654968529468" lon="20.08094888422659">
        <ele>1319</ele>
      </trkpt>
      <trkpt lat="42.68685103948121" lon="20.08157829486935">
        <ele>1321</ele>
      </trkpt>
      <trkpt lat="42.68695498760251" lon="20.08185390043868">
        <ele>1319</ele>
      </trkpt>
      <trkpt lat="42.68696833873736" lon="20.08195117299256">
        <ele>1319</ele>
      </trkpt>
      <trkpt lat="42.6869816898722" lon="20.08204844554644">
        <ele>1319</ele>
      </trkpt>
      <trkpt lat="42.68696070951745" lon="20.08215334732024">
        <ele>1321</ele>
      </trkpt>
      <trkpt lat="42.68693972916269" lon="20.08225920274652">
        <ele>1322</ele>
      </trkpt>
      <trkpt lat="42.68690158306313" lon="20.082347892428">
        <ele>1325</ele>
      </trkpt>
      <trkpt lat="42.68686343696357" lon="20.08243658210948">
        <ele>1328</ele>
      </trkpt>
      <trkpt lat="42.68651344650009" lon="20.08290768643906">
        <ele>1339</ele>
      </trkpt>
      <trkpt lat="42.68612054167461" lon="20.08324909403014">
        <ele>1351</ele>
      </trkpt>
      <trkpt lat="42.68604806408545" lon="20.08336639328629">
        <ele>1352</ele>
      </trkpt>
      <trkpt lat="42.68597558649628" lon="20.08348464619493">
        <ele>1353</ele>
      </trkpt>
      <trkpt lat="42.68591169177952" lon="20.08354472630174">
        <ele>1354</ele>
      </trkpt>
      <trkpt lat="42.68585924089262" lon="20.08357238222392">
        <ele>1356</ele>
      </trkpt>
      <trkpt lat="42.68582014114057" lon="20.08355426282663">
        <ele>1358</ele>
      </trkpt>
      <trkpt lat="42.68579725348083" lon="20.08352088498951">
        <ele>1360</ele>
      </trkpt>
      <trkpt lat="42.68579916078581" lon="20.08346080488271">
        <ele>1361</ele>
      </trkpt>
      <trkpt lat="42.6858172801831" lon="20.08339404920847">
        <ele>1362</ele>
      </trkpt>
      <trkpt lat="42.68583635323288" lon="20.08332824718673">
        <ele>1363</ele>
      </trkpt>
      <trkpt lat="42.68586687011253" lon="20.08325100133512">
        <ele>1363</ele>
      </trkpt>
      <trkpt lat="42.68589738699218" lon="20.0831737554835">
        <ele>1363</ele>
      </trkpt>
      <trkpt lat="42.68618920465382" lon="20.0827484264734">
        <ele>1357</ele>
      </trkpt>
      <trkpt lat="42.68621399961854" lon="20.08268643906161">
        <ele>1357</ele>
      </trkpt>
      <trkpt lat="42.68623974823574" lon="20.08262540530231">
        <ele>1357</ele>
      </trkpt>
      <trkpt lat="42.68624260919321" lon="20.08255864962808">
        <ele>1358</ele>
      </trkpt>
      <trkpt lat="42.68624642380316" lon="20.08249189395385">
        <ele>1359</ele>
      </trkpt>
      <trkpt lat="42.68622067518596" lon="20.08237268739272">
        <ele>1359</ele>
      </trkpt>
      <trkpt lat="42.686086210185" lon="20.08201411405684">
        <ele>1363</ele>
      </trkpt>
      <trkpt lat="42.6860347129506" lon="20.08194163646768">
        <ele>1365</ele>
      </trkpt>
      <trkpt lat="42.68598321571619" lon="20.081870112531">
        <ele>1366</ele>
      </trkpt>
      <trkpt lat="42.6858687774175" lon="20.08177188632463">
        <ele>1371</ele>
      </trkpt>
      <trkpt lat="42.68575529277131" lon="20.08167366011826">
        <ele>1375</ele>
      </trkpt>
      <trkpt lat="42.68550162120923" lon="20.08143429334351">
        <ele>1377</ele>
      </trkpt>
      <trkpt lat="42.68524508868968" lon="20.08125882128553">
        <ele>1382</ele>
      </trkpt>
      <trkpt lat="42.6851392332634" lon="20.08115582681671">
        <ele>1384</ele>
      </trkpt>
      <trkpt lat="42.68503337783712" lon="20.08105378600039">
        <ele>1386</ele>
      </trkpt>
      <trkpt lat="42.68492942971581" lon="20.08099847415602">
        <ele>1388</ele>
      </trkpt>
      <trkpt lat="42.68482738889949" lon="20.08098512302118">
        <ele>1388</ele>
      </trkpt>
      <trkpt lat="42.68472439443067" lon="20.08102231546825">
        <ele>1390</ele>
      </trkpt>
      <trkpt lat="42.68462235361434" lon="20.08106046156781">
        <ele>1392</ele>
      </trkpt>
      <trkpt lat="42.68452889567042" lon="20.08107476635514">
        <ele>1393</ele>
      </trkpt>
      <trkpt lat="42.68426759488842" lon="20.08103662025558">
        <ele>1395</ele>
      </trkpt>
      <trkpt lat="42.68415124928476" lon="20.08107381270266">
        <ele>1397</ele>
      </trkpt>
      <trkpt lat="42.68403490368109" lon="20.08111100514973">
        <ele>1399</ele>
      </trkpt>
      <trkpt lat="42.68378027846652" lon="20.08112626358955">
        <ele>1402</ele>
      </trkpt>
      <trkpt lat="42.68374117871448" lon="20.08117299256151">
        <ele>1403</ele>
      </trkpt>
      <trkpt lat="42.68373259584207" lon="20.08122735075339">
        <ele>1404</ele>
      </trkpt>
      <trkpt lat="42.68378027846652" lon="20.08126549685295">
        <ele>1404</ele>
      </trkpt>
      <trkpt lat="42.68385847797062" lon="20.08126454320046">
        <ele>1403</ele>
      </trkpt>
      <trkpt lat="42.68393763112721" lon="20.08126358954797">
        <ele>1402</ele>
      </trkpt>
      <trkpt lat="42.68399008201411" lon="20.0812960137326">
        <ele>1403</ele>
      </trkpt>
      <trkpt lat="42.68403871829105" lon="20.08134655731452">
        <ele>1403</ele>
      </trkpt>
      <trkpt lat="42.68407495708563" lon="20.08141522029373">
        <ele>1404</ele>
      </trkpt>
      <trkpt lat="42.68408926187297" lon="20.08149437345032">
        <ele>1405</ele>
      </trkpt>
      <trkpt lat="42.68408926187297" lon="20.08149437345032">
        <ele>1405</ele>
      </trkpt>
      <trkpt lat="42.68396910165935" lon="20.08149246614534">
        <ele>1406</ele>
      </trkpt>
      <trkpt lat="42.68384989509823" lon="20.08149055884036">
        <ele>1407</ele>
      </trkpt>
      <trkpt lat="42.68376120541674" lon="20.08150963189014">
        <ele>1408</ele>
      </trkpt>
      <trkpt lat="42.68367346938776" lon="20.08152965859241">
        <ele>1409</ele>
      </trkpt>
      <trkpt lat="42.68334922754148" lon="20.08154777798971">
        <ele>1412</ele>
      </trkpt>
      <trkpt lat="42.68329773030707" lon="20.08156208277704">
        <ele>1413</ele>
      </trkpt>
      <trkpt lat="42.68325576959756" lon="20.08159069235171">
        <ele>1415</ele>
      </trkpt>
      <trkpt lat="42.68318710661835" lon="20.08168224299066">
        <ele>1419</ele>
      </trkpt>
      <trkpt lat="42.68311081441922" lon="20.08175281327485">
        <ele>1423</ele>
      </trkpt>
      <trkpt lat="42.68308029753958" lon="20.08177856189205">
        <ele>1425</ele>
      </trkpt>
      <trkpt lat="42.68298779324814" lon="20.08183196643144">
        <ele>1430</ele>
      </trkpt>
      <trkpt lat="42.68291150104901" lon="20.08185390043868">
        <ele>1433</ele>
      </trkpt>
      <trkpt lat="42.68281804310509" lon="20.0818348273889">
        <ele>1436</ele>
      </trkpt>
      <trkpt lat="42.68272553881366" lon="20.08181575433912">
        <ele>1439</ele>
      </trkpt>
      <trkpt lat="42.68270265115392" lon="20.0818262445165">
        <ele>1440</ele>
      </trkpt>
      <trkpt lat="42.68268834636658" lon="20.08185866870113">
        <ele>1442</ele>
      </trkpt>
      <trkpt lat="42.68269692923899" lon="20.08193782185772">
        <ele>1443</ele>
      </trkpt>
      <trkpt lat="42.68270646576387" lon="20.08201697501431">
        <ele>1445</ele>
      </trkpt>
      <trkpt lat="42.68270646576387" lon="20.08201697501431">
        <ele>1445</ele>
      </trkpt>
      <trkpt lat="42.68243181384703" lon="20.08197787526226">
        <ele>1454</ele>
      </trkpt>
      <trkpt lat="42.682347892428" lon="20.08198645813466">
        <ele>1458</ele>
      </trkpt>
      <trkpt lat="42.68223250047682" lon="20.08205416746138">
        <ele>1463</ele>
      </trkpt>
      <trkpt lat="42.6821304596605" lon="20.08215620827771">
        <ele>1469</ele>
      </trkpt>
      <trkpt lat="42.68203318710662" lon="20.08227446118635">
        <ele>1473</ele>
      </trkpt>
      <trkpt lat="42.68193686820523" lon="20.08239271409499">
        <ele>1477</ele>
      </trkpt>
      <trkpt lat="42.68189967575815" lon="20.08240225061988">
        <ele>1478</ele>
      </trkpt>
      <trkpt lat="42.68187869540339" lon="20.08237268739272">
        <ele>1479</ele>
      </trkpt>
      <trkpt lat="42.68179191302689" lon="20.08206561129125">
        <ele>1480</ele>
      </trkpt>
      <trkpt lat="42.68175662788479" lon="20.0819998092695">
        <ele>1481</ele>
      </trkpt>
      <trkpt lat="42.6817213427427" lon="20.08193400724776">
        <ele>1482</ele>
      </trkpt>
      <trkpt lat="42.68166698455083" lon="20.08188537097082">
        <ele>1485</ele>
      </trkpt>
      <trkpt lat="42.68159832157162" lon="20.08187106618348">
        <ele>1489</ele>
      </trkpt>
      <trkpt lat="42.68155731451459" lon="20.08189776845318">
        <ele>1491</ele>
      </trkpt>
      <trkpt lat="42.6815391951173" lon="20.08194735838261">
        <ele>1492</ele>
      </trkpt>
      <trkpt lat="42.68152107572001" lon="20.08223726873927">
        <ele>1491</ele>
      </trkpt>
      <trkpt lat="42.68152107572001" lon="20.08223726873927">
        <ele>1491</ele>
      </trkpt>
      <trkpt lat="42.68146862483311" lon="20.08229067327866">
        <ele>1493</ele>
      </trkpt>
      <trkpt lat="42.68132271600228" lon="20.08228304405875">
        <ele>1500</ele>
      </trkpt>
      <trkpt lat="42.681216860576" lon="20.0823745946977">
        <ele>1503</ele>
      </trkpt>
      <trkpt lat="42.68103948121304" lon="20.08229925615106">
        <ele>1512</ele>
      </trkpt>
      <trkpt lat="42.68087926759489" lon="20.08242513827961">
        <ele>1516</ele>
      </trkpt>
      <trkpt lat="42.68082300209803" lon="20.08269406828152">
        <ele>1516</ele>
      </trkpt>
      <trkpt lat="42.68058744993324" lon="20.0828266259775">
        <ele>1527</ele>
      </trkpt>
      <trkpt lat="42.68052927713141" lon="20.08308315849705">
        <ele>1528</ele>
      </trkpt>
      <trkpt lat="42.68026320808697" lon="20.08324909403014">
        <ele>1534</ele>
      </trkpt>
      <trkpt lat="42.68026320808697" lon="20.08324909403014">
        <ele>1534</ele>
      </trkpt>
      <trkpt lat="42.68001239748236" lon="20.08300781995041">
        <ele>1547</ele>
      </trkpt>
      <trkpt lat="42.68" lon="20.08301068090788">
        <ele>1548</ele>
      </trkpt>
      <trkpt lat="42.68000000000001" lon="20.08301068090788">
        <ele>1548</ele>
      </trkpt>
      <trkpt lat="42.67992561510587" lon="20.08302784665268">
        <ele>1550</ele>
      </trkpt>
      <trkpt lat="42.679783520885" lon="20.08333492275415">
        <ele>1549</ele>
      </trkpt>
      <trkpt lat="42.67892904825483" lon="20.08341121495327">
        <ele>1582</ele>
      </trkpt>
      <trkpt lat="42.67837402250621" lon="20.08362387945833">
        <ele>1599</ele>
      </trkpt>
      <trkpt lat="42.67812607285907" lon="20.08382986839596">
        <ele>1605</ele>
      </trkpt>
      <trkpt lat="42.67792962044633" lon="20.08397673087927">
        <ele>1608</ele>
      </trkpt>
      <trkpt lat="42.67792962044633" lon="20.08397673087927">
        <ele>1608</ele>
      </trkpt>
      <trkpt lat="42.67789147434677" lon="20.08415887850468">
        <ele>1605</ele>
      </trkpt>
      <trkpt lat="42.67753862292582" lon="20.08466717528133">
        <ele>1612</ele>
      </trkpt>
      <trkpt lat="42.6771838641999" lon="20.08499427808507">
        <ele>1620</ele>
      </trkpt>
      <trkpt lat="42.6768710661835" lon="20.08508106046157">
        <ele>1627</ele>
      </trkpt>
      <trkpt lat="42.6768710661835" lon="20.08508106046157">
        <ele>1627</ele>
      </trkpt>
      <trkpt lat="42.67636563036431" lon="20.08516021361816">
        <ele>1640</ele>
      </trkpt>
      <trkpt lat="42.67592504291438" lon="20.08534903681099">
        <ele>1649</ele>
      </trkpt>
      <trkpt lat="42.67571142475683" lon="20.08573717337402">
        <ele>1651</ele>
      </trkpt>
      <trkpt lat="42.67500095365251" lon="20.08602422277323">
        <ele>1667</ele>
      </trkpt>
      <trkpt lat="42.67472630173566" lon="20.08622448979592">
        <ele>1674</ele>
      </trkpt>
      <trkpt lat="42.67472630173566" lon="20.08622448979592">
        <ele>1674</ele>
      </trkpt>
      <trkpt lat="42.67450505435821" lon="20.08661071905398">
        <ele>1677</ele>
      </trkpt>
      <trkpt lat="42.67426950219342" lon="20.08671371352279">
        <ele>1685</ele>
      </trkpt>
      <trkpt lat="42.67403871829107" lon="20.08694259012016">
        <ele>1697</ele>
      </trkpt>
      <trkpt lat="42.67373259584209" lon="20.08701029944688">
        <ele>1713</ele>
      </trkpt>
      <trkpt lat="42.67296967385087" lon="20.08685962235362">
        <ele>1747</ele>
      </trkpt>
      <trkpt lat="42.67292389853139" lon="20.08673469387756">
        <ele>1748</ele>
      </trkpt>
      <trkpt lat="42.67275414838834" lon="20.08657638756437">
        <ele>1755</ele>
      </trkpt>
      <trkpt lat="42.67243276749954" lon="20.0863827961091">
        <ele>1770</ele>
      </trkpt>
      <trkpt lat="42.6723755483502" lon="20.08644955178333">
        <ele>1771</ele>
      </trkpt>
      <trkpt lat="42.67216955941257" lon="20.08649532710281">
        <ele>1777</ele>
      </trkpt>
      <trkpt lat="42.6720970818234" lon="20.08638374976159">
        <ele>1780</ele>
      </trkpt>
      <trkpt lat="42.67192542437537" lon="20.08636276940683">
        <ele>1786</ele>
      </trkpt>
      <trkpt lat="42.6717318329201" lon="20.0864438298684">
        <ele>1792</ele>
      </trkpt>
      <trkpt lat="42.67162407018884" lon="20.08637039862674">
        <ele>1796</ele>
      </trkpt>
      <trkpt lat="42.67140759107383" lon="20.0864695784856">
        <ele>1801</ele>
      </trkpt>
      <trkpt lat="42.67118920465384" lon="20.0868348273889">
        <ele>1805</ele>
      </trkpt>
      <trkpt lat="42.67099656685105" lon="20.08704939919894">
        <ele>1809</ele>
      </trkpt>
      <trkpt lat="42.67094602326914" lon="20.08725348083159">
        <ele>1810</ele>
      </trkpt>
      <trkpt lat="42.67083921419037" lon="20.08737173374023">
        <ele>1812</ele>
      </trkpt>
      <trkpt lat="42.67057886706086" lon="20.08742037001717">
        <ele>1816</ele>
      </trkpt>
      <trkpt lat="42.67034808315852" lon="20.08762445164982">
        <ele>1823</ele>
      </trkpt>
      <trkpt lat="42.66994278085068" lon="20.08788861338929">
        <ele>1835</ele>
      </trkpt>
      <trkpt lat="42.66966717528134" lon="20.08802498569522">
        <ele>1841</ele>
      </trkpt>
      <trkpt lat="42.66940492084686" lon="20.08801735647531">
        <ele>1843</ele>
      </trkpt>
      <trkpt lat="42.66922658783141" lon="20.08812607285905">
        <ele>1847</ele>
      </trkpt>
      <trkpt lat="42.66893286286479" lon="20.08861243562846">
        <ele>1862</ele>
      </trkpt>
      <trkpt lat="42.66877837116157" lon="20.08888518024033">
        <ele>1868</ele>
      </trkpt>
      <trkpt lat="42.66856379935153" lon="20.08937154300973">
        <ele>1870</ele>
      </trkpt>
      <trkpt lat="42.66856379935153" lon="20.08937154300973">
        <ele>1870</ele>
      </trkpt>
      <trkpt lat="42.66853328247188" lon="20.09004005340454">
        <ele>1867</ele>
      </trkpt>
      <trkpt lat="42.6687316421896" lon="20.09032424184628">
        <ele>1867</ele>
      </trkpt>
      <trkpt lat="42.66907400343317" lon="20.09064276177761">
        <ele>1869</ele>
      </trkpt>
      <trkpt lat="42.66923421705133" lon="20.09100705702842">
        <ele>1868</ele>
      </trkpt>
      <trkpt lat="42.66933816517263" lon="20.09126931146291">
        <ele>1866</ele>
      </trkpt>
      <trkpt lat="42.66941541102424" lon="20.09159355330918">
        <ele>1863</ele>
      </trkpt>
      <trkpt lat="42.66961377074196" lon="20.09200457753195">
        <ele>1865</ele>
      </trkpt>
      <trkpt lat="42.66975967957278" lon="20.09211043295823">
        <ele>1864</ele>
      </trkpt>
      <trkpt lat="42.66988937631129" lon="20.09214285714286">
        <ele>1862</ele>
      </trkpt>
      <trkpt lat="42.66998188060273" lon="20.09235266069045">
        <ele>1861</ele>
      </trkpt>
      <trkpt lat="42.67019168415031" lon="20.09242513827962">
        <ele>1854</ele>
      </trkpt>
      <trkpt lat="42.67035094411598" lon="20.09256437154301">
        <ele>1851</ele>
      </trkpt>
      <trkpt lat="42.67049589929432" lon="20.09287049399199">
        <ele>1853</ele>
      </trkpt>
      <trkpt lat="42.67079820713334" lon="20.09304787335495">
        <ele>1845</ele>
      </trkpt>
      <trkpt lat="42.67118634369637" lon="20.09331298874691">
        <ele>1834</ele>
      </trkpt>
      <trkpt lat="42.67129506008012" lon="20.09329486934961">
        <ele>1829</ele>
      </trkpt>
      <trkpt lat="42.67137230593173" lon="20.09344936105284">
        <ele>1829</ele>
      </trkpt>
      <trkpt lat="42.67145241274081" lon="20.09379744421133">
        <ele>1836</ele>
      </trkpt>
      <trkpt lat="42.67145813465575" lon="20.09427903871829">
        <ele>1846</ele>
      </trkpt>
      <trkpt lat="42.67124070188824" lon="20.09493705893573">
        <ele>1848</ele>
      </trkpt>
      <trkpt lat="42.67115296585926" lon="20.09508487507153">
        <ele>1844</ele>
      </trkpt>
      <trkpt lat="42.67097367919132" lon="20.09521552546252">
        <ele>1836</ele>
      </trkpt>
      <trkpt lat="42.67065420560749" lon="20.09529753957658">
        <ele>1833</ele>
      </trkpt>
      <trkpt lat="42.67059126454322" lon="20.09542914362007">
        <ele>1828</ele>
      </trkpt>
      <trkpt lat="42.67069139805457" lon="20.09556360862102">
        <ele>1820</ele>
      </trkpt>
      <trkpt lat="42.67058077436584" lon="20.09584016784284">
        <ele>1809</ele>
      </trkpt>
      <trkpt lat="42.67034426854855" lon="20.09597844745375">
        <ele>1806</ele>
      </trkpt>
      <trkpt lat="42.66988746900631" lon="20.09621590692352">
        <ele>1802</ele>
      </trkpt>
      <trkpt lat="42.66964238031663" lon="20.09652965859241">
        <ele>1795</ele>
      </trkpt>
      <trkpt lat="42.66958706847227" lon="20.09673660118253">
        <ele>1789</ele>
      </trkpt>
      <trkpt lat="42.66952126645052" lon="20.0974527942018">
        <ele>1774</ele>
      </trkpt>
      <trkpt lat="42.66933053595272" lon="20.09765401487698">
        <ele>1779</ele>
      </trkpt>
      <trkpt lat="42.66902155254627" lon="20.09823192828534">
        <ele>1785</ele>
      </trkpt>
      <trkpt lat="42.66869349609004" lon="20.09858191874881">
        <ele>1797</ele>
      </trkpt>
      <trkpt lat="42.66827007438491" lon="20.0987392714095">
        <ele>1809</ele>
      </trkpt>
      <trkpt lat="42.66797062750335" lon="20.09941064276178">
        <ele>1802</ele>
      </trkpt>
      <trkpt lat="42.66772839977114" lon="20.09982738889949">
        <ele>1802</ele>
      </trkpt>
      <trkpt lat="42.6674880793439" lon="20.1">
        <ele>1802</ele>
      </trkpt>
      <trkpt lat="42.6674880793439" lon="20.10000000000001">
        <ele>1802</ele>
      </trkpt>
      <trkpt lat="42.66731356093841" lon="20.10012492847608">
        <ele>1807</ele>
      </trkpt>
      <trkpt lat="42.66696547777991" lon="20.10026606904446">
        <ele>1814</ele>
      </trkpt>
      <trkpt lat="42.66666603089836" lon="20.10024032042725">
        <ele>1816</ele>
      </trkpt>
      <trkpt lat="42.66650677093268" lon="20.10030135418655">
        <ele>1822</ele>
      </trkpt>
      <trkpt lat="42.66633606713715" lon="20.10034331489607">
        <ele>1826</ele>
      </trkpt>
      <trkpt lat="42.66634560366204" lon="20.10042151440017">
        <ele>1829</ele>
      </trkpt>
      <trkpt lat="42.66621495327104" lon="20.10050925042916">
        <ele>1834</ele>
      </trkpt>
      <trkpt lat="42.6658449361053" lon="20.100914552737">
        <ele>1853</ele>
      </trkpt>
      <trkpt lat="42.66573431241657" lon="20.10099084493612">
        <ele>1858</ele>
      </trkpt>
      <trkpt lat="42.66571333206181" lon="20.10123879458327">
        <ele>1868</ele>
      </trkpt>
      <trkpt lat="42.66555884035859" lon="20.10148674423042">
        <ele>1878</ele>
      </trkpt>
      <trkpt lat="42.66532519549877" lon="20.10161262635897">
        <ele>1884</ele>
      </trkpt>
      <trkpt lat="42.66512778943355" lon="20.1017928666794">
        <ele>1888</ele>
      </trkpt>
      <trkpt lat="42.66496280755295" lon="20.10203318710663">
        <ele>1891</ele>
      </trkpt>
      <trkpt lat="42.6647139042533" lon="20.10228113675378">
        <ele>1896</ele>
      </trkpt>
      <trkpt lat="42.66444115964144" lon="20.10264638565708">
        <ele>1908</ele>
      </trkpt>
      <trkpt lat="42.66419225634181" lon="20.10283330154493">
        <ele>1915</ele>
      </trkpt>
      <trkpt lat="42.66381460995615" lon="20.10301449551785">
        <ele>1933</ele>
      </trkpt>
      <trkpt lat="42.66353614342935" lon="20.10309364867444">
        <ele>1946</ele>
      </trkpt>
      <trkpt lat="42.66317184817854" lon="20.10314991417129">
        <ele>1962</ele>
      </trkpt>
      <trkpt lat="42.66296967385087" lon="20.10339309555599">
        <ele>1977</ele>
      </trkpt>
      <trkpt lat="42.66275414838834" lon="20.10354186534428">
        <ele>1988</ele>
      </trkpt>
      <trkpt lat="42.66243181384705" lon="20.1037488079344">
        <ele>2002</ele>
      </trkpt>
      <trkpt lat="42.66224012969676" lon="20.10406255960329">
        <ele>2014</ele>
      </trkpt>
      <trkpt lat="42.66188918558079" lon="20.10458802212475">
        <ele>2024</ele>
      </trkpt>
      <trkpt lat="42.66156303642954" lon="20.10489032996378">
        <ele>2029</ele>
      </trkpt>
      <trkpt lat="42.66146862483313" lon="20.10502860957468">
        <ele>2032</ele>
      </trkpt>
      <trkpt lat="42.66136181575435" lon="20.10502193400726">
        <ele>2034</ele>
      </trkpt>
      <trkpt lat="42.66117203890904" lon="20.10485218386421">
        <ele>2038</ele>
      </trkpt>
      <trkpt lat="42.66104043486555" lon="20.10487316421897">
        <ele>2041</ele>
      </trkpt>
      <trkpt lat="42.6606446690826" lon="20.10518119397293">
        <ele>2049</ele>
      </trkpt>
      <trkpt lat="42.66046347510969" lon="20.10578771695596">
        <ele>2051</ele>
      </trkpt>
      <trkpt lat="42.6601401869159" lon="20.10597272553883">
        <ele>2054</ele>
      </trkpt>
      <trkpt lat="42.66003051687967" lon="20.10616536334161">
        <ele>2055</ele>
      </trkpt>
      <trkpt lat="42.66000000000002" lon="20.10618157543393">
        <ele>2055</ele>
      </trkpt>
      <trkpt lat="42.66" lon="20.10618157543393">
        <ele>2055</ele>
      </trkpt>
      <trkpt lat="42.65991989319092" lon="20.10622448979593">
        <ele>2056</ele>
      </trkpt>
      <trkpt lat="42.65983978638184" lon="20.10626835781043">
        <ele>2058</ele>
      </trkpt>
      <trkpt lat="42.65976635514019" lon="20.10638851802404">
        <ele>2059</ele>
      </trkpt>
      <trkpt lat="42.65969387755103" lon="20.10650867823766">
        <ele>2061</ele>
      </trkpt>
      <trkpt lat="42.65971295060081" lon="20.10696929238987">
        <ele>2070</ele>
      </trkpt>
      <trkpt lat="42.65973202365059" lon="20.10704749189397">
        <ele>2072</ele>
      </trkpt>
      <trkpt lat="42.65975109670037" lon="20.10712569139807">
        <ele>2073</ele>
      </trkpt>
      <trkpt lat="42.65981689872211" lon="20.1072096128171">
        <ele>2074</ele>
      </trkpt>
      <trkpt lat="42.65982071333207" lon="20.10746137707421">
        <ele>2080</ele>
      </trkpt>
      <trkpt lat="42.65957848559985" lon="20.1077922944879">
        <ele>2094</ele>
      </trkpt>
      <trkpt lat="42.6595393858478" lon="20.10790959374405">
        <ele>2096</ele>
      </trkpt>
      <trkpt lat="42.65950028609575" lon="20.1080268930002">
        <ele>2098</ele>
      </trkpt>
      <trkpt lat="42.65945451077628" lon="20.10812702651155">
        <ele>2100</ele>
      </trkpt>
      <trkpt lat="42.6594096891093" lon="20.10822811367539">
        <ele>2102</ele>
      </trkpt>
      <trkpt lat="42.65928571428572" lon="20.10848083158498">
        <ele>2106</ele>
      </trkpt>
      <trkpt lat="42.65933530421515" lon="20.10883272935344">
        <ele>2104</ele>
      </trkpt>
      <trkpt lat="42.65930288003052" lon="20.10893381651728">
        <ele>2104</ele>
      </trkpt>
      <trkpt lat="42.65931871553153" lon="20.10896780490967">
        <ele>2104</ele>
      </trkpt>
      <trkpt lat="42.65931813847035" lon="20.10896814800688">
        <ele>2104</ele>
      </trkpt>
      <trkpt lat="42.65924756818616" lon="20.1090101087164">
        <ele>2104</ele>
      </trkpt>
      <trkpt lat="42.65917699790197" lon="20.10917890520696">
        <ele>2103</ele>
      </trkpt>
      <trkpt lat="42.65906351325577" lon="20.1092704558459">
        <ele>2107</ele>
      </trkpt>
      <trkpt lat="42.65883082204845" lon="20.10926950219341">
        <ele>2118</ele>
      </trkpt>
      <trkpt lat="42.65846080488271" lon="20.10951268357812">
        <ele>2131</ele>
      </trkpt>
      <trkpt lat="42.65813656303644" lon="20.10936105283236">
        <ele>2145</ele>
      </trkpt>
      <trkpt lat="42.6580793438871" lon="20.10923326339883">
        <ele>2149</ele>
      </trkpt>
      <trkpt lat="42.6578094602327" lon="20.10915983215718">
        <ele>2159</ele>
      </trkpt>
      <trkpt lat="42.65751859622354" lon="20.10912931527753">
        <ele>2169</ele>
      </trkpt>
      <trkpt lat="42.65711138661072" lon="20.108870875453">
        <ele>2189</ele>
      </trkpt>
      <trkpt lat="42.65711996948313" lon="20.10876215906925">
        <ele>2190</ele>
      </trkpt>
      <trkpt lat="42.65723154682434" lon="20.10866870112532">
        <ele>2187</ele>
      </trkpt>
      <trkpt lat="42.65722487125692" lon="20.10842170513066">
        <ele>2190</ele>
      </trkpt>
      <trkpt lat="42.65711234026321" lon="20.10821476254054">
        <ele>2194</ele>
      </trkpt>
      <trkpt lat="42.65706275033379" lon="20.10803642952509">
        <ele>2195</ele>
      </trkpt>
      <trkpt lat="42.65699694831204" lon="20.1078008773603">
        <ele>2196</ele>
      </trkpt>
      <trkpt lat="42.65670608430288" lon="20.10768643906162">
        <ele>2200</ele>
      </trkpt>
      <trkpt lat="42.65592885752432" lon="20.10751096700364">
        <ele>2216</ele>
      </trkpt>
      <trkpt lat="42.65557314514592" lon="20.10726301735649">
        <ele>2234</ele>
      </trkpt>
      <trkpt lat="42.65540339500286" lon="20.1070188823193">
        <ele>2244</ele>
      </trkpt>
      <trkpt lat="42.65518500858288" lon="20.10703318710663">
        <ele>2250</ele>
      </trkpt>
      <trkpt lat="42.6548359717719" lon="20.10689586114821">
        <ele>2256</ele>
      </trkpt>
      <trkpt lat="42.65455369063514" lon="20.10698741178716">
        <ele>2255</ele>
      </trkpt>
      <trkpt lat="42.65447739843601" lon="20.10704558458899">
        <ele>2255</ele>
      </trkpt>
      <trkpt lat="42.6544001525844" lon="20.10705226015641">
        <ele>2256</ele>
      </trkpt>
      <trkpt lat="42.65438775510205" lon="20.1069311462903">
        <ele>2255</ele>
      </trkpt>
      <trkpt lat="42.65438775510205" lon="20.1069311462903">
        <ele>2255</ele>
      </trkpt>
      <trkpt lat="42.65416460041961" lon="20.10666030898342">
        <ele>2253</ele>
      </trkpt>
      <trkpt lat="42.65408449361053" lon="20.10667652107573">
        <ele>2250</ele>
      </trkpt>
      <trkpt lat="42.6540530230784" lon="20.10682910547398">
        <ele>2250</ele>
      </trkpt>
      <trkpt lat="42.65393477016976" lon="20.10694831203511">
        <ele>2247</ele>
      </trkpt>
      <trkpt lat="42.65372687392715" lon="20.10720484455466">
        <ele>2246</ele>
      </trkpt>
      <trkpt lat="42.65354949456419" lon="20.10713522792296">
        <ele>2240</ele>
      </trkpt>
      <trkpt lat="42.65334159832157" lon="20.10706275033379">
        <ele>2232</ele>
      </trkpt>
      <trkpt lat="42.65293534236125" lon="20.10701697501432">
        <ele>2216</ele>
      </trkpt>
      <trkpt lat="42.6525824909403" lon="20.10699408735458">
        <ele>2202</ele>
      </trkpt>
      <trkpt lat="42.65196357047493" lon="20.10704176997903">
        <ele>2184</ele>
      </trkpt>
      <trkpt lat="42.65148960518788" lon="20.10693305359528">
        <ele>2169</ele>
      </trkpt>
      <trkpt lat="42.65054262826627" lon="20.10687678809843">
        <ele>2165</ele>
      </trkpt>
      <trkpt lat="42.6504615678047" lon="20.10680717146673">
        <ele>2163</ele>
      </trkpt>
      <trkpt lat="42.65024508868969" lon="20.1067928666794">
        <ele>2164</ele>
      </trkpt>
      <trkpt lat="42.65009727255389" lon="20.10661930192639">
        <ele>2157</ele>
      </trkpt>
      <trkpt lat="42.64968815563609" lon="20.10640377646387">
        <ele>2154</ele>
      </trkpt>
      <trkpt lat="42.64890711424757" lon="20.10575529277133">
        <ele>2140</ele>
      </trkpt>
      <trkpt lat="42.64834541293153" lon="20.10541769979021">
        <ele>2141</ele>
      </trkpt>
      <trkpt lat="42.64828342551974" lon="20.1052708373069">
        <ele>2137</ele>
      </trkpt>
      <trkpt lat="42.64804501239749" lon="20.10521457181004">
        <ele>2140</ele>
      </trkpt>
      <trkpt lat="42.64743086019455" lon="20.10435056265498">
        <ele>2123</ele>
      </trkpt>
      <trkpt lat="42.64704653824147" lon="20.10391283616251">
        <ele>2112</ele>
      </trkpt>
      <trkpt lat="42.64642952508107" lon="20.10374499332445">
        <ele>2106</ele>
      </trkpt>
      <trkpt lat="42.64596223536144" lon="20.10329773030709">
        <ele>2096</ele>
      </trkpt>
      <trkpt lat="42.64538432195309" lon="20.10262635895481">
        <ele>2085</ele>
      </trkpt>
      <trkpt lat="42.64532805645624" lon="20.10251764257106">
        <ele>2085</ele>
      </trkpt>
      <trkpt lat="42.64500190730499" lon="20.1018882319283">
        <ele>2080</ele>
      </trkpt>
      <trkpt lat="42.64481689872211" lon="20.10122162883847">
        <ele>2068</ele>
      </trkpt>
      <trkpt lat="42.64439538432196" lon="20.10000000000001">
        <ele>2053</ele>
      </trkpt>
      <trkpt lat="42.64439538432196" lon="20.1">
        <ele>2053</ele>
      </trkpt>
      <trkpt lat="42.64433530421515" lon="20.09982452794202">
        <ele>2051</ele>
      </trkpt>
      <trkpt lat="42.64428380698075" lon="20.09971581155827">
        <ele>2051</ele>
      </trkpt>
      <trkpt lat="42.64366774747283" lon="20.09842456608812">
        <ele>2036</ele>
      </trkpt>
      <trkpt lat="42.64336448598132" lon="20.09794678619112">
        <ele>2032</ele>
      </trkpt>
      <trkpt lat="42.64297921037574" lon="20.09714857905779">
        <ele>2033</ele>
      </trkpt>
      <trkpt lat="42.64277608239558" lon="20.09674613770742">
        <ele>2038</ele>
      </trkpt>
      <trkpt lat="42.64246900629411" lon="20.0965306122449">
        <ele>2046</ele>
      </trkpt>
      <trkpt lat="42.64230116345604" lon="20.09618825100134">
        <ele>2050</ele>
      </trkpt>
      <trkpt lat="42.6420875452985" lon="20.09500953652489">
        <ele>2053</ele>
      </trkpt>
      <trkpt lat="42.64161644096892" lon="20.0945832538623">
        <ele>2055</ele>
      </trkpt>
      <trkpt lat="42.64141235933626" lon="20.09417795155446">
        <ele>2047</ele>
      </trkpt>
      <trkpt lat="42.64077245851612" lon="20.09393381651726">
        <ele>2046</ele>
      </trkpt>
      <trkpt lat="42.64000000000001" lon="20.09371161548732">
        <ele>2040</ele>
      </trkpt>
      <trkpt lat="42.63999999999999" lon="20.09371161548732">
        <ele>2040</ele>
      </trkpt>
      <trkpt lat="42.63983978638183" lon="20.09366584016785">
        <ele>2037</ele>
      </trkpt>
      <trkpt lat="42.63939252336448" lon="20.09364009155064">
        <ele>2030</ele>
      </trkpt>
      <trkpt lat="42.63859526988365" lon="20.0932872401297">
        <ele>2037</ele>
      </trkpt>
      <trkpt lat="42.63841312225824" lon="20.09316326530612">
        <ele>2038</ele>
      </trkpt>
      <trkpt lat="42.6373555216479" lon="20.09273221438108">
        <ele>2050</ele>
      </trkpt>
      <trkpt lat="42.6372258249094" lon="20.09250524508869">
        <ele>2057</ele>
      </trkpt>
      <trkpt lat="42.63683387373641" lon="20.09227350753386">
        <ele>2058</ele>
      </trkpt>
      <trkpt lat="42.63643715430097" lon="20.09150772458516">
        <ele>2059</ele>
      </trkpt>
      <trkpt lat="42.63549113103185" lon="20.09090120160214">
        <ele>2071</ele>
      </trkpt>
      <trkpt lat="42.6348779324814" lon="20.09041865344269">
        <ele>2076</ele>
      </trkpt>
      <trkpt lat="42.63454033950028" lon="20.09007152393668">
        <ele>2075</ele>
      </trkpt>
      <trkpt lat="42.63421895861148" lon="20.08979877932482">
        <ele>2075</ele>
      </trkpt>
      <trkpt lat="42.63384512683577" lon="20.08956608811749">
        <ele>2076</ele>
      </trkpt>
      <trkpt lat="42.63321762349799" lon="20.08950791531566">
        <ele>2086</ele>
      </trkpt>
      <trkpt lat="42.63298779324813" lon="20.08929715811558">
        <ele>2083</ele>
      </trkpt>
      <trkpt lat="42.6327732214381" lon="20.08930097272554">
        <ele>2087</ele>
      </trkpt>
      <trkpt lat="42.63226301735647" lon="20.08910833492276">
        <ele>2093</ele>
      </trkpt>
      <trkpt lat="42.631955941255" lon="20.08894335304215">
        <ele>2097</ele>
      </trkpt>
      <trkpt lat="42.6314867442304" lon="20.08858001144383">
        <ele>2100</ele>
      </trkpt>
      <trkpt lat="42.6309908449361" lon="20.08801735647531">
        <ele>2103</ele>
      </trkpt>
      <trkpt lat="42.6296862483311" lon="20.08695308029754">
        <ele>2120</ele>
      </trkpt>
      <trkpt lat="42.62896719435437" lon="20.08614629029182">
        <ele>2123</ele>
      </trkpt>
      <trkpt lat="42.62882033187106" lon="20.08587545298494">
        <ele>2124</ele>
      </trkpt>
      <trkpt lat="42.62875357619683" lon="20.08530040053405">
        <ele>2126</ele>
      </trkpt>
      <trkpt lat="42.62861815754339" lon="20.08463284379173">
        <ele>2128</ele>
      </trkpt>
      <trkpt lat="42.62840453938584" lon="20.08442494754912">
        <ele>2132</ele>
      </trkpt>
      <trkpt lat="42.62820999427808" lon="20.0840787716956">
        <ele>2131</ele>
      </trkpt>
      <trkpt lat="42.62816326530612" lon="20.08235933625787">
        <ele>2121</ele>
      </trkpt>
      <trkpt lat="42.62783711615487" lon="20.08103280564563">
        <ele>2125</ele>
      </trkpt>
      <trkpt lat="42.62723917604424" lon="20.08065992752242">
        <ele>2130</ele>
      </trkpt>
      <trkpt lat="42.62693209994278" lon="20.08033759298112">
        <ele>2127</ele>
      </trkpt>
      <trkpt lat="42.62648388327293" lon="20.08030802975396">
        <ele>2134</ele>
      </trkpt>
      <trkpt lat="42.62618443639138" lon="20.0801745184055">
        <ele>2136</ele>
      </trkpt>
      <trkpt lat="42.62590024794964" lon="20.08">
        <ele>2138</ele>
      </trkpt>
      <trkpt lat="42.62590024794964" lon="20.07999999999999">
        <ele>2138</ele>
      </trkpt>
      <trkpt lat="42.62549399198932" lon="20.07977493801258">
        <ele>2140</ele>
      </trkpt>
      <trkpt lat="42.62433816517261" lon="20.07926187297348">
        <ele>2149</ele>
      </trkpt>
      <trkpt lat="42.62413312988746" lon="20.07927808506579">
        <ele>2151</ele>
      </trkpt>
      <trkpt lat="42.62387755102041" lon="20.07909212283043">
        <ele>2150</ele>
      </trkpt>
      <trkpt lat="42.62312893381651" lon="20.07876406637421">
        <ele>2151</ele>
      </trkpt>
      <trkpt lat="42.62278371161548" lon="20.07869063513255">
        <ele>2148</ele>
      </trkpt>
      <trkpt lat="42.62228876597367" lon="20.07834445927903">
        <ele>2149</ele>
      </trkpt>
      <trkpt lat="42.62103089834064" lon="20.07782185771504">
        <ele>2142</ele>
      </trkpt>
      <trkpt lat="42.62023364485981" lon="20.07703986267403">
        <ele>2151</ele>
      </trkpt>
      <trkpt lat="42.62" lon="20.07699504100705">
        <ele>2148</ele>
      </trkpt>
      <trkpt lat="42.62000000000001" lon="20.07699504100705">
        <ele>2148</ele>
      </trkpt>
      <trkpt lat="42.61975014304789" lon="20.07694640473011">
        <ele>2146</ele>
      </trkpt>
      <trkpt lat="42.61861720389091" lon="20.0765296585924">
        <ele>2142</ele>
      </trkpt>
      <trkpt lat="42.61824909403015" lon="20.0761386610719">
        <ele>2147</ele>
      </trkpt>
      <trkpt lat="42.61818128064529" lon="20.07610269192859">
        <ele>2148</ele>
      </trkpt>
      <trkpt lat="42.61818128064529" lon="20.07610269192859">
        <ele>2148</ele>
      </trkpt>
      <trkpt lat="42.61785714285715" lon="20.07593076482929">
        <ele>2150</ele>
      </trkpt>
      <trkpt lat="42.6178008773603" lon="20.07578867060842">
        <ele>2152</ele>
      </trkpt>
      <trkpt lat="42.61743181384705" lon="20.07444592790387">
        <ele>2136</ele>
      </trkpt>
      <trkpt lat="42.61720484455466" lon="20.07390043868014">
        <ele>2126</ele>
      </trkpt>
      <trkpt lat="42.61722487125693" lon="20.07350276559221">
        <ele>2119</ele>
      </trkpt>
      <trkpt lat="42.6170970818234" lon="20.07295155445355">
        <ele>2109</ele>
      </trkpt>
      <trkpt lat="42.6164876978829" lon="20.07262159069235">
        <ele>2094</ele>
      </trkpt>
      <trkpt lat="42.61627312607288" lon="20.07264733930955">
        <ele>2092</ele>
      </trkpt>
      <trkpt lat="42.61564562273509" lon="20.07208849895098">
        <ele>2078</ele>
      </trkpt>
      <trkpt lat="42.61465287049401" lon="20.07149246614533">
        <ele>2061</ele>
      </trkpt>
      <trkpt lat="42.61440587449935" lon="20.071390425329">
        <ele>2058</ele>
      </trkpt>
      <trkpt lat="42.61440587449935" lon="20.071390425329">
        <ele>2058</ele>
      </trkpt>
      <trkpt lat="42.61435246995996" lon="20.07114915124928">
        <ele>2057</ele>
      </trkpt>
      <trkpt lat="42.61412550066757" lon="20.07113293915696">
        <ele>2053</ele>
      </trkpt>
      <trkpt lat="42.6133320617967" lon="20.07025271790959">
        <ele>2035</ele>
      </trkpt>
      <trkpt lat="42.61317757009347" lon="20.07000476826244">
        <ele>2031</ele>
      </trkpt>
      <trkpt lat="42.61302117108527" lon="20.06964524127407">
        <ele>2025</ele>
      </trkpt>
      <trkpt lat="42.61255197406066" lon="20.06943162311653">
        <ele>2012</ele>
      </trkpt>
      <trkpt lat="42.61232405111578" lon="20.06921419034903">
        <ele>2005</ele>
      </trkpt>
      <trkpt lat="42.61192447072288" lon="20.06893953843219">
        <ele>1992</ele>
      </trkpt>
      <trkpt lat="42.61180812511922" lon="20.06878790768643">
        <ele>1986</ele>
      </trkpt>
      <trkpt lat="42.61173946214001" lon="20.06852469959946">
        <ele>1981</ele>
      </trkpt>
      <trkpt lat="42.61127789433532" lon="20.06845317566278">
        <ele>1976</ele>
      </trkpt>
      <trkpt lat="42.61123974823575" lon="20.06835399580392">
        <ele>1974</ele>
      </trkpt>
      <trkpt lat="42.61115582681672" lon="20.06834255197406">
        <ele>1973</ele>
      </trkpt>
      <trkpt lat="42.6110099179859" lon="20.06843028800305">
        <ele>1975</ele>
      </trkpt>
      <trkpt lat="42.6109660499714" lon="20.0683215716193">
        <ele>1971</ele>
      </trkpt>
      <trkpt lat="42.61086305550259" lon="20.06802307839023">
        <ele>1963</ele>
      </trkpt>
      <trkpt lat="42.61051115773414" lon="20.0674861720389">
        <ele>1955</ele>
      </trkpt>
      <trkpt lat="42.61051115773414" lon="20.0674861720389">
        <ele>1955</ele>
      </trkpt>
      <trkpt lat="42.61053404539387" lon="20.06747663551401">
        <ele>1954</ele>
      </trkpt>
      <trkpt lat="42.61061510585544" lon="20.06738985313751">
        <ele>1950</ele>
      </trkpt>
      <trkpt lat="42.61051306503911" lon="20.06705416746137">
        <ele>1942</ele>
      </trkpt>
      <trkpt lat="42.61045584588977" lon="20.06667938203318">
        <ele>1931</ele>
      </trkpt>
      <trkpt lat="42.61059317184819" lon="20.06648865153537">
        <ele>1924</ele>
      </trkpt>
      <trkpt lat="42.61079725348085" lon="20.06637421323669">
        <ele>1919</ele>
      </trkpt>
      <trkpt lat="42.61081918748809" lon="20.06623879458325">
        <ele>1915</ele>
      </trkpt>
      <trkpt lat="42.61070474918941" lon="20.06607095174518">
        <ele>1910</ele>
      </trkpt>
      <trkpt lat="42.61040720961283" lon="20.06582300209803">
        <ele>1904</ele>
      </trkpt>
      <trkpt lat="42.61028609574672" lon="20.0656780469197">
        <ele>1900</ele>
      </trkpt>
      <trkpt lat="42.61023078390236" lon="20.06555407209612">
        <ele>1896</ele>
      </trkpt>
      <trkpt lat="42.61004958992945" lon="20.06538336830058">
        <ele>1892</ele>
      </trkpt>
      <trkpt lat="42.61002860957468" lon="20.06530612244897">
        <ele>1889</ele>
      </trkpt>
      <trkpt lat="42.60980259393478" lon="20.06513732595841">
        <ele>1883</ele>
      </trkpt>
      <trkpt lat="42.60986267404159" lon="20.06497139042532">
        <ele>1878</ele>
      </trkpt>
      <trkpt lat="42.6098359717719" lon="20.06492180049589">
        <ele>1876</ele>
      </trkpt>
      <trkpt lat="42.60956990272746" lon="20.06478828914743">
        <ele>1870</ele>
      </trkpt>
      <trkpt lat="42.60948407400345" lon="20.06469864581346">
        <ele>1867</ele>
      </trkpt>
      <trkpt lat="42.60940205988939" lon="20.06450886896814">
        <ele>1861</ele>
      </trkpt>
      <trkpt lat="42.60863627694069" lon="20.06338355903108">
        <ele>1834</ele>
      </trkpt>
      <trkpt lat="42.60862674041581" lon="20.06322429906541">
        <ele>1828</ele>
      </trkpt>
      <trkpt lat="42.60850276559223" lon="20.06300305168796">
        <ele>1821</ele>
      </trkpt>
      <trkpt lat="42.60852183864201" lon="20.06291817661644">
        <ele>1818</ele>
      </trkpt>
      <trkpt lat="42.60838928094604" lon="20.06277036048063">
        <ele>1813</ele>
      </trkpt>
      <trkpt lat="42.60832729353425" lon="20.06255864962807">
        <ele>1806</ele>
      </trkpt>
      <trkpt lat="42.60815277512876" lon="20.0623040244135">
        <ele>1794</ele>
      </trkpt>
      <trkpt lat="42.60814705321382" lon="20.06222201029944">
        <ele>1790</ele>
      </trkpt>
      <trkpt lat="42.60831012778944" lon="20.06217528132748">
        <ele>1790</ele>
      </trkpt>
      <trkpt lat="42.60849513637232" lon="20.06218863246232">
        <ele>1790</ele>
      </trkpt>
      <trkpt lat="42.60856666030899" lon="20.06224012969673">
        <ele>1791</ele>
      </trkpt>
      <trkpt lat="42.60858477970629" lon="20.06214285714285">
        <ele>1787</ele>
      </trkpt>
      <trkpt lat="42.60830440587451" lon="20.0616774747282">
        <ele>1769</ele>
      </trkpt>
      <trkpt lat="42.60830440587451" lon="20.0616774747282">
        <ele>1769</ele>
      </trkpt>
      <trkpt lat="42.60811272172422" lon="20.06159450696166">
        <ele>1766</ele>
      </trkpt>
      <trkpt lat="42.60746805264163" lon="20.06148960518786">
        <ele>1760</ele>
      </trkpt>
      <trkpt lat="42.60731642189587" lon="20.06133415983215">
        <ele>1755</ele>
      </trkpt>
      <trkpt lat="42.60731642189587" lon="20.06133415983215">
        <ele>1755</ele>
      </trkpt>
      <trkpt lat="42.60722296395195" lon="20.0605473965287">
        <ele>1731</ele>
      </trkpt>
      <trkpt lat="42.60753385466337" lon="20.05999999999999">
        <ele>1716</ele>
      </trkpt>
      <trkpt lat="42.60753385466337" lon="20.06000000000001">
        <ele>1716</ele>
      </trkpt>
      <trkpt lat="42.60753766927333" lon="20.0599923707801">
        <ele>1716</ele>
      </trkpt>
      <trkpt lat="42.60753766927333" lon="20.0599923707801">
        <ele>1716</ele>
      </trkpt>
      <trkpt lat="42.60749380125883" lon="20.06000000000001">
        <ele>1716</ele>
      </trkpt>
      <trkpt lat="42.60749380125883" lon="20.05999999999999">
        <ele>1716</ele>
      </trkpt>
      <trkpt lat="42.60737840930766" lon="20.06001907304977">
        <ele>1714</ele>
      </trkpt>
      <trkpt lat="42.60726397100898" lon="20.06003909975204">
        <ele>1713</ele>
      </trkpt>
      <trkpt lat="42.6072448979592" lon="20.05999999999999">
        <ele>1711</ele>
      </trkpt>
      <trkpt lat="42.6072448979592" lon="20.06000000000001">
        <ele>1711</ele>
      </trkpt>
      <trkpt lat="42.6069053976731" lon="20.05932958230022">
        <ele>1673</ele>
      </trkpt>
      <trkpt lat="42.60685103948123" lon="20.0591398054549">
        <ele>1664</ele>
      </trkpt>
      <trkpt lat="42.6070102994469" lon="20.05897386992181">
        <ele>1658</ele>
      </trkpt>
      <trkpt lat="42.60669845508298" lon="20.058609574671">
        <ele>1636</ele>
      </trkpt>
      <trkpt lat="42.60664695784858" lon="20.05841026130079">
        <ele>1626</ele>
      </trkpt>
      <trkpt lat="42.60670322334543" lon="20.05808697310701">
        <ele>1616</ele>
      </trkpt>
      <trkpt lat="42.60687392714097" lon="20.05791245470152">
        <ele>1612</ele>
      </trkpt>
      <trkpt lat="42.60713332061798" lon="20.05775414838834">
        <ele>1609</ele>
      </trkpt>
      <trkpt lat="42.60720484455466" lon="20.05723822239177">
        <ele>1593</ele>
      </trkpt>
      <trkpt lat="42.6068796490559" lon="20.0571142475682">
        <ele>1589</ele>
      </trkpt>
      <trkpt lat="42.60678237650202" lon="20.05684913217625">
        <ele>1582</ele>
      </trkpt>
      <trkpt lat="42.60665267976351" lon="20.05687869540341">
        <ele>1582</ele>
      </trkpt>
      <trkpt lat="42.60632557695977" lon="20.05679095937441">
        <ele>1579</ele>
      </trkpt>
      <trkpt lat="42.60631985504484" lon="20.05662597749381">
        <ele>1576</ele>
      </trkpt>
      <trkpt lat="42.60642094220867" lon="20.05651916841504">
        <ele>1575</ele>
      </trkpt>
      <trkpt lat="42.60646767118064" lon="20.0564180812512">
        <ele>1573</ele>
      </trkpt>
      <trkpt lat="42.60640759107383" lon="20.05574480259395">
        <ele>1562</ele>
      </trkpt>
      <trkpt lat="42.60645622735077" lon="20.05554358191876">
        <ele>1560</ele>
      </trkpt>
      <trkpt lat="42.6066450505436" lon="20.0554005340454">
        <ele>1557</ele>
      </trkpt>
      <trkpt lat="42.60683387373643" lon="20.05509917985887">
        <ele>1554</ele>
      </trkpt>
      <trkpt lat="42.60671371352281" lon="20.05445164981882">
        <ele>1549</ele>
      </trkpt>
      <trkpt lat="42.60687774175092" lon="20.05417127598704">
        <ele>1548</ele>
      </trkpt>
      <trkpt lat="42.60688918558079" lon="20.05398245279421">
        <ele>1549</ele>
      </trkpt>
      <trkpt lat="42.60688918558079" lon="20.05398245279421">
        <ele>1549</ele>
      </trkpt>
      <trkpt lat="42.60689776845319" lon="20.05388327293536">
        <ele>1550</ele>
      </trkpt>
      <trkpt lat="42.60689776845319" lon="20.05388327293536">
        <ele>1550</ele>
      </trkpt>
      <trkpt lat="42.6069225634179" lon="20.05362006484838">
        <ele>1552</ele>
      </trkpt>
      <trkpt lat="42.60682147625407" lon="20.05312988746902">
        <ele>1559</ele>
      </trkpt>
      <trkpt lat="42.60754148388329" lon="20.05203127980165">
        <ele>1560</ele>
      </trkpt>
      <trkpt lat="42.60761491512494" lon="20.05173660118254">
        <ele>1563</ele>
      </trkpt>
      <trkpt lat="42.60761491512494" lon="20.05173660118254">
        <ele>1563</ele>
      </trkpt>
      <trkpt lat="42.60776845317567" lon="20.05139900820142">
        <ele>1567</ele>
      </trkpt>
      <trkpt lat="42.6078876597368" lon="20.05133892809461">
        <ele>1566</ele>
      </trkpt>
      <trkpt lat="42.60825767690255" lon="20.05125405302309">
        <ele>1562</ele>
      </trkpt>
      <trkpt lat="42.60838165172613" lon="20.0511834827389">
        <ele>1562</ele>
      </trkpt>
      <trkpt lat="42.60890997520505" lon="20.0506704176998">
        <ele>1563</ele>
      </trkpt>
      <trkpt lat="42.60897196261683" lon="20.05047491893955">
        <ele>1564</ele>
      </trkpt>
      <trkpt lat="42.60898436009919" lon="20.0502527179096">
        <ele>1565</ele>
      </trkpt>
      <trkpt lat="42.60903395002862" lon="20.05006008010682">
        <ele>1565</ele>
      </trkpt>
      <trkpt lat="42.6091312225825" lon="20.04996948312036">
        <ele>1564</ele>
      </trkpt>
      <trkpt lat="42.60924566088119" lon="20.04991226397102">
        <ele>1562</ele>
      </trkpt>
      <trkpt lat="42.60962521457182" lon="20.04986839595653">
        <ele>1558</ele>
      </trkpt>
      <trkpt lat="42.60970722868588" lon="20.04979019645242">
        <ele>1557</ele>
      </trkpt>
      <trkpt lat="42.60968434102615" lon="20.04963856570667">
        <ele>1557</ele>
      </trkpt>
      <trkpt lat="42.60936200648485" lon="20.04955082967768">
        <ele>1563</ele>
      </trkpt>
      <trkpt lat="42.60927999237079" lon="20.04948693496091">
        <ele>1565</ele>
      </trkpt>
      <trkpt lat="42.60926282662599" lon="20.0493925233645">
        <ele>1566</ele>
      </trkpt>
      <trkpt lat="42.60931241655542" lon="20.04921419034905">
        <ele>1566</ele>
      </trkpt>
      <trkpt lat="42.6099227541484" lon="20.04863436963572">
        <ele>1557</ele>
      </trkpt>
      <trkpt lat="42.61016116727066" lon="20.04833396910167">
        <ele>1553</ele>
      </trkpt>
      <trkpt lat="42.61064753004007" lon="20.04754434484075">
        <ele>1548</ele>
      </trkpt>
      <trkpt lat="42.61106427617777" lon="20.04696833873738">
        <ele>1543</ele>
      </trkpt>
      <trkpt lat="42.61164886515355" lon="20.04629792103758">
        <ele>1532</ele>
      </trkpt>
      <trkpt lat="42.61167652107574" lon="20.0461138661072">
        <ele>1533</ele>
      </trkpt>
      <trkpt lat="42.61162502384133" lon="20.04566564943736">
        <ele>1539</ele>
      </trkpt>
      <trkpt lat="42.61165077245853" lon="20.04549113103186">
        <ele>1540</ele>
      </trkpt>
      <trkpt lat="42.61203509441161" lon="20.04463379744422">
        <ele>1544</ele>
      </trkpt>
      <trkpt lat="42.61234312416557" lon="20.0435142094221">
        <ele>1539</ele>
      </trkpt>
      <trkpt lat="42.61292008392143" lon="20.04166984550831">
        <ele>1532</ele>
      </trkpt>
      <trkpt lat="42.61293343505628" lon="20.04144669082588">
        <ele>1531</ele>
      </trkpt>
      <trkpt lat="42.61287621590694" lon="20.0413227160023">
        <ele>1532</ele>
      </trkpt>
      <trkpt lat="42.61287621590694" lon="20.0413227160023">
        <ele>1532</ele>
      </trkpt>
      <trkpt lat="42.61282567232502" lon="20.04129315277514">
        <ele>1534</ele>
      </trkpt>
      <trkpt lat="42.61278752622546" lon="20.04122639710091">
        <ele>1535</ele>
      </trkpt>
      <trkpt lat="42.61276940682816" lon="20.0411577341217">
        <ele>1536</ele>
      </trkpt>
      <trkpt lat="42.61264638565708" lon="20.04018977684533">
        <ele>1537</ele>
      </trkpt>
      <trkpt lat="42.61255960328058" lon="20.04000000000001">
        <ele>1540</ele>
      </trkpt>
      <trkpt lat="42.61255960328058" lon="20.04">
        <ele>1540</ele>
      </trkpt>
      <trkpt lat="42.61236887278277" lon="20.03958420751478">
        <ele>1542</ele>
      </trkpt>
      <trkpt lat="42.61210280373833" lon="20.03861815754339">
        <ele>1542</ele>
      </trkpt>
      <trkpt lat="42.61207419416366" lon="20.03860671371352">
        <ele>1543</ele>
      </trkpt>
      <trkpt lat="42.61202841884419" lon="20.03869063513256">
        <ele>1545</ele>
      </trkpt>
      <trkpt lat="42.61206084302881" lon="20.04">
        <ele>1554</ele>
      </trkpt>
      <trkpt lat="42.61206084302881" lon="20.04000000000001">
        <ele>1554</ele>
      </trkpt>
      <trkpt lat="42.61207991607859" lon="20.04079153156591">
        <ele>1559</ele>
      </trkpt>
      <trkpt lat="42.61207419416366" lon="20.04106904444022">
        <ele>1561</ele>
      </trkpt>
      <trkpt lat="42.61205035285143" lon="20.04112530993707">
        <ele>1562</ele>
      </trkpt>
      <trkpt lat="42.61200839214192" lon="20.04111577341218">
        <ele>1563</ele>
      </trkpt>
      <trkpt lat="42.61197406065232" lon="20.0410528323479">
        <ele>1564</ele>
      </trkpt>
      <trkpt lat="42.61178905206944" lon="20.04038813656305">
        <ele>1564</ele>
      </trkpt>
      <trkpt lat="42.61162407018884" lon="20.04000000000001">
        <ele>1565</ele>
      </trkpt>
      <trkpt lat="42.61162407018884" lon="20.04">
        <ele>1565</ele>
      </trkpt>
      <trkpt lat="42.61153538050736" lon="20.03979401106237">
        <ele>1566</ele>
      </trkpt>
      <trkpt lat="42.61147720770553" lon="20.03975205035285">
        <ele>1568</ele>
      </trkpt>
      <trkpt lat="42.61118539004388" lon="20.04">
        <ele>1576</ele>
      </trkpt>
      <trkpt lat="42.61118539004388" lon="20.04000000000001">
        <ele>1576</ele>
      </trkpt>
      <trkpt lat="42.61117203890903" lon="20.04001144382988">
        <ele>1576</ele>
      </trkpt>
      <trkpt lat="42.61115296585925" lon="20.04000000000001">
        <ele>1577</ele>
      </trkpt>
      <trkpt lat="42.61115296585925" lon="20.04">
        <ele>1577</ele>
      </trkpt>
      <trkpt lat="42.61106618348276" lon="20.03994468815564">
        <ele>1579</ele>
      </trkpt>
      <trkpt lat="42.61096128170896" lon="20.03978065992752">
        <ele>1581</ele>
      </trkpt>
      <trkpt lat="42.61058840358574" lon="20.03829773030708">
        <ele>1584</ele>
      </trkpt>
      <trkpt lat="42.61037383177572" lon="20.03791436200649">
        <ele>1587</ele>
      </trkpt>
      <trkpt lat="42.6102012206752" lon="20.03744516498188">
        <ele>1586</ele>
      </trkpt>
      <trkpt lat="42.61015639900822" lon="20.03699790196453">
        <ele>1592</ele>
      </trkpt>
      <trkpt lat="42.61017261110053" lon="20.03663360671371">
        <ele>1596</ele>
      </trkpt>
      <trkpt lat="42.61014781613581" lon="20.03628456990273">
        <ele>1596</ele>
      </trkpt>
      <trkpt lat="42.61011062368874" lon="20.03615773412169">
        <ele>1597</ele>
      </trkpt>
      <trkpt lat="42.61000286095748" lon="20.03604424947549">
        <ele>1600</ele>
      </trkpt>
      <trkpt lat="42.60969387755103" lon="20.03583730688537">
        <ele>1608</ele>
      </trkpt>
      <trkpt lat="42.60946786191113" lon="20.03554262826626">
        <ele>1613</ele>
      </trkpt>
      <trkpt lat="42.60917699790198" lon="20.03501049017738">
        <ele>1618</ele>
      </trkpt>
      <trkpt lat="42.60842361243564" lon="20.03313751668892">
        <ele>1633</ele>
      </trkpt>
      <trkpt lat="42.60812511920658" lon="20.03254911310319">
        <ele>1637</ele>
      </trkpt>
      <trkpt lat="42.60782662597751" lon="20.03206656494374">
        <ele>1641</ele>
      </trkpt>
      <trkpt lat="42.60766641235935" lon="20.03157734121686">
        <ele>1640</ele>
      </trkpt>
      <trkpt lat="42.60735456799544" lon="20.03099275224108">
        <ele>1642</ele>
      </trkpt>
      <trkpt lat="42.60722391760444" lon="20.03084016784284">
        <ele>1644</ele>
      </trkpt>
      <trkpt lat="42.60699980926952" lon="20.03081632653061">
        <ele>1649</ele>
      </trkpt>
      <trkpt lat="42.60697787526227" lon="20.03092695021934">
        <ele>1651</ele>
      </trkpt>
      <trkpt lat="42.60700934579441" lon="20.03108430288003">
        <ele>1652</ele>
      </trkpt>
      <trkpt lat="42.60721247377457" lon="20.0314962807553">
        <ele>1651</ele>
      </trkpt>
      <trkpt lat="42.60736887278277" lon="20.03215811558268">
        <ele>1653</ele>
      </trkpt>
      <trkpt lat="42.60733644859815" lon="20.03264543200458">
        <ele>1658</ele>
      </trkpt>
      <trkpt lat="42.60742037001718" lon="20.03340644669083">
        <ele>1661</ele>
      </trkpt>
      <trkpt lat="42.60741083349229" lon="20.03348655349991">
        <ele>1662</ele>
      </trkpt>
      <trkpt lat="42.60735266069046" lon="20.03351134846462">
        <ele>1664</ele>
      </trkpt>
      <trkpt lat="42.60729067327867" lon="20.03349036810986">
        <ele>1665</ele>
      </trkpt>
      <trkpt lat="42.60681384703415" lon="20.03243562845699">
        <ele>1671</ele>
      </trkpt>
      <trkpt lat="42.60644573717339" lon="20.03183673469388">
        <ele>1674</ele>
      </trkpt>
      <trkpt lat="42.60625405302309" lon="20.03134274270456">
        <ele>1674</ele>
      </trkpt>
      <trkpt lat="42.60615010490179" lon="20.03118634369636">
        <ele>1675</ele>
      </trkpt>
      <trkpt lat="42.60545775319475" lon="20.03071237840931">
        <ele>1683</ele>
      </trkpt>
      <trkpt lat="42.60526416173948" lon="20.03051497234408">
        <ele>1682</ele>
      </trkpt>
      <trkpt lat="42.60497043677285" lon="20.0300085828724">
        <ele>1677</ele>
      </trkpt>
      <trkpt lat="42.60430478733551" lon="20.02960232691207">
        <ele>1673</ele>
      </trkpt>
      <trkpt lat="42.60399008201413" lon="20.0294611863437">
        <ele>1671</ele>
      </trkpt>
      <trkpt lat="42.60370493991991" lon="20.02945069616632">
        <ele>1673</ele>
      </trkpt>
      <trkpt lat="42.60274175090598" lon="20.02929906542056">
        <ele>1673</ele>
      </trkpt>
      <trkpt lat="42.60265687583446" lon="20.02932004577532">
        <ele>1674</ele>
      </trkpt>
      <trkpt lat="42.6023755483502" lon="20.02958516116727">
        <ele>1682</ele>
      </trkpt>
      <trkpt lat="42.60203795536908" lon="20.02976921609766">
        <ele>1682</ele>
      </trkpt>
      <trkpt lat="42.60184245660883" lon="20.02993991989319">
        <ele>1685</ele>
      </trkpt>
      <trkpt lat="42.6011834827389" lon="20.03062178142285">
        <ele>1698</ele>
      </trkpt>
      <trkpt lat="42.60016307457564" lon="20.03097844745375">
        <ele>1704</ele>
      </trkpt>
      <trkpt lat="42.60000000000002" lon="20.03107476635514">
        <ele>1708</ele>
      </trkpt>
      <trkpt lat="42.6" lon="20.03107476635514">
        <ele>1708</ele>
      </trkpt>
      <trkpt lat="42.59964905588404" lon="20.03128456990273">
        <ele>1712</ele>
      </trkpt>
      <trkpt lat="42.59949265687584" lon="20.03128266259775">
        <ele>1711</ele>
      </trkpt>
      <trkpt lat="42.59915029563228" lon="20.03105760061034">
        <ele>1700</ele>
      </trkpt>
      <trkpt lat="42.5988174709136" lon="20.0310518786954">
        <ele>1701</ele>
      </trkpt>
      <trkpt lat="42.59830249856952" lon="20.03115201220675">
        <ele>1706</ele>
      </trkpt>
      <trkpt lat="42.59812511920656" lon="20.03140473011635">
        <ele>1714</ele>
      </trkpt>
      <trkpt lat="42.59808220484456" lon="20.03142189586115">
        <ele>1715</ele>
      </trkpt>
      <trkpt lat="42.59773221438108" lon="20.03123593362579">
        <ele>1715</ele>
      </trkpt>
      <trkpt lat="42.59727255388137" lon="20.03106809078772">
        <ele>1718</ele>
      </trkpt>
      <trkpt lat="42.59696357047492" lon="20.03076769025367">
        <ele>1716</ele>
      </trkpt>
      <trkpt lat="42.59677093267214" lon="20.03077627312607">
        <ele>1718</ele>
      </trkpt>
      <trkpt lat="42.59612817089453" lon="20.03099084493611">
        <ele>1719</ele>
      </trkpt>
      <trkpt lat="42.59603757390807" lon="20.03096223536144">
        <ele>1718</ele>
      </trkpt>
      <trkpt lat="42.59596700362388" lon="20.03088117489987">
        <ele>1717</ele>
      </trkpt>
      <trkpt lat="42.59596700362388" lon="20.03088117489987">
        <ele>1717</ele>
      </trkpt>
      <trkpt lat="42.59555884035858" lon="20.03090310890711">
        <ele>1719</ele>
      </trkpt>
      <trkpt lat="42.59523078390235" lon="20.03071714667175">
        <ele>1721</ele>
      </trkpt>
      <trkpt lat="42.5949742513828" lon="20.03078104138852">
        <ele>1723</ele>
      </trkpt>
      <trkpt lat="42.59437726492467" lon="20.03038527560557">
        <ele>1731</ele>
      </trkpt>
      <trkpt lat="42.59418176616441" lon="20.03044917032233">
        <ele>1734</ele>
      </trkpt>
      <trkpt lat="42.59391092885753" lon="20.03066374213237">
        <ele>1741</ele>
      </trkpt>
      <trkpt lat="42.59370970818235" lon="20.03066564943735">
        <ele>1744</ele>
      </trkpt>
      <trkpt lat="42.59308601945452" lon="20.03128647720771">
        <ele>1760</ele>
      </trkpt>
      <trkpt lat="42.5924003433149" lon="20.03157352660691">
        <ele>1776</ele>
      </trkpt>
      <trkpt lat="42.59201125309937" lon="20.03199885561702">
        <ele>1786</ele>
      </trkpt>
      <trkpt lat="42.59172801831013" lon="20.0319826435247">
        <ele>1792</ele>
      </trkpt>
      <trkpt lat="42.59159259965669" lon="20.03206751859623">
        <ele>1796</ele>
      </trkpt>
      <trkpt lat="42.5911825290864" lon="20.03207133320618">
        <ele>1804</ele>
      </trkpt>
      <trkpt lat="42.59076006103376" lon="20.03235266069045">
        <ele>1819</ele>
      </trkpt>
      <trkpt lat="42.59031661262636" lon="20.03244707228686">
        <ele>1825</ele>
      </trkpt>
      <trkpt lat="42.59024604234217" lon="20.03265782948694">
        <ele>1831</ele>
      </trkpt>
      <trkpt lat="42.58995327102804" lon="20.03267690253672">
        <ele>1834</ele>
      </trkpt>
      <trkpt lat="42.58931813847035" lon="20.03296872019836">
        <ele>1842</ele>
      </trkpt>
      <trkpt lat="42.58895288956705" lon="20.03335781041389">
        <ele>1851</ele>
      </trkpt>
      <trkpt lat="42.5885828724013" lon="20.03332252527179">
        <ele>1850</ele>
      </trkpt>
      <trkpt lat="42.58819378218578" lon="20.03343219530803">
        <ele>1855</ele>
      </trkpt>
      <trkpt lat="42.58792485218387" lon="20.03317566278848">
        <ele>1852</ele>
      </trkpt>
      <trkpt lat="42.58684627121877" lon="20.03292485218386">
        <ele>1860</ele>
      </trkpt>
      <trkpt lat="42.58638661071906" lon="20.03294011062369">
        <ele>1866</ele>
      </trkpt>
      <trkpt lat="42.58612149532711" lon="20.03303833683006">
        <ele>1870</ele>
      </trkpt>
      <trkpt lat="42.58585065802022" lon="20.03307171466718">
        <ele>1873</ele>
      </trkpt>
      <trkpt lat="42.5852956322716" lon="20.03320236505817">
        <ele>1880</ele>
      </trkpt>
      <trkpt lat="42.58486934960901" lon="20.03335494945642">
        <ele>1885</ele>
      </trkpt>
      <trkpt lat="42.58462139996185" lon="20.03365916460042">
        <ele>1891</ele>
      </trkpt>
      <trkpt lat="42.58452984932291" lon="20.03403585733359">
        <ele>1899</ele>
      </trkpt>
      <trkpt lat="42.58448121304597" lon="20.03431146290292">
        <ele>1905</ele>
      </trkpt>
      <trkpt lat="42.58431623116537" lon="20.0343047873355">
        <ele>1904</ele>
      </trkpt>
      <trkpt lat="42.58371543009728" lon="20.03450123974824">
        <ele>1907</ele>
      </trkpt>
      <trkpt lat="42.5833654396338" lon="20.03482834255198">
        <ele>1913</ele>
      </trkpt>
      <trkpt lat="42.58318615296587" lon="20.03487602517643">
        <ele>1914</ele>
      </trkpt>
      <trkpt lat="42.58242513827962" lon="20.03484741560176">
        <ele>1911</ele>
      </trkpt>
      <trkpt lat="42.58206179668129" lon="20.0350781995041">
        <ele>1912</ele>
      </trkpt>
      <trkpt lat="42.58180240320428" lon="20.03496185390044">
        <ele>1906</ele>
      </trkpt>
      <trkpt lat="42.58157066564944" lon="20.03503623879459">
        <ele>1904</ele>
      </trkpt>
      <trkpt lat="42.58128552355522" lon="20.03524222773222">
        <ele>1902</ele>
      </trkpt>
      <trkpt lat="42.5810871638375" lon="20.03543677283998">
        <ele>1902</ele>
      </trkpt>
      <trkpt lat="42.58074194163647" lon="20.03569711996948">
        <ele>1899</ele>
      </trkpt>
      <trkpt lat="42.58041293152775" lon="20.03576292199123">
        <ele>1894</ele>
      </trkpt>
      <trkpt lat="42.58023936677475" lon="20.03588117489987">
        <ele>1893</ele>
      </trkpt>
      <trkpt lat="42.58008106046157" lon="20.03614152202938">
        <ele>1897</ele>
      </trkpt>
      <trkpt lat="42.58000000000001" lon="20.0362178142285">
        <ele>1898</ele>
      </trkpt>
      <trkpt lat="42.57999999999999" lon="20.0362178142285">
        <ele>1898</ele>
      </trkpt>
      <trkpt lat="42.57981403776463" lon="20.03639519359146">
        <ele>1901</ele>
      </trkpt>
      <trkpt lat="42.57923803166126" lon="20.03653251954988">
        <ele>1899</ele>
      </trkpt>
      <trkpt lat="42.57887373641044" lon="20.03636276940683">
        <ele>1892</ele>
      </trkpt>
      <trkpt lat="42.57869826435246" lon="20.03646290291818">
        <ele>1895</ele>
      </trkpt>
      <trkpt lat="42.57813274842647" lon="20.03637993515163">
        <ele>1891</ele>
      </trkpt>
      <trkpt lat="42.57782757962998" lon="20.0364266641236">
        <ele>1891</ele>
      </trkpt>
      <trkpt lat="42.57771123402632" lon="20.03632271600229">
        <ele>1888</ele>
      </trkpt>
      <trkpt lat="42.57747472820903" lon="20.03648483692542">
        <ele>1892</ele>
      </trkpt>
      <trkpt lat="42.5772859050162" lon="20.03654110242228">
        <ele>1892</ele>
      </trkpt>
      <trkpt lat="42.57666507724584" lon="20.03712569139806">
        <ele>1897</ele>
      </trkpt>
      <trkpt lat="42.57634178905207" lon="20.03736028991036">
        <ele>1901</ele>
      </trkpt>
      <trkpt lat="42.57615296585924" lon="20.03735266069044">
        <ele>1900</ele>
      </trkpt>
      <trkpt lat="42.57589738699217" lon="20.03746328437918">
        <ele>1900</ele>
      </trkpt>
      <trkpt lat="42.57578867060842" lon="20.03744993324433">
        <ele>1900</ele>
      </trkpt>
      <trkpt lat="42.57560461567804" lon="20.03736219721534">
        <ele>1902</ele>
      </trkpt>
      <trkpt lat="42.57505626549685" lon="20.03756627884799">
        <ele>1910</ele>
      </trkpt>
      <trkpt lat="42.57473106999809" lon="20.03740606522983">
        <ele>1919</ele>
      </trkpt>
      <trkpt lat="42.57454987602517" lon="20.03720198359718">
        <ele>1926</ele>
      </trkpt>
      <trkpt lat="42.57428952889566" lon="20.0371047110433">
        <ele>1934</ele>
      </trkpt>
      <trkpt lat="42.57413408353995" lon="20.03688251001335">
        <ele>1938</ele>
      </trkpt>
      <trkpt lat="42.57382319282853" lon="20.03696261682243">
        <ele>1947</ele>
      </trkpt>
      <trkpt lat="42.57359431623116" lon="20.03688537097082">
        <ele>1953</ele>
      </trkpt>
      <trkpt lat="42.5733120350944" lon="20.03669750143048">
        <ele>1960</ele>
      </trkpt>
      <trkpt lat="42.57322334541293" lon="20.03625309937059">
        <ele>1962</ele>
      </trkpt>
      <trkpt lat="42.57286763303451" lon="20.03609288575243">
        <ele>1967</ele>
      </trkpt>
      <trkpt lat="42.57255769597558" lon="20.03635037192447">
        <ele>1973</ele>
      </trkpt>
      <trkpt lat="42.57233930955559" lon="20.03635132557696">
        <ele>1975</ele>
      </trkpt>
      <trkpt lat="42.57222963951935" lon="20.03645527369827">
        <ele>1975</ele>
      </trkpt>
      <trkpt lat="42.57213045966049" lon="20.03641426664124">
        <ele>1975</ele>
      </trkpt>
      <trkpt lat="42.57213045966049" lon="20.03641426664124">
        <ele>1975</ele>
      </trkpt>
      <trkpt lat="42.57202746519167" lon="20.03635704749189">
        <ele>1975</ele>
      </trkpt>
      <trkpt lat="42.57197692160976" lon="20.03607762731261">
        <ele>1974</ele>
      </trkpt>
      <trkpt lat="42.57182242990653" lon="20.03607095174518">
        <ele>1974</ele>
      </trkpt>
      <trkpt lat="42.57169845508296" lon="20.03598512302117">
        <ele>1973</ele>
      </trkpt>
      <trkpt lat="42.57168319664314" lon="20.03590883082205">
        <ele>1973</ele>
      </trkpt>
      <trkpt lat="42.57144001525843" lon="20.036000381461">
        <ele>1976</ele>
      </trkpt>
      <trkpt lat="42.57131794773984" lon="20.03600801068091">
        <ele>1977</ele>
      </trkpt>
      <trkpt lat="42.57131794773984" lon="20.03600801068091">
        <ele>1977</ele>
      </trkpt>
      <trkpt lat="42.57116536334159" lon="20.03593267213428">
        <ele>1978</ele>
      </trkpt>
      <trkpt lat="42.57086496280755" lon="20.03536906351326">
        <ele>1977</ele>
      </trkpt>
      <trkpt lat="42.57087449933243" lon="20.03494754911311">
        <ele>1973</ele>
      </trkpt>
      <trkpt lat="42.57076864390616" lon="20.0348607667366">
        <ele>1974</ele>
      </trkpt>
      <trkpt lat="42.57069425901201" lon="20.03463379744421">
        <ele>1975</ele>
      </trkpt>
      <trkpt lat="42.57054453557123" lon="20.034391569712">
        <ele>1977</ele>
      </trkpt>
      <trkpt lat="42.57034617585352" lon="20.03435723822239">
        <ele>1981</ele>
      </trkpt>
      <trkpt lat="42.57028228113675" lon="20.0341569711997">
        <ele>1982</ele>
      </trkpt>
      <trkpt lat="42.57032519549875" lon="20.03401201602136">
        <ele>1982</ele>
      </trkpt>
      <trkpt lat="42.57023841312225" lon="20.03371543009727">
        <ele>1983</ele>
      </trkpt>
      <trkpt lat="42.57031184436391" lon="20.03360194545108">
        <ele>1982</ele>
      </trkpt>
      <trkpt lat="42.57020408163265" lon="20.03337592981118">
        <ele>1984</ele>
      </trkpt>
      <trkpt lat="42.57021266450505" lon="20.03312321190159">
        <ele>1985</ele>
      </trkpt>
      <trkpt lat="42.57006770932671" lon="20.03273412168606">
        <ele>1989</ele>
      </trkpt>
      <trkpt lat="42.57006294106427" lon="20.03254625214572">
        <ele>1990</ele>
      </trkpt>
      <trkpt lat="42.56998283425519" lon="20.03232786572573">
        <ele>1994</ele>
      </trkpt>
      <trkpt lat="42.56985599847415" lon="20.03221342742705">
        <ele>1999</ele>
      </trkpt>
      <trkpt lat="42.56980736219721" lon="20.03209803547587">
        <ele>2001</ele>
      </trkpt>
      <trkpt lat="42.5692952508106" lon="20.03178809841694">
        <ele>2011</ele>
      </trkpt>
      <trkpt lat="42.56919416364676" lon="20.03179382033187">
        <ele>2013</ele>
      </trkpt>
      <trkpt lat="42.56902822811367" lon="20.03163074575625">
        <ele>2017</ele>
      </trkpt>
      <trkpt lat="42.56889090215525" lon="20.03145336639329">
        <ele>2024</ele>
      </trkpt>
      <trkpt lat="42.56860576006103" lon="20.03132080869731">
        <ele>2033</ele>
      </trkpt>
      <trkpt lat="42.56851993133701" lon="20.03134465000954">
        <ele>2034</ele>
      </trkpt>
      <trkpt lat="42.56844936105283" lon="20.03125691398055">
        <ele>2037</ele>
      </trkpt>
      <trkpt lat="42.56834255197406" lon="20.03125405302308">
        <ele>2039</ele>
      </trkpt>
      <trkpt lat="42.56829677665458" lon="20.031173946214">
        <ele>2041</ele>
      </trkpt>
      <trkpt lat="42.56829963761205" lon="20.03102803738318">
        <ele>2043</ele>
      </trkpt>
      <trkpt lat="42.5683387373641" lon="20.03081060461568">
        <ele>2045</ele>
      </trkpt>
      <trkpt lat="42.56841598321571" lon="20.03055597940111">
        <ele>2046</ele>
      </trkpt>
      <trkpt lat="42.56847129506007" lon="20.03030135418653">
        <ele>2048</ele>
      </trkpt>
      <trkpt lat="42.56847129506007" lon="20.03030135418653">
        <ele>2048</ele>
      </trkpt>
      <trkpt lat="42.56858668701125" lon="20.0302345985123">
        <ele>2047</ele>
      </trkpt>
      <trkpt lat="42.56870303261491" lon="20.03016879649056">
        <ele>2047</ele>
      </trkpt>
      <trkpt lat="42.56880888804119" lon="20.03011253099371">
        <ele>2046</ele>
      </trkpt>
      <trkpt lat="42.56891474346747" lon="20.03005626549685">
        <ele>2046</ele>
      </trkpt>
      <trkpt lat="42.56898722105664" lon="20.03000953652489">
        <ele>2046</ele>
      </trkpt>
      <trkpt lat="42.56909307648292" lon="20.0298960518787">
        <ele>2045</ele>
      </trkpt>
      <trkpt lat="42.56915506389471" lon="20.02987125691398">
        <ele>2045</ele>
      </trkpt>
      <trkpt lat="42.56923135609383" lon="20.02985027655922">
        <ele>2044</ele>
      </trkpt>
      <trkpt lat="42.56930860194544" lon="20.02982929620446">
        <ele>2043</ele>
      </trkpt>
      <trkpt lat="42.5693648674423" lon="20.02978924279993">
        <ele>2042</ele>
      </trkpt>
      <trkpt lat="42.56942685485409" lon="20.02970246042342">
        <ele>2042</ele>
      </trkpt>
      <trkpt lat="42.56952698836543" lon="20.02958039290483">
        <ele>2041</ele>
      </trkpt>
      <trkpt lat="42.56962807552927" lon="20.02945832538623">
        <ele>2041</ele>
      </trkpt>
      <trkpt lat="42.56968243372115" lon="20.02938203318711">
        <ele>2042</ele>
      </trkpt>
      <trkpt lat="42.56973774556551" lon="20.02930669464047">
        <ele>2042</ele>
      </trkpt>
      <trkpt lat="42.56989605187869" lon="20.02900152584398">
        <ele>2044</ele>
      </trkpt>
      <trkpt lat="42.56996090024794" lon="20.02894239938966">
        <ele>2044</ele>
      </trkpt>
      <trkpt lat="42.57024508868967" lon="20.0288432195308">
        <ele>2041</ele>
      </trkpt>
      <trkpt lat="42.57066183482738" lon="20.02867346938775">
        <ele>2037</ele>
      </trkpt>
      <trkpt lat="42.57126358954796" lon="20.02809650963189">
        <ele>2034</ele>
      </trkpt>
      <trkpt lat="42.57131604043486" lon="20.02800972725539">
        <ele>2034</ele>
      </trkpt>
      <trkpt lat="42.57147434674804" lon="20.0276873927141">
        <ele>2035</ele>
      </trkpt>
      <trkpt lat="42.57157829486934" lon="20.02757009345795">
        <ele>2033</ele>
      </trkpt>
      <trkpt lat="42.57164886515353" lon="20.02747377455655">
        <ele>2032</ele>
      </trkpt>
      <trkpt lat="42.57171943543772" lon="20.02737840930765">
        <ele>2032</ele>
      </trkpt>
      <trkpt lat="42.57177093267213" lon="20.02727350753386">
        <ele>2033</ele>
      </trkpt>
      <trkpt lat="42.57182338355902" lon="20.02716955941255">
        <ele>2034</ele>
      </trkpt>
      <trkpt lat="42.57185771504863" lon="20.02707896242609">
        <ele>2035</ele>
      </trkpt>
      <trkpt lat="42.57189300019073" lon="20.02698836543964">
        <ele>2036</ele>
      </trkpt>
      <trkpt lat="42.57192923898531" lon="20.02695308029754">
        <ele>2036</ele>
      </trkpt>
      <trkpt lat="42.57197882891474" lon="20.02693877551021">
        <ele>2035</ele>
      </trkpt>
      <trkpt lat="42.57203604806408" lon="20.02693591455274">
        <ele>2033</ele>
      </trkpt>
      <trkpt lat="42.57213141331298" lon="20.02691874880794">
        <ele>2031</ele>
      </trkpt>
      <trkpt lat="42.57222677856188" lon="20.02690253671562">
        <ele>2029</ele>
      </trkpt>
      <trkpt lat="42.57229639519358" lon="20.02685390043868">
        <ele>2028</ele>
      </trkpt>
      <trkpt lat="42.57236601182528" lon="20.02680526416174">
        <ele>2026</ele>
      </trkpt>
      <trkpt lat="42.57242513827961" lon="20.02672897196262">
        <ele>2026</ele>
      </trkpt>
      <trkpt lat="42.57248521838641" lon="20.02665363341599">
        <ele>2025</ele>
      </trkpt>
      <trkpt lat="42.5725300400534" lon="20.02658115582682">
        <ele>2026</ele>
      </trkpt>
      <trkpt lat="42.57257486172038" lon="20.02650867823765">
        <ele>2026</ele>
      </trkpt>
      <trkpt lat="42.57321571619301" lon="20.0257047491894">
        <ele>2019</ele>
      </trkpt>
      <trkpt lat="42.57333492275414" lon="20.02559698645814">
        <ele>2016</ele>
      </trkpt>
      <trkpt lat="42.57341502956322" lon="20.0255044821667">
        <ele>2015</ele>
      </trkpt>
      <trkpt lat="42.57349609002479" lon="20.02541197787526">
        <ele>2013</ele>
      </trkpt>
      <trkpt lat="42.57355521647911" lon="20.02533568567614">
        <ele>2012</ele>
      </trkpt>
      <trkpt lat="42.57361529658592" lon="20.02526034712951">
        <ele>2011</ele>
      </trkpt>
      <trkpt lat="42.57364962807552" lon="20.02517928666794">
        <ele>2011</ele>
      </trkpt>
      <trkpt lat="42.57368395956513" lon="20.02509822620637">
        <ele>2010</ele>
      </trkpt>
      <trkpt lat="42.57370207896242" lon="20.02503051687965">
        <ele>2010</ele>
      </trkpt>
      <trkpt lat="42.5737211520122" lon="20.02496376120542">
        <ele>2010</ele>
      </trkpt>
      <trkpt lat="42.57373831775701" lon="20.02485409116918">
        <ele>2011</ele>
      </trkpt>
      <trkpt lat="42.57373164218958" lon="20.02478447453748">
        <ele>2011</ele>
      </trkpt>
      <trkpt lat="42.57369921800495" lon="20.02466812893382">
        <ele>2013</ele>
      </trkpt>
      <trkpt lat="42.57366679382032" lon="20.02455273698265">
        <ele>2015</ele>
      </trkpt>
      <trkpt lat="42.5736687011253" lon="20.02444783520885">
        <ele>2016</ele>
      </trkpt>
      <trkpt lat="42.57374594697691" lon="20.0241827198169">
        <ele>2016</ele>
      </trkpt>
      <trkpt lat="42.57375071523936" lon="20.0241045203128">
        <ele>2016</ele>
      </trkpt>
      <trkpt lat="42.57374403967194" lon="20.02403108907114">
        <ele>2017</ele>
      </trkpt>
      <trkpt lat="42.57376311272171" lon="20.02394621399962">
        <ele>2017</ele>
      </trkpt>
      <trkpt lat="42.57378886133892" lon="20.02389853137517">
        <ele>2016</ele>
      </trkpt>
      <trkpt lat="42.5739042532901" lon="20.02379458325386">
        <ele>2014</ele>
      </trkpt>
      <trkpt lat="42.5739643333969" lon="20.02372973488461">
        <ele>2013</ele>
      </trkpt>
      <trkpt lat="42.57401869158878" lon="20.02361434293343">
        <ele>2013</ele>
      </trkpt>
      <trkpt lat="42.57405016212092" lon="20.02329391569712">
        <ele>2016</ele>
      </trkpt>
      <trkpt lat="42.57406637421323" lon="20.02323288193782">
        <ele>2016</ele>
      </trkpt>
      <trkpt lat="42.5740949837879" lon="20.02318043105092">
        <ele>2017</ele>
      </trkpt>
      <trkpt lat="42.57420656112912" lon="20.02309174136944">
        <ele>2016</ele>
      </trkpt>
      <trkpt lat="42.57430097272553" lon="20.02303642952508">
        <ele>2015</ele>
      </trkpt>
      <trkpt lat="42.57439538432195" lon="20.02298207133321">
        <ele>2013</ele>
      </trkpt>
      <trkpt lat="42.57450123974823" lon="20.02290673278657">
        <ele>2012</ele>
      </trkpt>
      <trkpt lat="42.57458325386229" lon="20.02281613580012">
        <ele>2012</ele>
      </trkpt>
      <trkpt lat="42.57474156017547" lon="20.02256723250048">
        <ele>2013</ele>
      </trkpt>
      <trkpt lat="42.57481785237459" lon="20.02248331108144">
        <ele>2013</ele>
      </trkpt>
      <trkpt lat="42.5748779324814" lon="20.0224432576769">
        <ele>2012</ele>
      </trkpt>
      <trkpt lat="42.57495899294297" lon="20.02240606522983">
        <ele>2011</ele>
      </trkpt>
      <trkpt lat="42.57535285142094" lon="20.02238222391761">
        <ele>2004</ele>
      </trkpt>
      <trkpt lat="42.57560270837306" lon="20.02235838260538">
        <ele>1999</ele>
      </trkpt>
      <trkpt lat="42.57570474918939" lon="20.02231642189586">
        <ele>1998</ele>
      </trkpt>
      <trkpt lat="42.57580679000571" lon="20.02227446118635">
        <ele>1997</ele>
      </trkpt>
      <trkpt lat="42.57590978447453" lon="20.02225729544154">
        <ele>1995</ele>
      </trkpt>
      <trkpt lat="42.57601277894334" lon="20.02224108334923">
        <ele>1994</ele>
      </trkpt>
      <trkpt lat="42.57639423993896" lon="20.02223250047683">
        <ele>1986</ele>
      </trkpt>
      <trkpt lat="42.57645718100324" lon="20.02224966622163">
        <ele>1984</ele>
      </trkpt>
      <trkpt lat="42.57652012206751" lon="20.02226683196643">
        <ele>1983</ele>
      </trkpt>
      <trkpt lat="42.57658592408926" lon="20.02226683196643">
        <ele>1981</ele>
      </trkpt>
      <trkpt lat="42.57665267976348" lon="20.02226778561892">
        <ele>1980</ele>
      </trkpt>
      <trkpt lat="42.57672325004768" lon="20.02225538813656">
        <ele>1979</ele>
      </trkpt>
      <trkpt lat="42.57679382033186" lon="20.02224299065421">
        <ele>1978</ele>
      </trkpt>
      <trkpt lat="42.57687106618348" lon="20.02217337402251">
        <ele>1978</ele>
      </trkpt>
      <trkpt lat="42.57692447072287" lon="20.02210280373832">
        <ele>1979</ele>
      </trkpt>
      <trkpt lat="42.57697882891474" lon="20.02203223345413">
        <ele>1980</ele>
      </trkpt>
      <trkpt lat="42.57701888231927" lon="20.02195212664505">
        <ele>1981</ele>
      </trkpt>
      <trkpt lat="42.57705893572381" lon="20.02187201983597">
        <ele>1982</ele>
      </trkpt>
      <trkpt lat="42.57709708182337" lon="20.02177093267214">
        <ele>1984</ele>
      </trkpt>
      <trkpt lat="42.57713427427045" lon="20.02175185962236">
        <ele>1984</ele>
      </trkpt>
      <trkpt lat="42.57720293724966" lon="20.02173564753004">
        <ele>1983</ele>
      </trkpt>
      <trkpt lat="42.57732214381079" lon="20.02175853518978">
        <ele>1981</ele>
      </trkpt>
      <trkpt lat="42.57744230402441" lon="20.02178142284951">
        <ele>1979</ele>
      </trkpt>
      <trkpt lat="42.57755960328056" lon="20.0217919130269">
        <ele>1977</ele>
      </trkpt>
      <trkpt lat="42.57767690253671" lon="20.02180240320427">
        <ele>1975</ele>
      </trkpt>
      <trkpt lat="42.57775224108335" lon="20.02177093267214">
        <ele>1974</ele>
      </trkpt>
      <trkpt lat="42.57782757962998" lon="20.02173946214">
        <ele>1974</ele>
      </trkpt>
      <trkpt lat="42.57827865725729" lon="20.02148006866298">
        <ele>1973</ele>
      </trkpt>
      <trkpt lat="42.57849886541895" lon="20.0213856297969">
        <ele>1972</ele>
      </trkpt>
      <trkpt lat="42.57850085828724" lon="20.0213827961091">
        <ele>1972</ele>
      </trkpt>
      <trkpt lat="42.57947358382604" lon="20.02">
        <ele>1988</ele>
      </trkpt>
      <trkpt lat="42.57947358382604" lon="20.01999999999999">
        <ele>1988</ele>
      </trkpt>
      <trkpt lat="42.57988079343886" lon="20.01942113293915">
        <ele>1991</ele>
      </trkpt>
      <trkpt lat="42.57999999999999" lon="20.01914648102231">
        <ele>1993</ele>
      </trkpt>
      <trkpt lat="42.58000000000001" lon="20.01914648102231">
        <ele>1993</ele>
      </trkpt>
      <trkpt lat="42.58018405493038" lon="20.01872401296966">
        <ele>1996</ele>
      </trkpt>
      <trkpt lat="42.58104138851802" lon="20.01737745565515">
        <ele>1994</ele>
      </trkpt>
      <trkpt lat="42.5814266641236" lon="20.01690062941064">
        <ele>1992</ele>
      </trkpt>
      <trkpt lat="42.58219816898723" lon="20.01652107572">
        <ele>1997</ele>
      </trkpt>
      <trkpt lat="42.58436200648484" lon="20.01426378027846">
        <ele>1988</ele>
      </trkpt>
      <trkpt lat="42.58432767499524" lon="20.01394621399961">
        <ele>1986</ele>
      </trkpt>
      <trkpt lat="42.58428666793821" lon="20.01368109860766">
        <ele>1984</ele>
      </trkpt>
      <trkpt lat="42.5844611863437" lon="20.01351134846461">
        <ele>1980</ele>
      </trkpt>
      <trkpt lat="42.58465668510395" lon="20.01351134846461">
        <ele>1977</ele>
      </trkpt>
      <trkpt lat="42.58501144382987" lon="20.01356952126644">
        <ele>1972</ele>
      </trkpt>
      <trkpt lat="42.58551020408164" lon="20.01337592981117">
        <ele>1952</ele>
      </trkpt>
      <trkpt lat="42.58590883082205" lon="20.01345222201029">
        <ele>1938</ele>
      </trkpt>
      <trkpt lat="42.58642952508107" lon="20.01339500286095">
        <ele>1920</ele>
      </trkpt>
      <trkpt lat="42.58664695784856" lon="20.01260061033758">
        <ele>1903</ele>
      </trkpt>
      <trkpt lat="42.58718004958993" lon="20.01181003242418">
        <ele>1885</ele>
      </trkpt>
      <trkpt lat="42.58738699218005" lon="20.01160404348655">
        <ele>1880</ele>
      </trkpt>
      <trkpt lat="42.58728876597368" lon="20.01111768071714">
        <ele>1878</ele>
      </trkpt>
      <trkpt lat="42.58741655540722" lon="20.01071810032423">
        <ele>1874</ele>
      </trkpt>
      <trkpt lat="42.58803261491513" lon="20.00987602517642">
        <ele>1868</ele>
      </trkpt>
      <trkpt lat="42.58886610719054" lon="20.00990177379362">
        <ele>1846</ele>
      </trkpt>
      <trkpt lat="42.5892962044631" lon="20.00971771886324">
        <ele>1834</ele>
      </trkpt>
      <trkpt lat="42.58990177379363" lon="20.0086601182529">
        <ele>1815</ele>
      </trkpt>
      <trkpt lat="42.59030326149151" lon="20.0081213045966">
        <ele>1803</ele>
      </trkpt>
      <trkpt lat="42.59098703032615" lon="20.00677093267213">
        <ele>1786</ele>
      </trkpt>
      <trkpt lat="42.5917480450124" lon="20.00630745756246">
        <ele>1772</ele>
      </trkpt>
      <trkpt lat="42.59220961281709" lon="20.00581251192065">
        <ele>1762</ele>
      </trkpt>
      <trkpt lat="42.59235456799543" lon="20.00368300591264">
        <ele>1730</ele>
      </trkpt>
      <trkpt lat="42.59208945260347" lon="20.0020951745184">
        <ele>1706</ele>
      </trkpt>
      <trkpt lat="42.59176616440969" lon="20.00131985504481">
        <ele>1694</ele>
      </trkpt>
      <trkpt lat="42.59171848178524" lon="20.00075624642379">
        <ele>1676</ele>
      </trkpt>
      <trkpt lat="42.59229067327866" lon="20.00058363532328">
        <ele>1667</ele>
      </trkpt>
      <trkpt lat="42.59275128743086" lon="20.00049876025176">
        <ele>1656</ele>
      </trkpt>
      <trkpt lat="42.59287335494946" lon="20.00021934007247">
        <ele>1648</ele>
      </trkpt>
      <trkpt lat="42.59286667938203" lon="19.99999999999999">
        <ele>1644</ele>
      </trkpt>
      <trkpt lat="42.59286667938203" lon="20.00000000000001">
        <ele>1644</ele>
      </trkpt>
      <trkpt lat="42.59284188441733" lon="19.99918271981691">
        <ele>1632</ele>
      </trkpt>
      <trkpt lat="42.59272267785619" lon="19.99838451268359">
        <ele>1616</ele>
      </trkpt>
      <trkpt lat="42.59258058363532" lon="19.99776749952318">
        <ele>1599</ele>
      </trkpt>
      <trkpt lat="42.59269025367156" lon="19.9974966622163">
        <ele>1591</ele>
      </trkpt>
      <trkpt lat="42.59287335494946" lon="19.99754339118826">
        <ele>1592</ele>
      </trkpt>
      <trkpt lat="42.59316231165364" lon="19.99746709898914">
        <ele>1589</ele>
      </trkpt>
      <trkpt lat="42.59346366584017" lon="19.99716765210758">
        <ele>1574</ele>
      </trkpt>
      <trkpt lat="42.59345699027275" lon="19.9967137135228">
        <ele>1560</ele>
      </trkpt>
      <trkpt lat="42.59333396910166" lon="19.99653919511731">
        <ele>1558</ele>
      </trkpt>
      <trkpt lat="42.59326435246997" lon="19.99629315277514">
        <ele>1550</ele>
      </trkpt>
      <trkpt lat="42.59332538622926" lon="19.99624547015069">
        <ele>1548</ele>
      </trkpt>
      <trkpt lat="42.59370398626741" lon="19.99619301926379">
        <ele>1537</ele>
      </trkpt>
      <trkpt lat="42.59401106236888" lon="19.99615868777418">
        <ele>1528</ele>
      </trkpt>
      <trkpt lat="42.59418081251192" lon="19.99621304596606">
        <ele>1525</ele>
      </trkpt>
      <trkpt lat="42.59440587449934" lon="19.99641235933627">
        <ele>1523</ele>
      </trkpt>
      <trkpt lat="42.59440587449934" lon="19.99641235933627">
        <ele>1523</ele>
      </trkpt>
      <trkpt lat="42.59445927903872" lon="19.99637993515164">
        <ele>1521</ele>
      </trkpt>
      <trkpt lat="42.59457562464238" lon="19.99644287621592">
        <ele>1519</ele>
      </trkpt>
      <trkpt lat="42.59462235361435" lon="19.99645718100325">
        <ele>1517</ele>
      </trkpt>
      <trkpt lat="42.59465668510395" lon="19.99645908830823">
        <ele>1516</ele>
      </trkpt>
      <trkpt lat="42.59465668510395" lon="19.99645908830823">
        <ele>1516</ele>
      </trkpt>
      <trkpt lat="42.59468434102613" lon="19.99639614724395">
        <ele>1514</ele>
      </trkpt>
      <trkpt lat="42.59468243372115" lon="19.99631699408736">
        <ele>1513</ele>
      </trkpt>
      <trkpt lat="42.59466717528133" lon="19.99624928476064">
        <ele>1512</ele>
      </trkpt>
      <trkpt lat="42.59463665840168" lon="19.99619015830632">
        <ele>1512</ele>
      </trkpt>
      <trkpt lat="42.59457467098989" lon="19.99615487316423">
        <ele>1513</ele>
      </trkpt>
      <trkpt lat="42.59448216669846" lon="19.99607667366013">
        <ele>1514</ele>
      </trkpt>
      <trkpt lat="42.59440396719436" lon="19.99602803738319">
        <ele>1515</ele>
      </trkpt>
      <trkpt lat="42.59441159641427" lon="19.99592313560939">
        <ele>1513</ele>
      </trkpt>
      <trkpt lat="42.59441922563418" lon="19.9958182338356">
        <ele>1511</ele>
      </trkpt>
      <trkpt lat="42.5944964714858" lon="19.99555979401107">
        <ele>1504</ele>
      </trkpt>
      <trkpt lat="42.5945136372306" lon="19.99546919702461">
        <ele>1502</ele>
      </trkpt>
      <trkpt lat="42.5945308029754" lon="19.99537955369064">
        <ele>1500</ele>
      </trkpt>
      <trkpt lat="42.59455559794011" lon="19.99531089071143">
        <ele>1498</ele>
      </trkpt>
      <trkpt lat="42.59458134655732" lon="19.99524318138471">
        <ele>1496</ele>
      </trkpt>
      <trkpt lat="42.59492084684342" lon="19.99494278085067">
        <ele>1486</ele>
      </trkpt>
      <trkpt lat="42.59499618539004" lon="19.99491512492849">
        <ele>1485</ele>
      </trkpt>
      <trkpt lat="42.59507247758917" lon="19.9948874690063">
        <ele>1483</ele>
      </trkpt>
      <trkpt lat="42.59515163074576" lon="19.99487602517643">
        <ele>1481</ele>
      </trkpt>
      <trkpt lat="42.59523173755484" lon="19.99486553499905">
        <ele>1479</ele>
      </trkpt>
      <trkpt lat="42.59533759298112" lon="19.99490558840359">
        <ele>1477</ele>
      </trkpt>
      <trkpt lat="42.59542437535762" lon="19.99487602517643">
        <ele>1475</ele>
      </trkpt>
      <trkpt lat="42.59541007057029" lon="19.99479591836736">
        <ele>1474</ele>
      </trkpt>
      <trkpt lat="42.59539671943544" lon="19.99471676521077">
        <ele>1473</ele>
      </trkpt>
      <trkpt lat="42.59537097081824" lon="19.99459755864964">
        <ele>1472</ele>
      </trkpt>
      <trkpt lat="42.59534522220103" lon="19.99447835208851">
        <ele>1470</ele>
      </trkpt>
      <trkpt lat="42.59514304787336" lon="19.99417699790197">
        <ele>1467</ele>
      </trkpt>
      <trkpt lat="42.59518691588785" lon="19.99411501049019">
        <ele>1464</ele>
      </trkpt>
      <trkpt lat="42.59523173755484" lon="19.9940530230784">
        <ele>1462</ele>
      </trkpt>
      <trkpt lat="42.59533377837116" lon="19.99402441350373">
        <ele>1460</ele>
      </trkpt>
      <trkpt lat="42.59543677283998" lon="19.99399675758155">
        <ele>1459</ele>
      </trkpt>
      <trkpt lat="42.595696166317" lon="19.99390711424758">
        <ele>1455</ele>
      </trkpt>
      <trkpt lat="42.59579820713332" lon="19.99390234598513">
        <ele>1454</ele>
      </trkpt>
      <trkpt lat="42.59590024794965" lon="19.99389853137518">
        <ele>1453</ele>
      </trkpt>
      <trkpt lat="42.59592313560939" lon="19.99387373641046">
        <ele>1452</ele>
      </trkpt>
      <trkpt lat="42.59603566660309" lon="19.99394239938967">
        <ele>1452</ele>
      </trkpt>
      <trkpt lat="42.59614915124929" lon="19.99401201602137">
        <ele>1451</ele>
      </trkpt>
      <trkpt lat="42.59618729734885" lon="19.99399675758155">
        <ele>1450</ele>
      </trkpt>
      <trkpt lat="42.59622067518597" lon="19.99394144573718">
        <ele>1449</ele>
      </trkpt>
      <trkpt lat="42.59622067518597" lon="19.99385657066566">
        <ele>1448</ele>
      </trkpt>
      <trkpt lat="42.59622162883846" lon="19.99377264924662">
        <ele>1446</ele>
      </trkpt>
      <trkpt lat="42.59620827770361" lon="19.99369826435248">
        <ele>1445</ele>
      </trkpt>
      <trkpt lat="42.59619492656876" lon="19.99362483311083">
        <ele>1444</ele>
      </trkpt>
      <trkpt lat="42.59606618348274" lon="19.99329486934962">
        <ele>1439</ele>
      </trkpt>
      <trkpt lat="42.59595460614153" lon="19.99317661644098">
        <ele>1435</ele>
      </trkpt>
      <trkpt lat="42.59594983787908" lon="19.99310890711426">
        <ele>1432</ele>
      </trkpt>
      <trkpt lat="42.59601468624833" lon="19.99305740987985">
        <ele>1430</ele>
      </trkpt>
      <trkpt lat="42.59609479305741" lon="19.99305550257487">
        <ele>1430</ele>
      </trkpt>
      <trkpt lat="42.59634751096701" lon="19.99302975395767">
        <ele>1428</ele>
      </trkpt>
      <trkpt lat="42.59645813465573" lon="19.99305454892238">
        <ele>1429</ele>
      </trkpt>
      <trkpt lat="42.59656875834446" lon="19.99308029753958">
        <ele>1429</ele>
      </trkpt>
      <trkpt lat="42.59664886515354" lon="19.99335494945643">
        <ele>1438</ele>
      </trkpt>
      <trkpt lat="42.59670131604044" lon="19.99337879076865">
        <ele>1437</ele>
      </trkpt>
      <trkpt lat="42.59676234979974" lon="19.99330822048447">
        <ele>1434</ele>
      </trkpt>
      <trkpt lat="42.5967737936296" lon="19.99322143810796">
        <ele>1431</ele>
      </trkpt>
      <trkpt lat="42.59678523745947" lon="19.99313560938395">
        <ele>1428</ele>
      </trkpt>
      <trkpt lat="42.59667556742323" lon="19.99262254434485">
        <ele>1413</ele>
      </trkpt>
      <trkpt lat="42.59669559412551" lon="19.99255674232311">
        <ele>1410</ele>
      </trkpt>
      <trkpt lat="42.59671657448026" lon="19.99249094030136">
        <ele>1408</ele>
      </trkpt>
      <trkpt lat="42.59680431050926" lon="19.9925138279611">
        <ele>1407</ele>
      </trkpt>
      <trkpt lat="42.59689300019073" lon="19.99253671562084">
        <ele>1406</ele>
      </trkpt>
      <trkpt lat="42.59698550448217" lon="19.99249284760634">
        <ele>1403</ele>
      </trkpt>
      <trkpt lat="42.5970789624261" lon="19.99244993324433">
        <ele>1401</ele>
      </trkpt>
      <trkpt lat="42.5970961281709" lon="19.99235075338548">
        <ele>1398</ele>
      </trkpt>
      <trkpt lat="42.59711424756819" lon="19.99225157352662">
        <ele>1396</ele>
      </trkpt>
      <trkpt lat="42.59716193019264" lon="19.99215430097274">
        <ele>1393</ele>
      </trkpt>
      <trkpt lat="42.59722963951936" lon="19.99212759870304">
        <ele>1392</ele>
      </trkpt>
      <trkpt lat="42.59729734884608" lon="19.99210089643335">
        <ele>1390</ele>
      </trkpt>
      <trkpt lat="42.59727064657639" lon="19.99200457753196">
        <ele>1389</ele>
      </trkpt>
      <trkpt lat="42.5972439443067" lon="19.99190825863056">
        <ele>1387</ele>
      </trkpt>
      <trkpt lat="42.5972439443067" lon="19.99190825863056">
        <ele>1387</ele>
      </trkpt>
      <trkpt lat="42.5968786954034" lon="19.99173278657258">
        <ele>1384</ele>
      </trkpt>
      <trkpt lat="42.59621590692352" lon="19.99161739462141">
        <ele>1380</ele>
      </trkpt>
      <trkpt lat="42.59621590692352" lon="19.99161739462141">
        <ele>1380</ele>
      </trkpt>
      <trkpt lat="42.59624833110815" lon="19.99148388327295">
        <ele>1376</ele>
      </trkpt>
      <trkpt lat="42.59659736791913" lon="19.99135514018693">
        <ele>1375</ele>
      </trkpt>
      <trkpt lat="42.59711710852566" lon="19.99117776082397">
        <ele>1369</ele>
      </trkpt>
      <trkpt lat="42.59793152775129" lon="19.99083635323289">
        <ele>1353</ele>
      </trkpt>
      <trkpt lat="42.59794106427618" lon="19.99076482929621">
        <ele>1350</ele>
      </trkpt>
      <trkpt lat="42.59767404157925" lon="19.99053499904636">
        <ele>1345</ele>
      </trkpt>
      <trkpt lat="42.59695975586497" lon="19.99037383177571">
        <ele>1341</ele>
      </trkpt>
      <trkpt lat="42.59670322334541" lon="19.9900705702842">
        <ele>1328</ele>
      </trkpt>
      <trkpt lat="42.59636849132177" lon="19.98987983978639">
        <ele>1320</ele>
      </trkpt>
      <trkpt lat="42.59619778752623" lon="19.98977398436011">
        <ele>1316</ele>
      </trkpt>
      <trkpt lat="42.59565420560748" lon="19.98963475109671">
        <ele>1309</ele>
      </trkpt>
      <trkpt lat="42.59549208468435" lon="19.9894440205989">
        <ele>1300</ele>
      </trkpt>
      <trkpt lat="42.59552832347893" lon="19.98932862864773">
        <ele>1296</ele>
      </trkpt>
      <trkpt lat="42.59568376883464" lon="19.98929048254817">
        <ele>1294</ele>
      </trkpt>
      <trkpt lat="42.59569521266451" lon="19.9892094220866">
        <ele>1291</ele>
      </trkpt>
      <trkpt lat="42.59559889376312" lon="19.98908640091551">
        <ele>1286</ele>
      </trkpt>
      <trkpt lat="42.59537287812321" lon="19.98905397673089">
        <ele>1285</ele>
      </trkpt>
      <trkpt lat="42.59484074003434" lon="19.98924661453367">
        <ele>1292</ele>
      </trkpt>
      <trkpt lat="42.59419988556171" lon="19.98900438680146">
        <ele>1281</ele>
      </trkpt>
      <trkpt lat="42.59379839786382" lon="19.98844173183293">
        <ele>1263</ele>
      </trkpt>
      <trkpt lat="42.59344268548541" lon="19.98826816707993">
        <ele>1261</ele>
      </trkpt>
      <trkpt lat="42.59325767690254" lon="19.98798874690064">
        <ele>1256</ele>
      </trkpt>
      <trkpt lat="42.59260823955751" lon="19.98793057409881">
        <ele>1261</ele>
      </trkpt>
      <trkpt lat="42.59311844363914" lon="19.98751096700363">
        <ele>1246</ele>
      </trkpt>
      <trkpt lat="42.59372973488461" lon="19.98737173374023">
        <ele>1239</ele>
      </trkpt>
      <trkpt lat="42.59446786191112" lon="19.98706370398628">
        <ele>1230</ele>
      </trkpt>
      <trkpt lat="42.59474632843792" lon="19.9870961281709">
        <ele>1227</ele>
      </trkpt>
      <trkpt lat="42.59517199784774" lon="19.98707955594694">
        <ele>1225</ele>
      </trkpt>
      <trkpt lat="42.59517199790721" lon="19.98707955594463">
        <ele>1225</ele>
      </trkpt>
      <trkpt lat="42.59555121113866" lon="19.98667842838071">
        <ele>1212</ele>
      </trkpt>
      <trkpt lat="42.595608430288" lon="19.98622639710091">
        <ele>1213</ele>
      </trkpt>
      <trkpt lat="42.59590787716957" lon="19.98626645050544">
        <ele>1207</ele>
      </trkpt>
      <trkpt lat="42.59599084493611" lon="19.98619874117872">
        <ele>1207</ele>
      </trkpt>
      <trkpt lat="42.59609288575243" lon="19.98593648674424">
        <ele>1204</ele>
      </trkpt>
      <trkpt lat="42.59616154873164" lon="19.9857228685867">
        <ele>1206</ele>
      </trkpt>
      <trkpt lat="42.59648388327294" lon="19.98573335876408">
        <ele>1202</ele>
      </trkpt>
      <trkpt lat="42.59685771504864" lon="19.98566946404731">
        <ele>1200</ele>
      </trkpt>
      <trkpt lat="42.59717623497998" lon="19.98520217432769">
        <ele>1211</ele>
      </trkpt>
      <trkpt lat="42.59762063703987" lon="19.9849485027656">
        <ele>1209</ele>
      </trkpt>
      <trkpt lat="42.59786572572955" lon="19.98455655159261">
        <ele>1214</ele>
      </trkpt>
      <trkpt lat="42.59838355903109" lon="19.9843133702079">
        <ele>1210</ele>
      </trkpt>
      <trkpt lat="42.59890043868015" lon="19.9841054739653">
        <ele>1210</ele>
      </trkpt>
      <trkpt lat="42.59972534808316" lon="19.98358764066375">
        <ele>1214</ele>
      </trkpt>
      <trkpt lat="42.59972534808316" lon="19.98358764066375">
        <ele>1214</ele>
      </trkpt>
      <trkpt lat="42.59982929620447" lon="19.98337020789625">
        <ele>1220</ele>
      </trkpt>
      <trkpt lat="42.6" lon="19.98329963761206">
        <ele>1220</ele>
      </trkpt>
      <trkpt lat="42.60000000000002" lon="19.98329963761206">
        <ele>1220</ele>
      </trkpt>
      <trkpt lat="42.60016116727066" lon="19.98323192828534">
        <ele>1221</ele>
      </trkpt>
      <trkpt lat="42.60042151440017" lon="19.98328533282473">
        <ele>1217</ele>
      </trkpt>
      <trkpt lat="42.60109002479498" lon="19.98278561892047">
        <ele>1230</ele>
      </trkpt>
      <trkpt lat="42.60135323288195" lon="19.98276368491323">
        <ele>1229</ele>
      </trkpt>
      <trkpt lat="42.60171085256534" lon="19.98259298111769">
        <ele>1232</ele>
      </trkpt>
      <trkpt lat="42.60205607476637" lon="19.98257009345795">
        <ele>1231</ele>
      </trkpt>
      <trkpt lat="42.6021485790578" lon="19.9825395765783">
        <ele>1232</ele>
      </trkpt>
      <trkpt lat="42.60213618157545" lon="19.98230402441351">
        <ele>1232</ele>
      </trkpt>
      <trkpt lat="42.60217623497999" lon="19.98206370398628">
        <ele>1232</ele>
      </trkpt>
      <trkpt lat="42.60218291054741" lon="19.98166793820333">
        <ele>1231</ele>
      </trkpt>
      <trkpt lat="42.60210947930575" lon="19.98140568376884">
        <ele>1232</ele>
      </trkpt>
      <trkpt lat="42.60208563799353" lon="19.98123402632082">
        <ele>1233</ele>
      </trkpt>
      <trkpt lat="42.602088498951" lon="19.98095365248904">
        <ele>1232</ele>
      </trkpt>
      <trkpt lat="42.60221914934199" lon="19.98062082777037">
        <ele>1229</ele>
      </trkpt>
      <trkpt lat="42.60236505817281" lon="19.98041197787527">
        <ele>1227</ele>
      </trkpt>
      <trkpt lat="42.60244611863438" lon="19.98000000000001">
        <ele>1225</ele>
      </trkpt>
      <trkpt lat="42.60244611863438" lon="19.98">
        <ele>1225</ele>
      </trkpt>
      <trkpt lat="42.60252050352853" lon="19.97962426091932">
        <ele>1223</ele>
      </trkpt>
      <trkpt lat="42.60272744611865" lon="19.97937249666222">
        <ele>1221</ele>
      </trkpt>
      <trkpt lat="42.60295441541104" lon="19.9792170513065">
        <ele>1218</ele>
      </trkpt>
      <trkpt lat="42.60330154491704" lon="19.97892714094984">
        <ele>1217</ele>
      </trkpt>
      <trkpt lat="42.60371256913982" lon="19.97872305931718">
        <ele>1216</ele>
      </trkpt>
      <trkpt lat="42.60402345985124" lon="19.97867442304024">
        <ele>1214</ele>
      </trkpt>
      <trkpt lat="42.60482834255199" lon="19.9783740225062">
        <ele>1208</ele>
      </trkpt>
      <trkpt lat="42.60501525843983" lon="19.9782080869731">
        <ele>1205</ele>
      </trkpt>
      <trkpt lat="42.60530993705895" lon="19.97760156399008">
        <ele>1196</ele>
      </trkpt>
      <trkpt lat="42.60551592599658" lon="19.97744135037192">
        <ele>1194</ele>
      </trkpt>
      <trkpt lat="42.6060185008583" lon="19.97717814228495">
        <ele>1191</ele>
      </trkpt>
      <trkpt lat="42.60625596032807" lon="19.97709231356094">
        <ele>1191</ele>
      </trkpt>
      <trkpt lat="42.60650295632273" lon="19.97670036238794">
        <ele>1199</ele>
      </trkpt>
      <trkpt lat="42.60657352660692" lon="19.97666793820332">
        <ele>1200</ele>
      </trkpt>
      <trkpt lat="42.60691302689301" lon="19.97656112912454">
        <ele>1197</ele>
      </trkpt>
      <trkpt lat="42.60720293724968" lon="19.97657734121686">
        <ele>1192</ele>
      </trkpt>
      <trkpt lat="42.60751382796111" lon="19.97649151249285">
        <ele>1189</ele>
      </trkpt>
      <trkpt lat="42.60769502193402" lon="19.97632462330727">
        <ele>1186</ele>
      </trkpt>
      <trkpt lat="42.6078533282472" lon="19.97598130841121">
        <ele>1188</ele>
      </trkpt>
      <trkpt lat="42.60800877360291" lon="19.97553690635132">
        <ele>1190</ele>
      </trkpt>
      <trkpt lat="42.60806599275225" lon="19.97532710280374">
        <ele>1191</ele>
      </trkpt>
      <trkpt lat="42.60805073431243" lon="19.97509155063895">
        <ele>1196</ele>
      </trkpt>
      <trkpt lat="42.60810318519933" lon="19.97495803929048">
        <ele>1196</ele>
      </trkpt>
      <trkpt lat="42.60822143810797" lon="19.97487221056647">
        <ele>1195</ele>
      </trkpt>
      <trkpt lat="42.60850085828725" lon="19.97482262063704">
        <ele>1189</ele>
      </trkpt>
      <trkpt lat="42.60868205226017" lon="19.97471581155827">
        <ele>1188</ele>
      </trkpt>
      <trkpt lat="42.60888518024034" lon="19.97448598130841">
        <ele>1190</ele>
      </trkpt>
      <trkpt lat="42.60898722105666" lon="19.97441064276178">
        <ele>1190</ele>
      </trkpt>
      <trkpt lat="42.60932195308031" lon="19.97432958230021">
        <ele>1184</ele>
      </trkpt>
      <trkpt lat="42.6094535571238" lon="19.97418558077436">
        <ele>1184</ele>
      </trkpt>
      <trkpt lat="42.60958802212475" lon="19.97385275605569">
        <ele>1190</ele>
      </trkpt>
      <trkpt lat="42.60969292389854" lon="19.9737821857715">
        <ele>1189</ele>
      </trkpt>
      <trkpt lat="42.60994564180814" lon="19.97374976158688">
        <ele>1182</ele>
      </trkpt>
      <trkpt lat="42.6101487697883" lon="19.97359526988365">
        <ele>1181</ele>
      </trkpt>
      <trkpt lat="42.61025843982454" lon="19.973391188251">
        <ele>1183</ele>
      </trkpt>
      <trkpt lat="42.61025653251956" lon="19.97308411214953">
        <ele>1188</ele>
      </trkpt>
      <trkpt lat="42.61033568567616" lon="19.97297634941827">
        <ele>1188</ele>
      </trkpt>
      <trkpt lat="42.61062178142286" lon="19.9728867060843">
        <ele>1181</ele>
      </trkpt>
      <trkpt lat="42.61070665649439" lon="19.97277131413313">
        <ele>1180</ele>
      </trkpt>
      <trkpt lat="42.61075433911884" lon="19.97249666221629">
        <ele>1184</ele>
      </trkpt>
      <trkpt lat="42.61084302880032" lon="19.97245756246424">
        <ele>1182</ele>
      </trkpt>
      <trkpt lat="42.61108334922756" lon="19.97242513827961">
        <ele>1178</ele>
      </trkpt>
      <trkpt lat="42.61121399961856" lon="19.97238317757009">
        <ele>1176</ele>
      </trkpt>
      <trkpt lat="42.61141140568378" lon="19.97209326721343">
        <ele>1176</ele>
      </trkpt>
      <trkpt lat="42.61160881174902" lon="19.97182529086401">
        <ele>1174</ele>
      </trkpt>
      <trkpt lat="42.61168033568569" lon="19.97165363341598">
        <ele>1174</ele>
      </trkpt>
      <trkpt lat="42.61175376692734" lon="19.97129315277513">
        <ele>1174</ele>
      </trkpt>
      <trkpt lat="42.6118615296586" lon="19.97100991798589">
        <ele>1173</ele>
      </trkpt>
      <trkpt lat="42.61187011253101" lon="19.97069807362197">
        <ele>1174</ele>
      </trkpt>
      <trkpt lat="42.61200362387947" lon="19.96963665840168">
        <ele>1167</ele>
      </trkpt>
      <trkpt lat="42.61202460423423" lon="19.96952412740797">
        <ele>1167</ele>
      </trkpt>
      <trkpt lat="42.6120713332062" lon="19.96944783520885">
        <ele>1165</ele>
      </trkpt>
      <trkpt lat="42.61206751859623" lon="19.96917509059698">
        <ele>1165</ele>
      </trkpt>
      <trkpt lat="42.61214571810034" lon="19.96859526988365">
        <ele>1161</ele>
      </trkpt>
      <trkpt lat="42.6122010299447" lon="19.96849895098226">
        <ele>1158</ele>
      </trkpt>
      <trkpt lat="42.61224108334924" lon="19.96829486934961">
        <ele>1156</ele>
      </trkpt>
      <trkpt lat="42.61224108334924" lon="19.96813370207896">
        <ele>1155</ele>
      </trkpt>
      <trkpt lat="42.61210852565326" lon="19.96766736601182">
        <ele>1159</ele>
      </trkpt>
      <trkpt lat="42.61213808888043" lon="19.96740415792485">
        <ele>1156</ele>
      </trkpt>
      <trkpt lat="42.61213236696549" lon="19.96647625405302">
        <ele>1147</ele>
      </trkpt>
      <trkpt lat="42.61196452412742" lon="19.96590215525462">
        <ele>1146</ele>
      </trkpt>
      <trkpt lat="42.61187774175092" lon="19.96558077436582">
        <ele>1145</ele>
      </trkpt>
      <trkpt lat="42.61162502384133" lon="19.96524794964715">
        <ele>1152</ele>
      </trkpt>
      <trkpt lat="42.61145908830824" lon="19.96469006294106">
        <ele>1153</ele>
      </trkpt>
      <trkpt lat="42.61144382986841" lon="19.964260919321">
        <ele>1149</ele>
      </trkpt>
      <trkpt lat="42.6114619492657" lon="19.96376120541674">
        <ele>1148</ele>
      </trkpt>
      <trkpt lat="42.61149818806028" lon="19.96357428952889">
        <ele>1147</ele>
      </trkpt>
      <trkpt lat="42.61156208277705" lon="19.96339214190349">
        <ele>1145</ele>
      </trkpt>
      <trkpt lat="42.61158592408928" lon="19.96317757009346">
        <ele>1144</ele>
      </trkpt>
      <trkpt lat="42.61156208277705" lon="19.96260919320999">
        <ele>1147</ele>
      </trkpt>
      <trkpt lat="42.61156971199696" lon="19.96252336448598">
        <ele>1147</ele>
      </trkpt>
      <trkpt lat="42.61165649437346" lon="19.96234026320809">
        <ele>1142</ele>
      </trkpt>
      <trkpt lat="42.61165649437346" lon="19.96219053976731">
        <ele>1142</ele>
      </trkpt>
      <trkpt lat="42.61149818806028" lon="19.96139614724394">
        <ele>1144</ele>
      </trkpt>
      <trkpt lat="42.61137993515165" lon="19.96100991798588">
        <ele>1141</ele>
      </trkpt>
      <trkpt lat="42.61115391951174" lon="19.96060747663551">
        <ele>1144</ele>
      </trkpt>
      <trkpt lat="42.61082967766547" lon="19.96">
        <ele>1147</ele>
      </trkpt>
      <trkpt lat="42.61082967766547" lon="19.96000000000002">
        <ele>1147</ele>
      </trkpt>
      <trkpt lat="42.61071142475683" lon="19.95975967957278">
        <ele>1148</ele>
      </trkpt>
      <trkpt lat="42.61061701316041" lon="19.95941636467673">
        <ele>1145</ele>
      </trkpt>
      <trkpt lat="42.61049589929431" lon="19.95908926187299">
        <ele>1145</ele>
      </trkpt>
      <trkpt lat="42.61035380507344" lon="19.95851039481215">
        <ele>1141</ele>
      </trkpt>
      <trkpt lat="42.61024222773223" lon="19.95823002098037">
        <ele>1143</ele>
      </trkpt>
      <trkpt lat="42.61025843982454" lon="19.95805836353234">
        <ele>1143</ele>
      </trkpt>
      <trkpt lat="42.61035571237842" lon="19.95783520884991">
        <ele>1140</ele>
      </trkpt>
      <trkpt lat="42.61121399961856" lon="19.95702937249668">
        <ele>1116</ele>
      </trkpt>
      <trkpt lat="42.61127217242039" lon="19.95682624451652">
        <ele>1115</ele>
      </trkpt>
      <trkpt lat="42.61132462330728" lon="19.95650390997522">
        <ele>1114</ele>
      </trkpt>
      <trkpt lat="42.61132462330728" lon="19.95627884798781">
        <ele>1113</ele>
      </trkpt>
      <trkpt lat="42.6111663169941" lon="19.95597081823385">
        <ele>1113</ele>
      </trkpt>
      <trkpt lat="42.61105092504292" lon="19.95583253862294">
        <ele>1113</ele>
      </trkpt>
      <trkpt lat="42.6109059698646" lon="19.9557314514591">
        <ele>1111</ele>
      </trkpt>
      <trkpt lat="42.61058268167081" lon="19.95559221819571">
        <ele>1108</ele>
      </trkpt>
      <trkpt lat="42.61026130078201" lon="19.95543581918751">
        <ele>1104</ele>
      </trkpt>
      <trkpt lat="42.60973011634562" lon="19.95502384131224">
        <ele>1095</ele>
      </trkpt>
      <trkpt lat="42.60936868205227" lon="19.95483501811941">
        <ele>1094</ele>
      </trkpt>
      <trkpt lat="42.60920179286669" lon="19.95482166698457">
        <ele>1096</ele>
      </trkpt>
      <trkpt lat="42.60906923517071" lon="19.95487793248142">
        <ele>1099</ele>
      </trkpt>
      <trkpt lat="42.60900534045395" lon="19.95480259393479">
        <ele>1098</ele>
      </trkpt>
      <trkpt lat="42.60880602708374" lon="19.95433721152014">
        <ele>1086</ele>
      </trkpt>
      <trkpt lat="42.6084531756628" lon="19.9539233263399">
        <ele>1080</ele>
      </trkpt>
      <trkpt lat="42.60829296204464" lon="19.95384321953082">
        <ele>1080</ele>
      </trkpt>
      <trkpt lat="42.60795346175855" lon="19.95382223917606">
        <ele>1083</ele>
      </trkpt>
      <trkpt lat="42.60777989700554" lon="19.95377932481405">
        <ele>1083</ele>
      </trkpt>
      <trkpt lat="42.60756246423804" lon="19.95362101850088">
        <ele>1079</ele>
      </trkpt>
      <trkpt lat="42.60743181384705" lon="19.95359622353616">
        <ele>1079</ele>
      </trkpt>
      <trkpt lat="42.60731356093841" lon="19.9535323288194">
        <ele>1077</ele>
      </trkpt>
      <trkpt lat="42.6072448979592" lon="19.95345126835783">
        <ele>1075</ele>
      </trkpt>
      <trkpt lat="42.60720293724968" lon="19.95330726683198">
        <ele>1069</ele>
      </trkpt>
      <trkpt lat="42.60721056646959" lon="19.95315658973871">
        <ele>1063</ele>
      </trkpt>
      <trkpt lat="42.60717909593745" lon="19.95305073431243">
        <ele>1059</ele>
      </trkpt>
      <trkpt lat="42.60708849895099" lon="19.95293343505628">
        <ele>1055</ele>
      </trkpt>
      <trkpt lat="42.60695975586498" lon="19.95280564562275">
        <ele>1050</ele>
      </trkpt>
      <trkpt lat="42.60672897196263" lon="19.95280278466528">
        <ele>1051</ele>
      </trkpt>
      <trkpt lat="42.60649055884037" lon="19.9527665458707">
        <ele>1049</ele>
      </trkpt>
      <trkpt lat="42.60610623688729" lon="19.95276559221821">
        <ele>1047</ele>
      </trkpt>
      <trkpt lat="42.60594983787909" lon="19.95283711615489">
        <ele>1050</ele>
      </trkpt>
      <trkpt lat="42.60582967766548" lon="19.95280087736031">
        <ele>1048</ele>
      </trkpt>
      <trkpt lat="42.60578771695595" lon="19.95273793629603">
        <ele>1045</ele>
      </trkpt>
      <trkpt lat="42.6057314514591" lon="19.95269311462905">
        <ele>1042</ele>
      </trkpt>
      <trkpt lat="42.60543009727257" lon="19.95262635895481">
        <ele>1038</ele>
      </trkpt>
      <trkpt lat="42.6051926378028" lon="19.95255102040818">
        <ele>1034</ele>
      </trkpt>
      <trkpt lat="42.60504005340455" lon="19.95256913980547">
        <ele>1034</ele>
      </trkpt>
      <trkpt lat="42.60489509822622" lon="19.952523364486">
        <ele>1031</ele>
      </trkpt>
      <trkpt lat="42.60457657829488" lon="19.95247186725159">
        <ele>1026</ele>
      </trkpt>
      <trkpt lat="42.60436486744232" lon="19.95248998664888">
        <ele>1025</ele>
      </trkpt>
      <trkpt lat="42.60426950219342" lon="19.95246328437919">
        <ele>1023</ele>
      </trkpt>
      <trkpt lat="42.604044440206" lon="19.95233358764068">
        <ele>1018</ele>
      </trkpt>
      <trkpt lat="42.604044440206" lon="19.95233358764068">
        <ele>1018</ele>
      </trkpt>
      <trkpt lat="42.60366679382035" lon="19.95227255388138">
        <ele>1018</ele>
      </trkpt>
      <trkpt lat="42.60306885370972" lon="19.95188537097084">
        <ele>1006</ele>
      </trkpt>
      <trkpt lat="42.60272839977114" lon="19.9515754339119">
        <ele>996</ele>
      </trkpt>
      <trkpt lat="42.60272839977114" lon="19.9515754339119">
        <ele>996</ele>
      </trkpt>
      <trkpt lat="42.60264924661455" lon="19.95155540720963">
        <ele>995</ele>
      </trkpt>
      <trkpt lat="42.6025405302308" lon="19.95154491703225">
        <ele>994</ele>
      </trkpt>
      <trkpt lat="42.60250333778372" lon="19.95151821476256">
        <ele>993</ele>
      </trkpt>
      <trkpt lat="42.60247854281901" lon="19.9514714857906">
        <ele>992</ele>
      </trkpt>
      <trkpt lat="42.60247663551403" lon="19.951392332634">
        <ele>991</ele>
      </trkpt>
      <trkpt lat="42.60250905969866" lon="19.95130745756248">
        <ele>989</ele>
      </trkpt>
      <trkpt lat="42.60252431813849" lon="19.95124928476065">
        <ele>988</ele>
      </trkpt>
      <trkpt lat="42.60252145718102" lon="19.95119206561131">
        <ele>987</ele>
      </trkpt>
      <trkpt lat="42.60249761586879" lon="19.9511405683769">
        <ele>986</ele>
      </trkpt>
      <trkpt lat="42.60242513827963" lon="19.95102517642573">
        <ele>983</ele>
      </trkpt>
      <trkpt lat="42.60235266069046" lon="19.95091073812704">
        <ele>981</ele>
      </trkpt>
      <trkpt lat="42.6021657448026" lon="19.9504968529468">
        <ele>975</ele>
      </trkpt>
      <trkpt lat="42.60189300019074" lon="19.94960328056458">
        <ele>966</ele>
      </trkpt>
      <trkpt lat="42.60176139614726" lon="19.94905588403588">
        <ele>962</ele>
      </trkpt>
      <trkpt lat="42.60165077245853" lon="19.94833778371163">
        <ele>959</ele>
      </trkpt>
      <trkpt lat="42.60147816135802" lon="19.94742323097465">
        <ele>957</ele>
      </trkpt>
      <trkpt lat="42.60146767118064" lon="19.94734884608051">
        <ele>957</ele>
      </trkpt>
      <trkpt lat="42.60145813465574" lon="19.94727541483885">
        <ele>957</ele>
      </trkpt>
      <trkpt lat="42.60145813465574" lon="19.94727541483885">
        <ele>957</ele>
      </trkpt>
      <trkpt lat="42.6011834827389" lon="19.94720770551213">
        <ele>955</ele>
      </trkpt>
      <trkpt lat="42.60107667366013" lon="19.94718481785239">
        <ele>955</ele>
      </trkpt>
      <trkpt lat="42.60008201411407" lon="19.94703032614917">
        <ele>948</ele>
      </trkpt>
      <trkpt lat="42.60000000000002" lon="19.9470360480641">
        <ele>947</ele>
      </trkpt>
      <trkpt lat="42.6" lon="19.9470360480641">
        <ele>947</ele>
      </trkpt>
      <trkpt lat="42.59987125691399" lon="19.94705988937633">
        <ele>948</ele>
      </trkpt>
      <trkpt lat="42.59951935914553" lon="19.94724585161169">
        <ele>949</ele>
      </trkpt>
      <trkpt lat="42.59928189967576" lon="19.94727636849134">
        <ele>950</ele>
      </trkpt>
      <trkpt lat="42.59875166889186" lon="19.94739366774749">
        <ele>951</ele>
      </trkpt>
      <trkpt lat="42.59857619683387" lon="19.9474098798398">
        <ele>951</ele>
      </trkpt>
      <trkpt lat="42.5984350562655" lon="19.9474098798398">
        <ele>952</ele>
      </trkpt>
      <trkpt lat="42.59820808697311" lon="19.94737364104522">
        <ele>951</ele>
      </trkpt>
      <trkpt lat="42.59783711615488" lon="19.9472801831013">
        <ele>950</ele>
      </trkpt>
      <trkpt lat="42.59757962998284" lon="19.94723345412933">
        <ele>949</ele>
      </trkpt>
      <trkpt lat="42.59697978256724" lon="19.94720484455466">
        <ele>949</ele>
      </trkpt>
      <trkpt lat="42.59691874880794" lon="19.94715430097274">
        <ele>949</ele>
      </trkpt>
      <trkpt lat="42.59691874880794" lon="19.94715430097274">
        <ele>949</ele>
      </trkpt>
      <trkpt lat="42.59684913217624" lon="19.94708373068855">
        <ele>949</ele>
      </trkpt>
      <trkpt lat="42.59678046919703" lon="19.94701411405686">
        <ele>949</ele>
      </trkpt>
      <trkpt lat="42.59678046919703" lon="19.94701411405686">
        <ele>949</ele>
      </trkpt>
      <trkpt lat="42.59660499713905" lon="19.94686152965861">
        <ele>950</ele>
      </trkpt>
      <trkpt lat="42.59634178905208" lon="19.94661548731644">
        <ele>952</ele>
      </trkpt>
      <trkpt lat="42.59654300972726" lon="19.94570093457946">
        <ele>952</ele>
      </trkpt>
      <trkpt lat="42.59669750143048" lon="19.94508964333399">
        <ele>954</ele>
      </trkpt>
      <trkpt lat="42.59687392714095" lon="19.94447358382607">
        <ele>955</ele>
      </trkpt>
      <trkpt lat="42.59689204653824" lon="19.94436772839979">
        <ele>956</ele>
      </trkpt>
      <trkpt lat="42.59690253671562" lon="19.94424279992372">
        <ele>956</ele>
      </trkpt>
      <trkpt lat="42.59690253671562" lon="19.94424279992372">
        <ele>956</ele>
      </trkpt>
      <trkpt lat="42.59693400724776" lon="19.94422849513639">
        <ele>956</ele>
      </trkpt>
      <trkpt lat="42.59695403395003" lon="19.9441932099943">
        <ele>956</ele>
      </trkpt>
      <trkpt lat="42.59695784855999" lon="19.94414838832731">
        <ele>956</ele>
      </trkpt>
      <trkpt lat="42.59694259012016" lon="19.94410928857526">
        <ele>956</ele>
      </trkpt>
      <trkpt lat="42.59691398054549" lon="19.94408735456801">
        <ele>956</ele>
      </trkpt>
      <trkpt lat="42.59689729024453" lon="19.94408787613992">
        <ele>956</ele>
      </trkpt>
      <trkpt lat="42.59689776845318" lon="19.94408544726303">
        <ele>956</ele>
      </trkpt>
      <trkpt lat="42.59719912263972" lon="19.94255483501814">
        <ele>951</ele>
      </trkpt>
      <trkpt lat="42.59756627884799" lon="19.94083063131797">
        <ele>947</ele>
      </trkpt>
      <trkpt lat="42.59760251764258" lon="19.94073526606906">
        <ele>947</ele>
      </trkpt>
      <trkpt lat="42.59797348846081" lon="19.94000000000002">
        <ele>947</ele>
      </trkpt>
      <trkpt lat="42.59797348846081" lon="19.94000000000001">
        <ele>947</ele>
      </trkpt>
      <trkpt lat="42.59840835399581" lon="19.9391312225825">
        <ele>948</ele>
      </trkpt>
      <trkpt lat="42.59851516307458" lon="19.93889471676522">
        <ele>947</ele>
      </trkpt>
      <trkpt lat="42.59934674804501" lon="19.93726873927142">
        <ele>940</ele>
      </trkpt>
      <trkpt lat="42.59949170322335" lon="19.9369921800496">
        <ele>940</ele>
      </trkpt>
      <trkpt lat="42.59949170322335" lon="19.9369921800496">
        <ele>940</ele>
      </trkpt>
      <trkpt lat="42.59943925233645" lon="19.93695308029755">
        <ele>939</ele>
      </trkpt>
      <trkpt lat="42.59938966240702" lon="19.93693496090026">
        <ele>939</ele>
      </trkpt>
      <trkpt lat="42.59936105283235" lon="19.93693400724776">
        <ele>939</ele>
      </trkpt>
      <trkpt lat="42.59895765782949" lon="19.93700362387947">
        <ele>937</ele>
      </trkpt>
      <trkpt lat="42.59869254243754" lon="19.93697596795728">
        <ele>936</ele>
      </trkpt>
      <trkpt lat="42.59862101850086" lon="19.9369483120351">
        <ele>935</ele>
      </trkpt>
      <trkpt lat="42.59859813084113" lon="19.93686629792104">
        <ele>934</ele>
      </trkpt>
      <trkpt lat="42.59857524318139" lon="19.93678523745948">
        <ele>934</ele>
      </trkpt>
      <trkpt lat="42.5985475872592" lon="19.93672611100516">
        <ele>933</ele>
      </trkpt>
      <trkpt lat="42.59851134846463" lon="19.93668033568568">
        <ele>933</ele>
      </trkpt>
      <trkpt lat="42.59843982452794" lon="19.93665935533092">
        <ele>932</ele>
      </trkpt>
      <trkpt lat="42.59835494945642" lon="19.93667461377075">
        <ele>932</ele>
      </trkpt>
      <trkpt lat="42.59827102803739" lon="19.93669082586306">
        <ele>931</ele>
      </trkpt>
      <trkpt lat="42.59827102803739" lon="19.93669082586306">
        <ele>931</ele>
      </trkpt>
      <trkpt lat="42.59792580583635" lon="19.93683196643144">
        <ele>930</ele>
      </trkpt>
      <trkpt lat="42.59784283806981" lon="19.93685199313371">
        <ele>930</ele>
      </trkpt>
      <trkpt lat="42.59775987030326" lon="19.93687297348847">
        <ele>930</ele>
      </trkpt>
      <trkpt lat="42.59766355140187" lon="19.93687964905589">
        <ele>929</ele>
      </trkpt>
      <trkpt lat="42.59756818615297" lon="19.93688632462331">
        <ele>929</ele>
      </trkpt>
      <trkpt lat="42.59695117299256" lon="19.93674041579249">
        <ele>924</ele>
      </trkpt>
      <trkpt lat="42.59652489032997" lon="19.93664791150105">
        <ele>920</ele>
      </trkpt>
      <trkpt lat="42.59644478352089" lon="19.93664886515354">
        <ele>919</ele>
      </trkpt>
      <trkpt lat="42.5963656303643" lon="19.93665077245852">
        <ele>919</ele>
      </trkpt>
      <trkpt lat="42.59596509631891" lon="19.93669845508298">
        <ele>916</ele>
      </trkpt>
      <trkpt lat="42.59585733358765" lon="19.9367661644097">
        <ele>916</ele>
      </trkpt>
      <trkpt lat="42.59580583635324" lon="19.93680621781424">
        <ele>916</ele>
      </trkpt>
      <trkpt lat="42.59580583635324" lon="19.93680621781424">
        <ele>916</ele>
      </trkpt>
      <trkpt lat="42.59577531947359" lon="19.93711234026322">
        <ele>917</ele>
      </trkpt>
      <trkpt lat="42.5958086973107" lon="19.93793724966623">
        <ele>921</ele>
      </trkpt>
      <trkpt lat="42.59581823383559" lon="19.93982452794203">
        <ele>930</ele>
      </trkpt>
      <trkpt lat="42.59580774365821" lon="19.93996185390045">
        <ele>931</ele>
      </trkpt>
      <trkpt lat="42.59581346557315" lon="19.94000000000001">
        <ele>931</ele>
      </trkpt>
      <trkpt lat="42.59581346557315" lon="19.94000000000002">
        <ele>931</ele>
      </trkpt>
      <trkpt lat="42.59583063131795" lon="19.94011348464621">
        <ele>932</ele>
      </trkpt>
      <trkpt lat="42.59583063131795" lon="19.94027560556935">
        <ele>934</ele>
      </trkpt>
      <trkpt lat="42.59584970436773" lon="19.94051020408165">
        <ele>936</ele>
      </trkpt>
      <trkpt lat="42.59585637993516" lon="19.94081632653063">
        <ele>939</ele>
      </trkpt>
      <trkpt lat="42.59583253862293" lon="19.94117966812895">
        <ele>942</ele>
      </trkpt>
      <trkpt lat="42.59583253862293" lon="19.94117966812895">
        <ele>942</ele>
      </trkpt>
      <trkpt lat="42.59566183482739" lon="19.9413408353996">
        <ele>943</ele>
      </trkpt>
      <trkpt lat="42.59557600610338" lon="19.94152870493994">
        <ele>944</ele>
      </trkpt>
      <trkpt lat="42.5955311844364" lon="19.94170894526036">
        <ele>946</ele>
      </trkpt>
      <trkpt lat="42.59542056074767" lon="19.9422448979592">
        <ele>949</ele>
      </trkpt>
      <trkpt lat="42.59537573908068" lon="19.94239938966242">
        <ele>951</ele>
      </trkpt>
      <trkpt lat="42.5953137516689" lon="19.94255006675569">
        <ele>951</ele>
      </trkpt>
      <trkpt lat="42.59467766545871" lon="19.94352565325197">
        <ele>958</ele>
      </trkpt>
      <trkpt lat="42.59467766545871" lon="19.94352565325197">
        <ele>958</ele>
      </trkpt>
      <trkpt lat="42.59456227350753" lon="19.94332920083923">
        <ele>958</ele>
      </trkpt>
      <trkpt lat="42.59444497425139" lon="19.94299542246807">
        <ele>957</ele>
      </trkpt>
      <trkpt lat="42.59444497425139" lon="19.94299542246807">
        <ele>957</ele>
      </trkpt>
      <trkpt lat="42.59429715811559" lon="19.94320808697312">
        <ele>959</ele>
      </trkpt>
      <trkpt lat="42.59420274651917" lon="19.94326530612247">
        <ele>960</ele>
      </trkpt>
      <trkpt lat="42.59406732786573" lon="19.94329010108718">
        <ele>961</ele>
      </trkpt>
      <trkpt lat="42.59398817470914" lon="19.9432710280374">
        <ele>961</ele>
      </trkpt>
      <trkpt lat="42.59374213236697" lon="19.94314228495138">
        <ele>963</ele>
      </trkpt>
      <trkpt lat="42.59367251573527" lon="19.94308029753959">
        <ele>963</ele>
      </trkpt>
      <trkpt lat="42.59342170513065" lon="19.94258916650774">
        <ele>965</ele>
      </trkpt>
      <trkpt lat="42.59336353232882" lon="19.94251001335115">
        <ele>965</ele>
      </trkpt>
      <trkpt lat="42.59316994087355" lon="19.9424270455846">
        <ele>967</ele>
      </trkpt>
      <trkpt lat="42.59302403204273" lon="19.94232786572575">
        <ele>968</ele>
      </trkpt>
      <trkpt lat="42.59278657257295" lon="19.94210280373834">
        <ele>971</ele>
      </trkpt>
      <trkpt lat="42.59257867633035" lon="19.94191874880795">
        <ele>973</ele>
      </trkpt>
      <trkpt lat="42.59246900629411" lon="19.9418014495518">
        <ele>975</ele>
      </trkpt>
      <trkpt lat="42.59238508487508" lon="19.94166507724587">
        <ele>977</ele>
      </trkpt>
      <trkpt lat="42.59224585161168" lon="19.94141617394623">
        <ele>978</ele>
      </trkpt>
      <trkpt lat="42.59224585161168" lon="19.94141617394623">
        <ele>978</ele>
      </trkpt>
      <trkpt lat="42.59212664505055" lon="19.94117203890904">
        <ele>980</ele>
      </trkpt>
      <trkpt lat="42.59198455082968" lon="19.94078580965098">
        <ele>983</ele>
      </trkpt>
      <trkpt lat="42.59182719816899" lon="19.9404100705703">
        <ele>986</ele>
      </trkpt>
      <trkpt lat="42.59168415029563" lon="19.94000000000002">
        <ele>988</ele>
      </trkpt>
      <trkpt lat="42.59168415029563" lon="19.94000000000001">
        <ele>988</ele>
      </trkpt>
      <trkpt lat="42.5914876978829" lon="19.93945546442877">
        <ele>988</ele>
      </trkpt>
      <trkpt lat="42.59133702078963" lon="19.93920846843411">
        <ele>990</ele>
      </trkpt>
      <trkpt lat="42.59117108525653" lon="19.93900534045395">
        <ele>993</ele>
      </trkpt>
      <trkpt lat="42.5907133320618" lon="19.93860766736602">
        <ele>1002</ele>
      </trkpt>
      <trkpt lat="42.59032614915125" lon="19.93836162502385">
        <ele>1007</ele>
      </trkpt>
      <trkpt lat="42.59012874308602" lon="19.93829677665459">
        <ele>1011</ele>
      </trkpt>
      <trkpt lat="42.58993896624071" lon="19.93814705321381">
        <ele>1012</ele>
      </trkpt>
      <trkpt lat="42.58974156017548" lon="19.93782471867252">
        <ele>1010</ele>
      </trkpt>
      <trkpt lat="42.58962330726683" lon="19.93776082395576">
        <ele>1011</ele>
      </trkpt>
      <trkpt lat="42.58951268357811" lon="19.93771790959375">
        <ele>1012</ele>
      </trkpt>
      <trkpt lat="42.58931527751288" lon="19.93776082395576">
        <ele>1018</ele>
      </trkpt>
      <trkpt lat="42.58905493038337" lon="19.93773888994851">
        <ele>1023</ele>
      </trkpt>
      <trkpt lat="42.58868300591265" lon="19.93766355140188">
        <ele>1028</ele>
      </trkpt>
      <trkpt lat="42.58850181193974" lon="19.93758916650773">
        <ele>1030</ele>
      </trkpt>
      <trkpt lat="42.58815372878124" lon="19.93753480831586">
        <ele>1035</ele>
      </trkpt>
      <trkpt lat="42.58797253480832" lon="19.93743848941446">
        <ele>1035</ele>
      </trkpt>
      <trkpt lat="42.5876959755865" lon="19.93741750905971">
        <ele>1038</ele>
      </trkpt>
      <trkpt lat="42.58756151058554" lon="19.93734217051307">
        <ele>1038</ele>
      </trkpt>
      <trkpt lat="42.5873564753004" lon="19.93718100324243">
        <ele>1038</ele>
      </trkpt>
      <trkpt lat="42.58705607476636" lon="19.93701983597178">
        <ele>1041</ele>
      </trkpt>
      <trkpt lat="42.58669273316804" lon="19.93688060270838">
        <ele>1046</ele>
      </trkpt>
      <trkpt lat="42.58641617394622" lon="19.93666603089835">
        <ele>1048</ele>
      </trkpt>
      <trkpt lat="42.58612435628457" lon="19.93637612054168">
        <ele>1048</ele>
      </trkpt>
      <trkpt lat="42.58575243181385" lon="19.93609765401488">
        <ele>1050</ele>
      </trkpt>
      <trkpt lat="42.5853652489033" lon="19.93589357238223">
        <ele>1055</ele>
      </trkpt>
      <trkpt lat="42.58509727255389" lon="19.9358182338356">
        <ele>1061</ele>
      </trkpt>
      <trkpt lat="42.58483597177189" lon="19.9356790005722">
        <ele>1065</ele>
      </trkpt>
      <trkpt lat="42.58462330726684" lon="19.93532519549877">
        <ele>1063</ele>
      </trkpt>
      <trkpt lat="42.58429906542057" lon="19.93500286095747">
        <ele>1065</ele>
      </trkpt>
      <trkpt lat="42.58393572382224" lon="19.93472439443068">
        <ele>1066</ele>
      </trkpt>
      <trkpt lat="42.58372305931719" lon="19.93460614152204">
        <ele>1067</ele>
      </trkpt>
      <trkpt lat="42.5833826053786" lon="19.93437058935724">
        <ele>1066</ele>
      </trkpt>
      <trkpt lat="42.58304310509251" lon="19.93409116917796">
        <ele>1066</ele>
      </trkpt>
      <trkpt lat="42.58232405111578" lon="19.93337211520123">
        <ele>1061</ele>
      </trkpt>
      <trkpt lat="42.58212664505055" lon="19.93325481594508">
        <ele>1062</ele>
      </trkpt>
      <trkpt lat="42.58167652107572" lon="19.9330183101278">
        <ele>1067</ele>
      </trkpt>
      <trkpt lat="42.58130555025749" lon="19.93272839977113">
        <ele>1070</ele>
      </trkpt>
      <trkpt lat="42.58109956131986" lon="19.93262159069236">
        <ele>1072</ele>
      </trkpt>
      <trkpt lat="42.58048350181194" lon="19.9320093457944">
        <ele>1071</ele>
      </trkpt>
      <trkpt lat="42.58037287812321" lon="19.93194545107763">
        <ele>1072</ele>
      </trkpt>
      <trkpt lat="42.58000000000001" lon="19.93180335685677">
        <ele>1078</ele>
      </trkpt>
      <trkpt lat="42.57999999999999" lon="19.93180335685677">
        <ele>1078</ele>
      </trkpt>
      <trkpt lat="42.57974918939538" lon="19.93165554072097">
        <ele>1077</ele>
      </trkpt>
      <trkpt lat="42.57939347701697" lon="19.93151630745757">
        <ele>1079</ele>
      </trkpt>
      <trkpt lat="42.57923517070379" lon="19.93134465000954">
        <ele>1078</ele>
      </trkpt>
      <trkpt lat="42.57869063513255" lon="19.93058268167081">
        <ele>1075</ele>
      </trkpt>
      <trkpt lat="42.578303452222" lon="19.92991798588595">
        <ele>1073</ele>
      </trkpt>
      <trkpt lat="42.57794011062368" lon="19.92915601754721">
        <ele>1074</ele>
      </trkpt>
      <trkpt lat="42.57773412168605" lon="19.92891951172993">
        <ele>1077</ele>
      </trkpt>
      <trkpt lat="42.57753766927331" lon="19.92881460995614">
        <ele>1083</ele>
      </trkpt>
      <trkpt lat="42.57748998664886" lon="19.92876502002671">
        <ele>1083</ele>
      </trkpt>
      <trkpt lat="42.57747568186152" lon="19.92871924470723">
        <ele>1083</ele>
      </trkpt>
      <trkpt lat="42.57719244707228" lon="19.92868205226016">
        <ele>1089</ele>
      </trkpt>
      <trkpt lat="42.57713404908521" lon="19.92864437613947">
        <ele>1089</ele>
      </trkpt>
      <trkpt lat="42.5771340489392" lon="19.92864437512899">
        <ele>1089</ele>
      </trkpt>
      <trkpt lat="42.57712378409307" lon="19.92857333587641">
        <ele>1089</ele>
      </trkpt>
      <trkpt lat="42.57710852565324" lon="19.92850085828725">
        <ele>1089</ele>
      </trkpt>
      <trkpt lat="42.57709422086591" lon="19.92842838069808">
        <ele>1088</ele>
      </trkpt>
      <trkpt lat="42.57696738508487" lon="19.92818424566089">
        <ele>1088</ele>
      </trkpt>
      <trkpt lat="42.57689776845317" lon="19.92808888041198">
        <ele>1088</ele>
      </trkpt>
      <trkpt lat="42.57682910547395" lon="19.92799351516308">
        <ele>1089</ele>
      </trkpt>
      <trkpt lat="42.57648769788288" lon="19.92767594888423">
        <ele>1094</ele>
      </trkpt>
      <trkpt lat="42.57612435628457" lon="19.92741274079726">
        <ele>1100</ele>
      </trkpt>
      <trkpt lat="42.57607953461758" lon="19.9274003433149">
        <ele>1101</ele>
      </trkpt>
      <trkpt lat="42.57574957085637" lon="19.92736982643525">
        <ele>1109</ele>
      </trkpt>
      <trkpt lat="42.57567613961471" lon="19.92733358764067">
        <ele>1111</ele>
      </trkpt>
      <trkpt lat="42.57560366202555" lon="19.92729734884609">
        <ele>1112</ele>
      </trkpt>
      <trkpt lat="42.57553404539385" lon="19.92724775891666">
        <ele>1113</ele>
      </trkpt>
      <trkpt lat="42.57546538241464" lon="19.92719816898723">
        <ele>1115</ele>
      </trkpt>
      <trkpt lat="42.57541579248521" lon="19.92714094983788">
        <ele>1116</ele>
      </trkpt>
      <trkpt lat="42.57536143429333" lon="19.92705798207134">
        <ele>1117</ele>
      </trkpt>
      <trkpt lat="42.57504863627693" lon="19.92645145908832">
        <ele>1124</ele>
      </trkpt>
      <trkpt lat="42.5749904634751" lon="19.92635037192448">
        <ele>1125</ele>
      </trkpt>
      <trkpt lat="42.57494373450314" lon="19.92628647720771">
        <ele>1125</ele>
      </trkpt>
      <trkpt lat="42.57483597177188" lon="19.92620350944117">
        <ele>1127</ele>
      </trkpt>
      <trkpt lat="42.57472820904062" lon="19.92612149532711">
        <ele>1128</ele>
      </trkpt>
      <trkpt lat="42.57464619492657" lon="19.92608907114248">
        <ele>1130</ele>
      </trkpt>
      <trkpt lat="42.57459469769216" lon="19.92608144192257">
        <ele>1131</ele>
      </trkpt>
      <trkpt lat="42.57454606141521" lon="19.92608907114248">
        <ele>1133</ele>
      </trkpt>
      <trkpt lat="42.57450314705321" lon="19.92610909784475">
        <ele>1134</ele>
      </trkpt>
      <trkpt lat="42.57441064276177" lon="19.92618252908641">
        <ele>1136</ele>
      </trkpt>
      <trkpt lat="42.57432576769025" lon="19.92621018500859">
        <ele>1138</ele>
      </trkpt>
      <trkpt lat="42.57429143620064" lon="19.92620350944117">
        <ele>1139</ele>
      </trkpt>
      <trkpt lat="42.57426473393095" lon="19.92617966812894">
        <ele>1140</ele>
      </trkpt>
      <trkpt lat="42.57421323669654" lon="19.92610337592982">
        <ele>1140</ele>
      </trkpt>
      <trkpt lat="42.57416269311462" lon="19.92602708373069">
        <ele>1141</ele>
      </trkpt>
      <trkpt lat="42.57413408353995" lon="19.92600991798589">
        <ele>1142</ele>
      </trkpt>
      <trkpt lat="42.57411024222773" lon="19.92602040816327">
        <ele>1143</ele>
      </trkpt>
      <trkpt lat="42.57408449361052" lon="19.92605092504292">
        <ele>1144</ele>
      </trkpt>
      <trkpt lat="42.57406065229829" lon="19.92609860766737">
        <ele>1145</ele>
      </trkpt>
      <trkpt lat="42.57397005531184" lon="19.9264524127408">
        <ele>1149</ele>
      </trkpt>
      <trkpt lat="42.57395002860957" lon="19.92648865153539">
        <ele>1149</ele>
      </trkpt>
      <trkpt lat="42.57392714094983" lon="19.92650581728019">
        <ele>1150</ele>
      </trkpt>
      <trkpt lat="42.57392714094983" lon="19.92650581728019">
        <ele>1150</ele>
      </trkpt>
      <trkpt lat="42.57362578676329" lon="19.92696738508488">
        <ele>1154</ele>
      </trkpt>
      <trkpt lat="42.57352374594697" lon="19.92716002288767">
        <ele>1153</ele>
      </trkpt>
      <trkpt lat="42.57335781041388" lon="19.92736410452032">
        <ele>1154</ele>
      </trkpt>
      <trkpt lat="42.57301735647529" lon="19.92786858668702">
        <ele>1150</ele>
      </trkpt>
      <trkpt lat="42.57285332824718" lon="19.92803738317758">
        <ele>1150</ele>
      </trkpt>
      <trkpt lat="42.57266259774937" lon="19.92799732977304">
        <ele>1156</ele>
      </trkpt>
      <trkpt lat="42.57238603852755" lon="19.92743944306695">
        <ele>1173</ele>
      </trkpt>
      <trkpt lat="42.57220389090214" lon="19.92716002288767">
        <ele>1179</ele>
      </trkpt>
      <trkpt lat="42.57209326721342" lon="19.92724585161168">
        <ele>1180</ele>
      </trkpt>
      <trkpt lat="42.57206370398626" lon="19.9275224108335">
        <ele>1178</ele>
      </trkpt>
      <trkpt lat="42.57196070951745" lon="19.92799446881557">
        <ele>1177</ele>
      </trkpt>
      <trkpt lat="42.57174613770741" lon="19.92836162502385">
        <ele>1183</ele>
      </trkpt>
      <trkpt lat="42.57166793820331" lon="19.92869158878505">
        <ele>1183</ele>
      </trkpt>
      <trkpt lat="42.57165077245851" lon="19.92894144573718">
        <ele>1180</ele>
      </trkpt>
      <trkpt lat="42.57154777798969" lon="19.92919893190922">
        <ele>1179</ele>
      </trkpt>
      <trkpt lat="42.57142284951363" lon="19.92928189967576">
        <ele>1180</ele>
      </trkpt>
      <trkpt lat="42.57125786763303" lon="19.92925996566852">
        <ele>1184</ele>
      </trkpt>
      <trkpt lat="42.57096509631889" lon="19.92918462712188">
        <ele>1192</ele>
      </trkpt>
      <trkpt lat="42.57056837688346" lon="19.92918844173184">
        <ele>1198</ele>
      </trkpt>
      <trkpt lat="42.57028418844173" lon="19.9292876215907">
        <ele>1198</ele>
      </trkpt>
      <trkpt lat="42.57000095365248" lon="19.9293744039672">
        <ele>1198</ele>
      </trkpt>
      <trkpt lat="42.56965954606141" lon="19.92938107953463">
        <ele>1205</ele>
      </trkpt>
      <trkpt lat="42.56956627360832" lon="19.9294216327751">
        <ele>1206</ele>
      </trkpt>
      <trkpt lat="42.56956627374656" lon="19.92942163275964">
        <ele>1206</ele>
      </trkpt>
      <trkpt lat="42.56946213999618" lon="19.92936009917987">
        <ele>1209</ele>
      </trkpt>
      <trkpt lat="42.56933721152011" lon="19.92932481403777">
        <ele>1213</ele>
      </trkpt>
      <trkpt lat="42.56925042914362" lon="19.92924947549114">
        <ele>1216</ele>
      </trkpt>
      <trkpt lat="42.56924852183864" lon="19.92915601754721">
        <ele>1219</ele>
      </trkpt>
      <trkpt lat="42.56955750524508" lon="19.92854472630174">
        <ele>1237</ele>
      </trkpt>
      <trkpt lat="42.56977016975014" lon="19.92823288193783">
        <ele>1243</ele>
      </trkpt>
      <trkpt lat="42.56955750524508" lon="19.92812607285906">
        <ele>1250</ele>
      </trkpt>
      <trkpt lat="42.56906542056074" lon="19.92806503909976">
        <ele>1260</ele>
      </trkpt>
      <trkpt lat="42.56865630364295" lon="19.92815849704368">
        <ele>1257</ele>
      </trkpt>
      <trkpt lat="42.56837211520121" lon="19.92808315849705">
        <ele>1261</ele>
      </trkpt>
      <trkpt lat="42.56771600228876" lon="19.92809364867443">
        <ele>1259</ele>
      </trkpt>
      <trkpt lat="42.56755960328056" lon="19.92802593934771">
        <ele>1261</ele>
      </trkpt>
      <trkpt lat="42.56748426473393" lon="19.92792485218387">
        <ele>1264</ele>
      </trkpt>
      <trkpt lat="42.56748426473393" lon="19.92792485218387">
        <ele>1264</ele>
      </trkpt>
      <trkpt lat="42.56742895288956" lon="19.92785046728973">
        <ele>1266</ele>
      </trkpt>
      <trkpt lat="42.5672077055121" lon="19.92760728590502">
        <ele>1272</ele>
      </trkpt>
      <trkpt lat="42.5670169750143" lon="19.9274871256914">
        <ele>1275</ele>
      </trkpt>
      <trkpt lat="42.56668605760061" lon="19.92750143047874">
        <ele>1273</ele>
      </trkpt>
      <trkpt lat="42.56615105855425" lon="19.92709994278086">
        <ele>1284</ele>
      </trkpt>
      <trkpt lat="42.56570474918939" lon="19.92719435437727">
        <ele>1282</ele>
      </trkpt>
      <trkpt lat="42.5652860957467" lon="19.92717909593745">
        <ele>1289</ele>
      </trkpt>
      <trkpt lat="42.56465477779896" lon="19.92752622544345">
        <ele>1288</ele>
      </trkpt>
      <trkpt lat="42.56445069616631" lon="19.92748235742896">
        <ele>1293</ele>
      </trkpt>
      <trkpt lat="42.56422181956894" lon="19.92751573526608">
        <ele>1295</ele>
      </trkpt>
      <trkpt lat="42.56396147243944" lon="19.92775319473585">
        <ele>1290</ele>
      </trkpt>
      <trkpt lat="42.56352756055693" lon="19.92767499523174">
        <ele>1297</ele>
      </trkpt>
      <trkpt lat="42.56322716002288" lon="19.92781136753768">
        <ele>1295</ele>
      </trkpt>
      <trkpt lat="42.56311462902917" lon="19.92775319473585">
        <ele>1295</ele>
      </trkpt>
      <trkpt lat="42.56311367537668" lon="19.92760728590502">
        <ele>1298</ele>
      </trkpt>
      <trkpt lat="42.56324718672515" lon="19.92747472820905">
        <ele>1302</ele>
      </trkpt>
      <trkpt lat="42.56347224871256" lon="19.92729162693115">
        <ele>1308</ele>
      </trkpt>
      <trkpt lat="42.56386706084302" lon="19.92717718863247">
        <ele>1307</ele>
      </trkpt>
      <trkpt lat="42.56428762159069" lon="19.92676997901965">
        <ele>1314</ele>
      </trkpt>
      <trkpt lat="42.56464238031661" lon="19.92624451649819">
        <ele>1324</ele>
      </trkpt>
      <trkpt lat="42.56508964333396" lon="19.9259135990845">
        <ele>1327</ele>
      </trkpt>
      <trkpt lat="42.56534522220102" lon="19.92547587259203">
        <ele>1337</ele>
      </trkpt>
      <trkpt lat="42.56544535571237" lon="19.92545489223728">
        <ele>1337</ele>
      </trkpt>
      <trkpt lat="42.56575147816135" lon="19.92554072096129">
        <ele>1332</ele>
      </trkpt>
      <trkpt lat="42.56580488270074" lon="19.92547777989701">
        <ele>1333</ele>
      </trkpt>
      <trkpt lat="42.56572382223917" lon="19.92537955369064">
        <ele>1336</ele>
      </trkpt>
      <trkpt lat="42.56556646957848" lon="19.92528991035667">
        <ele>1340</ele>
      </trkpt>
      <trkpt lat="42.56539576578295" lon="19.92508201411406">
        <ele>1347</ele>
      </trkpt>
      <trkpt lat="42.56524413503718" lon="19.925130650391">
        <ele>1347</ele>
      </trkpt>
      <trkpt lat="42.56511920656112" lon="19.92522601563991">
        <ele>1346</ele>
      </trkpt>
      <trkpt lat="42.56451745184054" lon="19.92533187106619">
        <ele>1352</ele>
      </trkpt>
      <trkpt lat="42.56409307648292" lon="19.92543963379745">
        <ele>1355</ele>
      </trkpt>
      <trkpt lat="42.56379362960136" lon="19.92535285142095">
        <ele>1361</ele>
      </trkpt>
      <trkpt lat="42.56319473583825" lon="19.92535857333588">
        <ele>1366</ele>
      </trkpt>
      <trkpt lat="42.56272172420369" lon="19.92548636276941">
        <ele>1367</ele>
      </trkpt>
      <trkpt lat="42.56253290101086" lon="19.92538813656304">
        <ele>1371</ele>
      </trkpt>
      <trkpt lat="42.56206656494373" lon="19.92512492847607">
        <ele>1370</ele>
      </trkpt>
      <trkpt lat="42.5617470913599" lon="19.92468148006867">
        <ele>1375</ele>
      </trkpt>
      <trkpt lat="42.56142475681861" lon="19.92426473393096">
        <ele>1382</ele>
      </trkpt>
      <trkpt lat="42.56128266259774" lon="19.92410738127027">
        <ele>1384</ele>
      </trkpt>
      <trkpt lat="42.56103280564562" lon="19.92409975205036">
        <ele>1381</ele>
      </trkpt>
      <trkpt lat="42.56080202174327" lon="19.92395288956705">
        <ele>1383</ele>
      </trkpt>
      <trkpt lat="42.56058172801831" lon="19.92337020789625">
        <ele>1396</ele>
      </trkpt>
      <trkpt lat="42.56055788670608" lon="19.92317375548351">
        <ele>1400</ele>
      </trkpt>
      <trkpt lat="42.56043963379744" lon="19.92311272172421">
        <ele>1401</ele>
      </trkpt>
      <trkpt lat="42.56016402822811" lon="19.92312130459661">
        <ele>1397</ele>
      </trkpt>
      <trkpt lat="42.56" lon="19.9229572763685">
        <ele>1401</ele>
      </trkpt>
      <trkpt lat="42.56000000000001" lon="19.9229572763685">
        <ele>1401</ele>
      </trkpt>
      <trkpt lat="42.55990177379364" lon="19.92285809650964">
        <ele>1404</ele>
      </trkpt>
      <trkpt lat="42.55970341407592" lon="19.92269311462904">
        <ele>1409</ele>
      </trkpt>
      <trkpt lat="42.55956704176999" lon="19.92268262445166">
        <ele>1410</ele>
      </trkpt>
      <trkpt lat="42.55943829868397" lon="19.92273793629602">
        <ele>1408</ele>
      </trkpt>
      <trkpt lat="42.55920846843411" lon="19.92259298111769">
        <ele>1414</ele>
      </trkpt>
      <trkpt lat="42.55872401296968" lon="19.9225567423231">
        <ele>1417</ele>
      </trkpt>
      <trkpt lat="42.5582271600229" lon="19.92255197406066">
        <ele>1420</ele>
      </trkpt>
      <trkpt lat="42.55787526225445" lon="19.92271314133131">
        <ele>1416</ele>
      </trkpt>
      <trkpt lat="42.55737459469771" lon="19.92270360480642">
        <ele>1418</ele>
      </trkpt>
      <trkpt lat="42.55716860576008" lon="19.92246042342171">
        <ele>1426</ele>
      </trkpt>
      <trkpt lat="42.55701029944689" lon="19.92242513827962">
        <ele>1429</ele>
      </trkpt>
      <trkpt lat="42.55658210947932" lon="19.92256341789053">
        <ele>1426</ele>
      </trkpt>
      <trkpt lat="42.55658210947932" lon="19.92256341789053">
        <ele>1426</ele>
      </trkpt>
      <trkpt lat="42.55666889185582" lon="19.92236505817281">
        <ele>1434</ele>
      </trkpt>
      <trkpt lat="42.557000762922" lon="19.92205416746138">
        <ele>1444</ele>
      </trkpt>
      <trkpt lat="42.55770360480642" lon="19.92166793820332">
        <ele>1452</ele>
      </trkpt>
      <trkpt lat="42.5582271600229" lon="19.92143906160596">
        <ele>1457</ele>
      </trkpt>
      <trkpt lat="42.55843887087546" lon="19.9213570474919">
        <ele>1459</ele>
      </trkpt>
      <trkpt lat="42.5588098416937" lon="19.92139996185391">
        <ele>1457</ele>
      </trkpt>
      <trkpt lat="42.55930955559795" lon="19.92123497997331">
        <ele>1462</ele>
      </trkpt>
      <trkpt lat="42.55960328056457" lon="19.92132843791723">
        <ele>1459</ele>
      </trkpt>
      <trkpt lat="42.55994087354569" lon="19.92124928476064">
        <ele>1462</ele>
      </trkpt>
      <trkpt lat="42.56000000000001" lon="19.92121590692352">
        <ele>1463</ele>
      </trkpt>
      <trkpt lat="42.56" lon="19.92121590692352">
        <ele>1463</ele>
      </trkpt>
      <trkpt lat="42.56011443829868" lon="19.92115296585925">
        <ele>1465</ele>
      </trkpt>
      <trkpt lat="42.56048540911691" lon="19.92114247568187">
        <ele>1463</ele>
      </trkpt>
      <trkpt lat="42.5609994278085" lon="19.9208525653252">
        <ele>1469</ele>
      </trkpt>
      <trkpt lat="42.56129982834255" lon="19.92070188823194">
        <ele>1469</ele>
      </trkpt>
      <trkpt lat="42.56143715430097" lon="19.92062273507534">
        <ele>1468</ele>
      </trkpt>
      <trkpt lat="42.56138661071905" lon="19.92051974060653">
        <ele>1467</ele>
      </trkpt>
      <trkpt lat="42.56130745756246" lon="19.92040148769789">
        <ele>1467</ele>
      </trkpt>
      <trkpt lat="42.56105473965286" lon="19.92033759298112">
        <ele>1468</ele>
      </trkpt>
      <trkpt lat="42.56055693305359" lon="19.92033759298112">
        <ele>1472</ele>
      </trkpt>
      <trkpt lat="42.56005245088689" lon="19.92021552546253">
        <ele>1476</ele>
      </trkpt>
      <trkpt lat="42.56" lon="19.92022315468244">
        <ele>1476</ele>
      </trkpt>
      <trkpt lat="42.56000000000001" lon="19.92022315468244">
        <ele>1476</ele>
      </trkpt>
      <trkpt lat="42.55967289719627" lon="19.92026893000191">
        <ele>1478</ele>
      </trkpt>
      <trkpt lat="42.55877741750907" lon="19.92000000000001">
        <ele>1487</ele>
      </trkpt>
      <trkpt lat="42.55877741750907" lon="19.92">
        <ele>1487</ele>
      </trkpt>
      <trkpt lat="42.55870875452986" lon="19.91997997329773">
        <ele>1488</ele>
      </trkpt>
      <trkpt lat="42.55830631317949" lon="19.9198083158497">
        <ele>1493</ele>
      </trkpt>
      <trkpt lat="42.55805931718483" lon="19.9194259012016">
        <ele>1497</ele>
      </trkpt>
      <trkpt lat="42.55783044058746" lon="19.91909307648293">
        <ele>1505</ele>
      </trkpt>
      <trkpt lat="42.55753004005341" lon="19.91885657066565">
        <ele>1513</ele>
      </trkpt>
      <trkpt lat="42.5571838641999" lon="19.91832729353423">
        <ele>1521</ele>
      </trkpt>
      <trkpt lat="42.55604615678048" lon="19.91544154110242">
        <ele>1545</ele>
      </trkpt>
      <trkpt lat="42.55605187869541" lon="19.91481213045966">
        <ele>1532</ele>
      </trkpt>
      <trkpt lat="42.55598130841123" lon="19.91444688155636">
        <ele>1525</ele>
      </trkpt>
      <trkpt lat="42.55573621972155" lon="19.91421132939157">
        <ele>1530</ele>
      </trkpt>
      <trkpt lat="42.55535666603091" lon="19.91385752431814">
        <ele>1537</ele>
      </trkpt>
      <trkpt lat="42.55489605187871" lon="19.91348941445737">
        <ele>1541</ele>
      </trkpt>
      <trkpt lat="42.55448407400345" lon="19.91339881747091">
        <ele>1547</ele>
      </trkpt>
      <trkpt lat="42.55423517070381" lon="19.91342170513065">
        <ele>1554</ele>
      </trkpt>
      <trkpt lat="42.55378409307649" lon="19.91336353232882">
        <ele>1561</ele>
      </trkpt>
      <trkpt lat="42.55343314896053" lon="19.91323860385275">
        <ele>1564</ele>
      </trkpt>
      <trkpt lat="42.55272649246616" lon="19.91334922754148">
        <ele>1580</ele>
      </trkpt>
      <trkpt lat="42.55226683196644" lon="19.91329200839214">
        <ele>1585</ele>
      </trkpt>
      <trkpt lat="42.55226683196644" lon="19.91329200839214">
        <ele>1585</ele>
      </trkpt>
      <trkpt lat="42.55185199313372" lon="19.9135390043868">
        <ele>1597</ele>
      </trkpt>
      <trkpt lat="42.55174518405494" lon="19.91359526988365">
        <ele>1599</ele>
      </trkpt>
      <trkpt lat="42.55160690444403" lon="19.91363055502574">
        <ele>1601</ele>
      </trkpt>
      <trkpt lat="42.55132653061226" lon="19.91372401296967">
        <ele>1605</ele>
      </trkpt>
      <trkpt lat="42.55124070188824" lon="19.91371924470722">
        <ele>1605</ele>
      </trkpt>
      <trkpt lat="42.55110909784476" lon="19.9136172038909">
        <ele>1608</ele>
      </trkpt>
      <trkpt lat="42.55090883082206" lon="19.91351230211711">
        <ele>1612</ele>
      </trkpt>
      <trkpt lat="42.55083444592792" lon="19.91351516307457">
        <ele>1614</ele>
      </trkpt>
      <trkpt lat="42.55068949074958" lon="19.9133997711234">
        <ele>1620</ele>
      </trkpt>
      <trkpt lat="42.55057314514592" lon="19.91337592981117">
        <ele>1625</ele>
      </trkpt>
      <trkpt lat="42.55040339500287" lon="19.91351516307457">
        <ele>1626</ele>
      </trkpt>
      <trkpt lat="42.54992084684342" lon="19.91359526988365">
        <ele>1637</ele>
      </trkpt>
      <trkpt lat="42.54971771886326" lon="19.91355807743658">
        <ele>1643</ele>
      </trkpt>
      <trkpt lat="42.54963856570667" lon="19.91349322906732">
        <ele>1647</ele>
      </trkpt>
      <trkpt lat="42.54939919893192" lon="19.91353137516689">
        <ele>1652</ele>
      </trkpt>
      <trkpt lat="42.54930478733551" lon="19.91351230211711">
        <ele>1655</ele>
      </trkpt>
      <trkpt lat="42.54915697119971" lon="19.91355521647911">
        <ele>1657</ele>
      </trkpt>
      <trkpt lat="42.54906351325578" lon="19.91362006484837">
        <ele>1655</ele>
      </trkpt>
      <trkpt lat="42.54888994850278" lon="19.91362197215334">
        <ele>1655</ele>
      </trkpt>
      <trkpt lat="42.54882033187108" lon="19.91352851420942">
        <ele>1658</ele>
      </trkpt>
      <trkpt lat="42.54880698073623" lon="19.91341026130078">
        <ele>1662</ele>
      </trkpt>
      <trkpt lat="42.5485657066565" lon="19.91327102803738">
        <ele>1667</ele>
      </trkpt>
      <trkpt lat="42.54835590310892" lon="19.91320427236315">
        <ele>1669</ele>
      </trkpt>
      <trkpt lat="42.54838546633608" lon="19.9130431050925">
        <ele>1674</ele>
      </trkpt>
      <trkpt lat="42.54839023459852" lon="19.9128609574671">
        <ele>1679</ele>
      </trkpt>
      <trkpt lat="42.54829868395958" lon="19.9127560556933">
        <ele>1683</ele>
      </trkpt>
      <trkpt lat="42.54820617966814" lon="19.91272649246614">
        <ele>1684</ele>
      </trkpt>
      <trkpt lat="42.54805740987985" lon="19.91247186725157">
        <ele>1694</ele>
      </trkpt>
      <trkpt lat="42.54791531565898" lon="19.91238031661262">
        <ele>1697</ele>
      </trkpt>
      <trkpt lat="42.54763303452223" lon="19.91238031661262">
        <ele>1699</ele>
      </trkpt>
      <trkpt lat="42.54761300781996" lon="19.91226206370398">
        <ele>1703</ele>
      </trkpt>
      <trkpt lat="42.54740606522984" lon="19.91222773221438">
        <ele>1706</ele>
      </trkpt>
      <trkpt lat="42.54735838260539" lon="19.91211806217814">
        <ele>1709</ele>
      </trkpt>
      <trkpt lat="42.54724966622164" lon="19.91216097654015">
        <ele>1709</ele>
      </trkpt>
      <trkpt lat="42.54709326721344" lon="19.91225729544154">
        <ele>1707</ele>
      </trkpt>
      <trkpt lat="42.546827198169" lon="19.91223059317185">
        <ele>1710</ele>
      </trkpt>
      <trkpt lat="42.54665077245853" lon="19.91207705512111">
        <ele>1717</ele>
      </trkpt>
      <trkpt lat="42.54643333969103" lon="19.91207991607858">
        <ele>1715</ele>
      </trkpt>
      <trkpt lat="42.54623402632082" lon="19.91184722487125">
        <ele>1722</ele>
      </trkpt>
      <trkpt lat="42.54595937440398" lon="19.91155445355712">
        <ele>1731</ele>
      </trkpt>
      <trkpt lat="42.54558554262828" lon="19.91168605760061">
        <ele>1724</ele>
      </trkpt>
      <trkpt lat="42.54529181766166" lon="19.91154682433721">
        <ele>1727</ele>
      </trkpt>
      <trkpt lat="42.54501430478734" lon="19.91174995231737">
        <ele>1717</ele>
      </trkpt>
      <trkpt lat="42.5447224871257" lon="19.91173183292008">
        <ele>1715</ele>
      </trkpt>
      <trkpt lat="42.54439061605952" lon="19.91157066564944">
        <ele>1718</ele>
      </trkpt>
      <trkpt lat="42.54407018882321" lon="19.9112778943353">
        <ele>1730</ele>
      </trkpt>
      <trkpt lat="42.54399103566661" lon="19.91118157543391">
        <ele>1735</ele>
      </trkpt>
      <trkpt lat="42.54388613389282" lon="19.91123784093076">
        <ele>1735</ele>
      </trkpt>
      <trkpt lat="42.54383082204846" lon="19.91132653061224">
        <ele>1732</ele>
      </trkpt>
      <trkpt lat="42.54353805073433" lon="19.91128075529277">
        <ele>1738</ele>
      </trkpt>
      <trkpt lat="42.54345699027276" lon="19.91130555025748">
        <ele>1739</ele>
      </trkpt>
      <trkpt lat="42.54325576959757" lon="19.91136658401678">
        <ele>1740</ele>
      </trkpt>
      <trkpt lat="42.54292962044632" lon="19.91125691398054">
        <ele>1749</ele>
      </trkpt>
      <trkpt lat="42.54272839977114" lon="19.91148769788289">
        <ele>1745</ele>
      </trkpt>
      <trkpt lat="42.54250333778372" lon="19.91155731451459">
        <ele>1746</ele>
      </trkpt>
      <trkpt lat="42.54237650200268" lon="19.9112082777036">
        <ele>1757</ele>
      </trkpt>
      <trkpt lat="42.54192637802786" lon="19.91102326912073">
        <ele>1762</ele>
      </trkpt>
      <trkpt lat="42.54191588785048" lon="19.91089166507724">
        <ele>1767</ele>
      </trkpt>
      <trkpt lat="42.54165744802595" lon="19.91069330535952">
        <ele>1775</ele>
      </trkpt>
      <trkpt lat="42.54137707419417" lon="19.91088403585733">
        <ele>1766</ele>
      </trkpt>
      <trkpt lat="42.54119111195882" lon="19.91092695021934">
        <ele>1764</ele>
      </trkpt>
      <trkpt lat="42.54102136181577" lon="19.91069902727446">
        <ele>1774</ele>
      </trkpt>
      <trkpt lat="42.54077150486364" lon="19.91055693305359">
        <ele>1780</ele>
      </trkpt>
      <trkpt lat="42.54048159450697" lon="19.91058077436582">
        <ele>1776</ele>
      </trkpt>
      <trkpt lat="42.54014781613581" lon="19.91046824337211">
        <ele>1778</ele>
      </trkpt>
      <trkpt lat="42.54000000000001" lon="19.91034426854854">
        <ele>1782</ele>
      </trkpt>
      <trkpt lat="42.54" lon="19.91034426854854">
        <ele>1782</ele>
      </trkpt>
      <trkpt lat="42.53978542818997" lon="19.9101649818806">
        <ele>1787</ele>
      </trkpt>
      <trkpt lat="42.53959183673469" lon="19.90995803929048">
        <ele>1792</ele>
      </trkpt>
      <trkpt lat="42.53933339691017" lon="19.90979210375739">
        <ele>1794</ele>
      </trkpt>
      <trkpt lat="42.53925996566851" lon="19.90966622162884">
        <ele>1797</ele>
      </trkpt>
      <trkpt lat="42.53903299637612" lon="19.9095994659546">
        <ele>1796</ele>
      </trkpt>
      <trkpt lat="42.53886324623307" lon="19.90953461758535">
        <ele>1795</ele>
      </trkpt>
      <trkpt lat="42.53864295250811" lon="19.90929906542056">
        <ele>1799</ele>
      </trkpt>
      <trkpt lat="42.5385046728972" lon="19.90906255960328">
        <ele>1803</ele>
      </trkpt>
      <trkpt lat="42.53842838069807" lon="19.90879458325386">
        <ele>1805</ele>
      </trkpt>
      <trkpt lat="42.53843982452794" lon="19.90873831775701">
        <ele>1806</ele>
      </trkpt>
      <trkpt lat="42.53825958420752" lon="19.90874594697692">
        <ele>1804</ele>
      </trkpt>
      <trkpt lat="42.53814133129887" lon="19.9086172038909">
        <ele>1805</ele>
      </trkpt>
      <trkpt lat="42.53808792675949" lon="19.90842456608812">
        <ele>1807</ele>
      </trkpt>
      <trkpt lat="42.53798874690063" lon="19.90810509250429">
        <ele>1811</ele>
      </trkpt>
      <trkpt lat="42.53798874690063" lon="19.90796681289338">
        <ele>1813</ele>
      </trkpt>
      <trkpt lat="42.53798874690063" lon="19.90796681289338">
        <ele>1813</ele>
      </trkpt>
      <trkpt lat="42.53761396147244" lon="19.90767118062178">
        <ele>1811</ele>
      </trkpt>
      <trkpt lat="42.53749761586878" lon="19.90762826625977">
        <ele>1810</ele>
      </trkpt>
      <trkpt lat="42.53749761586878" lon="19.90762826625977">
        <ele>1810</ele>
      </trkpt>
      <trkpt lat="42.53761396147244" lon="19.90703223345412">
        <ele>1819</ele>
      </trkpt>
      <trkpt lat="42.53754625214572" lon="19.90648006866298">
        <ele>1827</ele>
      </trkpt>
      <trkpt lat="42.5372696929239" lon="19.90631890139233">
        <ele>1834</ele>
      </trkpt>
      <trkpt lat="42.53685866870113" lon="19.9064257104711">
        <ele>1836</ele>
      </trkpt>
      <trkpt lat="42.53678714476445" lon="19.90584112149532">
        <ele>1852</ele>
      </trkpt>
      <trkpt lat="42.5368348273889" lon="19.90531565897387">
        <ele>1864</ele>
      </trkpt>
      <trkpt lat="42.53705416746138" lon="19.90495327102803">
        <ele>1869</ele>
      </trkpt>
      <trkpt lat="42.53735933625787" lon="19.90510013351134">
        <ele>1860</ele>
      </trkpt>
      <trkpt lat="42.53897959183674" lon="19.90467098989128">
        <ele>1893</ele>
      </trkpt>
      <trkpt lat="42.53991035666603" lon="19.90437726492466">
        <ele>1913</ele>
      </trkpt>
      <trkpt lat="42.53991035666603" lon="19.90437726492466">
        <ele>1913</ele>
      </trkpt>
      <trkpt lat="42.53979591836735" lon="19.90380793438871">
        <ele>1923</ele>
      </trkpt>
      <trkpt lat="42.53966908258631" lon="19.90347606332252">
        <ele>1934</ele>
      </trkpt>
      <trkpt lat="42.53965763875644" lon="19.90325576959756">
        <ele>1941</ele>
      </trkpt>
      <trkpt lat="42.53954224680527" lon="19.90278943353042">
        <ele>1963</ele>
      </trkpt>
      <trkpt lat="42.53937631127217" lon="19.90248331108144">
        <ele>1985</ele>
      </trkpt>
      <trkpt lat="42.53932099942781" lon="19.90224680526416">
        <ele>2000</ele>
      </trkpt>
      <trkpt lat="42.53931718481785" lon="19.90211806217814">
        <ele>2007</ele>
      </trkpt>
      <trkpt lat="42.53920274651917" lon="19.90206465763875">
        <ele>2016</ele>
      </trkpt>
      <trkpt lat="42.53928571428572" lon="19.90192542437535">
        <ele>2019</ele>
      </trkpt>
      <trkpt lat="42.5392695021934" lon="19.90180144955178">
        <ele>2027</ele>
      </trkpt>
      <trkpt lat="42.53910356666031" lon="19.90150581728018">
        <ele>2044</ele>
      </trkpt>
      <trkpt lat="42.5390959374404" lon="19.90145813465573">
        <ele>2045</ele>
      </trkpt>
      <trkpt lat="42.5388785046729" lon="19.90149628075529">
        <ele>2045</ele>
      </trkpt>
      <trkpt lat="42.53858573335877" lon="19.90148006866298">
        <ele>2046</ele>
      </trkpt>
      <trkpt lat="42.53820617966813" lon="19.90138374976158">
        <ele>2047</ele>
      </trkpt>
      <trkpt lat="42.53809174136945" lon="19.90129219912264">
        <ele>2046</ele>
      </trkpt>
      <trkpt lat="42.53764924661454" lon="19.90113103185199">
        <ele>2041</ele>
      </trkpt>
      <trkpt lat="42.53711615487317" lon="19.90091169177951">
        <ele>2038</ele>
      </trkpt>
      <trkpt lat="42.53609956131986" lon="19.90102422277322">
        <ele>2034</ele>
      </trkpt>
      <trkpt lat="42.53576387564372" lon="19.90101850085829">
        <ele>2034</ele>
      </trkpt>
      <trkpt lat="42.53543963379744" lon="19.90099179858859">
        <ele>2030</ele>
      </trkpt>
      <trkpt lat="42.53538432195308" lon="19.90112626358955">
        <ele>2029</ele>
      </trkpt>
      <trkpt lat="42.53509536524891" lon="19.90115773412168">
        <ele>2027</ele>
      </trkpt>
      <trkpt lat="42.53493801258821" lon="19.90138374976158">
        <ele>2028</ele>
      </trkpt>
      <trkpt lat="42.53463284379173" lon="19.90145336639328">
        <ele>2031</ele>
      </trkpt>
      <trkpt lat="42.53435246995995" lon="19.90130841121495">
        <ele>2031</ele>
      </trkpt>
      <trkpt lat="42.53398531375167" lon="19.90085924089261">
        <ele>2026</ele>
      </trkpt>
      <trkpt lat="42.53391760442495" lon="19.90077722677856">
        <ele>2026</ele>
      </trkpt>
      <trkpt lat="42.53365725729545" lon="19.90076101468625">
        <ele>2032</ele>
      </trkpt>
      <trkpt lat="42.53354186534427" lon="19.90067041769979">
        <ele>2034</ele>
      </trkpt>
      <trkpt lat="42.53346748045013" lon="19.90047682624451">
        <ele>2033</ele>
      </trkpt>
      <trkpt lat="42.53334350562655" lon="19.90038622925805">
        <ele>2034</ele>
      </trkpt>
      <trkpt lat="42.53313942399389" lon="19.9002517642571">
        <ele>2038</ele>
      </trkpt>
      <trkpt lat="42.53284665267977" lon="19.9">
        <ele>2043</ele>
      </trkpt>
      <trkpt lat="42.53284665267977" lon="19.90000000000002">
        <ele>2043</ele>
      </trkpt>
      <trkpt lat="42.53243562845699" lon="19.89964524127409">
        <ele>2051</ele>
      </trkpt>
      <trkpt lat="42.53225729544154" lon="19.89916841502958">
        <ele>2050</ele>
      </trkpt>
      <trkpt lat="42.53224203700172" lon="19.89857238222393">
        <ele>2056</ele>
      </trkpt>
      <trkpt lat="42.53206179668129" lon="19.8980707610147">
        <ele>2061</ele>
      </trkpt>
      <trkpt lat="42.53079534617586" lon="19.89678619111197">
        <ele>2088</ele>
      </trkpt>
      <trkpt lat="42.52777989700553" lon="19.89535857333589">
        <ele>2065</ele>
      </trkpt>
      <trkpt lat="42.52734884608049" lon="19.89528991035668">
        <ele>2068</ele>
      </trkpt>
      <trkpt lat="42.52715906923518" lon="19.89518024032044">
        <ele>2070</ele>
      </trkpt>
      <trkpt lat="42.52701506770933" lon="19.89499904634753">
        <ele>2074</ele>
      </trkpt>
      <trkpt lat="42.52676997901965" lon="19.89440492084686">
        <ele>2077</ele>
      </trkpt>
      <trkpt lat="42.52634560366203" lon="19.89375834445929">
        <ele>2071</ele>
      </trkpt>
      <trkpt lat="42.52609002479497" lon="19.89340740034333">
        <ele>2072</ele>
      </trkpt>
      <trkpt lat="42.52577531947359" lon="19.89295441541104">
        <ele>2079</ele>
      </trkpt>
      <trkpt lat="42.52539195117299" lon="19.89246519168417">
        <ele>2086</ele>
      </trkpt>
      <trkpt lat="42.52516307457562" lon="19.89239938966242">
        <ele>2088</ele>
      </trkpt>
      <trkpt lat="42.52477112340263" lon="19.89241941636469">
        <ele>2086</ele>
      </trkpt>
      <trkpt lat="42.52461567804692" lon="19.8924709135991">
        <ele>2085</ele>
      </trkpt>
      <trkpt lat="42.5244259012016" lon="19.89255960328058">
        <ele>2082</ele>
      </trkpt>
      <trkpt lat="42.52424756818615" lon="19.89263208086975">
        <ele>2079</ele>
      </trkpt>
      <trkpt lat="42.52413694449743" lon="19.89271790959376">
        <ele>2075</ele>
      </trkpt>
      <trkpt lat="42.52405016212092" lon="19.89275319473585">
        <ele>2071</ele>
      </trkpt>
      <trkpt lat="42.52395384321953" lon="19.89280373831777">
        <ele>2067</ele>
      </trkpt>
      <trkpt lat="42.52376025176426" lon="19.89294583253864">
        <ele>2061</ele>
      </trkpt>
      <trkpt lat="42.52339595651345" lon="19.89324909403015">
        <ele>2058</ele>
      </trkpt>
      <trkpt lat="42.52319378218577" lon="19.89338928094604">
        <ele>2056</ele>
      </trkpt>
      <trkpt lat="42.52287430860195" lon="19.89353328247188">
        <ele>2048</ele>
      </trkpt>
      <trkpt lat="42.52252717909594" lon="19.89387469006295">
        <ele>2046</ele>
      </trkpt>
      <trkpt lat="42.52202555788671" lon="19.89428571428573">
        <ele>2039</ele>
      </trkpt>
      <trkpt lat="42.52167079916079" lon="19.89451649818808">
        <ele>2032</ele>
      </trkpt>
      <trkpt lat="42.52148197596796" lon="19.89463189013925">
        <ele>2026</ele>
      </trkpt>
      <trkpt lat="42.52130364295251" lon="19.89486076673662">
        <ele>2021</ele>
      </trkpt>
      <trkpt lat="42.5210089643334" lon="19.89546156780471">
        <ele>2010</ele>
      </trkpt>
      <trkpt lat="42.5208086973107" lon="19.89561129124548">
        <ele>2009</ele>
      </trkpt>
      <trkpt lat="42.52039767308793" lon="19.89572954415413">
        <ele>2007</ele>
      </trkpt>
      <trkpt lat="42.52005721914934" lon="19.89588498950984">
        <ele>2006</ele>
      </trkpt>
      <trkpt lat="42.52" lon="19.89593648674424">
        <ele>2005</ele>
      </trkpt>
      <trkpt lat="42.51999999999999" lon="19.89593648674424">
        <ele>2005</ele>
      </trkpt>
      <trkpt lat="42.51973297730306" lon="19.89617489986651">
        <ele>1996</ele>
      </trkpt>
      <trkpt lat="42.51907686439061" lon="19.89703795536908">
        <ele>1992</ele>
      </trkpt>
      <trkpt lat="42.51879649055883" lon="19.89715144001527">
        <ele>1996</ele>
      </trkpt>
      <trkpt lat="42.51830154491702" lon="19.89730116345605">
        <ele>2007</ele>
      </trkpt>
      <trkpt lat="42.51793438870875" lon="19.89715620827772">
        <ele>1999</ele>
      </trkpt>
      <trkpt lat="42.51780469197023" lon="19.89708182338357">
        <ele>1995</ele>
      </trkpt>
      <trkpt lat="42.51780469197023" lon="19.89708182338357">
        <ele>1995</ele>
      </trkpt>
      <trkpt lat="42.51760251764257" lon="19.89730211710854">
        <ele>2000</ele>
      </trkpt>
      <trkpt lat="42.51738603852755" lon="19.89747377455657">
        <ele>2002</ele>
      </trkpt>
      <trkpt lat="42.51696070951744" lon="19.89790291817663">
        <ele>1997</ele>
      </trkpt>
      <trkpt lat="42.51668510394811" lon="19.89813656303645">
        <ele>1993</ele>
      </trkpt>
      <trkpt lat="42.51663456036619" lon="19.8984102613008">
        <ele>1995</ele>
      </trkpt>
      <trkpt lat="42.51650963189013" lon="19.89877741750907">
        <ele>1990</ele>
      </trkpt>
      <trkpt lat="42.51631127217241" lon="19.89904539385849">
        <ele>1988</ele>
      </trkpt>
      <trkpt lat="42.51631127217241" lon="19.89904539385849">
        <ele>1988</ele>
      </trkpt>
      <trkpt lat="42.51609193209993" lon="19.89896242609195">
        <ele>1986</ele>
      </trkpt>
      <trkpt lat="42.51609193209993" lon="19.89896242609195">
        <ele>1986</ele>
      </trkpt>
      <trkpt lat="42.51606332252526" lon="19.89883177570095">
        <ele>1984</ele>
      </trkpt>
      <trkpt lat="42.51585351897768" lon="19.89890616059509">
        <ele>1983</ele>
      </trkpt>
      <trkpt lat="42.51562845699026" lon="19.89896147243946">
        <ele>1981</ele>
      </trkpt>
      <trkpt lat="42.51541007057028" lon="19.89896242609195">
        <ele>1978</ele>
      </trkpt>
      <trkpt lat="42.51473679191302" lon="19.89901392332635">
        <ele>1969</ele>
      </trkpt>
      <trkpt lat="42.51436391378981" lon="19.89885561701318">
        <ele>1959</ele>
      </trkpt>
      <trkpt lat="42.51415124928475" lon="19.89871352279231">
        <ele>1953</ele>
      </trkpt>
      <trkpt lat="42.51400915506389" lon="19.89881174899868">
        <ele>1954</ele>
      </trkpt>
      <trkpt lat="42.51384608048826" lon="19.89867346938777">
        <ele>1951</ele>
      </trkpt>
      <trkpt lat="42.51366393286285" lon="19.89856379935153">
        <ele>1947</ele>
      </trkpt>
      <trkpt lat="42.51356761396146" lon="19.89859050162123">
        <ele>1947</ele>
      </trkpt>
      <trkpt lat="42.5134169368682" lon="19.89837879076866">
        <ele>1941</ele>
      </trkpt>
      <trkpt lat="42.51319282853327" lon="19.89808315849706">
        <ele>1935</ele>
      </trkpt>
      <trkpt lat="42.51304405874498" lon="19.89811176807173">
        <ele>1934</ele>
      </trkpt>
      <trkpt lat="42.51291531565897" lon="19.8980278466527">
        <ele>1931</ele>
      </trkpt>
      <trkpt lat="42.51273888994849" lon="19.89804119778754">
        <ele>1930</ele>
      </trkpt>
      <trkpt lat="42.5125557886706" lon="19.89793534236126">
        <ele>1925</ele>
      </trkpt>
      <trkpt lat="42.51223536143429" lon="19.89800019073051">
        <ele>1921</ele>
      </trkpt>
      <trkpt lat="42.51214571810031" lon="19.89807266831968">
        <ele>1921</ele>
      </trkpt>
      <trkpt lat="42.51191779515543" lon="19.89820713332063">
        <ele>1920</ele>
      </trkpt>
      <trkpt lat="42.51174041579247" lon="19.89821094793059">
        <ele>1916</ele>
      </trkpt>
      <trkpt lat="42.51160499713903" lon="19.89819187488081">
        <ele>1912</ele>
      </trkpt>
      <trkpt lat="42.51119683387373" lon="19.89837688346368">
        <ele>1906</ele>
      </trkpt>
      <trkpt lat="42.5109813084112" lon="19.89839881747093">
        <ele>1901</ele>
      </trkpt>
      <trkpt lat="42.51067041769978" lon="19.89865153538052">
        <ele>1901</ele>
      </trkpt>
      <trkpt lat="42.51030230783901" lon="19.89896719435439">
        <ele>1898</ele>
      </trkpt>
      <trkpt lat="42.5101382796109" lon="19.89903681098609">
        <ele>1894</ele>
      </trkpt>
      <trkpt lat="42.50983692542437" lon="19.89951363723061">
        <ele>1910</ele>
      </trkpt>
      <trkpt lat="42.5097730307076" lon="19.89951649818807">
        <ele>1909</ele>
      </trkpt>
      <trkpt lat="42.50968529467861" lon="19.89944688155638">
        <ele>1906</ele>
      </trkpt>
      <trkpt lat="42.50960995613197" lon="19.89948025939349">
        <ele>1906</ele>
      </trkpt>
      <trkpt lat="42.50950505435819" lon="19.89943257676904">
        <ele>1904</ele>
      </trkpt>
      <trkpt lat="42.50945641808124" lon="19.89943448407402">
        <ele>1903</ele>
      </trkpt>
      <trkpt lat="42.50940015258439" lon="19.89945641808126">
        <ele>1904</ele>
      </trkpt>
      <trkpt lat="42.50934770169749" lon="19.89951840549305">
        <ele>1906</ele>
      </trkpt>
      <trkpt lat="42.5093124165554" lon="19.89946404730118">
        <ele>1903</ele>
      </trkpt>
      <trkpt lat="42.50922944878885" lon="19.89942304024415">
        <ele>1901</ele>
      </trkpt>
      <trkpt lat="42.50906351325576" lon="19.8993581918749">
        <ele>1899</ele>
      </trkpt>
      <trkpt lat="42.50902441350371" lon="19.89930097272555">
        <ele>1898</ele>
      </trkpt>
      <trkpt lat="42.50891855807743" lon="19.89924947549115">
        <ele>1897</ele>
      </trkpt>
      <trkpt lat="42.50877741750905" lon="19.89933435056267">
        <ele>1900</ele>
      </trkpt>
      <trkpt lat="42.50872878123211" lon="19.89930192637804">
        <ele>1899</ele>
      </trkpt>
      <trkpt lat="42.50848750715238" lon="19.89922181956896">
        <ele>1898</ele>
      </trkpt>
      <trkpt lat="42.50794964714857" lon="19.89918939538434">
        <ele>1888</ele>
      </trkpt>
      <trkpt lat="42.50781041388517" lon="19.89931813847036">
        <ele>1888</ele>
      </trkpt>
      <trkpt lat="42.50770837306884" lon="19.89932481403778">
        <ele>1886</ele>
      </trkpt>
      <trkpt lat="42.5075901201602" lon="19.89943066946406">
        <ele>1887</ele>
      </trkpt>
      <trkpt lat="42.50751001335112" lon="19.89947263017358">
        <ele>1886</ele>
      </trkpt>
      <trkpt lat="42.50738031661262" lon="19.89962139996187">
        <ele>1889</ele>
      </trkpt>
      <trkpt lat="42.50724871256913" lon="19.89973965287051">
        <ele>1891</ele>
      </trkpt>
      <trkpt lat="42.50706751859622" lon="19.89977398436011">
        <ele>1889</ele>
      </trkpt>
      <trkpt lat="42.50662311653632" lon="19.89974823574291">
        <ele>1880</ele>
      </trkpt>
      <trkpt lat="42.50636563036429" lon="19.89975395765784">
        <ele>1872</ele>
      </trkpt>
      <trkpt lat="42.50636563036429" lon="19.89975395765784">
        <ele>1872</ele>
      </trkpt>
      <trkpt lat="42.50620923135609" lon="19.89973106999811">
        <ele>1866</ele>
      </trkpt>
      <trkpt lat="42.50581918748807" lon="19.89996376120543">
        <ele>1858</ele>
      </trkpt>
      <trkpt lat="42.50564371543009" lon="19.89987697882893">
        <ele>1857</ele>
      </trkpt>
      <trkpt lat="42.50564371543009" lon="19.89987697882893">
        <ele>1857</ele>
      </trkpt>
      <trkpt lat="42.50597081823383" lon="19.8994621399962">
        <ele>1854</ele>
      </trkpt>
      <trkpt lat="42.50611481975967" lon="19.89941159641428">
        <ele>1856</ele>
      </trkpt>
      <trkpt lat="42.50651058554262" lon="19.89913408353997">
        <ele>1856</ele>
      </trkpt>
      <trkpt lat="42.50660595079152" lon="19.89917699790198">
        <ele>1858</ele>
      </trkpt>
      <trkpt lat="42.50667366011825" lon="19.89907304978068">
        <ele>1857</ele>
      </trkpt>
      <trkpt lat="42.50688346366583" lon="19.89903967194356">
        <ele>1861</ele>
      </trkpt>
      <trkpt lat="42.5069378218577" lon="19.8990711424757">
        <ele>1862</ele>
      </trkpt>
      <trkpt lat="42.50703604806407" lon="19.8991054739653">
        <ele>1865</ele>
      </trkpt>
      <trkpt lat="42.50712283044058" lon="19.89902059889378">
        <ele>1865</ele>
      </trkpt>
      <trkpt lat="42.50715906923516" lon="19.89894335304217">
        <ele>1863</ele>
      </trkpt>
      <trkpt lat="42.50711424756818" lon="19.89888136563038">
        <ele>1861</ele>
      </trkpt>
      <trkpt lat="42.50713332061796" lon="19.89883654396339">
        <ele>1860</ele>
      </trkpt>
      <trkpt lat="42.50721342742704" lon="19.89885943162313">
        <ele>1862</ele>
      </trkpt>
      <trkpt lat="42.50723536143428" lon="19.89882605378601">
        <ele>1861</ele>
      </trkpt>
      <trkpt lat="42.50715906923516" lon="19.898740225062">
        <ele>1858</ele>
      </trkpt>
      <trkpt lat="42.50711424756818" lon="19.89866774747284">
        <ele>1855</ele>
      </trkpt>
      <trkpt lat="42.50715144001525" lon="19.89854377264926">
        <ele>1852</ele>
      </trkpt>
      <trkpt lat="42.50721533473202" lon="19.89843696357049">
        <ele>1850</ele>
      </trkpt>
      <trkpt lat="42.50720675185961" lon="19.89830822048447">
        <ele>1847</ele>
      </trkpt>
      <trkpt lat="42.50726969292389" lon="19.89815277512876">
        <ele>1846</ele>
      </trkpt>
      <trkpt lat="42.50737936296013" lon="19.89793915697122">
        <ele>1844</ele>
      </trkpt>
      <trkpt lat="42.50749952317375" lon="19.89768357810415">
        <ele>1841</ele>
      </trkpt>
      <trkpt lat="42.50776082395574" lon="19.89746042342172">
        <ele>1838</ele>
      </trkpt>
      <trkpt lat="42.50806122448979" lon="19.89704176997903">
        <ele>1821</ele>
      </trkpt>
      <trkpt lat="42.5083377837116" lon="19.89676330345224">
        <ele>1806</ele>
      </trkpt>
      <trkpt lat="42.50857524318138" lon="19.89665554072097">
        <ele>1799</ele>
      </trkpt>
      <trkpt lat="42.50885180240319" lon="19.89670989891285">
        <ele>1799</ele>
      </trkpt>
      <trkpt lat="42.50895002860957" lon="19.89664600419609">
        <ele>1796</ele>
      </trkpt>
      <trkpt lat="42.50904062559602" lon="19.89666126263591">
        <ele>1796</ele>
      </trkpt>
      <trkpt lat="42.50908258630554" lon="19.89677283997713">
        <ele>1800</ele>
      </trkpt>
      <trkpt lat="42.50914362006484" lon="19.89684054930385">
        <ele>1802</ele>
      </trkpt>
      <trkpt lat="42.50922277322143" lon="19.89687392714097">
        <ele>1805</ele>
      </trkpt>
      <trkpt lat="42.50922277322143" lon="19.89687392714097">
        <ele>1805</ele>
      </trkpt>
      <trkpt lat="42.50934293343505" lon="19.89672134274272">
        <ele>1803</ele>
      </trkpt>
      <trkpt lat="42.50944688155635" lon="19.89653251954989">
        <ele>1801</ele>
      </trkpt>
      <trkpt lat="42.50950028609574" lon="19.89623021171087">
        <ele>1793</ele>
      </trkpt>
      <trkpt lat="42.50950410070569" lon="19.89604234217053">
        <ele>1788</ele>
      </trkpt>
      <trkpt lat="42.50947835208849" lon="19.89591169177953">
        <ele>1783</ele>
      </trkpt>
      <trkpt lat="42.50937917222963" lon="19.89572191493421">
        <ele>1776</ele>
      </trkpt>
      <trkpt lat="42.50933721152011" lon="19.8955664695785">
        <ele>1772</ele>
      </trkpt>
      <trkpt lat="42.50933721152011" lon="19.8955664695785">
        <ele>1772</ele>
      </trkpt>
      <trkpt lat="42.50932862864772" lon="19.89547873354951">
        <ele>1770</ele>
      </trkpt>
      <trkpt lat="42.50932004577531" lon="19.89539195117301">
        <ele>1768</ele>
      </trkpt>
      <trkpt lat="42.50940301354186" lon="19.89532233454131">
        <ele>1768</ele>
      </trkpt>
      <trkpt lat="42.50956990272743" lon="19.89491226397102">
        <ele>1761</ele>
      </trkpt>
      <trkpt lat="42.50963665840167" lon="19.89484741560177">
        <ele>1760</ele>
      </trkpt>
      <trkpt lat="42.5097034140759" lon="19.89478256723251">
        <ele>1759</ele>
      </trkpt>
      <trkpt lat="42.50977875262254" lon="19.89469959946597">
        <ele>1758</ele>
      </trkpt>
      <trkpt lat="42.50985504482166" lon="19.89461663169942">
        <ele>1758</ele>
      </trkpt>
      <trkpt lat="42.50989128361624" lon="19.89452698836546">
        <ele>1756</ele>
      </trkpt>
      <trkpt lat="42.50992752241083" lon="19.89443734503148">
        <ele>1755</ele>
      </trkpt>
      <trkpt lat="42.5099818806027" lon="19.89434293343507">
        <ele>1754</ele>
      </trkpt>
      <trkpt lat="42.51003623879458" lon="19.89424947549115">
        <ele>1753</ele>
      </trkpt>
      <trkpt lat="42.5100333778371" lon="19.89420846843412">
        <ele>1752</ele>
      </trkpt>
      <trkpt lat="42.51016593553308" lon="19.89396147243946">
        <ele>1745</ele>
      </trkpt>
      <trkpt lat="42.51017737936295" lon="19.89389567041771">
        <ele>1742</ele>
      </trkpt>
      <trkpt lat="42.51018882319282" lon="19.89383082204846">
        <ele>1739</ele>
      </trkpt>
      <trkpt lat="42.51021361815754" lon="19.8937659736792">
        <ele>1737</ele>
      </trkpt>
      <trkpt lat="42.51029086400914" lon="19.8936706084303">
        <ele>1734</ele>
      </trkpt>
      <trkpt lat="42.51040625596032" lon="19.89342647339311">
        <ele>1726</ele>
      </trkpt>
      <trkpt lat="42.51045393858477" lon="19.8933578104139">
        <ele>1724</ele>
      </trkpt>
      <trkpt lat="42.5105292771314" lon="19.89330917413696">
        <ele>1724</ele>
      </trkpt>
      <trkpt lat="42.51053499904634" lon="19.89327770360482">
        <ele>1722</ele>
      </trkpt>
      <trkpt lat="42.51052546252145" lon="19.89326625977495">
        <ele>1722</ele>
      </trkpt>
      <trkpt lat="42.51044726301735" lon="19.89328628647722">
        <ele>1720</ele>
      </trkpt>
      <trkpt lat="42.51043772649246" lon="19.8932710280374">
        <ele>1720</ele>
      </trkpt>
      <trkpt lat="42.51043868014494" lon="19.89325958420753">
        <ele>1719</ele>
      </trkpt>
      <trkpt lat="42.51049113103184" lon="19.89319759679574">
        <ele>1717</ele>
      </trkpt>
      <trkpt lat="42.51059412550066" lon="19.89310699980928">
        <ele>1716</ele>
      </trkpt>
      <trkpt lat="42.51066469578485" lon="19.89310318519933">
        <ele>1717</ele>
      </trkpt>
      <trkpt lat="42.51069235170703" lon="19.8931146290292">
        <ele>1718</ele>
      </trkpt>
      <trkpt lat="42.51070284188441" lon="19.89309460232693">
        <ele>1717</ele>
      </trkpt>
      <trkpt lat="42.51068472248711" lon="19.89303738317759">
        <ele>1714</ele>
      </trkpt>
      <trkpt lat="42.5106685103948" lon="19.89302307839025">
        <ele>1713</ele>
      </trkpt>
      <trkpt lat="42.5106255960328" lon="19.8930364295251">
        <ele>1713</ele>
      </trkpt>
      <trkpt lat="42.51060652298302" lon="19.89302212473776">
        <ele>1712</ele>
      </trkpt>
      <trkpt lat="42.51060652298302" lon="19.89298970055313">
        <ele>1710</ele>
      </trkpt>
      <trkpt lat="42.51062464238031" lon="19.89296585924091">
        <ele>1709</ele>
      </trkpt>
      <trkpt lat="42.51071714667174" lon="19.89289147434676">
        <ele>1708</ele>
      </trkpt>
      <trkpt lat="42.51074575624641" lon="19.89284379172231">
        <ele>1706</ele>
      </trkpt>
      <trkpt lat="42.51074289528895" lon="19.89282281136755">
        <ele>1705</ele>
      </trkpt>
      <trkpt lat="42.5107209612817" lon="19.89280946023271">
        <ele>1703</ele>
      </trkpt>
      <trkpt lat="42.51068281518214" lon="19.89282853328249">
        <ele>1704</ele>
      </trkpt>
      <trkpt lat="42.51060652298302" lon="19.89279515544537">
        <ele>1701</ele>
      </trkpt>
      <trkpt lat="42.51053499904634" lon="19.89279992370782">
        <ele>1700</ele>
      </trkpt>
      <trkpt lat="42.51052641617394" lon="19.89279134083542">
        <ele>1699</ele>
      </trkpt>
      <trkpt lat="42.51053309174136" lon="19.89276368491323">
        <ele>1698</ele>
      </trkpt>
      <trkpt lat="42.51058554262826" lon="19.89273126072861">
        <ele>1697</ele>
      </trkpt>
      <trkpt lat="42.51068090787716" lon="19.89262445164983">
        <ele>1694</ele>
      </trkpt>
      <trkpt lat="42.51077627312606" lon="19.89251859622355">
        <ele>1690</ele>
      </trkpt>
      <trkpt lat="42.51077627312606" lon="19.89251859622355">
        <ele>1690</ele>
      </trkpt>
      <trkpt lat="42.51080202174327" lon="19.89249570856381">
        <ele>1689</ele>
      </trkpt>
      <trkpt lat="42.5108687774175" lon="19.89247377455657">
        <ele>1690</ele>
      </trkpt>
      <trkpt lat="42.51093553309173" lon="19.89245279420181">
        <ele>1691</ele>
      </trkpt>
      <trkpt lat="42.5110509250429" lon="19.89236601182531">
        <ele>1691</ele>
      </trkpt>
      <trkpt lat="42.51107572000762" lon="19.89233644859815">
        <ele>1691</ele>
      </trkpt>
      <trkpt lat="42.51109765401487" lon="19.89228590501623">
        <ele>1690</ele>
      </trkpt>
      <trkpt lat="42.51113293915697" lon="19.89225252717911">
        <ele>1690</ele>
      </trkpt>
      <trkpt lat="42.51114152202936" lon="19.89218195689492">
        <ele>1687</ele>
      </trkpt>
      <trkpt lat="42.5111644096891" lon="19.89212759870305">
        <ele>1686</ele>
      </trkpt>
      <trkpt lat="42.51121590692351" lon="19.89205607476637">
        <ele>1685</ele>
      </trkpt>
      <trkpt lat="42.51126835781041" lon="19.89198550448218">
        <ele>1683</ele>
      </trkpt>
      <trkpt lat="42.51133606713713" lon="19.8919053976731">
        <ele>1681</ele>
      </trkpt>
      <trkpt lat="42.51141522029371" lon="19.89189395384323">
        <ele>1682</ele>
      </trkpt>
      <trkpt lat="42.51142666412358" lon="19.89185676139616">
        <ele>1681</ele>
      </trkpt>
      <trkpt lat="42.51148197596795" lon="19.89173946214001">
        <ele>1677</ele>
      </trkpt>
      <trkpt lat="42.51147434674804" lon="19.89165935533093">
        <ele>1673</ele>
      </trkpt>
      <trkpt lat="42.51147911501048" lon="19.89163837497617">
        <ele>1673</ele>
      </trkpt>
      <trkpt lat="42.51151535380507" lon="19.89159069235172">
        <ele>1672</ele>
      </trkpt>
      <trkpt lat="42.51157161930192" lon="19.8915401487698">
        <ele>1671</ele>
      </trkpt>
      <trkpt lat="42.51160881174899" lon="19.89152489032998">
        <ele>1670</ele>
      </trkpt>
      <trkpt lat="42.51163169940872" lon="19.89150772458517">
        <ele>1670</ele>
      </trkpt>
      <trkpt lat="42.51164981880602" lon="19.8914362006485">
        <ele>1667</ele>
      </trkpt>
      <trkpt lat="42.5116688918558" lon="19.89140568376885">
        <ele>1666</ele>
      </trkpt>
      <trkpt lat="42.51173087926759" lon="19.89137802784667">
        <ele>1666</ele>
      </trkpt>
      <trkpt lat="42.511825290864" lon="19.89137325958422">
        <ele>1667</ele>
      </trkpt>
      <trkpt lat="42.51189586114819" lon="19.89134178905208">
        <ele>1667</ele>
      </trkpt>
      <trkpt lat="42.51190825863055" lon="19.89124260919322">
        <ele>1663</ele>
      </trkpt>
      <trkpt lat="42.51196261682242" lon="19.89117871447646">
        <ele>1661</ele>
      </trkpt>
      <trkpt lat="42.51199790196451" lon="19.89116822429908">
        <ele>1661</ele>
      </trkpt>
      <trkpt lat="42.51202555788669" lon="19.89117680717148">
        <ele>1662</ele>
      </trkpt>
      <trkpt lat="42.51203795536905" lon="19.89116154873166">
        <ele>1661</ele>
      </trkpt>
      <trkpt lat="42.51210185008582" lon="19.89111768071716">
        <ele>1660</ele>
      </trkpt>
      <trkpt lat="42.51217814228495" lon="19.89107667366013">
        <ele>1660</ele>
      </trkpt>
      <trkpt lat="42.51220865916459" lon="19.89105187869542">
        <ele>1659</ele>
      </trkpt>
      <trkpt lat="42.51225729544153" lon="19.89098226206372">
        <ele>1657</ele>
      </trkpt>
      <trkpt lat="42.51230593171847" lon="19.89091359908451">
        <ele>1655</ele>
      </trkpt>
      <trkpt lat="42.51231546824337" lon="19.8908621018501">
        <ele>1653</ele>
      </trkpt>
      <trkpt lat="42.51234026320808" lon="19.8908277703605">
        <ele>1652</ele>
      </trkpt>
      <trkpt lat="42.51244516498187" lon="19.89075052450888">
        <ele>1651</ele>
      </trkpt>
      <trkpt lat="42.51247377455654" lon="19.89071142475683">
        <ele>1650</ele>
      </trkpt>
      <trkpt lat="42.51248235742894" lon="19.89068376883465">
        <ele>1650</ele>
      </trkpt>
      <trkpt lat="42.51248140377646" lon="19.89066564943736">
        <ele>1649</ele>
      </trkpt>
      <trkpt lat="42.51247282090405" lon="19.89065039099754">
        <ele>1649</ele>
      </trkpt>
      <trkpt lat="42.51236028991035" lon="19.89061510585544">
        <ele>1647</ele>
      </trkpt>
      <trkpt lat="42.51234598512301" lon="19.89060747663553">
        <ele>1646</ele>
      </trkpt>
      <trkpt lat="42.5123297730307" lon="19.89058268167081">
        <ele>1646</ele>
      </trkpt>
      <trkpt lat="42.51234503147052" lon="19.89055597940112">
        <ele>1645</ele>
      </trkpt>
      <trkpt lat="42.51238413122257" lon="19.89053499904636">
        <ele>1645</ele>
      </trkpt>
      <trkpt lat="42.51240129696738" lon="19.89051306503912">
        <ele>1644</ele>
      </trkpt>
      <trkpt lat="42.51240511157733" lon="19.89049303833685">
        <ele>1644</ele>
      </trkpt>
      <trkpt lat="42.51240034331489" lon="19.89047682624453">
        <ele>1643</ele>
      </trkpt>
      <trkpt lat="42.51237650200266" lon="19.89043677283999">
        <ele>1642</ele>
      </trkpt>
      <trkpt lat="42.51231356093839" lon="19.89044154110244">
        <ele>1642</ele>
      </trkpt>
      <trkpt lat="42.51227827579629" lon="19.89045203127982">
        <ele>1642</ele>
      </trkpt>
      <trkpt lat="42.51223726873926" lon="19.89047873354951">
        <ele>1642</ele>
      </trkpt>
      <trkpt lat="42.51220198359717" lon="19.89048254815946">
        <ele>1642</ele>
      </trkpt>
      <trkpt lat="42.51213999618538" lon="19.89052355521649">
        <ele>1643</ele>
      </trkpt>
      <trkpt lat="42.51212664505054" lon="19.89051878695405">
        <ele>1642</ele>
      </trkpt>
      <trkpt lat="42.5121209231356" lon="19.89050448216671">
        <ele>1642</ele>
      </trkpt>
      <trkpt lat="42.5121647911501" lon="19.89039576578296">
        <ele>1640</ele>
      </trkpt>
      <trkpt lat="42.5121647911501" lon="19.89039576578296">
        <ele>1640</ele>
      </trkpt>
      <trkpt lat="42.51219530802975" lon="19.89033473202366">
        <ele>1639</ele>
      </trkpt>
      <trkpt lat="42.51222677856188" lon="19.89027369826437">
        <ele>1637</ele>
      </trkpt>
      <trkpt lat="42.51228971962616" lon="19.89023936677476">
        <ele>1637</ele>
      </trkpt>
      <trkpt lat="42.51229925615105" lon="19.89022124737747">
        <ele>1636</ele>
      </trkpt>
      <trkpt lat="42.51229639519358" lon="19.89019740606524">
        <ele>1636</ele>
      </trkpt>
      <trkpt lat="42.51228113675376" lon="19.89018024032044">
        <ele>1635</ele>
      </trkpt>
      <trkpt lat="42.51218863246232" lon="19.8902012206752">
        <ele>1635</ele>
      </trkpt>
      <trkpt lat="42.51217432767498" lon="19.89019645241276">
        <ele>1635</ele>
      </trkpt>
      <trkpt lat="42.51215430097272" lon="19.89018024032044">
        <ele>1635</ele>
      </trkpt>
      <trkpt lat="42.51214857905778" lon="19.89015830631319">
        <ele>1634</ele>
      </trkpt>
      <trkpt lat="42.51215620827769" lon="19.89013351134848">
        <ele>1634</ele>
      </trkpt>
      <trkpt lat="42.51220484455464" lon="19.89004291436202">
        <ele>1632</ele>
      </trkpt>
      <trkpt lat="42.51226397100896" lon="19.89002098035477">
        <ele>1631</ele>
      </trkpt>
      <trkpt lat="42.51228209040625" lon="19.8900009536525">
        <ele>1631</ele>
      </trkpt>
      <trkpt lat="42.51229639519358" lon="19.88996852946788">
        <ele>1630</ele>
      </trkpt>
      <trkpt lat="42.51228971962616" lon="19.8899494564181">
        <ele>1630</ele>
      </trkpt>
      <trkpt lat="42.51224108334922" lon="19.88988746900631">
        <ele>1629</ele>
      </trkpt>
      <trkpt lat="42.51215906923516" lon="19.8898531375167">
        <ele>1629</ele>
      </trkpt>
      <trkpt lat="42.51214571810031" lon="19.88982643524701">
        <ele>1628</ele>
      </trkpt>
      <trkpt lat="42.51214857905778" lon="19.88980545489225">
        <ele>1628</ele>
      </trkpt>
      <trkpt lat="42.51216097654014" lon="19.88977303070763">
        <ele>1627</ele>
      </trkpt>
      <trkpt lat="42.51218481785236" lon="19.88975109670038">
        <ele>1627</ele>
      </trkpt>
      <trkpt lat="42.51229925615105" lon="19.88969483120352">
        <ele>1626</ele>
      </trkpt>
      <trkpt lat="42.51229639519358" lon="19.88961281708947">
        <ele>1625</ele>
      </trkpt>
      <trkpt lat="42.51230593171847" lon="19.88958706847226">
        <ele>1624</ele>
      </trkpt>
      <trkpt lat="42.51235170703794" lon="19.8895317566279">
        <ele>1623</ele>
      </trkpt>
      <trkpt lat="42.51240892618729" lon="19.88943829868397">
        <ele>1622</ele>
      </trkpt>
      <trkpt lat="42.51246709898912" lon="19.88934484074005">
        <ele>1620</ele>
      </trkpt>
      <trkpt lat="42.51245851611672" lon="19.88928094602328">
        <ele>1619</ele>
      </trkpt>
      <trkpt lat="42.51244993324432" lon="19.88921800495901">
        <ele>1618</ele>
      </trkpt>
      <trkpt lat="42.51245279420178" lon="19.88917222963953">
        <ele>1617</ele>
      </trkpt>
      <trkpt lat="42.51247186725156" lon="19.88910356666032">
        <ele>1615</ele>
      </trkpt>
      <trkpt lat="42.51248903299637" lon="19.8890101087164">
        <ele>1613</ele>
      </trkpt>
      <trkpt lat="42.51251954987602" lon="19.8889147434675">
        <ele>1611</ele>
      </trkpt>
      <trkpt lat="42.51252527179095" lon="19.88883082204846">
        <ele>1609</ele>
      </trkpt>
      <trkpt lat="42.51253957657828" lon="19.88876215906925">
        <ele>1607</ele>
      </trkpt>
      <trkpt lat="42.51257676902536" lon="19.88869254243755">
        <ele>1606</ele>
      </trkpt>
      <trkpt lat="42.51258725920274" lon="19.88860194545109">
        <ele>1604</ele>
      </trkpt>
      <trkpt lat="42.51258344459278" lon="19.88853709708184">
        <ele>1602</ele>
      </trkpt>
      <trkpt lat="42.51258058363531" lon="19.88847320236507">
        <ele>1601</ele>
      </trkpt>
      <trkpt lat="42.51258249094029" lon="19.88837116154875">
        <ele>1598</ele>
      </trkpt>
      <trkpt lat="42.51258535189776" lon="19.88827007438491">
        <ele>1596</ele>
      </trkpt>
      <trkpt lat="42.51259393477016" lon="19.88822811367539">
        <ele>1595</ele>
      </trkpt>
      <trkpt lat="42.51263112721723" lon="19.8881842456609">
        <ele>1595</ele>
      </trkpt>
      <trkpt lat="42.51263112721723" lon="19.88816803356858">
        <ele>1594</ele>
      </trkpt>
      <trkpt lat="42.51262349799732" lon="19.88815182147627">
        <ele>1594</ele>
      </trkpt>
      <trkpt lat="42.51261110051497" lon="19.88814514590884">
        <ele>1594</ele>
      </trkpt>
      <trkpt lat="42.51258439824527" lon="19.88815086782378">
        <ele>1593</ele>
      </trkpt>
      <trkpt lat="42.51256818615295" lon="19.88813847034142">
        <ele>1593</ele>
      </trkpt>
      <trkpt lat="42.51256532519549" lon="19.88807266831968">
        <ele>1591</ele>
      </trkpt>
      <trkpt lat="42.51256246423802" lon="19.88800686629794">
        <ele>1590</ele>
      </trkpt>
      <trkpt lat="42.51257200076292" lon="19.88797634941829">
        <ele>1589</ele>
      </trkpt>
      <trkpt lat="42.51260156399007" lon="19.88791913026894">
        <ele>1589</ele>
      </trkpt>
      <trkpt lat="42.51260347129505" lon="19.88788384512685">
        <ele>1588</ele>
      </trkpt>
      <trkpt lat="42.51255006675567" lon="19.88778085065804">
        <ele>1585</ele>
      </trkpt>
      <trkpt lat="42.51254529849322" lon="19.88774270455847">
        <ele>1584</ele>
      </trkpt>
      <trkpt lat="42.51256341789051" lon="19.88766355140188">
        <ele>1583</ele>
      </trkpt>
      <trkpt lat="42.51259393477016" lon="19.88759870303263">
        <ele>1582</ele>
      </trkpt>
      <trkpt lat="42.5126254053023" lon="19.88753480831586">
        <ele>1580</ele>
      </trkpt>
      <trkpt lat="42.51266545870684" lon="19.88746423803168">
        <ele>1579</ele>
      </trkpt>
      <trkpt lat="42.51270646576387" lon="19.88739462139998">
        <ele>1578</ele>
      </trkpt>
      <trkpt lat="42.51275033377836" lon="19.88729544154112">
        <ele>1576</ele>
      </trkpt>
      <trkpt lat="42.51276177760823" lon="19.88719053976732">
        <ele>1574</ele>
      </trkpt>
      <trkpt lat="42.51277608239557" lon="19.88718291054741">
        <ele>1574</ele>
      </trkpt>
      <trkpt lat="42.51281518214762" lon="19.8872448979592">
        <ele>1576</ele>
      </trkpt>
      <trkpt lat="42.51287526225443" lon="19.88713904253292">
        <ele>1574</ele>
      </trkpt>
      <trkpt lat="42.51293534236123" lon="19.88703414075912">
        <ele>1571</ele>
      </trkpt>
      <trkpt lat="42.51300400534044" lon="19.8866793820332">
        <ele>1562</ele>
      </trkpt>
      <trkpt lat="42.51304978065992" lon="19.88658020217434">
        <ele>1560</ele>
      </trkpt>
      <trkpt lat="42.51309650963188" lon="19.88648197596797">
        <ele>1558</ele>
      </trkpt>
      <trkpt lat="42.51322716002288" lon="19.88605950791533">
        <ele>1549</ele>
      </trkpt>
      <trkpt lat="42.51346366584016" lon="19.88577150486364">
        <ele>1545</ele>
      </trkpt>
      <trkpt lat="42.51353137516688" lon="19.885653251955">
        <ele>1544</ele>
      </trkpt>
      <trkpt lat="42.5135819187488" lon="19.8855750524509">
        <ele>1544</ele>
      </trkpt>
      <trkpt lat="42.51363246233072" lon="19.88549780659929">
        <ele>1543</ele>
      </trkpt>
      <trkpt lat="42.51377455655158" lon="19.88519168415031">
        <ele>1539</ele>
      </trkpt>
      <trkpt lat="42.5138079343887" lon="19.88510204081634">
        <ele>1537</ele>
      </trkpt>
      <trkpt lat="42.51384131222581" lon="19.88501239748237">
        <ele>1536</ele>
      </trkpt>
      <trkpt lat="42.51385752431813" lon="19.88489986648867">
        <ele>1534</ele>
      </trkpt>
      <trkpt lat="42.51396910165935" lon="19.88461758535191">
        <ele>1529</ele>
      </trkpt>
      <trkpt lat="42.51406065229829" lon="19.88432576769027">
        <ele>1524</ele>
      </trkpt>
      <trkpt lat="42.51409593744039" lon="19.88425805836355">
        <ele>1522</ele>
      </trkpt>
      <trkpt lat="42.51413217623497" lon="19.88419130268931">
        <ele>1521</ele>
      </trkpt>
      <trkpt lat="42.51420560747663" lon="19.88409307648294">
        <ele>1520</ele>
      </trkpt>
      <trkpt lat="42.51427903871828" lon="19.88399580392906">
        <ele>1518</ele>
      </trkpt>
      <trkpt lat="42.51445832538622" lon="19.88362006484838">
        <ele>1513</ele>
      </trkpt>
      <trkpt lat="42.51451554453556" lon="19.88357142857144">
        <ele>1512</ele>
      </trkpt>
      <trkpt lat="42.51461472439442" lon="19.88351039481214">
        <ele>1511</ele>
      </trkpt>
      <trkpt lat="42.51466431432385" lon="19.88343314896053">
        <ele>1509</ele>
      </trkpt>
      <trkpt lat="42.51471390425328" lon="19.88335685676141">
        <ele>1507</ele>
      </trkpt>
      <trkpt lat="42.51475872592027" lon="19.88324909403015">
        <ele>1506</ele>
      </trkpt>
      <trkpt lat="42.51480450123974" lon="19.88314228495138">
        <ele>1506</ele>
      </trkpt>
      <trkpt lat="42.51498092695021" lon="19.88287812321192">
        <ele>1504</ele>
      </trkpt>
      <trkpt lat="42.51512874308601" lon="19.88260061033761">
        <ele>1506</ele>
      </trkpt>
      <trkpt lat="42.5153385466336" lon="19.88234598512303">
        <ele>1506</ele>
      </trkpt>
      <trkpt lat="42.5155378600038" lon="19.88200553118445">
        <ele>1501</ele>
      </trkpt>
      <trkpt lat="42.51557600610337" lon="19.88189395384324">
        <ele>1499</ele>
      </trkpt>
      <trkpt lat="42.51561415220293" lon="19.88178237650202">
        <ele>1496</ele>
      </trkpt>
      <trkpt lat="42.51567137135227" lon="19.88167366011827">
        <ele>1494</ele>
      </trkpt>
      <trkpt lat="42.5157295441541" lon="19.88156494373452">
        <ele>1493</ele>
      </trkpt>
      <trkpt lat="42.51590596986457" lon="19.88098321571621">
        <ele>1491</ele>
      </trkpt>
      <trkpt lat="42.51600705702841" lon="19.88069902727448">
        <ele>1490</ele>
      </trkpt>
      <trkpt lat="42.51613293915696" lon="19.88038241464812">
        <ele>1488</ele>
      </trkpt>
      <trkpt lat="42.51618443639137" lon="19.88027274461188">
        <ele>1488</ele>
      </trkpt>
      <trkpt lat="42.51623593362578" lon="19.88016307457564">
        <ele>1487</ele>
      </trkpt>
      <trkpt lat="42.51624642380316" lon="19.88008106046158">
        <ele>1486</ele>
      </trkpt>
      <trkpt lat="42.51625786763302" lon="19.88000000000001">
        <ele>1484</ele>
      </trkpt>
      <trkpt lat="42.51625786763302" lon="19.88000000000001">
        <ele>1484</ele>
      </trkpt>
      <trkpt lat="42.51627312607285" lon="19.87988174709136">
        <ele>1484</ele>
      </trkpt>
      <trkpt lat="42.51627884798778" lon="19.87958134655732">
        <ele>1481</ele>
      </trkpt>
      <trkpt lat="42.51630841121494" lon="19.87954320045776">
        <ele>1481</ele>
      </trkpt>
      <trkpt lat="42.51633988174708" lon="19.87942494754912">
        <ele>1481</ele>
      </trkpt>
      <trkpt lat="42.51626263589547" lon="19.87938966240702">
        <ele>1479</ele>
      </trkpt>
      <trkpt lat="42.51627121876787" lon="19.87932099942781">
        <ele>1479</ele>
      </trkpt>
      <trkpt lat="42.51627980164027" lon="19.87925329010109">
        <ele>1478</ele>
      </trkpt>
      <trkpt lat="42.51626931146289" lon="19.87918939538433">
        <ele>1477</ele>
      </trkpt>
      <trkpt lat="42.51629601373259" lon="19.87909498378791">
        <ele>1476</ele>
      </trkpt>
      <trkpt lat="42.51621399961853" lon="19.8790177379363">
        <ele>1474</ele>
      </trkpt>
      <trkpt lat="42.51630745756245" lon="19.87870112530994">
        <ele>1470</ele>
      </trkpt>
      <trkpt lat="42.5163818424566" lon="19.87860385275606">
        <ele>1468</ele>
      </trkpt>
      <trkpt lat="42.5164600419607" lon="19.87848846080489">
        <ele>1466</ele>
      </trkpt>
      <trkpt lat="42.5165382414648" lon="19.8783740225062">
        <ele>1464</ele>
      </trkpt>
      <trkpt lat="42.5165735266069" lon="19.87826625977494">
        <ele>1462</ele>
      </trkpt>
      <trkpt lat="42.51661548731641" lon="19.87816994087355">
        <ele>1461</ele>
      </trkpt>
      <trkpt lat="42.51662311653632" lon="19.87806790005722">
        <ele>1460</ele>
      </trkpt>
      <trkpt lat="42.51660213618157" lon="19.87800495899295">
        <ele>1459</ele>
      </trkpt>
      <trkpt lat="42.51658210947929" lon="19.87794201792867">
        <ele>1459</ele>
      </trkpt>
      <trkpt lat="42.51644382986839" lon="19.87760156399009">
        <ele>1455</ele>
      </trkpt>
      <trkpt lat="42.51642189586114" lon="19.87714285714286">
        <ele>1450</ele>
      </trkpt>
      <trkpt lat="42.51643620064848" lon="19.87707514781614">
        <ele>1449</ele>
      </trkpt>
      <trkpt lat="42.5164514590883" lon="19.87700839214191">
        <ele>1448</ele>
      </trkpt>
      <trkpt lat="42.51650104901773" lon="19.87689013923327">
        <ele>1446</ele>
      </trkpt>
      <trkpt lat="42.5165735266069" lon="19.87680144955179">
        <ele>1445</ele>
      </trkpt>
      <trkpt lat="42.51657829486934" lon="19.87668415029564">
        <ele>1444</ele>
      </trkpt>
      <trkpt lat="42.51655636086209" lon="19.87643715430098">
        <ele>1436</ele>
      </trkpt>
      <trkpt lat="42.51656971199694" lon="19.87632557695976">
        <ele>1432</ele>
      </trkpt>
      <trkpt lat="42.51658401678427" lon="19.87621399961854">
        <ele>1429</ele>
      </trkpt>
      <trkpt lat="42.51670703795536" lon="19.87588022124738">
        <ele>1419</ele>
      </trkpt>
      <trkpt lat="42.51675948884225" lon="19.8757743658211">
        <ele>1419</ele>
      </trkpt>
      <trkpt lat="42.51681193972915" lon="19.87566946404731">
        <ele>1419</ele>
      </trkpt>
      <trkpt lat="42.5169120732405" lon="19.87521361815755">
        <ele>1414</ele>
      </trkpt>
      <trkpt lat="42.51691588785046" lon="19.87513732595843">
        <ele>1413</ele>
      </trkpt>
      <trkpt lat="42.51691970246041" lon="19.8750610337593">
        <ele>1412</ele>
      </trkpt>
      <trkpt lat="42.51702841884416" lon="19.87481117680717">
        <ele>1421</ele>
      </trkpt>
      <trkpt lat="42.51702460423421" lon="19.87456799542247">
        <ele>1417</ele>
      </trkpt>
      <trkpt lat="42.51704844554644" lon="19.87422181956896">
        <ele>1412</ele>
      </trkpt>
      <trkpt lat="42.51709040625595" lon="19.87391569711997">
        <ele>1407</ele>
      </trkpt>
      <trkpt lat="42.51712283044058" lon="19.87383082204845">
        <ele>1406</ele>
      </trkpt>
      <trkpt lat="42.51715525462521" lon="19.87374690062942">
        <ele>1405</ele>
      </trkpt>
      <trkpt lat="42.51722201029943" lon="19.87366488651536">
        <ele>1404</ele>
      </trkpt>
      <trkpt lat="42.51728971962616" lon="19.8735828724013">
        <ele>1404</ele>
      </trkpt>
      <trkpt lat="42.51735647530039" lon="19.87354567995423">
        <ele>1405</ele>
      </trkpt>
      <trkpt lat="42.51743562845698" lon="19.87343696357048">
        <ele>1404</ele>
      </trkpt>
      <trkpt lat="42.51751478161357" lon="19.87332824718673">
        <ele>1403</ele>
      </trkpt>
      <trkpt lat="42.51745946976921" lon="19.87289147434675">
        <ele>1394</ele>
      </trkpt>
      <trkpt lat="42.51752908640091" lon="19.87249189395385">
        <ele>1388</ele>
      </trkpt>
      <trkpt lat="42.51752336448597" lon="19.87239748235744">
        <ele>1386</ele>
      </trkpt>
      <trkpt lat="42.51755006675567" lon="19.87232881937822">
        <ele>1385</ele>
      </trkpt>
      <trkpt lat="42.51757676902536" lon="19.8722611100515">
        <ele>1384</ele>
      </trkpt>
      <trkpt lat="42.51767880984168" lon="19.87167079916079">
        <ele>1374</ele>
      </trkpt>
      <trkpt lat="42.51772267785618" lon="19.8715916460042">
        <ele>1373</ele>
      </trkpt>
      <trkpt lat="42.51776654587068" lon="19.87151249284761">
        <ele>1372</ele>
      </trkpt>
      <trkpt lat="42.51776368491321" lon="19.87141903490368">
        <ele>1370</ele>
      </trkpt>
      <trkpt lat="42.51777798970054" lon="19.8713913789815">
        <ele>1370</ele>
      </trkpt>
      <trkpt lat="42.51782757962997" lon="19.87135132557696">
        <ele>1369</ele>
      </trkpt>
      <trkpt lat="42.51780183101277" lon="19.87129029181767">
        <ele>1368</ele>
      </trkpt>
      <trkpt lat="42.51779992370779" lon="19.87125214571811">
        <ele>1367</ele>
      </trkpt>
      <trkpt lat="42.51785332824718" lon="19.87116631699409">
        <ele>1366</ele>
      </trkpt>
      <trkpt lat="42.51789242799923" lon="19.87114533663933">
        <ele>1365</ele>
      </trkpt>
      <trkpt lat="42.51790005721914" lon="19.87108048827008">
        <ele>1364</ele>
      </trkpt>
      <trkpt lat="42.51787526225443" lon="19.8709917985886">
        <ele>1362</ele>
      </trkpt>
      <trkpt lat="42.51793438870875" lon="19.87090120160214">
        <ele>1360</ele>
      </trkpt>
      <trkpt lat="42.51799351516306" lon="19.87086877741751">
        <ele>1359</ele>
      </trkpt>
      <trkpt lat="42.51798779324813" lon="19.87078580965097">
        <ele>1357</ele>
      </trkpt>
      <trkpt lat="42.51799542246804" lon="19.87071905397674">
        <ele>1355</ele>
      </trkpt>
      <trkpt lat="42.51805645622734" lon="19.87065992752241">
        <ele>1354</ele>
      </trkpt>
      <trkpt lat="42.51808983406445" lon="19.87060366202556">
        <ele>1352</ele>
      </trkpt>
      <trkpt lat="42.51803070761014" lon="19.87049876025177">
        <ele>1350</ele>
      </trkpt>
      <trkpt lat="42.51797539576577" lon="19.87023841312226">
        <ele>1344</ele>
      </trkpt>
      <trkpt lat="42.51802689300018" lon="19.87017642571048">
        <ele>1342</ele>
      </trkpt>
      <trkpt lat="42.51811844363913" lon="19.87012588212856">
        <ele>1339</ele>
      </trkpt>
      <trkpt lat="42.51810699980926" lon="19.87005149723441">
        <ele>1337</ele>
      </trkpt>
      <trkpt lat="42.51809650963188" lon="19.86997806599276">
        <ele>1336</ele>
      </trkpt>
      <trkpt lat="42.51811176807171" lon="19.86987602517643">
        <ele>1333</ele>
      </trkpt>
      <trkpt lat="42.51814228495135" lon="19.8698092695022">
        <ele>1331</ele>
      </trkpt>
      <trkpt lat="42.5181737554835" lon="19.86974251382797">
        <ele>1329</ele>
      </trkpt>
      <trkpt lat="42.51813560938393" lon="19.86968815563609">
        <ele>1328</ele>
      </trkpt>
      <trkpt lat="42.51811558268166" lon="19.86963189013924">
        <ele>1327</ele>
      </trkpt>
      <trkpt lat="42.51814419225633" lon="19.86955273698265">
        <ele>1325</ele>
      </trkpt>
      <trkpt lat="42.5181737554835" lon="19.86947358382606">
        <ele>1322</ele>
      </trkpt>
      <trkpt lat="42.51821476254052" lon="19.86937726492467">
        <ele>1319</ele>
      </trkpt>
      <trkpt lat="42.51821285523555" lon="19.86931241655541">
        <ele>1318</ele>
      </trkpt>
      <trkpt lat="42.51821094793056" lon="19.86924852183865">
        <ele>1316</ele>
      </trkpt>
      <trkpt lat="42.5181909212283" lon="19.86918176616441">
        <ele>1315</ele>
      </trkpt>
      <trkpt lat="42.5181909212283" lon="19.86910165935534">
        <ele>1314</ele>
      </trkpt>
      <trkpt lat="42.51822048445545" lon="19.86903395002862">
        <ele>1312</ele>
      </trkpt>
      <trkpt lat="42.51828533282471" lon="19.86899389662408">
        <ele>1309</ele>
      </trkpt>
      <trkpt lat="42.51835113484645" lon="19.86895384321954">
        <ele>1308</ele>
      </trkpt>
      <trkpt lat="42.5183988174709" lon="19.86895098226207">
        <ele>1309</ele>
      </trkpt>
      <trkpt lat="42.51840263208086" lon="19.86885943162312">
        <ele>1308</ele>
      </trkpt>
      <trkpt lat="42.51843600991798" lon="19.86882796109098">
        <ele>1308</ele>
      </trkpt>
      <trkpt lat="42.51848941445736" lon="19.86882796109098">
        <ele>1309</ele>
      </trkpt>
      <trkpt lat="42.51850467289719" lon="19.86876311272173">
        <ele>1308</ele>
      </trkpt>
      <trkpt lat="42.5185208849895" lon="19.86869921800496">
        <ele>1308</ele>
      </trkpt>
      <trkpt lat="42.51851707037954" lon="19.86857810413886">
        <ele>1306</ele>
      </trkpt>
      <trkpt lat="42.51848750715239" lon="19.86847892428">
        <ele>1304</ele>
      </trkpt>
      <trkpt lat="42.51849132176234" lon="19.86837688346367">
        <ele>1302</ele>
      </trkpt>
      <trkpt lat="42.51850085828723" lon="19.86830822048446">
        <ele>1301</ele>
      </trkpt>
      <trkpt lat="42.51851134846461" lon="19.86824051115774">
        <ele>1300</ele>
      </trkpt>
      <trkpt lat="42.51856284569902" lon="19.86812988746901">
        <ele>1297</ele>
      </trkpt>
      <trkpt lat="42.51859813084111" lon="19.86803356856762">
        <ele>1295</ele>
      </trkpt>
      <trkpt lat="42.51854854091168" lon="19.86792389853138">
        <ele>1291</ele>
      </trkpt>
      <trkpt lat="42.51857238222391" lon="19.86785714285715">
        <ele>1289</ele>
      </trkpt>
      <trkpt lat="42.51864581346556" lon="19.8677655922182">
        <ele>1287</ele>
      </trkpt>
      <trkpt lat="42.51861243562845" lon="19.86770360480641">
        <ele>1285</ele>
      </trkpt>
      <trkpt lat="42.51860862101849" lon="19.86761300781995">
        <ele>1283</ele>
      </trkpt>
      <trkpt lat="42.51863627694068" lon="19.86752145718101">
        <ele>1280</ele>
      </trkpt>
      <trkpt lat="42.51870875452984" lon="19.8674089261873">
        <ele>1278</ele>
      </trkpt>
      <trkpt lat="42.51870875452984" lon="19.86728781232119">
        <ele>1276</ele>
      </trkpt>
      <trkpt lat="42.51870875452984" lon="19.86716765210758">
        <ele>1274</ele>
      </trkpt>
      <trkpt lat="42.51873545679953" lon="19.86707324051116">
        <ele>1272</ele>
      </trkpt>
      <trkpt lat="42.51876215906923" lon="19.86697978256724">
        <ele>1270</ele>
      </trkpt>
      <trkpt lat="42.51881365630364" lon="19.86670036238795">
        <ele>1265</ele>
      </trkpt>
      <trkpt lat="42.51883749761586" lon="19.86660118252909">
        <ele>1264</ele>
      </trkpt>
      <trkpt lat="42.51886229258057" lon="19.86650295632272">
        <ele>1264</ele>
      </trkpt>
      <trkpt lat="42.51886419988556" lon="19.86643143238604">
        <ele>1263</ele>
      </trkpt>
      <trkpt lat="42.51886706084302" lon="19.86635990844936">
        <ele>1263</ele>
      </trkpt>
      <trkpt lat="42.51889280946023" lon="19.86627980164029">
        <ele>1262</ele>
      </trkpt>
      <trkpt lat="42.51898817470913" lon="19.8658964333397">
        <ele>1260</ele>
      </trkpt>
      <trkpt lat="42.51904157924852" lon="19.86584493610529">
        <ele>1260</ele>
      </trkpt>
      <trkpt lat="42.51904157924852" lon="19.86577055121114">
        <ele>1259</ele>
      </trkpt>
      <trkpt lat="42.51904157924852" lon="19.86569711996949">
        <ele>1258</ele>
      </trkpt>
      <trkpt lat="42.51910833492275" lon="19.86562082777036">
        <ele>1257</ele>
      </trkpt>
      <trkpt lat="42.51917604424947" lon="19.86554453557124">
        <ele>1255</ele>
      </trkpt>
      <trkpt lat="42.51921514400151" lon="19.865434865535">
        <ele>1254</ele>
      </trkpt>
      <trkpt lat="42.5192771314133" lon="19.86533663932863">
        <ele>1253</ele>
      </trkpt>
      <trkpt lat="42.51934007247758" lon="19.86523841312226">
        <ele>1252</ele>
      </trkpt>
      <trkpt lat="42.51935533091741" lon="19.8651220675186">
        <ele>1250</ele>
      </trkpt>
      <trkpt lat="42.51937058935723" lon="19.86500572191494">
        <ele>1249</ele>
      </trkpt>
      <trkpt lat="42.51937058935723" lon="19.86500572191494">
        <ele>1249</ele>
      </trkpt>
      <trkpt lat="42.51957657829486" lon="19.86450410070571">
        <ele>1245</ele>
      </trkpt>
      <trkpt lat="42.51982262063703" lon="19.863956704177">
        <ele>1244</ele>
      </trkpt>
      <trkpt lat="42.51999999999999" lon="19.86332347892429">
        <ele>1243</ele>
      </trkpt>
      <trkpt lat="42.52" lon="19.86332347892429">
        <ele>1243</ele>
      </trkpt>
      <trkpt lat="42.52004863627694" lon="19.86316326530613">
        <ele>1243</ele>
      </trkpt>
      <trkpt lat="42.52031089071143" lon="19.86253862292581">
        <ele>1244</ele>
      </trkpt>
      <trkpt lat="42.52065897386992" lon="19.86174423040245">
        <ele>1242</ele>
      </trkpt>
      <trkpt lat="42.52097558649628" lon="19.86097940110624">
        <ele>1252</ele>
      </trkpt>
      <trkpt lat="42.52140854472631" lon="19.86">
        <ele>1257</ele>
      </trkpt>
      <trkpt lat="42.52140854472631" lon="19.86">
        <ele>1257</ele>
      </trkpt>
      <trkpt lat="42.52159355330917" lon="19.85963379744421">
        <ele>1247</ele>
      </trkpt>
      <trkpt lat="42.52175853518978" lon="19.8594163646767">
        <ele>1243</ele>
      </trkpt>
      <trkpt lat="42.52183387373641" lon="19.85841598321571">
        <ele>1215</ele>
      </trkpt>
      <trkpt lat="42.52187297348846" lon="19.85806694640473">
        <ele>1206</ele>
      </trkpt>
      <trkpt lat="42.52203700171658" lon="19.8577207705512">
        <ele>1201</ele>
      </trkpt>
      <trkpt lat="42.52221342742705" lon="19.85748998664886">
        <ele>1199</ele>
      </trkpt>
      <trkpt lat="42.52225634178905" lon="19.8573564753004">
        <ele>1198</ele>
      </trkpt>
      <trkpt lat="42.52237745565516" lon="19.8568167079916">
        <ele>1189</ele>
      </trkpt>
      <trkpt lat="42.52252527179096" lon="19.8565296585924">
        <ele>1191</ele>
      </trkpt>
      <trkpt lat="42.52269120732405" lon="19.85636658401678">
        <ele>1200</ele>
      </trkpt>
      <trkpt lat="42.52272267785619" lon="19.8561729925615">
        <ele>1200</ele>
      </trkpt>
      <trkpt lat="42.5226435246996" lon="19.85603662025557">
        <ele>1193</ele>
      </trkpt>
      <trkpt lat="42.5224699599466" lon="19.85568281518214">
        <ele>1177</ele>
      </trkpt>
      <trkpt lat="42.52236696547778" lon="19.85540339500286">
        <ele>1169</ele>
      </trkpt>
      <trkpt lat="42.52239843600992" lon="19.85477016975014">
        <ele>1166</ele>
      </trkpt>
      <trkpt lat="42.5223822239176" lon="19.85408544726301">
        <ele>1157</ele>
      </trkpt>
      <trkpt lat="42.52237554835018" lon="19.85342933435056">
        <ele>1144</ele>
      </trkpt>
      <trkpt lat="42.52240797253481" lon="19.85290673278657">
        <ele>1135</ele>
      </trkpt>
      <trkpt lat="42.52277989700553" lon="19.85205893572382">
        <ele>1127</ele>
      </trkpt>
      <trkpt lat="42.52286572572955" lon="19.85192923898531">
        <ele>1125</ele>
      </trkpt>
      <trkpt lat="42.52296585924089" lon="19.85183101277894">
        <ele>1125</ele>
      </trkpt>
      <trkpt lat="42.52307076101469" lon="19.85175853518977">
        <ele>1126</ele>
      </trkpt>
      <trkpt lat="42.52319378218577" lon="19.85170703795536">
        <ele>1129</ele>
      </trkpt>
      <trkpt lat="42.52350085828724" lon="19.85143715430097">
        <ele>1128</ele>
      </trkpt>
      <trkpt lat="42.52369349609003" lon="19.85123974823574">
        <ele>1125</ele>
      </trkpt>
      <trkpt lat="42.52400724775892" lon="19.85095842075147">
        <ele>1121</ele>
      </trkpt>
      <trkpt lat="42.52442494754911" lon="19.85054453557123">
        <ele>1116</ele>
      </trkpt>
      <trkpt lat="42.52467480450124" lon="19.85004386801449">
        <ele>1104</ele>
      </trkpt>
      <trkpt lat="42.52467480450124" lon="19.85004386801449">
        <ele>1104</ele>
      </trkpt>
      <trkpt lat="42.52478161358001" lon="19.84985313751668">
        <ele>1101</ele>
      </trkpt>
      <trkpt lat="42.52496471485791" lon="19.84962426091932">
        <ele>1100</ele>
      </trkpt>
      <trkpt lat="42.52499332443258" lon="19.84954892237268">
        <ele>1099</ele>
      </trkpt>
      <trkpt lat="42.52497901964524" lon="19.8492427999237">
        <ele>1091</ele>
      </trkpt>
      <trkpt lat="42.52500476826245" lon="19.84908544726301">
        <ele>1088</ele>
      </trkpt>
      <trkpt lat="42.52516975014305" lon="19.8487993515163">
        <ele>1084</ele>
      </trkpt>
      <trkpt lat="42.52526416173946" lon="19.8486601182529">
        <ele>1081</ele>
      </trkpt>
      <trkpt lat="42.5254091169178" lon="19.84847510967003">
        <ele>1076</ele>
      </trkpt>
      <trkpt lat="42.52548922372687" lon="19.84836162502383">
        <ele>1072</ele>
      </trkpt>
      <trkpt lat="42.5255044821667" lon="19.84831871066183">
        <ele>1071</ele>
      </trkpt>
      <trkpt lat="42.5256255960328" lon="19.8478428380698">
        <ele>1064</ele>
      </trkpt>
      <trkpt lat="42.52566851039482" lon="19.84763208086973">
        <ele>1060</ele>
      </trkpt>
      <trkpt lat="42.52569998092695" lon="19.84736219721533">
        <ele>1056</ele>
      </trkpt>
      <trkpt lat="42.52572668319664" lon="19.84694068281518">
        <ele>1050</ele>
      </trkpt>
      <trkpt lat="42.52575052450887" lon="19.84683101277894">
        <ele>1048</ele>
      </trkpt>
      <trkpt lat="42.52582395575052" lon="19.84657638756437">
        <ele>1045</ele>
      </trkpt>
      <trkpt lat="42.52583921419035" lon="19.84635323288193">
        <ele>1041</ele>
      </trkpt>
      <trkpt lat="42.52583253862293" lon="19.84626263589547">
        <ele>1040</ele>
      </trkpt>
      <trkpt lat="42.52581346557314" lon="19.84615296585924">
        <ele>1038</ele>
      </trkpt>
      <trkpt lat="42.52578008773603" lon="19.84606236887278">
        <ele>1036</ele>
      </trkpt>
      <trkpt lat="42.52578008773603" lon="19.84606236887278">
        <ele>1036</ele>
      </trkpt>
      <trkpt lat="42.5257304978066" lon="19.84505531184436">
        <ele>1030</ele>
      </trkpt>
      <trkpt lat="42.52575243181385" lon="19.84495517833301">
        <ele>1029</ele>
      </trkpt>
      <trkpt lat="42.52577531947359" lon="19.84485599847415">
        <ele>1029</ele>
      </trkpt>
      <trkpt lat="42.52577531947359" lon="19.84485599847415">
        <ele>1029</ele>
      </trkpt>
      <trkpt lat="42.52538622925806" lon="19.84449074957085">
        <ele>1022</ele>
      </trkpt>
      <trkpt lat="42.52525557886706" lon="19.84439538432195">
        <ele>1020</ele>
      </trkpt>
      <trkpt lat="42.5247310699981" lon="19.84397196261682">
        <ele>1012</ele>
      </trkpt>
      <trkpt lat="42.52451459088309" lon="19.84378981499141">
        <ele>1009</ele>
      </trkpt>
      <trkpt lat="42.52394144573717" lon="19.84342742704558">
        <ele>1001</ele>
      </trkpt>
      <trkpt lat="42.52384512683578" lon="19.84335208849895">
        <ele>1000</ele>
      </trkpt>
      <trkpt lat="42.52370112530994" lon="19.84322239176044">
        <ele>1000</ele>
      </trkpt>
      <trkpt lat="42.52357810413886" lon="19.84308983406446">
        <ele>999</ele>
      </trkpt>
      <trkpt lat="42.5234875071524" lon="19.84300972725538">
        <ele>999</ele>
      </trkpt>
      <trkpt lat="42.5234875071524" lon="19.84300972725538">
        <ele>999</ele>
      </trkpt>
      <trkpt lat="42.52343696357048" lon="19.84299160785809">
        <ele>999</ele>
      </trkpt>
      <trkpt lat="42.52338451268358" lon="19.84298397863818">
        <ele>999</ele>
      </trkpt>
      <trkpt lat="42.52332920083921" lon="19.84299542246805">
        <ele>999</ele>
      </trkpt>
      <trkpt lat="42.52326339881747" lon="19.84303547587259">
        <ele>998</ele>
      </trkpt>
      <trkpt lat="42.52316231165364" lon="19.84312416555407">
        <ele>998</ele>
      </trkpt>
      <trkpt lat="42.52308029753958" lon="19.84321190158306">
        <ele>997</ele>
      </trkpt>
      <trkpt lat="42.52299923707801" lon="19.84329963761205">
        <ele>997</ele>
      </trkpt>
      <trkpt lat="42.52299923707801" lon="19.84329963761205">
        <ele>997</ele>
      </trkpt>
      <trkpt lat="42.52289910356666" lon="19.84333110814419">
        <ele>996</ele>
      </trkpt>
      <trkpt lat="42.52284379172229" lon="19.84332729353423">
        <ele>995</ele>
      </trkpt>
      <trkpt lat="42.52278180431051" lon="19.84330631317947">
        <ele>995</ele>
      </trkpt>
      <trkpt lat="42.52278180431051" lon="19.84330631317947">
        <ele>995</ele>
      </trkpt>
      <trkpt lat="42.52269502193401" lon="19.84320427236315">
        <ele>994</ele>
      </trkpt>
      <trkpt lat="42.52269502193401" lon="19.84320427236315">
        <ele>994</ele>
      </trkpt>
      <trkpt lat="42.5226702269693" lon="19.84316421895861">
        <ele>994</ele>
      </trkpt>
      <trkpt lat="42.522652107572" lon="19.84307076101468">
        <ele>994</ele>
      </trkpt>
      <trkpt lat="42.5226349418272" lon="19.84297825672325">
        <ele>994</ele>
      </trkpt>
      <trkpt lat="42.52261300781995" lon="19.8428952889567">
        <ele>994</ele>
      </trkpt>
      <trkpt lat="42.52256818615297" lon="19.84277703604806">
        <ele>994</ele>
      </trkpt>
      <trkpt lat="42.52253576196834" lon="19.84271409498378">
        <ele>994</ele>
      </trkpt>
      <trkpt lat="42.5225042914362" lon="19.8426511539195">
        <ele>994</ele>
      </trkpt>
      <trkpt lat="42.52243944306695" lon="19.84254053023078">
        <ele>994</ele>
      </trkpt>
      <trkpt lat="42.52237459469769" lon="19.84243086019454">
        <ele>994</ele>
      </trkpt>
      <trkpt lat="42.52231928285333" lon="19.84234693877551">
        <ele>993</ele>
      </trkpt>
      <trkpt lat="42.52226397100897" lon="19.84226301735647">
        <ele>993</ele>
      </trkpt>
      <trkpt lat="42.5222086591646" lon="19.8421819568949">
        <ele>992</ele>
      </trkpt>
      <trkpt lat="42.52215334732023" lon="19.84210089643333">
        <ele>992</ele>
      </trkpt>
      <trkpt lat="42.52205512111387" lon="19.84205893572382">
        <ele>991</ele>
      </trkpt>
      <trkpt lat="42.52195784855999" lon="19.8420513065039">
        <ele>991</ele>
      </trkpt>
      <trkpt lat="42.52195784855999" lon="19.8420513065039">
        <ele>991</ele>
      </trkpt>
      <trkpt lat="42.52152584398245" lon="19.84200076292198">
        <ele>991</ele>
      </trkpt>
      <trkpt lat="42.521173946214" lon="19.84192447072286">
        <ele>993</ele>
      </trkpt>
      <trkpt lat="42.52110051497235" lon="19.84189967575815">
        <ele>994</ele>
      </trkpt>
      <trkpt lat="42.52102803738318" lon="19.84187583444592">
        <ele>994</ele>
      </trkpt>
      <trkpt lat="42.52095937440397" lon="19.84184150295632">
        <ele>995</ele>
      </trkpt>
      <trkpt lat="42.52089166507724" lon="19.8418081251192">
        <ele>995</ele>
      </trkpt>
      <trkpt lat="42.5207915315659" lon="19.84171466717527">
        <ele>996</ele>
      </trkpt>
      <trkpt lat="42.52069235170704" lon="19.84162120923135">
        <ele>995</ele>
      </trkpt>
      <trkpt lat="42.52062559603281" lon="19.84156971199694">
        <ele>995</ele>
      </trkpt>
      <trkpt lat="42.52056074766355" lon="19.84153251954987">
        <ele>995</ele>
      </trkpt>
      <trkpt lat="42.52048922372688" lon="19.84150772458516">
        <ele>995</ele>
      </trkpt>
      <trkpt lat="42.52042056074767" lon="19.84149818806026">
        <ele>996</ele>
      </trkpt>
      <trkpt lat="42.52034712950601" lon="19.84146957848559">
        <ele>996</ele>
      </trkpt>
      <trkpt lat="42.52009536524891" lon="19.8413036429525">
        <ele>996</ele>
      </trkpt>
      <trkpt lat="42.52" lon="19.84122735075338">
        <ele>997</ele>
      </trkpt>
      <trkpt lat="42.51999999999999" lon="19.84122735075338">
        <ele>997</ele>
      </trkpt>
      <trkpt lat="42.51983692542436" lon="19.84108716383749">
        <ele>998</ele>
      </trkpt>
      <trkpt lat="42.51948025939347" lon="19.84066946404729">
        <ele>999</ele>
      </trkpt>
      <trkpt lat="42.5193991989319" lon="19.84060747663551">
        <ele>999</ele>
      </trkpt>
      <trkpt lat="42.51928285332824" lon="19.84054262826625">
        <ele>999</ele>
      </trkpt>
      <trkpt lat="42.51918271981689" lon="19.84047396528704">
        <ele>1000</ele>
      </trkpt>
      <trkpt lat="42.51849895098226" lon="19.84005626549685">
        <ele>1002</ele>
      </trkpt>
      <trkpt lat="42.51843219530802" lon="19.83999999999999">
        <ele>1002</ele>
      </trkpt>
      <trkpt lat="42.51843219530802" lon="19.84000000000001">
        <ele>1002</ele>
      </trkpt>
      <trkpt lat="42.51832347892427" lon="19.83991512492849">
        <ele>1002</ele>
      </trkpt>
      <trkpt lat="42.51821571619301" lon="19.83983024985697">
        <ele>1002</ele>
      </trkpt>
      <trkpt lat="42.5181031851993" lon="19.83975967957278">
        <ele>1002</ele>
      </trkpt>
      <trkpt lat="42.51799160785809" lon="19.83969006294108">
        <ele>1002</ele>
      </trkpt>
      <trkpt lat="42.51765878313942" lon="19.83951363723061">
        <ele>1000</ele>
      </trkpt>
      <trkpt lat="42.51758916650772" lon="19.83949265687585">
        <ele>1000</ele>
      </trkpt>
      <trkpt lat="42.51751954987601" lon="19.83947263017358">
        <ele>1000</ele>
      </trkpt>
      <trkpt lat="42.51740129696738" lon="19.83943066946406">
        <ele>1000</ele>
      </trkpt>
      <trkpt lat="42.51730974632843" lon="19.83938489414459">
        <ele>1000</ele>
      </trkpt>
      <trkpt lat="42.51725538813655" lon="19.83934388708756">
        <ele>1000</ele>
      </trkpt>
      <trkpt lat="42.51720102994468" lon="19.83928094602328">
        <ele>1000</ele>
      </trkpt>
      <trkpt lat="42.51713713522791" lon="19.83922944878887">
        <ele>1000</ele>
      </trkpt>
      <trkpt lat="42.51707514781613" lon="19.83919320999429">
        <ele>1001</ele>
      </trkpt>
      <trkpt lat="42.51701220675185" lon="19.83914457371735">
        <ele>1001</ele>
      </trkpt>
      <trkpt lat="42.51696261682242" lon="19.8390883082205">
        <ele>1002</ele>
      </trkpt>
      <trkpt lat="42.51691111958802" lon="19.83898531375168">
        <ele>1002</ele>
      </trkpt>
      <trkpt lat="42.5168167079916" lon="19.83886419988557">
        <ele>1003</ele>
      </trkpt>
      <trkpt lat="42.51678428380697" lon="19.83879362960139">
        <ele>1003</ele>
      </trkpt>
      <trkpt lat="42.51674899866488" lon="19.83867251573528">
        <ele>1003</ele>
      </trkpt>
      <trkpt lat="42.51671466717527" lon="19.83855140186917">
        <ele>1002</ele>
      </trkpt>
      <trkpt lat="42.51660595079152" lon="19.83825767690255">
        <ele>1003</ele>
      </trkpt>
      <trkpt lat="42.51656208277703" lon="19.83818996757583">
        <ele>1003</ele>
      </trkpt>
      <trkpt lat="42.5165039099752" lon="19.83814991417129">
        <ele>1004</ele>
      </trkpt>
      <trkpt lat="42.51642094220865" lon="19.83813465573147">
        <ele>1004</ele>
      </trkpt>
      <trkpt lat="42.5163379744421" lon="19.83812035094413">
        <ele>1005</ele>
      </trkpt>
      <trkpt lat="42.51627503337783" lon="19.83810413885181">
        <ele>1005</ele>
      </trkpt>
      <trkpt lat="42.51621209231355" lon="19.83808888041199">
        <ele>1005</ele>
      </trkpt>
      <trkpt lat="42.51615487316421" lon="19.83806122448981">
        <ele>1006</ele>
      </trkpt>
      <trkpt lat="42.51609574670989" lon="19.83804596604998">
        <ele>1006</ele>
      </trkpt>
      <trkpt lat="42.51600228876597" lon="19.83804501239749">
        <ele>1006</ele>
      </trkpt>
      <trkpt lat="42.51590883082204" lon="19.83804405874501">
        <ele>1007</ele>
      </trkpt>
      <trkpt lat="42.51583921419034" lon="19.83802784665269">
        <ele>1007</ele>
      </trkpt>
      <trkpt lat="42.51578771695593" lon="19.83799923707802">
        <ele>1007</ele>
      </trkpt>
      <trkpt lat="42.51568662979209" lon="19.83791531565899">
        <ele>1008</ele>
      </trkpt>
      <trkpt lat="42.51558554262826" lon="19.83783139423995">
        <ele>1008</ele>
      </trkpt>
      <trkpt lat="42.51546347510966" lon="19.83775510204083">
        <ele>1009</ele>
      </trkpt>
      <trkpt lat="42.51539290482548" lon="19.83771886324624">
        <ele>1009</ele>
      </trkpt>
      <trkpt lat="42.51535189776845" lon="19.83771504863629">
        <ele>1009</ele>
      </trkpt>
      <trkpt lat="42.51528895670417" lon="19.837696929239">
        <ele>1010</ele>
      </trkpt>
      <trkpt lat="42.51522696929238" lon="19.83767880984171">
        <ele>1010</ele>
      </trkpt>
      <trkpt lat="42.51496185390043" lon="19.83771218767882">
        <ele>1011</ele>
      </trkpt>
      <trkpt lat="42.51488270074384" lon="19.83771695594127">
        <ele>1012</ele>
      </trkpt>
      <trkpt lat="42.51480354758725" lon="19.83772172420371">
        <ele>1013</ele>
      </trkpt>
      <trkpt lat="42.51471390425328" lon="19.83772077055122">
        <ele>1014</ele>
      </trkpt>
      <trkpt lat="42.51462426091931" lon="19.83772077055122">
        <ele>1014</ele>
      </trkpt>
      <trkpt lat="42.51419130268929" lon="19.83775319473585">
        <ele>1019</ele>
      </trkpt>
      <trkpt lat="42.51413122258248" lon="19.83774079725349">
        <ele>1019</ele>
      </trkpt>
      <trkpt lat="42.51407877169559" lon="19.83770646576389">
        <ele>1020</ele>
      </trkpt>
      <trkpt lat="42.51399771123402" lon="19.83763303452223">
        <ele>1020</ele>
      </trkpt>
      <trkpt lat="42.51391665077245" lon="19.83756055693307">
        <ele>1019</ele>
      </trkpt>
      <trkpt lat="42.51385752431813" lon="19.83749380125883">
        <ele>1018</ele>
      </trkpt>
      <trkpt lat="42.51366584016783" lon="19.83723059317186">
        <ele>1019</ele>
      </trkpt>
      <trkpt lat="42.5136248331108" lon="19.83718767880985">
        <ele>1019</ele>
      </trkpt>
      <trkpt lat="42.51357047491893" lon="19.8371485790578">
        <ele>1019</ele>
      </trkpt>
      <trkpt lat="42.51350848750715" lon="19.83710757200078">
        <ele>1019</ele>
      </trkpt>
      <trkpt lat="42.51344745374784" lon="19.83706656494375">
        <ele>1019</ele>
      </trkpt>
      <trkpt lat="42.51337879076863" lon="19.83702937249668">
        <ele>1019</ele>
      </trkpt>
      <trkpt lat="42.51331584970436" lon="19.83699980926951">
        <ele>1019</ele>
      </trkpt>
      <trkpt lat="42.51324814037763" lon="19.83698455082969">
        <ele>1020</ele>
      </trkpt>
      <trkpt lat="42.5131995041007" lon="19.83695975586497">
        <ele>1021</ele>
      </trkpt>
      <trkpt lat="42.5131556360862" lon="19.83692828533284">
        <ele>1021</ele>
      </trkpt>
      <trkpt lat="42.51305359526987" lon="19.83683196643144">
        <ele>1021</ele>
      </trkpt>
      <trkpt lat="42.51295155445355" lon="19.83673660118254">
        <ele>1021</ele>
      </trkpt>
      <trkpt lat="42.51289624260919" lon="19.83670417699792">
        <ele>1021</ele>
      </trkpt>
      <trkpt lat="42.51286286477207" lon="19.83666126263591">
        <ele>1021</ele>
      </trkpt>
      <trkpt lat="42.51280659927522" lon="19.83661071905399">
        <ele>1022</ele>
      </trkpt>
      <trkpt lat="42.51274270455845" lon="19.8365754339119">
        <ele>1022</ele>
      </trkpt>
      <trkpt lat="42.51270074384893" lon="19.8365573145146">
        <ele>1023</ele>
      </trkpt>
      <trkpt lat="42.51263208086972" lon="19.83656399008203">
        <ele>1024</ele>
      </trkpt>
      <trkpt lat="42.51256341789051" lon="19.83657066564945">
        <ele>1024</ele>
      </trkpt>
      <trkpt lat="42.51247377455654" lon="19.83656494373452">
        <ele>1026</ele>
      </trkpt>
      <trkpt lat="42.51241560175471" lon="19.83654110242229">
        <ele>1027</ele>
      </trkpt>
      <trkpt lat="42.51236887278275" lon="19.83649818806028">
        <ele>1028</ele>
      </trkpt>
      <trkpt lat="42.51233072668319" lon="19.83644955178334">
        <ele>1029</ele>
      </trkpt>
      <trkpt lat="42.51226683196642" lon="19.83634369635706">
        <ele>1029</ele>
      </trkpt>
      <trkpt lat="42.51220389090214" lon="19.83625977493802">
        <ele>1030</ele>
      </trkpt>
      <trkpt lat="42.5118424566088" lon="19.83582395575054">
        <ele>1031</ele>
      </trkpt>
      <trkpt lat="42.51178905206942" lon="19.83576482929622">
        <ele>1032</ele>
      </trkpt>
      <trkpt lat="42.51169940873545" lon="19.83571142475683">
        <ele>1033</ele>
      </trkpt>
      <trkpt lat="42.51160976540148" lon="19.83561415220295">
        <ele>1035</ele>
      </trkpt>
      <trkpt lat="42.51156494373449" lon="19.83554262826627">
        <ele>1036</ele>
      </trkpt>
      <trkpt lat="42.51150963189013" lon="19.83542151440016">
        <ele>1037</ele>
      </trkpt>
      <trkpt lat="42.51148769788288" lon="19.83532996376122">
        <ele>1037</ele>
      </trkpt>
      <trkpt lat="42.51145718100323" lon="19.83525176425712">
        <ele>1038</ele>
      </trkpt>
      <trkpt lat="42.51142666412358" lon="19.83517451840551">
        <ele>1038</ele>
      </trkpt>
      <trkpt lat="42.51137039862673" lon="19.83506866297922">
        <ele>1039</ele>
      </trkpt>
      <trkpt lat="42.51132653061224" lon="19.83500667556743">
        <ele>1040</ele>
      </trkpt>
      <trkpt lat="42.51125596032805" lon="19.83495136372307">
        <ele>1043</ele>
      </trkpt>
      <trkpt lat="42.51091741369444" lon="19.83474632843793">
        <ele>1052</ele>
      </trkpt>
      <trkpt lat="42.51084112149532" lon="19.83468243372116">
        <ele>1054</ele>
      </trkpt>
      <trkpt lat="42.51076101468624" lon="19.83460614152204">
        <ele>1055</ele>
      </trkpt>
      <trkpt lat="42.51068186152965" lon="19.83453080297541">
        <ele>1055</ele>
      </trkpt>
      <trkpt lat="42.510347129506" lon="19.8343314896052">
        <ele>1058</ele>
      </trkpt>
      <trkpt lat="42.51002956322715" lon="19.83405779134085">
        <ele>1060</ele>
      </trkpt>
      <trkpt lat="42.50995422468052" lon="19.83403299637613">
        <ele>1060</ele>
      </trkpt>
      <trkpt lat="42.50983692542437" lon="19.83401678428382">
        <ele>1061</ele>
      </trkpt>
      <trkpt lat="42.50983692542437" lon="19.83401678428382">
        <ele>1061</ele>
      </trkpt>
      <trkpt lat="42.5097205798207" lon="19.83395956513448">
        <ele>1061</ele>
      </trkpt>
      <trkpt lat="42.50960518786953" lon="19.83390329963763">
        <ele>1061</ele>
      </trkpt>
      <trkpt lat="42.50954415411023" lon="19.83386515353806">
        <ele>1061</ele>
      </trkpt>
      <trkpt lat="42.50948312035094" lon="19.83380888804121">
        <ele>1061</ele>
      </trkpt>
      <trkpt lat="42.50940396719434" lon="19.83372019835973">
        <ele>1060</ele>
      </trkpt>
      <trkpt lat="42.50936677474727" lon="19.83365630364296">
        <ele>1060</ele>
      </trkpt>
      <trkpt lat="42.50921323669654" lon="19.8333139423994">
        <ele>1058</ele>
      </trkpt>
      <trkpt lat="42.50914934197977" lon="19.8332185771505">
        <ele>1058</ele>
      </trkpt>
      <trkpt lat="42.50910070570283" lon="19.83315182147627">
        <ele>1059</ele>
      </trkpt>
      <trkpt lat="42.50905302307838" lon="19.83308506580203">
        <ele>1060</ele>
      </trkpt>
      <trkpt lat="42.50871638374975" lon="19.83273221438109">
        <ele>1062</ele>
      </trkpt>
      <trkpt lat="42.50871638374975" lon="19.83273221438109">
        <ele>1062</ele>
      </trkpt>
      <trkpt lat="42.50860194545107" lon="19.83241083349229">
        <ele>1063</ele>
      </trkpt>
      <trkpt lat="42.50857142857142" lon="19.83234598512303">
        <ele>1064</ele>
      </trkpt>
      <trkpt lat="42.50854186534426" lon="19.83228209040627">
        <ele>1064</ele>
      </trkpt>
      <trkpt lat="42.50850085828723" lon="19.83221914934199">
        <ele>1064</ele>
      </trkpt>
      <trkpt lat="42.50843314896051" lon="19.83216288384514">
        <ele>1065</ele>
      </trkpt>
      <trkpt lat="42.50834636658401" lon="19.83210947930575">
        <ele>1065</ele>
      </trkpt>
      <trkpt lat="42.50822811367537" lon="19.83206561129126">
        <ele>1066</ele>
      </trkpt>
      <trkpt lat="42.50811081441922" lon="19.83202174327676">
        <ele>1067</ele>
      </trkpt>
      <trkpt lat="42.50803642952507" lon="19.83198264352471">
        <ele>1068</ele>
      </trkpt>
      <trkpt lat="42.50796204463093" lon="19.83194354377266">
        <ele>1068</ele>
      </trkpt>
      <trkpt lat="42.50784569902726" lon="19.83189300019074">
        <ele>1069</ele>
      </trkpt>
      <trkpt lat="42.50777131413312" lon="19.8318710661835">
        <ele>1069</ele>
      </trkpt>
      <trkpt lat="42.50735647530039" lon="19.83178237650202">
        <ele>1074</ele>
      </trkpt>
      <trkpt lat="42.50726111005149" lon="19.83173660118254">
        <ele>1076</ele>
      </trkpt>
      <trkpt lat="42.50714476444782" lon="19.83164314323862">
        <ele>1079</ele>
      </trkpt>
      <trkpt lat="42.50708468434102" lon="19.83159069235172">
        <ele>1080</ele>
      </trkpt>
      <trkpt lat="42.50701983597176" lon="19.83150867823766">
        <ele>1082</ele>
      </trkpt>
      <trkpt lat="42.50685390043867" lon="19.83121304596606">
        <ele>1083</ele>
      </trkpt>
      <trkpt lat="42.50660976540148" lon="19.8307142857143">
        <ele>1082</ele>
      </trkpt>
      <trkpt lat="42.50655159259965" lon="19.8306275033378">
        <ele>1083</ele>
      </trkpt>
      <trkpt lat="42.50649151249284" lon="19.83055216479116">
        <ele>1084</ele>
      </trkpt>
      <trkpt lat="42.50643143238603" lon="19.83047682624453">
        <ele>1085</ele>
      </trkpt>
      <trkpt lat="42.50631699408734" lon="19.83035571237842">
        <ele>1085</ele>
      </trkpt>
      <trkpt lat="42.50620255578866" lon="19.8302355521648">
        <ele>1085</ele>
      </trkpt>
      <trkpt lat="42.50614247568186" lon="19.83016021361817">
        <ele>1084</ele>
      </trkpt>
      <trkpt lat="42.50607285905015" lon="19.83005817280185">
        <ele>1083</ele>
      </trkpt>
      <trkpt lat="42.50600324241845" lon="19.82995613198552">
        <ele>1082</ele>
      </trkpt>
      <trkpt lat="42.50528323478923" lon="19.82918176616442">
        <ele>1089</ele>
      </trkpt>
      <trkpt lat="42.50519168415028" lon="19.82910833492277">
        <ele>1090</ele>
      </trkpt>
      <trkpt lat="42.50511348464619" lon="19.82906637421325">
        <ele>1091</ele>
      </trkpt>
      <trkpt lat="42.50504100705702" lon="19.82904634751098">
        <ele>1091</ele>
      </trkpt>
      <trkpt lat="42.50496090024794" lon="19.82899675758155">
        <ele>1093</ele>
      </trkpt>
      <trkpt lat="42.50470913599084" lon="19.82878886133894">
        <ele>1098</ele>
      </trkpt>
      <trkpt lat="42.50459565134464" lon="19.82870970818235">
        <ele>1100</ele>
      </trkpt>
      <trkpt lat="42.5045041007057" lon="19.82865916460043">
        <ele>1101</ele>
      </trkpt>
      <trkpt lat="42.50440301354185" lon="19.82862006484838">
        <ele>1102</ele>
      </trkpt>
      <trkpt lat="42.50435628456989" lon="19.828609574671">
        <ele>1103</ele>
      </trkpt>
      <trkpt lat="42.5042342170513" lon="19.82860671371354">
        <ele>1106</ele>
      </trkpt>
      <trkpt lat="42.50414934197978" lon="19.82859050162122">
        <ele>1107</ele>
      </trkpt>
      <trkpt lat="42.50406542056074" lon="19.8285752431814">
        <ele>1111</ele>
      </trkpt>
      <trkpt lat="42.50398054548921" lon="19.82854091169179">
        <ele>1114</ele>
      </trkpt>
      <trkpt lat="42.50389376311271" lon="19.82848846080489">
        <ele>1116</ele>
      </trkpt>
      <trkpt lat="42.50379362960136" lon="19.82841407591075">
        <ele>1118</ele>
      </trkpt>
      <trkpt lat="42.50371543009727" lon="19.82833969101661">
        <ele>1119</ele>
      </trkpt>
      <trkpt lat="42.50363818424565" lon="19.82826530612246">
        <ele>1121</ele>
      </trkpt>
      <trkpt lat="42.503564753004" lon="19.828174709136">
        <ele>1123</ele>
      </trkpt>
      <trkpt lat="42.50349227541483" lon="19.82808411214954">
        <ele>1124</ele>
      </trkpt>
      <trkpt lat="42.50341121495326" lon="19.82796872019837">
        <ele>1124</ele>
      </trkpt>
      <trkpt lat="42.50337783711615" lon="19.82789910356667">
        <ele>1123</ele>
      </trkpt>
      <trkpt lat="42.50334541293152" lon="19.82782948693497">
        <ele>1122</ele>
      </trkpt>
      <trkpt lat="42.50330249856951" lon="19.82771314133131">
        <ele>1120</ele>
      </trkpt>
      <trkpt lat="42.50327484264733" lon="19.82761205416747">
        <ele>1118</ele>
      </trkpt>
      <trkpt lat="42.50325576959755" lon="19.82750238413124">
        <ele>1116</ele>
      </trkpt>
      <trkpt lat="42.50319568949074" lon="19.82738508487508">
        <ele>1119</ele>
      </trkpt>
      <trkpt lat="42.50313560938393" lon="19.82726873927142">
        <ele>1121</ele>
      </trkpt>
      <trkpt lat="42.50304691970245" lon="19.82692542437537">
        <ele>1123</ele>
      </trkpt>
      <trkpt lat="42.50291436200648" lon="19.8265840167843">
        <ele>1122</ele>
      </trkpt>
      <trkpt lat="42.50289338165172" lon="19.82651058554264">
        <ele>1123</ele>
      </trkpt>
      <trkpt lat="42.50287335494945" lon="19.82643715430099">
        <ele>1123</ele>
      </trkpt>
      <trkpt lat="42.50282662597748" lon="19.82631604043488">
        <ele>1124</ele>
      </trkpt>
      <trkpt lat="42.50277131413312" lon="19.82620827770362">
        <ele>1124</ele>
      </trkpt>
      <trkpt lat="42.50275891665076" lon="19.82613961472441">
        <ele>1125</ele>
      </trkpt>
      <trkpt lat="42.50274747282089" lon="19.82607190539769">
        <ele>1125</ele>
      </trkpt>
      <trkpt lat="42.50274270455845" lon="19.82595269883656">
        <ele>1126</ele>
      </trkpt>
      <trkpt lat="42.50273507533853" lon="19.82590310890713">
        <ele>1126</ele>
      </trkpt>
      <trkpt lat="42.50271886324622" lon="19.82585924089263">
        <ele>1126</ele>
      </trkpt>
      <trkpt lat="42.50218100324241" lon="19.82514209422088">
        <ele>1134</ele>
      </trkpt>
      <trkpt lat="42.50211996948311" lon="19.82507343124167">
        <ele>1135</ele>
      </trkpt>
      <trkpt lat="42.501825290864" lon="19.82491226397102">
        <ele>1136</ele>
      </trkpt>
      <trkpt lat="42.50178046919702" lon="19.82487125691399">
        <ele>1136</ele>
      </trkpt>
      <trkpt lat="42.50174995231737" lon="19.82480164028229">
        <ele>1136</ele>
      </trkpt>
      <trkpt lat="42.5017470913599" lon="19.82474346748046">
        <ele>1137</ele>
      </trkpt>
      <trkpt lat="42.50198836543962" lon="19.82447835208851">
        <ele>1137</ele>
      </trkpt>
      <trkpt lat="42.50200457753194" lon="19.824436391379">
        <ele>1137</ele>
      </trkpt>
      <trkpt lat="42.50200171657447" lon="19.82437440396721">
        <ele>1137</ele>
      </trkpt>
      <trkpt lat="42.50198645813465" lon="19.82433053595271">
        <ele>1137</ele>
      </trkpt>
      <trkpt lat="42.50156685103947" lon="19.8238880411978">
        <ele>1139</ele>
      </trkpt>
      <trkpt lat="42.50150581728018" lon="19.82380411977876">
        <ele>1140</ele>
      </trkpt>
      <trkpt lat="42.50144478352087" lon="19.82372115201222">
        <ele>1141</ele>
      </trkpt>
      <trkpt lat="42.50123974823573" lon="19.8233835590311">
        <ele>1140</ele>
      </trkpt>
      <trkpt lat="42.50103185199313" lon="19.82308697310701">
        <ele>1139</ele>
      </trkpt>
      <trkpt lat="42.50096891092885" lon="19.82298111768073">
        <ele>1138</ele>
      </trkpt>
      <trkpt lat="42.50090596986458" lon="19.82287526225445">
        <ele>1137</ele>
      </trkpt>
      <trkpt lat="42.50084684341025" lon="19.82275987030327">
        <ele>1136</ele>
      </trkpt>
      <trkpt lat="42.50079629982833" lon="19.82264543200459">
        <ele>1136</ele>
      </trkpt>
      <trkpt lat="42.50077150486362" lon="19.82257390806791">
        <ele>1135</ele>
      </trkpt>
      <trkpt lat="42.50074766355139" lon="19.82250333778373">
        <ele>1135</ele>
      </trkpt>
      <trkpt lat="42.50067709326721" lon="19.82225443448409">
        <ele>1134</ele>
      </trkpt>
      <trkpt lat="42.50064848369254" lon="19.82217432767501">
        <ele>1134</ele>
      </trkpt>
      <trkpt lat="42.50062082777035" lon="19.82209517451842">
        <ele>1134</ele>
      </trkpt>
      <trkpt lat="42.50058840358572" lon="19.82202937249668">
        <ele>1134</ele>
      </trkpt>
      <trkpt lat="42.5005559794011" lon="19.82196452412742">
        <ele>1134</ele>
      </trkpt>
      <trkpt lat="42.50048540911691" lon="19.82185390043869">
        <ele>1134</ele>
      </trkpt>
      <trkpt lat="42.50040244135036" lon="19.82174709135992">
        <ele>1134</ele>
      </trkpt>
      <trkpt lat="42.50031851993133" lon="19.82166316994089">
        <ele>1134</ele>
      </trkpt>
      <trkpt lat="42.50025367156207" lon="19.82160595079154">
        <ele>1134</ele>
      </trkpt>
      <trkpt lat="42.50018977684531" lon="19.82154968529469">
        <ele>1135</ele>
      </trkpt>
      <trkpt lat="42.50011634560365" lon="19.82149914171277">
        <ele>1136</ele>
      </trkpt>
      <trkpt lat="42.49999999999999" lon="19.82143143238605">
        <ele>1138</ele>
      </trkpt>
      <trkpt lat="42.50000000000001" lon="19.82143143238605">
        <ele>1138</ele>
      </trkpt>
      <trkpt lat="42.49986839595653" lon="19.82135514018693">
        <ele>1142</ele>
      </trkpt>
      <trkpt lat="42.49980736219722" lon="19.82130841121496">
        <ele>1143</ele>
      </trkpt>
      <trkpt lat="42.49949170322336" lon="19.82099656685105">
        <ele>1147</ele>
      </trkpt>
      <trkpt lat="42.49931718481786" lon="19.82083253862294">
        <ele>1147</ele>
      </trkpt>
      <trkpt lat="42.49921514400153" lon="19.82069425901203">
        <ele>1147</ele>
      </trkpt>
      <trkpt lat="42.49914457371734" lon="19.82061987411788">
        <ele>1147</ele>
      </trkpt>
      <trkpt lat="42.49890711424758" lon="19.82040530230785">
        <ele>1148</ele>
      </trkpt>
      <trkpt lat="42.4985924089262" lon="19.82000000000001">
        <ele>1143</ele>
      </trkpt>
      <trkpt lat="42.4985924089262" lon="19.82">
        <ele>1143</ele>
      </trkpt>
      <trkpt lat="42.49852565325197" lon="19.81991607858097">
        <ele>1143</ele>
      </trkpt>
      <trkpt lat="42.49845508296777" lon="19.81981499141713">
        <ele>1142</ele>
      </trkpt>
      <trkpt lat="42.49838451268359" lon="19.81971390425329">
        <ele>1141</ele>
      </trkpt>
      <trkpt lat="42.49814800686631" lon="19.81940301354187">
        <ele>1141</ele>
      </trkpt>
      <trkpt lat="42.49810890711426" lon="19.81932099942781">
        <ele>1141</ele>
      </trkpt>
      <trkpt lat="42.49799065420562" lon="19.81894144573717">
        <ele>1141</ele>
      </trkpt>
      <trkpt lat="42.49795060080108" lon="19.81884512683578">
        <ele>1142</ele>
      </trkpt>
      <trkpt lat="42.49790577913409" lon="19.81876692733168">
        <ele>1142</ele>
      </trkpt>
      <trkpt lat="42.49783997711235" lon="19.81868491321763">
        <ele>1143</ele>
      </trkpt>
      <trkpt lat="42.49777512874309" lon="19.81860289910357">
        <ele>1143</ele>
      </trkpt>
      <trkpt lat="42.49770932672135" lon="19.81850276559222">
        <ele>1143</ele>
      </trkpt>
      <trkpt lat="42.4976263589548" lon="19.81839786381843">
        <ele>1144</ele>
      </trkpt>
      <trkpt lat="42.49754434484075" lon="19.81829391569712">
        <ele>1144</ele>
      </trkpt>
      <trkpt lat="42.4975052450887" lon="19.81821666984551">
        <ele>1145</ele>
      </trkpt>
      <trkpt lat="42.49746709898914" lon="19.81814037764639">
        <ele>1146</ele>
      </trkpt>
      <trkpt lat="42.49744325767691" lon="19.81802689300019">
        <ele>1147</ele>
      </trkpt>
      <trkpt lat="42.49740034331491" lon="19.81766927331681">
        <ele>1150</ele>
      </trkpt>
      <trkpt lat="42.49737745565517" lon="19.81757009345795">
        <ele>1151</ele>
      </trkpt>
      <trkpt lat="42.49735456799543" lon="19.81747091359909">
        <ele>1151</ele>
      </trkpt>
      <trkpt lat="42.49735361434294" lon="19.81735170703796">
        <ele>1152</ele>
      </trkpt>
      <trkpt lat="42.49736124356286" lon="19.81723917604425">
        <ele>1152</ele>
      </trkpt>
      <trkpt lat="42.49737268739273" lon="19.81714571810033">
        <ele>1152</ele>
      </trkpt>
      <trkpt lat="42.49738413122259" lon="19.81705321380889">
        <ele>1152</ele>
      </trkpt>
      <trkpt lat="42.49738603852757" lon="19.81697787526226">
        <ele>1152</ele>
      </trkpt>
      <trkpt lat="42.49736505817281" lon="19.81686915887851">
        <ele>1152</ele>
      </trkpt>
      <trkpt lat="42.49730307076102" lon="19.81678714476445">
        <ele>1153</ele>
      </trkpt>
      <trkpt lat="42.49726778561893" lon="19.81675281327485">
        <ele>1154</ele>
      </trkpt>
      <trkpt lat="42.49700553118445" lon="19.81654396337975">
        <ele>1158</ele>
      </trkpt>
      <trkpt lat="42.49695880221248" lon="19.81648960518787">
        <ele>1158</ele>
      </trkpt>
      <trkpt lat="42.49689776845319" lon="19.81638756437155">
        <ele>1159</ele>
      </trkpt>
      <trkpt lat="42.49683768834637" lon="19.81628552355522">
        <ele>1160</ele>
      </trkpt>
      <trkpt lat="42.4966440968911" lon="19.81586973107">
        <ele>1160</ele>
      </trkpt>
      <trkpt lat="42.49660976540149" lon="19.81578390234599">
        <ele>1160</ele>
      </trkpt>
      <trkpt lat="42.49658878504674" lon="19.81570856379935">
        <ele>1161</ele>
      </trkpt>
      <trkpt lat="42.49658878504674" lon="19.81563227160023">
        <ele>1161</ele>
      </trkpt>
      <trkpt lat="42.49658878504674" lon="19.81555597940111">
        <ele>1161</ele>
      </trkpt>
      <trkpt lat="42.49658210947931" lon="19.81546824337212">
        <ele>1161</ele>
      </trkpt>
      <trkpt lat="42.49656494373451" lon="19.8153566660309">
        <ele>1161</ele>
      </trkpt>
      <trkpt lat="42.49653919511731" lon="19.81524604234217">
        <ele>1162</ele>
      </trkpt>
      <trkpt lat="42.49649818806028" lon="19.81515353805074">
        <ele>1162</ele>
      </trkpt>
      <trkpt lat="42.49645813465574" lon="19.8150610337593">
        <ele>1163</ele>
      </trkpt>
      <trkpt lat="42.49639137898151" lon="19.81495613198551">
        <ele>1163</ele>
      </trkpt>
      <trkpt lat="42.49631222582492" lon="19.81486839595652">
        <ele>1163</ele>
      </trkpt>
      <trkpt lat="42.49623402632082" lon="19.81478161358001">
        <ele>1164</ele>
      </trkpt>
      <trkpt lat="42.49616536334161" lon="19.81472057982072">
        <ele>1164</ele>
      </trkpt>
      <trkpt lat="42.49609765401489" lon="19.81467575815373">
        <ele>1164</ele>
      </trkpt>
      <trkpt lat="42.49598703032616" lon="19.81464524127408">
        <ele>1165</ele>
      </trkpt>
      <trkpt lat="42.49587640663743" lon="19.81461472439443">
        <ele>1165</ele>
      </trkpt>
      <trkpt lat="42.49577055121114" lon="19.814565134465">
        <ele>1166</ele>
      </trkpt>
      <trkpt lat="42.49570379553692" lon="19.81450219340073">
        <ele>1167</ele>
      </trkpt>
      <trkpt lat="42.49563799351517" lon="19.81443925233645">
        <ele>1168</ele>
      </trkpt>
      <trkpt lat="42.49559507915317" lon="19.81438870875453">
        <ele>1168</ele>
      </trkpt>
      <trkpt lat="42.4955483501812" lon="19.81431241655541">
        <ele>1168</ele>
      </trkpt>
      <trkpt lat="42.49545203127981" lon="19.81403585733359">
        <ele>1167</ele>
      </trkpt>
      <trkpt lat="42.49522887659738" lon="19.81346366584017">
        <ele>1165</ele>
      </trkpt>
      <trkpt lat="42.49518119397293" lon="19.81338832729354">
        <ele>1165</ele>
      </trkpt>
      <trkpt lat="42.49512778943354" lon="19.81332824718673">
        <ele>1165</ele>
      </trkpt>
      <trkpt lat="42.49507438489415" lon="19.81329200839214">
        <ele>1165</ele>
      </trkpt>
      <trkpt lat="42.49467575815374" lon="19.81310127789434">
        <ele>1170</ele>
      </trkpt>
      <trkpt lat="42.49457753194736" lon="19.81304119778753">
        <ele>1172</ele>
      </trkpt>
      <trkpt lat="42.49448025939348" lon="19.81298207133321">
        <ele>1173</ele>
      </trkpt>
      <trkpt lat="42.49436963570476" lon="19.81290101087164">
        <ele>1173</ele>
      </trkpt>
      <trkpt lat="42.49425901201603" lon="19.81281995041007">
        <ele>1174</ele>
      </trkpt>
      <trkpt lat="42.49418367346939" lon="19.81275891665078">
        <ele>1174</ele>
      </trkpt>
      <trkpt lat="42.49410928857525" lon="19.81269788289148">
        <ele>1175</ele>
      </trkpt>
      <trkpt lat="42.49404157924853" lon="19.8126349418272">
        <ele>1176</ele>
      </trkpt>
      <trkpt lat="42.4939748235743" lon="19.81257295441541">
        <ele>1177</ele>
      </trkpt>
      <trkpt lat="42.49368109860767" lon="19.8122525271791">
        <ele>1183</ele>
      </trkpt>
      <trkpt lat="42.49357905779135" lon="19.81213236696548">
        <ele>1185</ele>
      </trkpt>
      <trkpt lat="42.49347797062751" lon="19.81201316040435">
        <ele>1186</ele>
      </trkpt>
      <trkpt lat="42.49338641998857" lon="19.81192733168034">
        <ele>1187</ele>
      </trkpt>
      <trkpt lat="42.49332729353424" lon="19.81189300019073">
        <ele>1187</ele>
      </trkpt>
      <trkpt lat="42.49325672325006" lon="19.81186152965859">
        <ele>1188</ele>
      </trkpt>
      <trkpt lat="42.49319092122831" lon="19.81181670799161">
        <ele>1189</ele>
      </trkpt>
      <trkpt lat="42.49312607285906" lon="19.81177283997711">
        <ele>1189</ele>
      </trkpt>
      <trkpt lat="42.49305740987985" lon="19.81173278657258">
        <ele>1189</ele>
      </trkpt>
      <trkpt lat="42.49298970055312" lon="19.81169273316804">
        <ele>1189</ele>
      </trkpt>
      <trkpt lat="42.49291626931147" lon="19.81165744802594">
        <ele>1189</ele>
      </trkpt>
      <trkpt lat="42.49284760633226" lon="19.81163265306123">
        <ele>1190</ele>
      </trkpt>
      <trkpt lat="42.49284760633226" lon="19.81163265306123">
        <ele>1190</ele>
      </trkpt>
      <trkpt lat="42.49271981689873" lon="19.81155159259966">
        <ele>1192</ele>
      </trkpt>
      <trkpt lat="42.49260251764258" lon="19.81131699408736">
        <ele>1195</ele>
      </trkpt>
      <trkpt lat="42.49253576196835" lon="19.81083730688537">
        <ele>1200</ele>
      </trkpt>
      <trkpt lat="42.49252908640092" lon="19.81045393858478">
        <ele>1202</ele>
      </trkpt>
      <trkpt lat="42.49250333778372" lon="19.81006198741179">
        <ele>1204</ele>
      </trkpt>
      <trkpt lat="42.49243944306696" lon="19.80987793248141">
        <ele>1206</ele>
      </trkpt>
      <trkpt lat="42.49230593171849" lon="19.80970722868587">
        <ele>1209</ele>
      </trkpt>
      <trkpt lat="42.49218767880985" lon="19.80964619492657">
        <ele>1211</ele>
      </trkpt>
      <trkpt lat="42.49218767880985" lon="19.80964619492657">
        <ele>1211</ele>
      </trkpt>
      <trkpt lat="42.49216765210758" lon="19.80956227350753">
        <ele>1211</ele>
      </trkpt>
      <trkpt lat="42.4921485790578" lon="19.8094783520885">
        <ele>1211</ele>
      </trkpt>
      <trkpt lat="42.49211806217815" lon="19.80939061605951">
        <ele>1211</ele>
      </trkpt>
      <trkpt lat="42.4920875452985" lon="19.80930288003052">
        <ele>1211</ele>
      </trkpt>
      <trkpt lat="42.49205893572383" lon="19.80923230974633">
        <ele>1211</ele>
      </trkpt>
      <trkpt lat="42.49203032614916" lon="19.80916269311463">
        <ele>1210</ele>
      </trkpt>
      <trkpt lat="42.49197882891475" lon="19.8090520694259">
        <ele>1211</ele>
      </trkpt>
      <trkpt lat="42.49194354377266" lon="19.80898722105665">
        <ele>1212</ele>
      </trkpt>
      <trkpt lat="42.49190825863057" lon="19.80892332633988">
        <ele>1212</ele>
      </trkpt>
      <trkpt lat="42.49184913217624" lon="19.80883082204845">
        <ele>1213</ele>
      </trkpt>
      <trkpt lat="42.49178714476446" lon="19.80874976158688">
        <ele>1213</ele>
      </trkpt>
      <trkpt lat="42.49170894526036" lon="19.8086696547778">
        <ele>1213</ele>
      </trkpt>
      <trkpt lat="42.49164218958612" lon="19.8086267404158">
        <ele>1213</ele>
      </trkpt>
      <trkpt lat="42.49158878504674" lon="19.80856189204654">
        <ele>1213</ele>
      </trkpt>
      <trkpt lat="42.4915391951173" lon="19.80845126835781">
        <ele>1213</ele>
      </trkpt>
      <trkpt lat="42.49148960518788" lon="19.80834064466908">
        <ele>1213</ele>
      </trkpt>
      <trkpt lat="42.49144669082587" lon="19.80828819378219">
        <ele>1214</ele>
      </trkpt>
      <trkpt lat="42.49141426664124" lon="19.80826435246996">
        <ele>1214</ele>
      </trkpt>
      <trkpt lat="42.49136276940683" lon="19.8082519549876">
        <ele>1215</ele>
      </trkpt>
      <trkpt lat="42.49130364295252" lon="19.80826625977494">
        <ele>1215</ele>
      </trkpt>
      <trkpt lat="42.49130364295252" lon="19.80826625977494">
        <ele>1215</ele>
      </trkpt>
      <trkpt lat="42.49121304596606" lon="19.808086973107">
        <ele>1216</ele>
      </trkpt>
      <trkpt lat="42.49092408926188" lon="19.8076606904444">
        <ele>1218</ele>
      </trkpt>
      <trkpt lat="42.49076769025368" lon="19.8074432576769">
        <ele>1219</ele>
      </trkpt>
      <trkpt lat="42.49049876025177" lon="19.80699408735457">
        <ele>1227</ele>
      </trkpt>
      <trkpt lat="42.49045012397483" lon="19.80677474728209">
        <ele>1228</ele>
      </trkpt>
      <trkpt lat="42.4900619874118" lon="19.80611386610719">
        <ele>1237</ele>
      </trkpt>
      <trkpt lat="42.48988365439634" lon="19.80596891092886">
        <ele>1240</ele>
      </trkpt>
      <trkpt lat="42.48980545489225" lon="19.80580297539577">
        <ele>1243</ele>
      </trkpt>
      <trkpt lat="42.48981213045967" lon="19.8056179668129">
        <ele>1247</ele>
      </trkpt>
      <trkpt lat="42.48971962616823" lon="19.80533187106619">
        <ele>1253</ele>
      </trkpt>
      <trkpt lat="42.48943829868397" lon="19.80486172038909">
        <ele>1264</ele>
      </trkpt>
      <trkpt lat="42.48924184627123" lon="19.80456894907496">
        <ele>1270</ele>
      </trkpt>
      <trkpt lat="42.48902250619875" lon="19.80453557123784">
        <ele>1274</ele>
      </trkpt>
      <trkpt lat="42.48886515353806" lon="19.80429048254816">
        <ele>1281</ele>
      </trkpt>
      <trkpt lat="42.48877264924663" lon="19.804087354568">
        <ele>1286</ele>
      </trkpt>
      <trkpt lat="42.4886009917986" lon="19.80403681098608">
        <ele>1290</ele>
      </trkpt>
      <trkpt lat="42.48829963761207" lon="19.80405111577342">
        <ele>1297</ele>
      </trkpt>
      <trkpt lat="42.48819282853329" lon="19.80398245279421">
        <ele>1303</ele>
      </trkpt>
      <trkpt lat="42.48819282853329" lon="19.80398245279421">
        <ele>1303</ele>
      </trkpt>
      <trkpt lat="42.48803738317758" lon="19.80376406637421">
        <ele>1311</ele>
      </trkpt>
      <trkpt lat="42.48782567232502" lon="19.80312321190159">
        <ele>1316</ele>
      </trkpt>
      <trkpt lat="42.48778561892048" lon="19.80278371161549">
        <ele>1312</ele>
      </trkpt>
      <trkpt lat="42.48773507533856" lon="19.80258630555026">
        <ele>1310</ele>
      </trkpt>
      <trkpt lat="42.48772649246615" lon="19.80219626168224">
        <ele>1306</ele>
      </trkpt>
      <trkpt lat="42.48758439824529" lon="19.80157734121686">
        <ele>1301</ele>
      </trkpt>
      <trkpt lat="42.4875576959756" lon="19.801435246996">
        <ele>1300</ele>
      </trkpt>
      <trkpt lat="42.48754243753577" lon="19.80119778752623">
        <ele>1298</ele>
      </trkpt>
      <trkpt lat="42.4875138279611" lon="19.80096700362388">
        <ele>1295</ele>
      </trkpt>
      <trkpt lat="42.48750143047874" lon="19.80069139805455">
        <ele>1291</ele>
      </trkpt>
      <trkpt lat="42.48753290101088" lon="19.800565515926">
        <ele>1289</ele>
      </trkpt>
      <trkpt lat="42.48760919321001" lon="19.80044917032234">
        <ele>1288</ele>
      </trkpt>
      <trkpt lat="42.48766259774939" lon="19.80026034712951">
        <ele>1286</ele>
      </trkpt>
      <trkpt lat="42.48760823955752" lon="19.80009250429144">
        <ele>1282</ele>
      </trkpt>
      <trkpt lat="42.48750905969865" lon="19.80003814609956">
        <ele>1277</ele>
      </trkpt>
      <trkpt lat="42.48737745565517" lon="19.8">
        <ele>1275</ele>
      </trkpt>
      <trkpt lat="42.48737745565517" lon="19.79999999999999">
        <ele>1275</ele>
      </trkpt>
      <trkpt lat="42.48723917604426" lon="19.79997139042532">
        <ele>1274</ele>
      </trkpt>
      <trkpt lat="42.48707419416365" lon="19.79992466145336">
        <ele>1272</ele>
      </trkpt>
      <trkpt lat="42.48686439061607" lon="19.79978924279991">
        <ele>1268</ele>
      </trkpt>
      <trkpt lat="42.48671943543773" lon="19.79971104329582">
        <ele>1266</ele>
      </trkpt>
      <trkpt lat="42.48659832157163" lon="19.79965477779896">
        <ele>1267</ele>
      </trkpt>
      <trkpt lat="42.48652489032997" lon="19.79953461758534">
        <ele>1268</ele>
      </trkpt>
      <trkpt lat="42.48652393667749" lon="19.79944402059889">
        <ele>1266</ele>
      </trkpt>
      <trkpt lat="42.48643429334351" lon="19.79932290673278">
        <ele>1266</ele>
      </trkpt>
      <trkpt lat="42.48631794773986" lon="19.79902822811367">
        <ele>1265</ele>
      </trkpt>
      <trkpt lat="42.48628838451269" lon="19.79884035857333">
        <ele>1262</ele>
      </trkpt>
      <trkpt lat="42.48625882128553" lon="19.79874403967193">
        <ele>1262</ele>
      </trkpt>
      <trkpt lat="42.48629219912265" lon="19.79860194545107">
        <ele>1258</ele>
      </trkpt>
      <trkpt lat="42.48625023841313" lon="19.79838641998855">
        <ele>1256</ele>
      </trkpt>
      <trkpt lat="42.48615010490178" lon="19.79820522601563">
        <ele>1254</ele>
      </trkpt>
      <trkpt lat="42.48599084493611" lon="19.79802975395765">
        <ele>1252</ele>
      </trkpt>
      <trkpt lat="42.48582395575053" lon="19.79797253480831">
        <ele>1253</ele>
      </trkpt>
      <trkpt lat="42.48556074766356" lon="19.79770646576387">
        <ele>1258</ele>
      </trkpt>
      <trkpt lat="42.48542628266261" lon="19.79743944306694">
        <ele>1258</ele>
      </trkpt>
      <trkpt lat="42.48532614915126" lon="19.79718386419988">
        <ele>1260</ele>
      </trkpt>
      <trkpt lat="42.48524222773222" lon="19.79688346366583">
        <ele>1259</ele>
      </trkpt>
      <trkpt lat="42.48512969673852" lon="19.79665649437344">
        <ele>1260</ele>
      </trkpt>
      <trkpt lat="42.48505435819188" lon="19.79654300972725">
        <ele>1261</ele>
      </trkpt>
      <trkpt lat="42.48488651535381" lon="19.7963560938394">
        <ele>1263</ele>
      </trkpt>
      <trkpt lat="42.48474442113295" lon="19.79612340263207">
        <ele>1264</ele>
      </trkpt>
      <trkpt lat="42.48460232691208" lon="19.79593076482929">
        <ele>1264</ele>
      </trkpt>
      <trkpt lat="42.48439347701699" lon="19.79574957085637">
        <ele>1265</ele>
      </trkpt>
      <trkpt lat="42.48416746137708" lon="19.79551687964905">
        <ele>1265</ele>
      </trkpt>
      <trkpt lat="42.48402536715622" lon="19.79538050734311">
        <ele>1267</ele>
      </trkpt>
      <trkpt lat="42.48364867442305" lon="19.79491512492847">
        <ele>1272</ele>
      </trkpt>
      <trkpt lat="42.48352756055694" lon="19.79464333396909">
        <ele>1271</ele>
      </trkpt>
      <trkpt lat="42.48343505626551" lon="19.79447263017356">
        <ele>1272</ele>
      </trkpt>
      <trkpt lat="42.48331775700935" lon="19.7943820331871">
        <ele>1274</ele>
      </trkpt>
      <trkpt lat="42.48327674995232" lon="19.79430860194544">
        <ele>1274</ele>
      </trkpt>
      <trkpt lat="42.48323002098036" lon="19.79412645432004">
        <ele>1273</ele>
      </trkpt>
      <trkpt lat="42.48327674995232" lon="19.79405302307838">
        <ele>1270</ele>
      </trkpt>
      <trkpt lat="42.48323478924281" lon="19.79395670417699">
        <ele>1270</ele>
      </trkpt>
      <trkpt lat="42.48310890711426" lon="19.7938603852756">
        <ele>1274</ele>
      </trkpt>
      <trkpt lat="42.4830879267595" lon="19.79373545679953">
        <ele>1272</ele>
      </trkpt>
      <trkpt lat="42.48302117108526" lon="19.79345222201029">
        <ele>1270</ele>
      </trkpt>
      <trkpt lat="42.48279610909785" lon="19.79305454892236">
        <ele>1266</ele>
      </trkpt>
      <trkpt lat="42.48254529849324" lon="19.79258439824527">
        <ele>1256</ele>
      </trkpt>
      <trkpt lat="42.4823831775701" lon="19.79223822239175">
        <ele>1254</ele>
      </trkpt>
      <trkpt lat="42.48238889948504" lon="19.79195975586495">
        <ele>1251</ele>
      </trkpt>
      <trkpt lat="42.48248426473394" lon="19.7917118062178">
        <ele>1246</ele>
      </trkpt>
      <trkpt lat="42.48248426473394" lon="19.7917118062178">
        <ele>1246</ele>
      </trkpt>
      <trkpt lat="42.48241941636469" lon="19.79164505054358">
        <ele>1247</ele>
      </trkpt>
      <trkpt lat="42.48238127026512" lon="19.79153633415983">
        <ele>1249</ele>
      </trkpt>
      <trkpt lat="42.48234407781806" lon="19.79142857142856">
        <ele>1250</ele>
      </trkpt>
      <trkpt lat="42.482304978066" lon="19.79133892809459">
        <ele>1251</ele>
      </trkpt>
      <trkpt lat="42.48227636849133" lon="19.79126263589547">
        <ele>1252</ele>
      </trkpt>
      <trkpt lat="42.48224871256915" lon="19.79118729734884">
        <ele>1252</ele>
      </trkpt>
      <trkpt lat="42.48217337402252" lon="19.79093934770169">
        <ele>1254</ele>
      </trkpt>
      <trkpt lat="42.48214953271029" lon="19.79091741369444">
        <ele>1254</ele>
      </trkpt>
      <trkpt lat="42.48213045966051" lon="19.7908859431623">
        <ele>1254</ele>
      </trkpt>
      <trkpt lat="42.48212378409308" lon="19.79084588975777">
        <ele>1254</ele>
      </trkpt>
      <trkpt lat="42.48212187678811" lon="19.7907648292962">
        <ele>1254</ele>
      </trkpt>
      <trkpt lat="42.48211138661073" lon="19.79073335876406">
        <ele>1255</ele>
      </trkpt>
      <trkpt lat="42.48207991607859" lon="19.79070474918939">
        <ele>1255</ele>
      </trkpt>
      <trkpt lat="42.48201316040436" lon="19.79060938394048">
        <ele>1255</ele>
      </trkpt>
      <trkpt lat="42.48194640473012" lon="19.79051497234407">
        <ele>1255</ele>
      </trkpt>
      <trkpt lat="42.48191302689301" lon="19.79047968720198">
        <ele>1255</ele>
      </trkpt>
      <trkpt lat="42.48188727827581" lon="19.79043963379744">
        <ele>1255</ele>
      </trkpt>
      <trkpt lat="42.48181098607668" lon="19.79037573908067">
        <ele>1256</ele>
      </trkpt>
      <trkpt lat="42.48174327674996" lon="19.79037001716574">
        <ele>1256</ele>
      </trkpt>
      <trkpt lat="42.48167652107573" lon="19.79036524890329">
        <ele>1256</ele>
      </trkpt>
      <trkpt lat="42.48165649437346" lon="19.79035475872591">
        <ele>1256</ele>
      </trkpt>
      <trkpt lat="42.48164028228115" lon="19.79033091741369">
        <ele>1256</ele>
      </trkpt>
      <trkpt lat="42.48161453366394" lon="19.79020980354758">
        <ele>1256</ele>
      </trkpt>
      <trkpt lat="42.48159927522412" lon="19.79018977684531">
        <ele>1256</ele>
      </trkpt>
      <trkpt lat="42.48159069235172" lon="19.79015735266068">
        <ele>1255</ele>
      </trkpt>
      <trkpt lat="42.48156971199695" lon="19.79013541865343">
        <ele>1255</ele>
      </trkpt>
      <trkpt lat="42.48154968529469" lon="19.79012588212855">
        <ele>1256</ele>
      </trkpt>
      <trkpt lat="42.48152965859241" lon="19.79009822620636">
        <ele>1255</ele>
      </trkpt>
      <trkpt lat="42.48149341979784" lon="19.7900953652489">
        <ele>1256</ele>
      </trkpt>
      <trkpt lat="42.48147148579059" lon="19.79007915315658">
        <ele>1256</ele>
      </trkpt>
      <trkpt lat="42.48146576387565" lon="19.79002002670226">
        <ele>1255</ele>
      </trkpt>
      <trkpt lat="42.48143906160596" lon="19.78995231737554">
        <ele>1256</ele>
      </trkpt>
      <trkpt lat="42.48138851802404" lon="19.78990654205607">
        <ele>1256</ele>
      </trkpt>
      <trkpt lat="42.48134274270457" lon="19.78983597177188">
        <ele>1257</ele>
      </trkpt>
      <trkpt lat="42.48126072859051" lon="19.78974918939538">
        <ele>1257</ele>
      </trkpt>
      <trkpt lat="42.48117013160405" lon="19.78966240701887">
        <ele>1258</ele>
      </trkpt>
      <trkpt lat="42.48107953461759" lon="19.78957562464237">
        <ele>1259</ele>
      </trkpt>
      <trkpt lat="42.48104043486554" lon="19.78955750524508">
        <ele>1259</ele>
      </trkpt>
      <trkpt lat="42.48098130841122" lon="19.78949742513827">
        <ele>1259</ele>
      </trkpt>
      <trkpt lat="42.48089547968721" lon="19.78939156971199">
        <ele>1260</ele>
      </trkpt>
      <trkpt lat="42.4808096509632" lon="19.7892866679382">
        <ele>1260</ele>
      </trkpt>
      <trkpt lat="42.48075529277132" lon="19.78923040244134">
        <ele>1261</ele>
      </trkpt>
      <trkpt lat="42.48070284188443" lon="19.78925424375357">
        <ele>1262</ele>
      </trkpt>
      <trkpt lat="42.48065802021744" lon="19.7891817661644">
        <ele>1262</ele>
      </trkpt>
      <trkpt lat="42.48059412550068" lon="19.78916746137707">
        <ele>1263</ele>
      </trkpt>
      <trkpt lat="42.48055121113867" lon="19.78919130268929">
        <ele>1264</ele>
      </trkpt>
      <trkpt lat="42.48048922372688" lon="19.78913503719244">
        <ele>1265</ele>
      </trkpt>
      <trkpt lat="42.48045489223728" lon="19.78913503719244">
        <ele>1265</ele>
      </trkpt>
      <trkpt lat="42.48042628266261" lon="19.78911691779515">
        <ele>1266</ele>
      </trkpt>
      <trkpt lat="42.48037383177571" lon="19.78903490368109">
        <ele>1266</ele>
      </trkpt>
      <trkpt lat="42.48033473202366" lon="19.78894049208468">
        <ele>1266</ele>
      </trkpt>
      <trkpt lat="42.48030326149152" lon="19.78888804119778">
        <ele>1266</ele>
      </trkpt>
      <trkpt lat="42.48027369826436" lon="19.78879172229639">
        <ele>1266</ele>
      </trkpt>
      <trkpt lat="42.48022124737746" lon="19.78874785428189">
        <ele>1267</ele>
      </trkpt>
      <trkpt lat="42.48020408163266" lon="19.7887211520122">
        <ele>1267</ele>
      </trkpt>
      <trkpt lat="42.48020884989511" lon="19.78864772077054">
        <ele>1266</ele>
      </trkpt>
      <trkpt lat="42.48019931337021" lon="19.78861148197596">
        <ele>1266</ele>
      </trkpt>
      <trkpt lat="42.48014114056839" lon="19.78855807743657">
        <ele>1266</ele>
      </trkpt>
      <trkpt lat="42.4801230211711" lon="19.78852469959946">
        <ele>1266</ele>
      </trkpt>
      <trkpt lat="42.48010204081633" lon="19.78850658020217">
        <ele>1266</ele>
      </trkpt>
      <trkpt lat="42.48006484836927" lon="19.7885123021171">
        <ele>1267</ele>
      </trkpt>
      <trkpt lat="42.48004958992944" lon="19.78854663360671">
        <ele>1267</ele>
      </trkpt>
      <trkpt lat="42.48000858287241" lon="19.78855521647911">
        <ele>1267</ele>
      </trkpt>
      <trkpt lat="42.48000000000001" lon="19.78854949456417">
        <ele>1267</ele>
      </trkpt>
      <trkpt lat="42.48" lon="19.78854949456417">
        <ele>1267</ele>
      </trkpt>
      <trkpt lat="42.47996852946786" lon="19.78852756055693">
        <ele>1268</ele>
      </trkpt>
      <trkpt lat="42.47990844936106" lon="19.78852469959946">
        <ele>1269</ele>
      </trkpt>
      <trkpt lat="42.47988842265878" lon="19.78850753385466">
        <ele>1269</ele>
      </trkpt>
      <trkpt lat="42.47984169368682" lon="19.78849895098226">
        <ele>1270</ele>
      </trkpt>
      <trkpt lat="42.47973106999809" lon="19.78841312225824">
        <ele>1271</ele>
      </trkpt>
      <trkpt lat="42.47969387755102" lon="19.78839404920846">
        <ele>1271</ele>
      </trkpt>
      <trkpt lat="42.47966908258631" lon="19.78835208849894">
        <ele>1271</ele>
      </trkpt>
      <trkpt lat="42.47959660499714" lon="19.78833301544916">
        <ele>1272</ele>
      </trkpt>
      <trkpt lat="42.47956036620256" lon="19.78833683005912">
        <ele>1273</ele>
      </trkpt>
      <trkpt lat="42.47949456418081" lon="19.78832252527178">
        <ele>1274</ele>
      </trkpt>
      <trkpt lat="42.47942876215907" lon="19.78830917413694">
        <ele>1275</ele>
      </trkpt>
      <trkpt lat="42.47911501049018" lon="19.78808125119206">
        <ele>1281</ele>
      </trkpt>
      <trkpt lat="42.47904062559603" lon="19.78804596604996">
        <ele>1283</ele>
      </trkpt>
      <trkpt lat="42.47896624070189" lon="19.78801163456036">
        <ele>1285</ele>
      </trkpt>
      <trkpt lat="42.47890043868014" lon="19.7879734884608">
        <ele>1287</ele>
      </trkpt>
      <trkpt lat="42.47884894144573" lon="19.78791150104901">
        <ele>1287</ele>
      </trkpt>
      <trkpt lat="42.47879839786382" lon="19.78785046728971">
        <ele>1288</ele>
      </trkpt>
      <trkpt lat="42.47877551020408" lon="19.78781136753766">
        <ele>1288</ele>
      </trkpt>
      <trkpt lat="42.47874499332443" lon="19.78778275796299">
        <ele>1288</ele>
      </trkpt>
      <trkpt lat="42.47871447644479" lon="19.78777131413312">
        <ele>1289</ele>
      </trkpt>
      <trkpt lat="42.47867537669273" lon="19.7877732214381">
        <ele>1290</ele>
      </trkpt>
      <trkpt lat="42.47861243562846" lon="19.78769120732404">
        <ele>1290</ele>
      </trkpt>
      <trkpt lat="42.47850753385466" lon="19.78764161739461">
        <ele>1290</ele>
      </trkpt>
      <trkpt lat="42.4784426854854" lon="19.78761872973488">
        <ele>1291</ele>
      </trkpt>
      <trkpt lat="42.47835494945642" lon="19.78759870303261">
        <ele>1292</ele>
      </trkpt>
      <trkpt lat="42.47826816707992" lon="19.78757962998283">
        <ele>1292</ele>
      </trkpt>
      <trkpt lat="42.47816994087354" lon="19.78758630555025">
        <ele>1293</ele>
      </trkpt>
      <trkpt lat="42.47812321190158" lon="19.78756818615296">
        <ele>1293</ele>
      </trkpt>
      <trkpt lat="42.47808506580202" lon="19.78759202746518">
        <ele>1294</ele>
      </trkpt>
      <trkpt lat="42.47807457562464" lon="19.78761968338737">
        <ele>1295</ele>
      </trkpt>
      <trkpt lat="42.47802403204273" lon="19.78769883654396">
        <ele>1298</ele>
      </trkpt>
      <trkpt lat="42.4779391569712" lon="19.7877989700553">
        <ele>1302</ele>
      </trkpt>
      <trkpt lat="42.47789910356666" lon="19.78780946023268">
        <ele>1303</ele>
      </trkpt>
      <trkpt lat="42.47785714285714" lon="19.78774175090596">
        <ele>1301</ele>
      </trkpt>
      <trkpt lat="42.47781613580011" lon="19.78773507533854">
        <ele>1302</ele>
      </trkpt>
      <trkpt lat="42.47778466526798" lon="19.78774079725347">
        <ele>1302</ele>
      </trkpt>
      <trkpt lat="42.47773507533854" lon="19.78771314133129">
        <ele>1302</ele>
      </trkpt>
      <trkpt lat="42.47770551211138" lon="19.78766164409688">
        <ele>1301</ele>
      </trkpt>
      <trkpt lat="42.47768357810413" lon="19.78760537860003">
        <ele>1299</ele>
      </trkpt>
      <trkpt lat="42.47767594888423" lon="19.78756246423803">
        <ele>1298</ele>
      </trkpt>
      <trkpt lat="42.47765687583445" lon="19.7875300400534">
        <ele>1297</ele>
      </trkpt>
      <trkpt lat="42.47762540530231" lon="19.78749952317375">
        <ele>1296</ele>
      </trkpt>
      <trkpt lat="42.47759870303261" lon="19.78744707228685">
        <ele>1296</ele>
      </trkpt>
      <trkpt lat="42.47752527179096" lon="19.78744516498187">
        <ele>1297</ele>
      </trkpt>
      <trkpt lat="42.47745279420179" lon="19.78744421132938">
        <ele>1298</ele>
      </trkpt>
      <trkpt lat="42.47740797253481" lon="19.78741750905969">
        <ele>1299</ele>
      </trkpt>
      <trkpt lat="42.47729925615106" lon="19.78733072668319">
        <ele>1299</ele>
      </trkpt>
      <trkpt lat="42.47722773221438" lon="19.78732405111576">
        <ele>1301</ele>
      </trkpt>
      <trkpt lat="42.47715716193019" lon="19.78731832920083">
        <ele>1302</ele>
      </trkpt>
      <trkpt lat="42.47708945260347" lon="19.78733454129314">
        <ele>1304</ele>
      </trkpt>
      <trkpt lat="42.47702269692924" lon="19.78735170703795">
        <ele>1306</ele>
      </trkpt>
      <trkpt lat="42.47690539767309" lon="19.78739557505244">
        <ele>1309</ele>
      </trkpt>
      <trkpt lat="42.47678905206943" lon="19.78743944306694">
        <ele>1313</ele>
      </trkpt>
      <trkpt lat="42.47670131604043" lon="19.78748331108143">
        <ele>1316</ele>
      </trkpt>
      <trkpt lat="42.47661453366393" lon="19.78752813274842">
        <ele>1320</ele>
      </trkpt>
      <trkpt lat="42.47652107572001" lon="19.78756341789051">
        <ele>1324</ele>
      </trkpt>
      <trkpt lat="42.47642761777608" lon="19.7875996566851">
        <ele>1327</ele>
      </trkpt>
      <trkpt lat="42.47642761777608" lon="19.7875996566851">
        <ele>1327</ele>
      </trkpt>
      <trkpt lat="42.47652298302499" lon="19.78771790959373">
        <ele>1330</ele>
      </trkpt>
      <trkpt lat="42.47663265306122" lon="19.78783044058744">
        <ele>1331</ele>
      </trkpt>
      <trkpt lat="42.47674232309746" lon="19.78794392523364">
        <ele>1333</ele>
      </trkpt>
      <trkpt lat="42.47677951554454" lon="19.78801544917031">
        <ele>1335</ele>
      </trkpt>
      <trkpt lat="42.4768176616441" lon="19.78808792675948">
        <ele>1336</ele>
      </trkpt>
      <trkpt lat="42.47682529086401" lon="19.7881556360862">
        <ele>1339</ele>
      </trkpt>
      <trkpt lat="42.47683387373641" lon="19.78822429906541">
        <ele>1341</ele>
      </trkpt>
      <trkpt lat="42.47690158306313" lon="19.78833396910165">
        <ele>1343</ele>
      </trkpt>
      <trkpt lat="42.47694831203509" lon="19.78842933435055">
        <ele>1345</ele>
      </trkpt>
      <trkpt lat="42.47695975586496" lon="19.78849132176234">
        <ele>1347</ele>
      </trkpt>
      <trkpt lat="42.47697215334732" lon="19.78855330917413">
        <ele>1349</ele>
      </trkpt>
      <trkpt lat="42.47703223345412" lon="19.78865630364295">
        <ele>1351</ele>
      </trkpt>
      <trkpt lat="42.47708182338356" lon="19.78876215906923">
        <ele>1353</ele>
      </trkpt>
      <trkpt lat="42.47709231356094" lon="19.78887564371542">
        <ele>1356</ele>
      </trkpt>
      <trkpt lat="42.47702460423422" lon="19.78893572382223">
        <ele>1360</ele>
      </trkpt>
      <trkpt lat="42.47693305359527" lon="19.78894621399961">
        <ele>1363</ele>
      </trkpt>
      <trkpt lat="42.47684150295632" lon="19.78893953843219">
        <ele>1365</ele>
      </trkpt>
      <trkpt lat="42.47683387373641" lon="19.78898912836162">
        <ele>1367</ele>
      </trkpt>
      <trkpt lat="42.47688823192829" lon="19.78903871829105">
        <ele>1367</ele>
      </trkpt>
      <trkpt lat="42.4769301926378" lon="19.78908830822048">
        <ele>1368</ele>
      </trkpt>
      <trkpt lat="42.47695880221247" lon="19.78916173946213">
        <ele>1370</ele>
      </trkpt>
      <trkpt lat="42.47692733168034" lon="19.7892256341789">
        <ele>1375</ele>
      </trkpt>
      <trkpt lat="42.47683101277894" lon="19.78923326339881">
        <ele>1378</ele>
      </trkpt>
      <trkpt lat="42.47649723440778" lon="19.78916555407209">
        <ele>1390</ele>
      </trkpt>
      <trkpt lat="42.47643333969101" lon="19.78914266641235">
        <ele>1393</ele>
      </trkpt>
      <trkpt lat="42.47636944497425" lon="19.78911977875261">
        <ele>1396</ele>
      </trkpt>
      <trkpt lat="42.47627503337784" lon="19.78910928857524">
        <ele>1402</ele>
      </trkpt>
      <trkpt lat="42.47618157543391" lon="19.78914075910737">
        <ele>1410</ele>
      </trkpt>
      <trkpt lat="42.47611100514973" lon="19.78922277322143">
        <ele>1421</ele>
      </trkpt>
      <trkpt lat="42.47569807362197" lon="19.78914457371733">
        <ele>1440</ele>
      </trkpt>
      <trkpt lat="42.47563036429525" lon="19.7891121495327">
        <ele>1441</ele>
      </trkpt>
      <trkpt lat="42.47556265496853" lon="19.78908067900056">
        <ele>1442</ele>
      </trkpt>
      <trkpt lat="42.4754863627694" lon="19.78906255960327">
        <ele>1444</ele>
      </trkpt>
      <trkpt lat="42.47541102422277" lon="19.78904539385847">
        <ele>1446</ele>
      </trkpt>
      <trkpt lat="42.47496948312035" lon="19.78898149914171">
        <ele>1461</ele>
      </trkpt>
      <trkpt lat="42.4749046347511" lon="19.78894049208468">
        <ele>1461</ele>
      </trkpt>
      <trkpt lat="42.47483978638184" lon="19.78890043868014">
        <ele>1461</ele>
      </trkpt>
      <trkpt lat="42.47472725538814" lon="19.78878313942399">
        <ele>1459</ele>
      </trkpt>
      <trkpt lat="42.47467480450124" lon="19.78871924470722">
        <ele>1459</ele>
      </trkpt>
      <trkpt lat="42.47462235361434" lon="19.78865630364295">
        <ele>1458</ele>
      </trkpt>
      <trkpt lat="42.47452317375548" lon="19.78856761396147">
        <ele>1458</ele>
      </trkpt>
      <trkpt lat="42.47446309364867" lon="19.78846461949265">
        <ele>1456</ele>
      </trkpt>
      <trkpt lat="42.47435819187488" lon="19.78838546633606">
        <ele>1457</ele>
      </trkpt>
      <trkpt lat="42.47435819187488" lon="19.78838546633606">
        <ele>1457</ele>
      </trkpt>
      <trkpt lat="42.47423707800877" lon="19.78840644669082">
        <ele>1462</ele>
      </trkpt>
      <trkpt lat="42.47413980545489" lon="19.78840453938584">
        <ele>1465</ele>
      </trkpt>
      <trkpt lat="42.47404253290101" lon="19.78834064466907">
        <ele>1465</ele>
      </trkpt>
      <trkpt lat="42.47397100896433" lon="19.7883387373641">
        <ele>1466</ele>
      </trkpt>
      <trkpt lat="42.47390043868015" lon="19.78833683005912">
        <ele>1468</ele>
      </trkpt>
      <trkpt lat="42.47382414648102" lon="19.78836734693877">
        <ele>1470</ele>
      </trkpt>
      <trkpt lat="42.47374880793438" lon="19.78839786381842">
        <ele>1472</ele>
      </trkpt>
      <trkpt lat="42.47362674041579" lon="19.78839595651344">
        <ele>1474</ele>
      </trkpt>
      <trkpt lat="42.47350562654968" lon="19.78839500286095">
        <ele>1477</ele>
      </trkpt>
      <trkpt lat="42.47346366584016" lon="19.78831680335685">
        <ele>1476</ele>
      </trkpt>
      <trkpt lat="42.47342265878314" lon="19.78823860385275">
        <ele>1476</ele>
      </trkpt>
      <trkpt lat="42.47341598321572" lon="19.78817661644096">
        <ele>1476</ele>
      </trkpt>
      <trkpt lat="42.47345317566279" lon="19.78814609956131">
        <ele>1475</ele>
      </trkpt>
      <trkpt lat="42.47348178523746" lon="19.78807457562463">
        <ele>1474</ele>
      </trkpt>
      <trkpt lat="42.47346175853519" lon="19.78804978065992">
        <ele>1475</ele>
      </trkpt>
      <trkpt lat="42.47345985123021" lon="19.78798779324813">
        <ele>1475</ele>
      </trkpt>
      <trkpt lat="42.47345794392523" lon="19.78792580583634">
        <ele>1474</ele>
      </trkpt>
      <trkpt lat="42.47344077818043" lon="19.78788098416936">
        <ele>1475</ele>
      </trkpt>
      <trkpt lat="42.47340453938585" lon="19.78785618920465">
        <ele>1476</ele>
      </trkpt>
      <trkpt lat="42.47337879076864" lon="19.78785046728971">
        <ele>1477</ele>
      </trkpt>
      <trkpt lat="42.47331203509441" lon="19.78788003051687">
        <ele>1479</ele>
      </trkpt>
      <trkpt lat="42.47326530612245" lon="19.78782281136753">
        <ele>1479</ele>
      </trkpt>
      <trkpt lat="42.47324527942018" lon="19.78776749952317">
        <ele>1479</ele>
      </trkpt>
      <trkpt lat="42.4732433721152" lon="19.7877293534236">
        <ele>1479</ele>
      </trkpt>
      <trkpt lat="42.47324718672515" lon="19.78768834636658">
        <ele>1479</ele>
      </trkpt>
      <trkpt lat="42.47326721342743" lon="19.78763875643715">
        <ele>1479</ele>
      </trkpt>
      <trkpt lat="42.47326625977494" lon="19.78758725920274">
        <ele>1479</ele>
      </trkpt>
      <trkpt lat="42.4732433721152" lon="19.78752241083349">
        <ele>1479</ele>
      </trkpt>
      <trkpt lat="42.4731565897387" lon="19.78745756246423">
        <ele>1479</ele>
      </trkpt>
      <trkpt lat="42.47306980736219" lon="19.78739366774747">
        <ele>1480</ele>
      </trkpt>
      <trkpt lat="42.47300400534045" lon="19.78738031661262">
        <ele>1480</ele>
      </trkpt>
      <trkpt lat="42.47297253480831" lon="19.7873993896624">
        <ele>1480</ele>
      </trkpt>
      <trkpt lat="42.47290673278657" lon="19.78741941636467">
        <ele>1480</ele>
      </trkpt>
      <trkpt lat="42.47285332824718" lon="19.78740701888231">
        <ele>1480</ele>
      </trkpt>
      <trkpt lat="42.47280373831776" lon="19.78734312416555">
        <ele>1481</ele>
      </trkpt>
      <trkpt lat="42.47271981689872" lon="19.78725634178904">
        <ele>1482</ele>
      </trkpt>
      <trkpt lat="42.47267308792676" lon="19.78724966622162">
        <ele>1482</ele>
      </trkpt>
      <trkpt lat="42.47262921991226" lon="19.78727160022887">
        <ele>1482</ele>
      </trkpt>
      <trkpt lat="42.47258153728781" lon="19.78724680526415">
        <ele>1483</ele>
      </trkpt>
      <trkpt lat="42.47237554835018" lon="19.78698645813465">
        <ele>1486</ele>
      </trkpt>
      <trkpt lat="42.47226683196643" lon="19.78688918558077">
        <ele>1487</ele>
      </trkpt>
      <trkpt lat="42.47220675185962" lon="19.78685580774365">
        <ele>1487</ele>
      </trkpt>
      <trkpt lat="42.47216097654015" lon="19.78681575433911">
        <ele>1487</ele>
      </trkpt>
      <trkpt lat="42.47210947930574" lon="19.78674613770741">
        <ele>1487</ele>
      </trkpt>
      <trkpt lat="42.47205798207133" lon="19.78667652107571">
        <ele>1486</ele>
      </trkpt>
      <trkpt lat="42.4719912263971" lon="19.78656780469196">
        <ele>1486</ele>
      </trkpt>
      <trkpt lat="42.47195880221247" lon="19.78647816135799">
        <ele>1486</ele>
      </trkpt>
      <trkpt lat="42.47192637802785" lon="19.78638947167651">
        <ele>1486</ele>
      </trkpt>
      <trkpt lat="42.47191398054549" lon="19.78630555025748">
        <ele>1487</ele>
      </trkpt>
      <trkpt lat="42.47185866870112" lon="19.78620255578866">
        <ele>1486</ele>
      </trkpt>
      <trkpt lat="42.47170799160786" lon="19.78565325195498">
        <ele>1485</ele>
      </trkpt>
      <trkpt lat="42.47164218958611" lon="19.78521266450505">
        <ele>1487</ele>
      </trkpt>
      <trkpt lat="42.47161834827389" lon="19.78513446500095">
        <ele>1487</ele>
      </trkpt>
      <trkpt lat="42.47159546061415" lon="19.78505721914933">
        <ele>1488</ele>
      </trkpt>
      <trkpt lat="42.47158401678428" lon="19.7849818806027">
        <ele>1488</ele>
      </trkpt>
      <trkpt lat="42.4715735266069" lon="19.78490749570856">
        <ele>1488</ele>
      </trkpt>
      <trkpt lat="42.47156017547206" lon="19.78484455464428">
        <ele>1488</ele>
      </trkpt>
      <trkpt lat="42.4715477779897" lon="19.78478256723249">
        <ele>1488</ele>
      </trkpt>
      <trkpt lat="42.4715134465001" lon="19.78452222010299">
        <ele>1488</ele>
      </trkpt>
      <trkpt lat="42.47150772458516" lon="19.78443734503146">
        <ele>1488</ele>
      </trkpt>
      <trkpt lat="42.47150295632272" lon="19.78435342361243">
        <ele>1488</ele>
      </trkpt>
      <trkpt lat="42.47151249284761" lon="19.7842342170513">
        <ele>1488</ele>
      </trkpt>
      <trkpt lat="42.47149914171276" lon="19.78396814800686">
        <ele>1489</ele>
      </trkpt>
      <trkpt lat="42.471173946214" lon="19.78246233072668">
        <ele>1492</ele>
      </trkpt>
      <trkpt lat="42.4710604615678" lon="19.78201983597176">
        <ele>1494</ele>
      </trkpt>
      <trkpt lat="42.47096318901392" lon="19.78166984550829">
        <ele>1494</ele>
      </trkpt>
      <trkpt lat="42.47082109479306" lon="19.7813208086973">
        <ele>1495</ele>
      </trkpt>
      <trkpt lat="42.47079153156589" lon="19.78121876788098">
        <ele>1496</ele>
      </trkpt>
      <trkpt lat="42.47076292199122" lon="19.78111672706465">
        <ele>1497</ele>
      </trkpt>
      <trkpt lat="42.47074575624642" lon="19.78103852756055">
        <ele>1498</ele>
      </trkpt>
      <trkpt lat="42.47072859050162" lon="19.78096128170894">
        <ele>1499</ele>
      </trkpt>
      <trkpt lat="42.47069807362197" lon="19.78088022124737">
        <ele>1499</ele>
      </trkpt>
      <trkpt lat="42.47066755674232" lon="19.7807991607858">
        <ele>1499</ele>
      </trkpt>
      <trkpt lat="42.47065611291245" lon="19.78072668319664">
        <ele>1500</ele>
      </trkpt>
      <trkpt lat="42.47064466908259" lon="19.78065515925996">
        <ele>1500</ele>
      </trkpt>
      <trkpt lat="42.4706351325577" lon="19.78054930383367">
        <ele>1501</ele>
      </trkpt>
      <trkpt lat="42.4706255960328" lon="19.78044344840739">
        <ele>1501</ele>
      </trkpt>
      <trkpt lat="42.47062654968529" lon="19.78036143429334">
        <ele>1502</ele>
      </trkpt>
      <trkpt lat="42.47062845699027" lon="19.78028037383177">
        <ele>1502</ele>
      </trkpt>
      <trkpt lat="42.47068472248712" lon="19.78020884989509">
        <ele>1504</ele>
      </trkpt>
      <trkpt lat="42.47070665649437" lon="19.78012874308601">
        <ele>1505</ele>
      </trkpt>
      <trkpt lat="42.47072859050162" lon="19.78004958992942">
        <ele>1505</ele>
      </trkpt>
      <trkpt lat="42.47076864390616" lon="19.77999999999999">
        <ele>1506</ele>
      </trkpt>
      <trkpt lat="42.47076864390616" lon="19.78000000000001">
        <ele>1506</ele>
      </trkpt>
      <trkpt lat="42.47083635323288" lon="19.77992370780089">
        <ele>1507</ele>
      </trkpt>
      <trkpt lat="42.47090215525463" lon="19.77986362769408">
        <ele>1508</ele>
      </trkpt>
      <trkpt lat="42.47092981117681" lon="19.77979115010491">
        <ele>1508</ele>
      </trkpt>
      <trkpt lat="42.47096795727636" lon="19.77951459088309">
        <ele>1507</ele>
      </trkpt>
      <trkpt lat="42.47099561319855" lon="19.77944306694641">
        <ele>1507</ele>
      </trkpt>
      <trkpt lat="42.47107190539767" lon="19.77916078580966">
        <ele>1507</ele>
      </trkpt>
      <trkpt lat="42.4711386610719" lon="19.77868109860768">
        <ele>1510</ele>
      </trkpt>
      <trkpt lat="42.47109860766736" lon="19.7786620255579">
        <ele>1509</ele>
      </trkpt>
      <trkpt lat="42.47106332252527" lon="19.77862864772078">
        <ele>1508</ele>
      </trkpt>
      <trkpt lat="42.47094506961663" lon="19.77858764066375">
        <ele>1505</ele>
      </trkpt>
      <trkpt lat="42.4709040625596" lon="19.77856666030899">
        <ele>1504</ele>
      </trkpt>
      <trkpt lat="42.47084779706275" lon="19.77850753385467">
        <ele>1502</ele>
      </trkpt>
      <trkpt lat="42.47077818043105" lon="19.77847224871258">
        <ele>1502</ele>
      </trkpt>
      <trkpt lat="42.47069235170704" lon="19.77846557314516">
        <ele>1503</ele>
      </trkpt>
      <trkpt lat="42.47060175472058" lon="19.77844745374787">
        <ele>1503</ele>
      </trkpt>
      <trkpt lat="42.47055693305359" lon="19.77842933435057">
        <ele>1503</ele>
      </trkpt>
      <trkpt lat="42.47050066755674" lon="19.7783749761587">
        <ele>1504</ele>
      </trkpt>
      <trkpt lat="42.47038527560557" lon="19.77832633988176">
        <ele>1505</ele>
      </trkpt>
      <trkpt lat="42.47032138088881" lon="19.77826339881748">
        <ele>1506</ele>
      </trkpt>
      <trkpt lat="42.47027942017929" lon="19.77825672325006">
        <ele>1507</ele>
      </trkpt>
      <trkpt lat="42.46987507152394" lon="19.77810890711426">
        <ele>1511</ele>
      </trkpt>
      <trkpt lat="42.4698083158497" lon="19.77810032424185">
        <ele>1512</ele>
      </trkpt>
      <trkpt lat="42.46974156017547" lon="19.77809269502194">
        <ele>1512</ele>
      </trkpt>
      <trkpt lat="42.46967194354377" lon="19.77807648292963">
        <ele>1513</ele>
      </trkpt>
      <trkpt lat="42.46960328056456" lon="19.77806122448981">
        <ele>1514</ele>
      </trkpt>
      <trkpt lat="42.46949170322335" lon="19.77804501239749">
        <ele>1515</ele>
      </trkpt>
      <trkpt lat="42.46941541102422" lon="19.77802021743278">
        <ele>1516</ele>
      </trkpt>
      <trkpt lat="42.4693477016975" lon="19.77799637612055">
        <ele>1516</ele>
      </trkpt>
      <trkpt lat="42.46928094602327" lon="19.77797253480833">
        <ele>1517</ele>
      </trkpt>
      <trkpt lat="42.46921514400152" lon="19.77792103757392">
        <ele>1517</ele>
      </trkpt>
      <trkpt lat="42.4691474346748" lon="19.77789338165174">
        <ele>1518</ele>
      </trkpt>
      <trkpt lat="42.46907972534808" lon="19.77786667938204">
        <ele>1519</ele>
      </trkpt>
      <trkpt lat="42.46899580392905" lon="19.77784188441733">
        <ele>1521</ele>
      </trkpt>
      <trkpt lat="42.46893667747473" lon="19.7778094602327">
        <ele>1521</ele>
      </trkpt>
      <trkpt lat="42.46885847797063" lon="19.77778466526799">
        <ele>1523</ele>
      </trkpt>
      <trkpt lat="42.46876406637421" lon="19.77777512874309">
        <ele>1524</ele>
      </trkpt>
      <trkpt lat="42.468695403395" lon="19.77775605569332">
        <ele>1525</ele>
      </trkpt>
      <trkpt lat="42.46861625023841" lon="19.77774747282091">
        <ele>1526</ele>
      </trkpt>
      <trkpt lat="42.46853805073431" lon="19.777739843601">
        <ele>1527</ele>
      </trkpt>
      <trkpt lat="42.46850085828724" lon="19.77771028037384">
        <ele>1528</ele>
      </trkpt>
      <trkpt lat="42.46847510967004" lon="19.7776358954797">
        <ele>1527</ele>
      </trkpt>
      <trkpt lat="42.46845508296776" lon="19.77762635895481">
        <ele>1527</ele>
      </trkpt>
      <trkpt lat="42.46843219530803" lon="19.77763971008966">
        <ele>1528</ele>
      </trkpt>
      <trkpt lat="42.46841884417318" lon="19.77765878313943">
        <ele>1528</ele>
      </trkpt>
      <trkpt lat="42.4683826053786" lon="19.77763017356476">
        <ele>1528</ele>
      </trkpt>
      <trkpt lat="42.46836734693878" lon="19.7776358954797">
        <ele>1529</ele>
      </trkpt>
      <trkpt lat="42.46835113484646" lon="19.77766259774939">
        <ele>1529</ele>
      </trkpt>
      <trkpt lat="42.4683301544917" lon="19.7776788098417">
        <ele>1530</ele>
      </trkpt>
      <trkpt lat="42.46830535952699" lon="19.77768071714668">
        <ele>1530</ele>
      </trkpt>
      <trkpt lat="42.46828819378219" lon="19.77764543200459">
        <ele>1529</ele>
      </trkpt>
      <trkpt lat="42.46825481594507" lon="19.77761968338739">
        <ele>1529</ele>
      </trkpt>
      <trkpt lat="42.46816898722106" lon="19.77758725920276">
        <ele>1529</ele>
      </trkpt>
      <trkpt lat="42.46806408544726" lon="19.77755483501813">
        <ele>1528</ele>
      </trkpt>
      <trkpt lat="42.46795918367347" lon="19.77753480831586">
        <ele>1527</ele>
      </trkpt>
      <trkpt lat="42.46787716955941" lon="19.77751478161359">
        <ele>1527</ele>
      </trkpt>
      <trkpt lat="42.46779515544535" lon="19.77749475491132">
        <ele>1527</ele>
      </trkpt>
      <trkpt lat="42.46769979019645" lon="19.77746233072669">
        <ele>1527</ele>
      </trkpt>
      <trkpt lat="42.46759012016021" lon="19.7773831775701">
        <ele>1528</ele>
      </trkpt>
      <trkpt lat="42.46748045012397" lon="19.777304978066">
        <ele>1529</ele>
      </trkpt>
      <trkpt lat="42.46735933625786" lon="19.77726492466146">
        <ele>1529</ele>
      </trkpt>
      <trkpt lat="42.46723822239176" lon="19.77722487125692">
        <ele>1529</ele>
      </trkpt>
      <trkpt lat="42.46682529086401" lon="19.77715048636278">
        <ele>1528</ele>
      </trkpt>
      <trkpt lat="42.46672801831013" lon="19.77711138661073">
        <ele>1527</ele>
      </trkpt>
      <trkpt lat="42.46663074575625" lon="19.77707228685868">
        <ele>1527</ele>
      </trkpt>
      <trkpt lat="42.46656112912454" lon="19.77703700171659">
        <ele>1526</ele>
      </trkpt>
      <trkpt lat="42.46649151249284" lon="19.77700171657449">
        <ele>1526</ele>
      </trkpt>
      <trkpt lat="42.46639900820141" lon="19.77692828533284">
        <ele>1525</ele>
      </trkpt>
      <trkpt lat="42.46630650390998" lon="19.77685485409118">
        <ele>1525</ele>
      </trkpt>
      <trkpt lat="42.46624547015067" lon="19.77684341026131">
        <ele>1525</ele>
      </trkpt>
      <trkpt lat="42.46616440968911" lon="19.77679382033188">
        <ele>1525</ele>
      </trkpt>
      <trkpt lat="42.46608334922754" lon="19.77672611100516">
        <ele>1524</ele>
      </trkpt>
      <trkpt lat="42.46598607667366" lon="19.77667842838071">
        <ele>1524</ele>
      </trkpt>
      <trkpt lat="42.46588975777227" lon="19.77663074575626">
        <ele>1525</ele>
      </trkpt>
      <trkpt lat="42.46584302880031" lon="19.77659736791914">
        <ele>1526</ele>
      </trkpt>
      <trkpt lat="42.46577722677856" lon="19.77653442685487">
        <ele>1526</ele>
      </trkpt>
      <trkpt lat="42.46571142475682" lon="19.77647148579059">
        <ele>1527</ele>
      </trkpt>
      <trkpt lat="42.46568090787717" lon="19.77648388327295">
        <ele>1527</ele>
      </trkpt>
      <trkpt lat="42.46563227160023" lon="19.7765144001526">
        <ele>1527</ele>
      </trkpt>
      <trkpt lat="42.46561129124547" lon="19.7765401487698">
        <ele>1527</ele>
      </trkpt>
      <trkpt lat="42.46558458897577" lon="19.77655159259967">
        <ele>1527</ele>
      </trkpt>
      <trkpt lat="42.4655302307839" lon="19.7765487316422">
        <ele>1527</ele>
      </trkpt>
      <trkpt lat="42.46545107762731" lon="19.77653061224491">
        <ele>1527</ele>
      </trkpt>
      <trkpt lat="42.46535571237841" lon="19.77651821476255">
        <ele>1528</ele>
      </trkpt>
      <trkpt lat="42.46528132748426" lon="19.77654396337975">
        <ele>1528</ele>
      </trkpt>
      <trkpt lat="42.46519454510776" lon="19.77651821476255">
        <ele>1528</ele>
      </trkpt>
      <trkpt lat="42.46515258439825" lon="19.77648865153539">
        <ele>1528</ele>
      </trkpt>
      <trkpt lat="42.46507533854663" lon="19.77641235933627">
        <ele>1528</ele>
      </trkpt>
      <trkpt lat="42.46505531184436" lon="19.77639900820142">
        <ele>1528</ele>
      </trkpt>
      <trkpt lat="42.46502479496471" lon="19.776392332634">
        <ele>1528</ele>
      </trkpt>
      <trkpt lat="42.46475491131032" lon="19.77637993515164">
        <ele>1530</ele>
      </trkpt>
      <trkpt lat="42.46465000953653" lon="19.77639042532902">
        <ele>1530</ele>
      </trkpt>
      <trkpt lat="42.46459755864963" lon="19.77640473011635">
        <ele>1531</ele>
      </trkpt>
      <trkpt lat="42.46454320045775" lon="19.77644096891094">
        <ele>1531</ele>
      </trkpt>
      <trkpt lat="42.46450028609575" lon="19.77646004196072">
        <ele>1531</ele>
      </trkpt>
      <trkpt lat="42.46448407400343" lon="19.77644669082587">
        <ele>1531</ele>
      </trkpt>
      <trkpt lat="42.46446404730116" lon="19.77641522029374">
        <ele>1531</ele>
      </trkpt>
      <trkpt lat="42.46442017928667" lon="19.776392332634">
        <ele>1532</ele>
      </trkpt>
      <trkpt lat="42.46436200648483" lon="19.77638184245662">
        <ele>1532</ele>
      </trkpt>
      <trkpt lat="42.46428762159069" lon="19.77638851802404">
        <ele>1532</ele>
      </trkpt>
      <trkpt lat="42.46421419034903" lon="19.77638184245662">
        <ele>1533</ele>
      </trkpt>
      <trkpt lat="42.46414075910738" lon="19.7763751668892">
        <ele>1533</ele>
      </trkpt>
      <trkpt lat="42.46405111577341" lon="19.77637421323671">
        <ele>1535</ele>
      </trkpt>
      <trkpt lat="42.46394239938966" lon="19.77629315277514">
        <ele>1536</ele>
      </trkpt>
      <trkpt lat="42.46392332633988" lon="19.77626454320047">
        <ele>1536</ele>
      </trkpt>
      <trkpt lat="42.46389948502765" lon="19.77625596032806">
        <ele>1537</ele>
      </trkpt>
      <trkpt lat="42.46384608048827" lon="19.77626931146291">
        <ele>1538</ele>
      </trkpt>
      <trkpt lat="42.46381270265115" lon="19.77625119206562">
        <ele>1538</ele>
      </trkpt>
      <trkpt lat="42.46369444974251" lon="19.77613293915698">
        <ele>1539</ele>
      </trkpt>
      <trkpt lat="42.46358954796872" lon="19.77609574670991">
        <ele>1540</ele>
      </trkpt>
      <trkpt lat="42.46348464619493" lon="19.77605950791533">
        <ele>1541</ele>
      </trkpt>
      <trkpt lat="42.46344745374785" lon="19.77605760061035">
        <ele>1541</ele>
      </trkpt>
      <trkpt lat="42.46340453938585" lon="19.77599656685105">
        <ele>1541</ele>
      </trkpt>
      <trkpt lat="42.46338355903109" lon="19.77592599656686">
        <ele>1540</ele>
      </trkpt>
      <trkpt lat="42.46330917413695" lon="19.77586114819761">
        <ele>1540</ele>
      </trkpt>
      <trkpt lat="42.46319568949075" lon="19.77580392904827">
        <ele>1542</ele>
      </trkpt>
      <trkpt lat="42.46307648292962" lon="19.77571905397674">
        <ele>1544</ele>
      </trkpt>
      <trkpt lat="42.46297634941827" lon="19.77573908067901">
        <ele>1547</ele>
      </trkpt>
      <trkpt lat="42.46289052069426" lon="19.77574384894146">
        <ele>1549</ele>
      </trkpt>
      <trkpt lat="42.46284951363723" lon="19.77575815372879">
        <ele>1550</ele>
      </trkpt>
      <trkpt lat="42.46282185771505" lon="19.77575529277133">
        <ele>1550</ele>
      </trkpt>
      <trkpt lat="42.4627999237078" lon="19.77571237840932">
        <ele>1550</ele>
      </trkpt>
      <trkpt lat="42.46271600228877" lon="19.775696166317">
        <ele>1552</ele>
      </trkpt>
      <trkpt lat="42.46266450505436" lon="19.77566851039482">
        <ele>1552</ele>
      </trkpt>
      <trkpt lat="42.46257295441541" lon="19.77567137135229">
        <ele>1555</ele>
      </trkpt>
      <trkpt lat="42.46248235742895" lon="19.77567518596225">
        <ele>1557</ele>
      </trkpt>
      <trkpt lat="42.46244707228686" lon="19.77566660308985">
        <ele>1557</ele>
      </trkpt>
      <trkpt lat="42.46238127026511" lon="19.77567327865727">
        <ele>1558</ele>
      </trkpt>
      <trkpt lat="42.46230593171848" lon="19.77565039099753">
        <ele>1559</ele>
      </trkpt>
      <trkpt lat="42.46221247377456" lon="19.77564848369255">
        <ele>1561</ele>
      </trkpt>
      <trkpt lat="42.46211996948312" lon="19.77564657638758">
        <ele>1562</ele>
      </trkpt>
      <trkpt lat="42.4620694259012" lon="19.77565229830251">
        <ele>1563</ele>
      </trkpt>
      <trkpt lat="42.46201316040435" lon="19.77567423230976">
        <ele>1565</ele>
      </trkpt>
      <trkpt lat="42.46191111958802" lon="19.77565992752242">
        <ele>1566</ele>
      </trkpt>
      <trkpt lat="42.46187297348846" lon="19.77567613961473">
        <ele>1567</ele>
      </trkpt>
      <trkpt lat="42.46177951554454" lon="19.77565611291246">
        <ele>1568</ele>
      </trkpt>
      <trkpt lat="42.46170703795537" lon="19.77562750333779">
        <ele>1569</ele>
      </trkpt>
      <trkpt lat="42.4616345603662" lon="19.77559984741561">
        <ele>1570</ele>
      </trkpt>
      <trkpt lat="42.46152012206752" lon="19.77558840358574">
        <ele>1573</ele>
      </trkpt>
      <trkpt lat="42.46146767118062" lon="19.77557028418845">
        <ele>1574</ele>
      </trkpt>
      <trkpt lat="42.461435246996" lon="19.7755664695785">
        <ele>1575</ele>
      </trkpt>
      <trkpt lat="42.46135800114438" lon="19.77551306503911">
        <ele>1576</ele>
      </trkpt>
      <trkpt lat="42.46129315277513" lon="19.77549971390426">
        <ele>1577</ele>
      </trkpt>
      <trkpt lat="42.46117871447645" lon="19.77542246805265">
        <ele>1579</ele>
      </trkpt>
      <trkpt lat="42.46115296585924" lon="19.77539099752051">
        <ele>1579</ele>
      </trkpt>
      <trkpt lat="42.46109002479496" lon="19.77535857333589">
        <ele>1580</ele>
      </trkpt>
      <trkpt lat="42.4610261300782" lon="19.77533854663362">
        <ele>1581</ele>
      </trkpt>
      <trkpt lat="42.46096223536144" lon="19.77531947358383">
        <ele>1583</ele>
      </trkpt>
      <trkpt lat="42.46092790387183" lon="19.77528514209423">
        <ele>1583</ele>
      </trkpt>
      <trkpt lat="42.46087926759489" lon="19.77520789624262">
        <ele>1582</ele>
      </trkpt>
      <trkpt lat="42.46078580965096" lon="19.77516212092315">
        <ele>1583</ele>
      </trkpt>
      <trkpt lat="42.46069235170704" lon="19.77511729925616">
        <ele>1585</ele>
      </trkpt>
      <trkpt lat="42.46063894716765" lon="19.77510871638376">
        <ele>1586</ele>
      </trkpt>
      <trkpt lat="42.46055597940111" lon="19.77507533854664">
        <ele>1587</ele>
      </trkpt>
      <trkpt lat="42.46047396528705" lon="19.77504291436202">
        <ele>1589</ele>
      </trkpt>
      <trkpt lat="42.46044630936487" lon="19.77505245088691">
        <ele>1590</ele>
      </trkpt>
      <trkpt lat="42.46040816326531" lon="19.77502956322717">
        <ele>1590</ele>
      </trkpt>
      <trkpt lat="42.46029467861911" lon="19.77498664886516">
        <ele>1593</ele>
      </trkpt>
      <trkpt lat="42.46025843982453" lon="19.77496280755294">
        <ele>1594</ele>
      </trkpt>
      <trkpt lat="42.46015258439824" lon="19.77496662216289">
        <ele>1597</ele>
      </trkpt>
      <trkpt lat="42.46016021361816" lon="19.77502765592219">
        <ele>1597</ele>
      </trkpt>
      <trkpt lat="42.46014495517833" lon="19.77504291436202">
        <ele>1598</ele>
      </trkpt>
      <trkpt lat="42.46009727255388" lon="19.77500572191494">
        <ele>1598</ele>
      </trkpt>
      <trkpt lat="42.46007724585161" lon="19.77499809269503">
        <ele>1599</ele>
      </trkpt>
      <trkpt lat="42.4600781995041" lon="19.775044821667">
        <ele>1600</ele>
      </trkpt>
      <trkpt lat="42.46006008010681" lon="19.775044821667">
        <ele>1601</ele>
      </trkpt>
      <trkpt lat="42.46" lon="19.7749752050353">
        <ele>1601</ele>
      </trkpt>
      <trkpt lat="42.45999999999999" lon="19.7749752050353">
        <ele>1601</ele>
      </trkpt>
      <trkpt lat="42.45998569521265" lon="19.77495613198552">
        <ele>1601</ele>
      </trkpt>
      <trkpt lat="42.45996566851039" lon="19.77494278085067">
        <ele>1602</ele>
      </trkpt>
      <trkpt lat="42.45990463475108" lon="19.77492942971582">
        <ele>1604</ele>
      </trkpt>
      <trkpt lat="42.45988746900628" lon="19.77494564180813">
        <ele>1605</ele>
      </trkpt>
      <trkpt lat="42.45986362769406" lon="19.77493896624071">
        <ele>1605</ele>
      </trkpt>
      <trkpt lat="42.45984836925423" lon="19.77494373450316">
        <ele>1606</ele>
      </trkpt>
      <trkpt lat="42.45984360099179" lon="19.77500858287241">
        <ele>1606</ele>
      </trkpt>
      <trkpt lat="42.45983692542436" lon="19.77502098035477">
        <ele>1607</ele>
      </trkpt>
      <trkpt lat="42.45981975967956" lon="19.77501144382988">
        <ele>1607</ele>
      </trkpt>
      <trkpt lat="42.45979210375738" lon="19.77497615868779">
        <ele>1608</ele>
      </trkpt>
      <trkpt lat="42.4597730307076" lon="19.77497234407783">
        <ele>1608</ele>
      </trkpt>
      <trkpt lat="42.45976063322524" lon="19.77499809269503">
        <ele>1609</ele>
      </trkpt>
      <trkpt lat="42.45972630173564" lon="19.77498664886516">
        <ele>1610</ele>
      </trkpt>
      <trkpt lat="42.45969864581345" lon="19.77499141712761">
        <ele>1611</ele>
      </trkpt>
      <trkpt lat="42.4596776654587" lon="19.77501525843984">
        <ele>1612</ele>
      </trkpt>
      <trkpt lat="42.45964810223153" lon="19.77502479496473">
        <ele>1613</ele>
      </trkpt>
      <trkpt lat="42.45960041960709" lon="19.7750619874118">
        <ele>1615</ele>
      </trkpt>
      <trkpt lat="42.45955750524508" lon="19.77507343124167">
        <ele>1617</ele>
      </trkpt>
      <trkpt lat="42.45949837879076" lon="19.77502956322717">
        <ele>1618</ele>
      </trkpt>
      <trkpt lat="42.45945260347128" lon="19.7750181193973">
        <ele>1619</ele>
      </trkpt>
      <trkpt lat="42.45939633797443" lon="19.77498474156019">
        <ele>1620</ele>
      </trkpt>
      <trkpt lat="42.45929906542055" lon="19.77488174709137">
        <ele>1624</ele>
      </trkpt>
      <trkpt lat="42.45929906542055" lon="19.77488174709137">
        <ele>1624</ele>
      </trkpt>
      <trkpt lat="42.45916078580964" lon="19.77459851230213">
        <ele>1630</ele>
      </trkpt>
      <trkpt lat="42.45913408353994" lon="19.77448979591838">
        <ele>1631</ele>
      </trkpt>
      <trkpt lat="42.45910738127025" lon="19.77438203318712">
        <ele>1633</ele>
      </trkpt>
      <trkpt lat="42.45910928857523" lon="19.77434960900249">
        <ele>1633</ele>
      </trkpt>
      <trkpt lat="42.45913312988746" lon="19.77427808506581">
        <ele>1633</ele>
      </trkpt>
      <trkpt lat="42.45915792485217" lon="19.77420656112913">
        <ele>1633</ele>
      </trkpt>
      <trkpt lat="42.45917509059697" lon="19.77416173946215">
        <ele>1633</ele>
      </trkpt>
      <trkpt lat="42.45922181956894" lon="19.77407781804311">
        <ele>1634</ele>
      </trkpt>
      <trkpt lat="42.45924566088117" lon="19.77401010871639">
        <ele>1636</ele>
      </trkpt>
      <trkpt lat="42.45925615105854" lon="19.77394430669465">
        <ele>1638</ele>
      </trkpt>
      <trkpt lat="42.45923517070378" lon="19.77395670417701">
        <ele>1638</ele>
      </trkpt>
      <trkpt lat="42.45921323669653" lon="19.77395861148199">
        <ele>1639</ele>
      </trkpt>
      <trkpt lat="42.45920083921418" lon="19.77395288956705">
        <ele>1640</ele>
      </trkpt>
      <trkpt lat="42.45925233644859" lon="19.77386896814802">
        <ele>1641</ele>
      </trkpt>
      <trkpt lat="42.45928285332823" lon="19.773783139424">
        <ele>1643</ele>
      </trkpt>
      <trkpt lat="42.45931337020789" lon="19.77369731069999">
        <ele>1645</ele>
      </trkpt>
      <trkpt lat="42.45929906542055" lon="19.77365153538052">
        <ele>1648</ele>
      </trkpt>
      <trkpt lat="42.45927808506579" lon="19.77364009155065">
        <ele>1649</ele>
      </trkpt>
      <trkpt lat="42.45926759488841" lon="19.77360766736602">
        <ele>1650</ele>
      </trkpt>
      <trkpt lat="42.45927331680335" lon="19.77356666030899">
        <ele>1652</ele>
      </trkpt>
      <trkpt lat="42.45930669464046" lon="19.7734703414076">
        <ele>1654</ele>
      </trkpt>
      <trkpt lat="42.45934007247758" lon="19.7733749761587">
        <ele>1657</ele>
      </trkpt>
      <trkpt lat="42.45936486744229" lon="19.77328724012971">
        <ele>1660</ele>
      </trkpt>
      <trkpt lat="42.45938966240701" lon="19.77319950410072">
        <ele>1664</ele>
      </trkpt>
      <trkpt lat="42.45938966240701" lon="19.77319950410072">
        <ele>1664</ele>
      </trkpt>
      <trkpt lat="42.45939443066946" lon="19.77312798016404">
        <ele>1667</ele>
      </trkpt>
      <trkpt lat="42.45939443066946" lon="19.77312798016404">
        <ele>1667</ele>
      </trkpt>
      <trkpt lat="42.45929238985313" lon="19.77306980736221">
        <ele>1672</ele>
      </trkpt>
      <trkpt lat="42.4591989319092" lon="19.77302498569522">
        <ele>1676</ele>
      </trkpt>
      <trkpt lat="42.45910165935532" lon="19.77294392523365">
        <ele>1680</ele>
      </trkpt>
      <trkpt lat="42.45905016212091" lon="19.77291340835401">
        <ele>1681</ele>
      </trkpt>
      <trkpt lat="42.45895098226205" lon="19.77286763303453">
        <ele>1682</ele>
      </trkpt>
      <trkpt lat="42.45889948502764" lon="19.77285618920466">
        <ele>1683</ele>
      </trkpt>
      <trkpt lat="42.45882319282853" lon="19.77285142094222">
        <ele>1682</ele>
      </trkpt>
      <trkpt lat="42.45877646385656" lon="19.77283139423995">
        <ele>1683</ele>
      </trkpt>
      <trkpt lat="42.45873354949455" lon="19.7728008773603">
        <ele>1683</ele>
      </trkpt>
      <trkpt lat="42.45873354949455" lon="19.7728008773603">
        <ele>1683</ele>
      </trkpt>
      <trkpt lat="42.45847987793247" lon="19.77256055693307">
        <ele>1686</ele>
      </trkpt>
      <trkpt lat="42.45827007438488" lon="19.77246233072669">
        <ele>1685</ele>
      </trkpt>
      <trkpt lat="42.45819092122829" lon="19.77233930955561">
        <ele>1688</ele>
      </trkpt>
      <trkpt lat="42.45781899675757" lon="19.77213427427047">
        <ele>1690</ele>
      </trkpt>
      <trkpt lat="42.45740511157733" lon="19.77202937249667">
        <ele>1689</ele>
      </trkpt>
      <trkpt lat="42.45705798207132" lon="19.7721571619302">
        <ele>1686</ele>
      </trkpt>
      <trkpt lat="42.45669940873545" lon="19.77208277703606">
        <ele>1688</ele>
      </trkpt>
      <trkpt lat="42.45669940873545" lon="19.77208277703606">
        <ele>1688</ele>
      </trkpt>
      <trkpt lat="42.45658497043676" lon="19.77196261682244">
        <ele>1687</ele>
      </trkpt>
      <trkpt lat="42.45640949837878" lon="19.77195689490751">
        <ele>1687</ele>
      </trkpt>
      <trkpt lat="42.45627026511538" lon="19.77208277703606">
        <ele>1688</ele>
      </trkpt>
      <trkpt lat="42.45600896433339" lon="19.77226015639902">
        <ele>1690</ele>
      </trkpt>
      <trkpt lat="42.45600896433339" lon="19.77226015639902">
        <ele>1690</ele>
      </trkpt>
      <trkpt lat="42.45598226206369" lon="19.7722963951936">
        <ele>1691</ele>
      </trkpt>
      <trkpt lat="42.45598416936867" lon="19.77240225061988">
        <ele>1692</ele>
      </trkpt>
      <trkpt lat="42.45588212855235" lon="19.77242132366966">
        <ele>1693</ele>
      </trkpt>
      <trkpt lat="42.45581823383558" lon="19.77241655540722">
        <ele>1693</ele>
      </trkpt>
      <trkpt lat="42.45576864390615" lon="19.77239843600993">
        <ele>1693</ele>
      </trkpt>
      <trkpt lat="42.45573145145908" lon="19.77236887278277">
        <ele>1693</ele>
      </trkpt>
      <trkpt lat="42.45561129124546" lon="19.77239843600993">
        <ele>1694</ele>
      </trkpt>
      <trkpt lat="42.45554262826625" lon="19.77239748235744">
        <ele>1694</ele>
      </trkpt>
      <trkpt lat="42.45548731642189" lon="19.77237078008775">
        <ele>1694</ele>
      </trkpt>
      <trkpt lat="42.4554081632653" lon="19.77237173374024">
        <ele>1695</ele>
      </trkpt>
      <trkpt lat="42.45532805645622" lon="19.77239176044251">
        <ele>1696</ele>
      </trkpt>
      <trkpt lat="42.45507343124164" lon="19.7723221438108">
        <ele>1697</ele>
      </trkpt>
      <trkpt lat="42.45498188060269" lon="19.77232977303072">
        <ele>1698</ele>
      </trkpt>
      <trkpt lat="42.4548950982262" lon="19.77229353423613">
        <ele>1700</ele>
      </trkpt>
      <trkpt lat="42.45482166698454" lon="19.77229258058365">
        <ele>1702</ele>
      </trkpt>
      <trkpt lat="42.45474918939537" lon="19.77229258058365">
        <ele>1704</ele>
      </trkpt>
      <trkpt lat="42.45469101659354" lon="19.77225348083159">
        <ele>1706</ele>
      </trkpt>
      <trkpt lat="42.45464810223154" lon="19.77218863246234">
        <ele>1706</ele>
      </trkpt>
      <trkpt lat="42.45463093648673" lon="19.77210375739082">
        <ele>1705</ele>
      </trkpt>
      <trkpt lat="42.45460995613197" lon="19.77205130650392">
        <ele>1705</ele>
      </trkpt>
      <trkpt lat="42.45458420751477" lon="19.7720093457944">
        <ele>1705</ele>
      </trkpt>
      <trkpt lat="42.45451935914551" lon="19.77194163646768">
        <ele>1705</ele>
      </trkpt>
      <trkpt lat="42.45441541102421" lon="19.77185103948122">
        <ele>1706</ele>
      </trkpt>
      <trkpt lat="42.45431813847033" lon="19.77179668128935">
        <ele>1707</ele>
      </trkpt>
      <trkpt lat="42.45422086591645" lon="19.77174232309747">
        <ele>1708</ele>
      </trkpt>
      <trkpt lat="42.45414838832728" lon="19.77168605760062">
        <ele>1708</ele>
      </trkpt>
      <trkpt lat="42.45407591073812" lon="19.77162979210377">
        <ele>1709</ele>
      </trkpt>
      <trkpt lat="42.45399580392904" lon="19.77160213618158">
        <ele>1711</ele>
      </trkpt>
      <trkpt lat="42.45391665077245" lon="19.77148960518788">
        <ele>1710</ele>
      </trkpt>
      <trkpt lat="42.45383845126835" lon="19.771392332634">
        <ele>1710</ele>
      </trkpt>
      <trkpt lat="42.45379267594888" lon="19.77127121876789">
        <ele>1709</ele>
      </trkpt>
      <trkpt lat="42.45374022506198" lon="19.77118920465383">
        <ele>1708</ele>
      </trkpt>
      <trkpt lat="42.45368109860765" lon="19.77111863436965">
        <ele>1708</ele>
      </trkpt>
      <trkpt lat="42.45362292580582" lon="19.77104806408546">
        <ele>1708</ele>
      </trkpt>
      <trkpt lat="42.45352756055692" lon="19.77096986458136">
        <ele>1708</ele>
      </trkpt>
      <trkpt lat="42.45346557314514" lon="19.77092695021935">
        <ele>1709</ele>
      </trkpt>
      <trkpt lat="42.45332729353422" lon="19.77085733358765">
        <ele>1710</ele>
      </trkpt>
      <trkpt lat="42.45327484264732" lon="19.77082490940303">
        <ele>1710</ele>
      </trkpt>
      <trkpt lat="42.45321476254052" lon="19.77077341216862">
        <ele>1709</ele>
      </trkpt>
      <trkpt lat="42.45318519931336" lon="19.77076769025368">
        <ele>1710</ele>
      </trkpt>
      <trkpt lat="42.45314514590882" lon="19.77077722677857">
        <ele>1710</ele>
      </trkpt>
      <trkpt lat="42.45307648292961" lon="19.77080679000573">
        <ele>1712</ele>
      </trkpt>
      <trkpt lat="42.4530078199504" lon="19.77083730688538">
        <ele>1713</ele>
      </trkpt>
      <trkpt lat="42.45298493229066" lon="19.770826816708">
        <ele>1713</ele>
      </trkpt>
      <trkpt lat="42.45295060080106" lon="19.77079343887089">
        <ele>1713</ele>
      </trkpt>
      <trkpt lat="42.45294011062368" lon="19.77072096128172">
        <ele>1712</ele>
      </trkpt>
      <trkpt lat="42.45291150104901" lon="19.77069807362198">
        <ele>1712</ele>
      </trkpt>
      <trkpt lat="42.4528943353042" lon="19.77072191493421">
        <ele>1712</ele>
      </trkpt>
      <trkpt lat="42.45285905016211" lon="19.77067995422469">
        <ele>1712</ele>
      </trkpt>
      <trkpt lat="42.45278561892045" lon="19.77064848369255">
        <ele>1713</ele>
      </trkpt>
      <trkpt lat="42.45273030707609" lon="19.77064371543011">
        <ele>1713</ele>
      </trkpt>
      <trkpt lat="42.45264829296203" lon="19.77057695975587">
        <ele>1714</ele>
      </trkpt>
      <trkpt lat="42.45262063703985" lon="19.77057982071334">
        <ele>1714</ele>
      </trkpt>
      <trkpt lat="42.45258439824527" lon="19.7705397673088">
        <ele>1714</ele>
      </trkpt>
      <trkpt lat="42.45252813274841" lon="19.77041960709519">
        <ele>1714</ele>
      </trkpt>
      <trkpt lat="42.45247663551401" lon="19.77037573908069">
        <ele>1716</ele>
      </trkpt>
      <trkpt lat="42.45246519168414" lon="19.77032233454131">
        <ele>1716</ele>
      </trkpt>
      <trkpt lat="42.45246995994658" lon="19.77027655922183">
        <ele>1715</ele>
      </trkpt>
      <trkpt lat="42.45243276749951" lon="19.77024699599467">
        <ele>1716</ele>
      </trkpt>
      <trkpt lat="42.4523993896624" lon="19.77020026702271">
        <ele>1717</ele>
      </trkpt>
      <trkpt lat="42.45236124356283" lon="19.770087736029">
        <ele>1718</ele>
      </trkpt>
      <trkpt lat="42.45231069998091" lon="19.77000762921992">
        <ele>1720</ele>
      </trkpt>
      <trkpt lat="42.45228209040624" lon="19.76991321762351">
        <ele>1721</ele>
      </trkpt>
      <trkpt lat="42.45227636849131" lon="19.76985409116919">
        <ele>1721</ele>
      </trkpt>
      <trkpt lat="42.45223822239175" lon="19.76975777226779">
        <ele>1723</ele>
      </trkpt>
      <trkpt lat="42.45223822239175" lon="19.7697053213809">
        <ele>1723</ele>
      </trkpt>
      <trkpt lat="42.45222582490939" lon="19.76962330726684">
        <ele>1723</ele>
      </trkpt>
      <trkpt lat="42.45219530802974" lon="19.76954129315278">
        <ele>1724</ele>
      </trkpt>
      <trkpt lat="42.45216574480258" lon="19.76946023269122">
        <ele>1726</ele>
      </trkpt>
      <trkpt lat="42.45215144001525" lon="19.76937821857716">
        <ele>1726</ele>
      </trkpt>
      <trkpt lat="42.45215144001525" lon="19.769305740988">
        <ele>1726</ele>
      </trkpt>
      <trkpt lat="42.45214476444782" lon="19.76923993896625">
        <ele>1726</ele>
      </trkpt>
      <trkpt lat="42.4521380888804" lon="19.76917413694451">
        <ele>1727</ele>
      </trkpt>
      <trkpt lat="42.45208945260346" lon="19.76911024222774">
        <ele>1728</ele>
      </trkpt>
      <trkpt lat="42.4520684722487" lon="19.76906065229831">
        <ele>1728</ele>
      </trkpt>
      <trkpt lat="42.45203223345412" lon="19.76901773793631">
        <ele>1729</ele>
      </trkpt>
      <trkpt lat="42.45200553118443" lon="19.76900820141142">
        <ele>1730</ele>
      </trkpt>
      <trkpt lat="42.45192447072286" lon="19.76900438680146">
        <ele>1732</ele>
      </trkpt>
      <trkpt lat="42.45186152965858" lon="19.76902441350373">
        <ele>1734</ele>
      </trkpt>
      <trkpt lat="42.45182052260155" lon="19.76908163265307">
        <ele>1736</ele>
      </trkpt>
      <trkpt lat="42.4517814228495" lon="19.76907781804312">
        <ele>1737</ele>
      </trkpt>
      <trkpt lat="42.45177665458706" lon="19.76903013541866">
        <ele>1737</ele>
      </trkpt>
      <trkpt lat="42.45178237650199" lon="19.7689748235743">
        <ele>1736</ele>
      </trkpt>
      <trkpt lat="42.45172611100514" lon="19.76888613389282">
        <ele>1738</ele>
      </trkpt>
      <trkpt lat="42.45169273316802" lon="19.76887659736793">
        <ele>1739</ele>
      </trkpt>
      <trkpt lat="42.45166221628838" lon="19.76888613389282">
        <ele>1739</ele>
      </trkpt>
      <trkpt lat="42.45161358001143" lon="19.76895956513448">
        <ele>1739</ele>
      </trkpt>
      <trkpt lat="42.4515468243372" lon="19.76902059889377">
        <ele>1738</ele>
      </trkpt>
      <trkpt lat="42.45154300972725" lon="19.76905493038338">
        <ele>1738</ele>
      </trkpt>
      <trkpt lat="42.45155063894715" lon="19.76908449361054">
        <ele>1739</ele>
      </trkpt>
      <trkpt lat="42.45154873164218" lon="19.7691226397101">
        <ele>1739</ele>
      </trkpt>
      <trkpt lat="42.45153538050733" lon="19.76915697119971">
        <ele>1739</ele>
      </trkpt>
      <trkpt lat="42.45149246614533" lon="19.7691483883273">
        <ele>1738</ele>
      </trkpt>
      <trkpt lat="42.45147243944306" lon="19.76911596414268">
        <ele>1737</ele>
      </trkpt>
      <trkpt lat="42.45142761777607" lon="19.76913408353997">
        <ele>1736</ele>
      </trkpt>
      <trkpt lat="42.45139710089642" lon="19.76917699790198">
        <ele>1736</ele>
      </trkpt>
      <trkpt lat="42.45136658401677" lon="19.76918844173184">
        <ele>1735</ele>
      </trkpt>
      <trkpt lat="42.45133892809459" lon="19.76918653442686">
        <ele>1735</ele>
      </trkpt>
      <trkpt lat="42.45131508678237" lon="19.76921419034905">
        <ele>1734</ele>
      </trkpt>
      <trkpt lat="42.45130268930001" lon="19.76925805836354">
        <ele>1734</ele>
      </trkpt>
      <trkpt lat="42.451259774938" lon="19.7692704558459">
        <ele>1734</ele>
      </trkpt>
      <trkpt lat="42.45121495327102" lon="19.76927617776083">
        <ele>1733</ele>
      </trkpt>
      <trkpt lat="42.45120350944115" lon="19.7692618729735">
        <ele>1732</ele>
      </trkpt>
      <trkpt lat="42.45120064848368" lon="19.76919988556171">
        <ele>1732</ele>
      </trkpt>
      <trkpt lat="42.4511815754339" lon="19.76919511729927">
        <ele>1731</ele>
      </trkpt>
      <trkpt lat="42.45114438298683" lon="19.76912073240512">
        <ele>1730</ele>
      </trkpt>
      <trkpt lat="42.45110909784474" lon="19.76918939538433">
        <ele>1729</ele>
      </trkpt>
      <trkpt lat="42.4510947930574" lon="19.76920370017167">
        <ele>1729</ele>
      </trkpt>
      <trkpt lat="42.45104615678046" lon="19.76913408353997">
        <ele>1728</ele>
      </trkpt>
      <trkpt lat="42.45103089834063" lon="19.76914648102233">
        <ele>1728</ele>
      </trkpt>
      <trkpt lat="42.45100705702841" lon="19.76919702460425">
        <ele>1727</ele>
      </trkpt>
      <trkpt lat="42.45094316231165" lon="19.76921037573909">
        <ele>1726</ele>
      </trkpt>
      <trkpt lat="42.4509288575243" lon="19.76917222963953">
        <ele>1725</ele>
      </trkpt>
      <trkpt lat="42.45091455273697" lon="19.76916555407211">
        <ele>1725</ele>
      </trkpt>
      <trkpt lat="42.45089643333968" lon="19.76920560747665">
        <ele>1725</ele>
      </trkpt>
      <trkpt lat="42.4508687774175" lon="19.76921419034905">
        <ele>1725</ele>
      </trkpt>
      <trkpt lat="42.45080297539575" lon="19.76915983215717">
        <ele>1722</ele>
      </trkpt>
      <trkpt lat="42.45074480259392" lon="19.76913885180241">
        <ele>1720</ele>
      </trkpt>
      <trkpt lat="42.45068853709707" lon="19.76914552736984">
        <ele>1718</ele>
      </trkpt>
      <trkpt lat="42.45064562273507" lon="19.76912931527752">
        <ele>1716</ele>
      </trkpt>
      <trkpt lat="42.45061796681289" lon="19.76910642761779">
        <ele>1716</ele>
      </trkpt>
      <trkpt lat="42.45060461567804" lon="19.76914266641237">
        <ele>1715</ele>
      </trkpt>
      <trkpt lat="42.45057505245087" lon="19.76915220293726">
        <ele>1714</ele>
      </trkpt>
      <trkpt lat="42.45049685294678" lon="19.76916078580966">
        <ele>1711</ele>
      </trkpt>
      <trkpt lat="42.45042246805263" lon="19.76915983215717">
        <ele>1708</ele>
      </trkpt>
      <trkpt lat="42.45036810986075" lon="19.76916936868206">
        <ele>1706</ele>
      </trkpt>
      <trkpt lat="42.45030421514399" lon="19.76918653442686">
        <ele>1704</ele>
      </trkpt>
      <trkpt lat="42.45026606904443" lon="19.76921323669656">
        <ele>1702</ele>
      </trkpt>
      <trkpt lat="42.45022410833491" lon="19.76921323669656">
        <ele>1701</ele>
      </trkpt>
      <trkpt lat="42.45018691588784" lon="19.76922181956896">
        <ele>1699</ele>
      </trkpt>
      <trkpt lat="42.45016212092312" lon="19.7692447072287">
        <ele>1699</ele>
      </trkpt>
      <trkpt lat="42.4501211138661" lon="19.76923803166127">
        <ele>1697</ele>
      </trkpt>
      <trkpt lat="42.45010490177378" lon="19.76920846843411">
        <ele>1696</ele>
      </trkpt>
      <trkpt lat="42.45004768262444" lon="19.7691836734694">
        <ele>1694</ele>
      </trkpt>
      <trkpt lat="42.44996471485789" lon="19.7692008392142">
        <ele>1691</ele>
      </trkpt>
      <trkpt lat="42.44994087354567" lon="19.7691922563418">
        <ele>1690</ele>
      </trkpt>
      <trkpt lat="42.44991989319091" lon="19.76914934197979">
        <ele>1690</ele>
      </trkpt>
      <trkpt lat="42.4498941445737" lon="19.76911787144765">
        <ele>1689</ele>
      </trkpt>
      <trkpt lat="42.44981880602707" lon="19.76914934197979">
        <ele>1687</ele>
      </trkpt>
      <trkpt lat="42.44980450123974" lon="19.76919130268931">
        <ele>1686</ele>
      </trkpt>
      <trkpt lat="42.44973011634559" lon="19.76921323669656">
        <ele>1684</ele>
      </trkpt>
      <trkpt lat="42.44965573145145" lon="19.76923612435629">
        <ele>1681</ele>
      </trkpt>
      <trkpt lat="42.44962902918176" lon="19.76928666793821">
        <ele>1680</ele>
      </trkpt>
      <trkpt lat="42.44960709517451" lon="19.76936200648485">
        <ele>1679</ele>
      </trkpt>
      <trkpt lat="42.44960518786953" lon="19.76943257676903">
        <ele>1679</ele>
      </trkpt>
      <trkpt lat="42.44961472439442" lon="19.76949742513829">
        <ele>1679</ele>
      </trkpt>
      <trkpt lat="42.44963093648673" lon="19.76954320045776">
        <ele>1679</ele>
      </trkpt>
      <trkpt lat="42.44962712187678" lon="19.76959469769217">
        <ele>1679</ele>
      </trkpt>
      <trkpt lat="42.449608048827" lon="19.76968148006867">
        <ele>1678</ele>
      </trkpt>
      <trkpt lat="42.44958992942971" lon="19.76976921609766">
        <ele>1677</ele>
      </trkpt>
      <trkpt lat="42.44955941255006" lon="19.76987125691399">
        <ele>1676</ele>
      </trkpt>
      <trkpt lat="42.44953652489032" lon="19.76991321762351">
        <ele>1675</ele>
      </trkpt>
      <trkpt lat="42.44952984932289" lon="19.76995517833302">
        <ele>1674</ele>
      </trkpt>
      <trkpt lat="42.44952794201792" lon="19.77001716574481">
        <ele>1674</ele>
      </trkpt>
      <trkpt lat="42.44954606141521" lon="19.77008964333398">
        <ele>1676</ele>
      </trkpt>
      <trkpt lat="42.44953747854281" lon="19.77012111386612">
        <ele>1676</ele>
      </trkpt>
      <trkpt lat="42.44950219340071" lon="19.77014304787336">
        <ele>1674</ele>
      </trkpt>
      <trkpt lat="42.44946690825862" lon="19.77012302117109">
        <ele>1672</ele>
      </trkpt>
      <trkpt lat="42.44943829868395" lon="19.77011729925616">
        <ele>1671</ele>
      </trkpt>
      <trkpt lat="42.44942017928665" lon="19.77014781613581">
        <ele>1670</ele>
      </trkpt>
      <trkpt lat="42.44939443066945" lon="19.77015067709328">
        <ele>1669</ele>
      </trkpt>
      <trkpt lat="42.4493553309174" lon="19.7701049017738">
        <ele>1668</ele>
      </trkpt>
      <trkpt lat="42.44934388708754" lon="19.77007533854664">
        <ele>1667</ele>
      </trkpt>
      <trkpt lat="42.44928476063321" lon="19.77006866297922">
        <ele>1665</ele>
      </trkpt>
      <trkpt lat="42.44926664123592" lon="19.7700438680145">
        <ele>1664</ele>
      </trkpt>
      <trkpt lat="42.44925615105854" lon="19.77001621209232">
        <ele>1664</ele>
      </trkpt>
      <trkpt lat="42.44925519740605" lon="19.76997234407783">
        <ele>1664</ele>
      </trkpt>
      <trkpt lat="42.449216097654" lon="19.76986362769408">
        <ele>1663</ele>
      </trkpt>
      <trkpt lat="42.44918271981689" lon="19.7698531375167">
        <ele>1662</ele>
      </trkpt>
      <trkpt lat="42.44914743467479" lon="19.76987507152395">
        <ele>1660</ele>
      </trkpt>
      <trkpt lat="42.44913599084492" lon="19.7699055884036">
        <ele>1660</ele>
      </trkpt>
      <trkpt lat="42.4491388518024" lon="19.76995613198552">
        <ele>1659</ele>
      </trkpt>
      <trkpt lat="42.44912645432004" lon="19.76999141712761">
        <ele>1659</ele>
      </trkpt>
      <trkpt lat="42.44903108907113" lon="19.77006675567424">
        <ele>1654</ele>
      </trkpt>
      <trkpt lat="42.4489986648865" lon="19.77011729925616">
        <ele>1652</ele>
      </trkpt>
      <trkpt lat="42.44892714094983" lon="19.77013255769599">
        <ele>1649</ele>
      </trkpt>
      <trkpt lat="42.44889662407018" lon="19.770087736029">
        <ele>1648</ele>
      </trkpt>
      <trkpt lat="42.44887278275795" lon="19.77002479496473">
        <ele>1648</ele>
      </trkpt>
      <trkpt lat="42.44885275605568" lon="19.77001144382988">
        <ele>1647</ele>
      </trkpt>
      <trkpt lat="42.4488251001335" lon="19.76997615868778">
        <ele>1646</ele>
      </trkpt>
      <trkpt lat="42.44878504672896" lon="19.76996852946787">
        <ele>1645</ele>
      </trkpt>
      <trkpt lat="42.44873354949456" lon="19.76994564180814">
        <ele>1643</ele>
      </trkpt>
      <trkpt lat="42.44868682052259" lon="19.76988270074386">
        <ele>1641</ele>
      </trkpt>
      <trkpt lat="42.4486334159832" lon="19.76987221056648">
        <ele>1639</ele>
      </trkpt>
      <trkpt lat="42.4485809650963" lon="19.76981117680718">
        <ele>1637</ele>
      </trkpt>
      <trkpt lat="42.44855807743657" lon="19.76974156017548">
        <ele>1637</ele>
      </trkpt>
      <trkpt lat="42.44853709708181" lon="19.76964905588405">
        <ele>1636</ele>
      </trkpt>
      <trkpt lat="42.44854091169177" lon="19.7695746709899">
        <ele>1637</ele>
      </trkpt>
      <trkpt lat="42.44850658020216" lon="19.76947453747855">
        <ele>1636</ele>
      </trkpt>
      <trkpt lat="42.44847224871256" lon="19.76937440396721">
        <ele>1635</ele>
      </trkpt>
      <trkpt lat="42.44835304215143" lon="19.76928571428573">
        <ele>1631</ele>
      </trkpt>
      <trkpt lat="42.44830440587449" lon="19.76919607095175">
        <ele>1631</ele>
      </trkpt>
      <trkpt lat="42.44825576959754" lon="19.76910642761779">
        <ele>1631</ele>
      </trkpt>
      <trkpt lat="42.44822239176043" lon="19.76907686439063">
        <ele>1632</ele>
      </trkpt>
      <trkpt lat="42.44815372878122" lon="19.76907114247569">
        <ele>1631</ele>
      </trkpt>
      <trkpt lat="42.44813098919838" lon="19.76906956333799">
        <ele>1631</ele>
      </trkpt>
      <trkpt lat="42.44813098919838" lon="19.76906956333799">
        <ele>1631</ele>
      </trkpt>
      <trkpt lat="42.44808506580201" lon="19.76906637421325">
        <ele>1631</ele>
      </trkpt>
      <trkpt lat="42.44803642952507" lon="19.76908353995805">
        <ele>1630</ele>
      </trkpt>
      <trkpt lat="42.44798779324813" lon="19.76907304978067">
        <ele>1630</ele>
      </trkpt>
      <trkpt lat="42.44792199122639" lon="19.76904920846845">
        <ele>1630</ele>
      </trkpt>
      <trkpt lat="42.44762159069234" lon="19.76908544726303">
        <ele>1628</ele>
      </trkpt>
      <trkpt lat="42.44729544154109" lon="19.76919320999429">
        <ele>1634</ele>
      </trkpt>
      <trkpt lat="42.44721438107953" lon="19.76919130268931">
        <ele>1637</ele>
      </trkpt>
      <trkpt lat="42.44715239366774" lon="19.76922754148389">
        <ele>1638</ele>
      </trkpt>
      <trkpt lat="42.44705893572381" lon="19.7692618729735">
        <ele>1641</ele>
      </trkpt>
      <trkpt lat="42.44698359717718" lon="19.76927999237079">
        <ele>1643</ele>
      </trkpt>
      <trkpt lat="42.44695212664504" lon="19.76929906542057">
        <ele>1643</ele>
      </trkpt>
      <trkpt lat="42.44683292008391" lon="19.76930288003053">
        <ele>1648</ele>
      </trkpt>
      <trkpt lat="42.44679954224679" lon="19.76932004577533">
        <ele>1648</ele>
      </trkpt>
      <trkpt lat="42.44674041579248" lon="19.76936486744231">
        <ele>1648</ele>
      </trkpt>
      <trkpt lat="42.44665649437344" lon="19.76943925233646">
        <ele>1648</ele>
      </trkpt>
      <trkpt lat="42.44663265306122" lon="19.76951554453558">
        <ele>1646</ele>
      </trkpt>
      <trkpt lat="42.44660595079152" lon="19.76954606141523">
        <ele>1646</ele>
      </trkpt>
      <trkpt lat="42.44657924852183" lon="19.76960900247951">
        <ele>1645</ele>
      </trkpt>
      <trkpt lat="42.4465296585924" lon="19.76967289719627">
        <ele>1645</ele>
      </trkpt>
      <trkpt lat="42.44646481022314" lon="19.76974346748046">
        <ele>1647</ele>
      </trkpt>
      <trkpt lat="42.44640091550638" lon="19.76981499141714">
        <ele>1649</ele>
      </trkpt>
      <trkpt lat="42.44637612054166" lon="19.76987411787146">
        <ele>1648</ele>
      </trkpt>
      <trkpt lat="42.44633225252717" lon="19.76994182719818">
        <ele>1649</ele>
      </trkpt>
      <trkpt lat="42.44631508678236" lon="19.76998283425521">
        <ele>1649</ele>
      </trkpt>
      <trkpt lat="42.44630078199503" lon="19.77006389471677">
        <ele>1649</ele>
      </trkpt>
      <trkpt lat="42.44628647720769" lon="19.77014590883083">
        <ele>1649</ele>
      </trkpt>
      <trkpt lat="42.44627121876787" lon="19.77018596223537">
        <ele>1650</ele>
      </trkpt>
      <trkpt lat="42.44623116536333" lon="19.77022410833493">
        <ele>1653</ele>
      </trkpt>
      <trkpt lat="42.44621590692351" lon="19.77023173755484">
        <ele>1654</ele>
      </trkpt>
      <trkpt lat="42.44616727064656" lon="19.77022792294489">
        <ele>1658</ele>
      </trkpt>
      <trkpt lat="42.44615201220674" lon="19.77023841312227">
        <ele>1659</ele>
      </trkpt>
      <trkpt lat="42.44611958802211" lon="19.77028895670419">
        <ele>1661</ele>
      </trkpt>
      <trkpt lat="42.44609097844744" lon="19.77031184436392">
        <ele>1663</ele>
      </trkpt>
      <trkpt lat="42.44608048827006" lon="19.77032805645624">
        <ele>1664</ele>
      </trkpt>
      <trkpt lat="42.44604711043295" lon="19.77040625596034">
        <ele>1666</ele>
      </trkpt>
      <trkpt lat="42.44603757390806" lon="19.77047110432959">
        <ele>1666</ele>
      </trkpt>
      <trkpt lat="42.44602899103565" lon="19.77053690635134">
        <ele>1666</ele>
      </trkpt>
      <trkpt lat="42.44600324241845" lon="19.77064085447264">
        <ele>1668</ele>
      </trkpt>
      <trkpt lat="42.44599561319854" lon="19.77065897386993">
        <ele>1668</ele>
      </trkpt>
      <trkpt lat="42.44597940110623" lon="19.77066755674233">
        <ele>1669</ele>
      </trkpt>
      <trkpt lat="42.44594888422657" lon="19.77065706656495">
        <ele>1672</ele>
      </trkpt>
      <trkpt lat="42.44591646004195" lon="19.77060652298303">
        <ele>1675</ele>
      </trkpt>
      <trkpt lat="42.44586973106998" lon="19.77060270837308">
        <ele>1679</ele>
      </trkpt>
      <trkpt lat="42.4458420751478" lon="19.77057982071334">
        <ele>1681</ele>
      </trkpt>
      <trkpt lat="42.44582586305549" lon="19.77058172801832">
        <ele>1682</ele>
      </trkpt>
      <trkpt lat="42.44580011443828" lon="19.77060747663553">
        <ele>1683</ele>
      </trkpt>
      <trkpt lat="42.44576864390615" lon="19.77060556933055">
        <ele>1683</ele>
      </trkpt>
      <trkpt lat="42.44575243181384" lon="19.77057028418845">
        <ele>1684</ele>
      </trkpt>
      <trkpt lat="42.44573908067899" lon="19.77055788670609">
        <ele>1684</ele>
      </trkpt>
      <trkpt lat="42.44572382223917" lon="19.77055979401107">
        <ele>1685</ele>
      </trkpt>
      <trkpt lat="42.44571142475681" lon="19.77059889376312">
        <ele>1685</ele>
      </trkpt>
      <trkpt lat="42.44569902727445" lon="19.77061319855046">
        <ele>1685</ele>
      </trkpt>
      <trkpt lat="42.44560366202555" lon="19.77059126454321">
        <ele>1687</ele>
      </trkpt>
      <trkpt lat="42.44553976730878" lon="19.7705836353233">
        <ele>1689</ele>
      </trkpt>
      <trkpt lat="42.44549399198931" lon="19.77056074766356">
        <ele>1690</ele>
      </trkpt>
      <trkpt lat="42.44543200457752" lon="19.7705664695785">
        <ele>1692</ele>
      </trkpt>
      <trkpt lat="42.44537097081822" lon="19.77057219149343">
        <ele>1693</ele>
      </trkpt>
      <trkpt lat="42.44533950028608" lon="19.77055884035858">
        <ele>1694</ele>
      </trkpt>
      <trkpt lat="42.44532424184626" lon="19.77056170131605">
        <ele>1694</ele>
      </trkpt>
      <trkpt lat="42.44530993705892" lon="19.77057314514592">
        <ele>1694</ele>
      </trkpt>
      <trkpt lat="42.4452946786191" lon="19.77057219149343">
        <ele>1695</ele>
      </trkpt>
      <trkpt lat="42.44521266450504" lon="19.77050638947169">
        <ele>1697</ele>
      </trkpt>
      <trkpt lat="42.44518405493037" lon="19.77049208468435">
        <ele>1698</ele>
      </trkpt>
      <trkpt lat="42.44513637230592" lon="19.77048350181195">
        <ele>1699</ele>
      </trkpt>
      <trkpt lat="42.44511443829867" lon="19.7704529849323">
        <ele>1699</ele>
      </trkpt>
      <trkpt lat="42.44510013351134" lon="19.7704444020599">
        <ele>1700</ele>
      </trkpt>
      <trkpt lat="42.44507819950409" lon="19.77047491893955">
        <ele>1700</ele>
      </trkpt>
      <trkpt lat="42.44506198741178" lon="19.77047396528706">
        <ele>1700</ele>
      </trkpt>
      <trkpt lat="42.44504577531946" lon="19.77041674613772">
        <ele>1701</ele>
      </trkpt>
      <trkpt lat="42.445042914362" lon="19.77035475872593">
        <ele>1701</ele>
      </trkpt>
      <trkpt lat="42.44503242418462" lon="19.77033759298113">
        <ele>1701</ele>
      </trkpt>
      <trkpt lat="42.44494945641807" lon="19.77035285142095">
        <ele>1703</ele>
      </trkpt>
      <trkpt lat="42.44491893953842" lon="19.77033950028611">
        <ele>1703</ele>
      </trkpt>
      <trkpt lat="42.44490177379362" lon="19.77034236124357">
        <ele>1703</ele>
      </trkpt>
      <trkpt lat="42.44487221056646" lon="19.77036429525082">
        <ele>1704</ele>
      </trkpt>
      <trkpt lat="42.44482357428952" lon="19.77036143429335">
        <ele>1704</ele>
      </trkpt>
      <trkpt lat="42.44477779897004" lon="19.77038050734313">
        <ele>1705</ele>
      </trkpt>
      <trkpt lat="42.4447291626931" lon="19.77038241464811">
        <ele>1706</ele>
      </trkpt>
      <trkpt lat="42.44466526797634" lon="19.77037192447073">
        <ele>1707</ele>
      </trkpt>
      <trkpt lat="42.44465191684149" lon="19.7703576196834">
        <ele>1707</ele>
      </trkpt>
      <trkpt lat="42.44464619492656" lon="19.77033759298113">
        <ele>1707</ele>
      </trkpt>
      <trkpt lat="42.44455178333014" lon="19.77028609574672">
        <ele>1709</ele>
      </trkpt>
      <trkpt lat="42.44455178333014" lon="19.77028609574672">
        <ele>1709</ele>
      </trkpt>
      <trkpt lat="42.44437917222963" lon="19.77034617585353">
        <ele>1711</ele>
      </trkpt>
      <trkpt lat="42.444346748045" lon="19.7704968529468">
        <ele>1709</ele>
      </trkpt>
      <trkpt lat="42.44421228304405" lon="19.77050734312418">
        <ele>1711</ele>
      </trkpt>
      <trkpt lat="42.44421228304405" lon="19.77050734312418">
        <ele>1711</ele>
      </trkpt>
      <trkpt lat="42.44387469006293" lon="19.77061987411788">
        <ele>1707</ele>
      </trkpt>
      <trkpt lat="42.44387469006293" lon="19.77061987411788">
        <ele>1707</ele>
      </trkpt>
      <trkpt lat="42.44353042151439" lon="19.77075052450888">
        <ele>1701</ele>
      </trkpt>
      <trkpt lat="42.44351325576959" lon="19.77072668319665">
        <ele>1701</ele>
      </trkpt>
      <trkpt lat="42.44345031470531" lon="19.77074289528897">
        <ele>1700</ele>
      </trkpt>
      <trkpt lat="42.44342838069806" lon="19.77075910738128">
        <ele>1700</ele>
      </trkpt>
      <trkpt lat="42.44340072477588" lon="19.77075624642382">
        <ele>1699</ele>
      </trkpt>
      <trkpt lat="42.44333873736409" lon="19.7707228685867">
        <ele>1699</ele>
      </trkpt>
      <trkpt lat="42.44330440587449" lon="19.77069235170705">
        <ele>1699</ele>
      </trkpt>
      <trkpt lat="42.44327770360479" lon="19.77069330535954">
        <ele>1699</ele>
      </trkpt>
      <trkpt lat="42.44326625977493" lon="19.77068472248714">
        <ele>1699</ele>
      </trkpt>
      <trkpt lat="42.44323288193781" lon="19.77060843028801">
        <ele>1700</ele>
      </trkpt>
      <trkpt lat="42.44320522601563" lon="19.77057123784094">
        <ele>1700</ele>
      </trkpt>
      <trkpt lat="42.44314419225633" lon="19.77052450886898">
        <ele>1700</ele>
      </trkpt>
      <trkpt lat="42.44311844363913" lon="19.77051783330155">
        <ele>1700</ele>
      </trkpt>
      <trkpt lat="42.44308220484454" lon="19.77049208468435">
        <ele>1700</ele>
      </trkpt>
      <trkpt lat="42.4430335685676" lon="19.7704272363151">
        <ele>1701</ele>
      </trkpt>
      <trkpt lat="42.44300686629791" lon="19.77042437535763">
        <ele>1701</ele>
      </trkpt>
      <trkpt lat="42.44298493229066" lon="19.77040434865536">
        <ele>1701</ele>
      </trkpt>
      <trkpt lat="42.44294583253861" lon="19.77039481213047">
        <ele>1701</ele>
      </trkpt>
      <trkpt lat="42.44293438870874" lon="19.77038622925807">
        <ele>1701</ele>
      </trkpt>
      <trkpt lat="42.44293724966621" lon="19.77033568567615">
        <ele>1702</ele>
      </trkpt>
      <trkpt lat="42.442911501049" lon="19.77032519549877">
        <ele>1702</ele>
      </trkpt>
      <trkpt lat="42.44289719626167" lon="19.77028418844174">
        <ele>1703</ele>
      </trkpt>
      <trkpt lat="42.44288384512682" lon="19.77028418844174">
        <ele>1703</ele>
      </trkpt>
      <trkpt lat="42.44285905016211" lon="19.77030612244899">
        <ele>1702</ele>
      </trkpt>
      <trkpt lat="42.44283330154491" lon="19.77034903681099">
        <ele>1701</ele>
      </trkpt>
      <trkpt lat="42.44282376502002" lon="19.7703833683006">
        <ele>1700</ele>
      </trkpt>
      <trkpt lat="42.44280373831774" lon="19.7704091169178">
        <ele>1699</ele>
      </trkpt>
      <trkpt lat="42.4427903871829" lon="19.77041102422278">
        <ele>1699</ele>
      </trkpt>
      <trkpt lat="42.44276749952316" lon="19.77039385847798">
        <ele>1699</ele>
      </trkpt>
      <trkpt lat="42.44274556551591" lon="19.77034808315851">
        <ele>1700</ele>
      </trkpt>
      <trkpt lat="42.44270837306884" lon="19.77036524890331">
        <ele>1699</ele>
      </trkpt>
      <trkpt lat="42.4426940682815" lon="19.77036524890331">
        <ele>1699</ele>
      </trkpt>
      <trkpt lat="42.44269120732404" lon="19.7702794201793">
        <ele>1701</ele>
      </trkpt>
      <trkpt lat="42.44270551211137" lon="19.77017642571048">
        <ele>1704</ele>
      </trkpt>
      <trkpt lat="42.44268357810413" lon="19.77015639900821">
        <ele>1705</ele>
      </trkpt>
      <trkpt lat="42.44267118062177" lon="19.77015449170323">
        <ele>1705</ele>
      </trkpt>
      <trkpt lat="42.44265878313941" lon="19.77016116727066">
        <ele>1704</ele>
      </trkpt>
      <trkpt lat="42.44263017356474" lon="19.77019835971773">
        <ele>1703</ele>
      </trkpt>
      <trkpt lat="42.44261014686247" lon="19.77020503528515">
        <ele>1703</ele>
      </trkpt>
      <trkpt lat="42.44259774938011" lon="19.7702012206752">
        <ele>1703</ele>
      </trkpt>
      <trkpt lat="42.44258535189775" lon="19.77016879649057">
        <ele>1704</ele>
      </trkpt>
      <trkpt lat="42.44258249094029" lon="19.77006294106429">
        <ele>1707</ele>
      </trkpt>
      <trkpt lat="42.44257009345793" lon="19.77003051687966">
        <ele>1707</ele>
      </trkpt>
      <trkpt lat="42.44255674232308" lon="19.77003433148962">
        <ele>1707</ele>
      </trkpt>
      <trkpt lat="42.4425472057982" lon="19.77005531184437">
        <ele>1707</ele>
      </trkpt>
      <trkpt lat="42.44252431813846" lon="19.77007724585162">
        <ele>1706</ele>
      </trkpt>
      <trkpt lat="42.44249856952126" lon="19.77006866297922">
        <ele>1706</ele>
      </trkpt>
      <trkpt lat="42.44249666221628" lon="19.77001621209232">
        <ele>1707</ele>
      </trkpt>
      <trkpt lat="42.4424690062941" lon="19.76997997329774">
        <ele>1706</ele>
      </trkpt>
      <trkpt lat="42.44246995994659" lon="19.76994564180814">
        <ele>1708</ele>
      </trkpt>
      <trkpt lat="42.44248235742894" lon="19.76991321762351">
        <ele>1710</ele>
      </trkpt>
      <trkpt lat="42.44248998664885" lon="19.76986076673661">
        <ele>1712</ele>
      </trkpt>
      <trkpt lat="42.44247854281898" lon="19.7697921037574">
        <ele>1714</ele>
      </trkpt>
      <trkpt lat="42.44246042342169" lon="19.76976826244518">
        <ele>1713</ele>
      </trkpt>
      <trkpt lat="42.44244707228685" lon="19.76976826244518">
        <ele>1712</ele>
      </trkpt>
      <trkpt lat="42.442433721152" lon="19.7698006866298">
        <ele>1710</ele>
      </trkpt>
      <trkpt lat="42.44242323097462" lon="19.7698531375167">
        <ele>1707</ele>
      </trkpt>
      <trkpt lat="42.44241560175471" lon="19.76986839595653">
        <ele>1706</ele>
      </trkpt>
      <trkpt lat="42.44240225061986" lon="19.76986553499906">
        <ele>1705</ele>
      </trkpt>
      <trkpt lat="42.44238985313751" lon="19.76976063322526">
        <ele>1709</ele>
      </trkpt>
      <trkpt lat="42.44237840930764" lon="19.76973011634561">
        <ele>1709</ele>
      </trkpt>
      <trkpt lat="42.44236601182528" lon="19.76972630173566">
        <ele>1708</ele>
      </trkpt>
      <trkpt lat="42.44232595842074" lon="19.76977779897006">
        <ele>1703</ele>
      </trkpt>
      <trkpt lat="42.44230116345602" lon="19.76978924279993">
        <ele>1701</ele>
      </trkpt>
      <trkpt lat="42.44229067327865" lon="19.76977875262255">
        <ele>1701</ele>
      </trkpt>
      <trkpt lat="42.44231356093838" lon="19.76973679191304">
        <ele>1704</ele>
      </trkpt>
      <trkpt lat="42.44231356093838" lon="19.76971962616824">
        <ele>1705</ele>
      </trkpt>
      <trkpt lat="42.44230307076101" lon="19.76970818233837">
        <ele>1705</ele>
      </trkpt>
      <trkpt lat="42.44228018310127" lon="19.76973011634561">
        <ele>1702</ele>
      </trkpt>
      <trkpt lat="42.44226492466144" lon="19.76976254053024">
        <ele>1700</ele>
      </trkpt>
      <trkpt lat="42.44225634178904" lon="19.76975586496282">
        <ele>1699</ele>
      </trkpt>
      <trkpt lat="42.44226683196642" lon="19.769652870494">
        <ele>1704</ele>
      </trkpt>
      <trkpt lat="42.44225443448406" lon="19.76964142666413">
        <ele>1704</ele>
      </trkpt>
      <trkpt lat="42.44222677856188" lon="19.76968148006867">
        <ele>1700</ele>
      </trkpt>
      <trkpt lat="42.44221342742703" lon="19.76968624833112">
        <ele>1699</ele>
      </trkpt>
      <trkpt lat="42.44221819568948" lon="19.76963475109671">
        <ele>1702</ele>
      </trkpt>
      <trkpt lat="42.44223917604424" lon="19.76955273698265">
        <ele>1707</ele>
      </trkpt>
      <trkpt lat="42.44223536143429" lon="19.76953366393287">
        <ele>1708</ele>
      </trkpt>
      <trkpt lat="42.44219626168223" lon="19.76954701506772">
        <ele>1705</ele>
      </trkpt>
      <trkpt lat="42.44215048636276" lon="19.76959088308222">
        <ele>1700</ele>
      </trkpt>
      <trkpt lat="42.44213713522791" lon="19.76958897577724">
        <ele>1699</ele>
      </trkpt>
      <trkpt lat="42.44213045966049" lon="19.7695746709899">
        <ele>1699</ele>
      </trkpt>
      <trkpt lat="42.442129506008" lon="19.76952317375549">
        <ele>1702</ele>
      </trkpt>
      <trkpt lat="42.44211520122067" lon="19.76949265687584">
        <ele>1702</ele>
      </trkpt>
      <trkpt lat="42.4421380888804" lon="19.76943162311655">
        <ele>1707</ele>
      </trkpt>
      <trkpt lat="42.44214762540529" lon="19.76934484074004">
        <ele>1711</ele>
      </trkpt>
      <trkpt lat="42.44216860576005" lon="19.76925996566852">
        <ele>1717</ele>
      </trkpt>
      <trkpt lat="42.44215525462521" lon="19.76925615105856">
        <ele>1716</ele>
      </trkpt>
      <trkpt lat="42.4421113866107" lon="19.7693047873355">
        <ele>1711</ele>
      </trkpt>
      <trkpt lat="42.44209612817088" lon="19.76933530421515">
        <ele>1709</ele>
      </trkpt>
      <trkpt lat="42.44208373068852" lon="19.76934579439254">
        <ele>1708</ele>
      </trkpt>
      <trkpt lat="42.44205702841883" lon="19.76935342361245">
        <ele>1706</ele>
      </trkpt>
      <trkpt lat="42.44200934579438" lon="19.76939252336449">
        <ele>1701</ele>
      </trkpt>
      <trkpt lat="42.44198359717718" lon="19.76939347701699">
        <ele>1700</ele>
      </trkpt>
      <trkpt lat="42.44197596795726" lon="19.76937917222965">
        <ele>1700</ele>
      </trkpt>
      <trkpt lat="42.44198645813464" lon="19.76931337020791">
        <ele>1704</ele>
      </trkpt>
      <trkpt lat="42.44197215334731" lon="19.7692618729735">
        <ele>1706</ele>
      </trkpt>
      <trkpt lat="42.4419816898722" lon="19.76915792485219">
        <ele>1712</ele>
      </trkpt>
      <trkpt lat="42.44197406065229" lon="19.76914362006486">
        <ele>1712</ele>
      </trkpt>
      <trkpt lat="42.44196070951744" lon="19.76914648102233">
        <ele>1711</ele>
      </trkpt>
      <trkpt lat="42.44191779515543" lon="19.76918653442686">
        <ele>1708</ele>
      </trkpt>
      <trkpt lat="42.44189300019072" lon="19.7692008392142">
        <ele>1706</ele>
      </trkpt>
      <trkpt lat="42.44187964905587" lon="19.76919797825673">
        <ele>1705</ele>
      </trkpt>
      <trkpt lat="42.44187488079343" lon="19.76914648102233">
        <ele>1707</ele>
      </trkpt>
      <trkpt lat="42.4418863246233" lon="19.76908544726303">
        <ele>1709</ele>
      </trkpt>
      <trkpt lat="42.44189872210566" lon="19.76902441350373">
        <ele>1711</ele>
      </trkpt>
      <trkpt lat="42.44194163646766" lon="19.76893953843221">
        <ele>1714</ele>
      </trkpt>
      <trkpt lat="42.4419645241274" lon="19.76885561701317">
        <ele>1717</ele>
      </trkpt>
      <trkpt lat="42.44201983597176" lon="19.76873545679955">
        <ele>1722</ele>
      </trkpt>
      <trkpt lat="42.44203604806408" lon="19.76868586687012">
        <ele>1724</ele>
      </trkpt>
      <trkpt lat="42.44206942590119" lon="19.76863341598322">
        <ele>1727</ele>
      </trkpt>
      <trkpt lat="42.44206275033377" lon="19.76858287240131">
        <ele>1727</ele>
      </trkpt>
      <trkpt lat="42.44206751859621" lon="19.7685485409117">
        <ele>1728</ele>
      </trkpt>
      <trkpt lat="42.44206084302879" lon="19.76853423612437">
        <ele>1728</ele>
      </trkpt>
      <trkpt lat="42.44204844554643" lon="19.76852756055694">
        <ele>1728</ele>
      </trkpt>
      <trkpt lat="42.44200934579438" lon="19.76853805073432">
        <ele>1725</ele>
      </trkpt>
      <trkpt lat="42.44198359717718" lon="19.76852756055694">
        <ele>1724</ele>
      </trkpt>
      <trkpt lat="42.44194449742513" lon="19.76853423612437">
        <ele>1722</ele>
      </trkpt>
      <trkpt lat="42.44193496090023" lon="19.76850085828725">
        <ele>1723</ele>
      </trkpt>
      <trkpt lat="42.4419387755102" lon="19.76848369254245">
        <ele>1723</ele>
      </trkpt>
      <trkpt lat="42.44198359717718" lon="19.76844363913791">
        <ele>1726</ele>
      </trkpt>
      <trkpt lat="42.44199790196451" lon="19.76841216860577">
        <ele>1727</ele>
      </trkpt>
      <trkpt lat="42.4419902727446" lon="19.76839691016595">
        <ele>1727</ele>
      </trkpt>
      <trkpt lat="42.44197882891473" lon="19.76840644669084">
        <ele>1726</ele>
      </trkpt>
      <trkpt lat="42.44195212664504" lon="19.76840835399581">
        <ele>1725</ele>
      </trkpt>
      <trkpt lat="42.44195021934006" lon="19.76839118825101">
        <ele>1725</ele>
      </trkpt>
      <trkpt lat="42.4419635704749" lon="19.76834445927905">
        <ele>1727</ele>
      </trkpt>
      <trkpt lat="42.44195784855997" lon="19.76832729353425">
        <ele>1727</ele>
      </trkpt>
      <trkpt lat="42.44193209994277" lon="19.76832824718673">
        <ele>1726</ele>
      </trkpt>
      <trkpt lat="42.4419206561129" lon="19.76833873736411">
        <ele>1725</ele>
      </trkpt>
      <trkpt lat="42.44190825863054" lon="19.76834064466909">
        <ele>1724</ele>
      </trkpt>
      <trkpt lat="42.44189967575814" lon="19.76832729353425">
        <ele>1724</ele>
      </trkpt>
      <trkpt lat="42.4418863246233" lon="19.76832538622927">
        <ele>1723</ele>
      </trkpt>
      <trkpt lat="42.44189109288574" lon="19.76829296204464">
        <ele>1724</ele>
      </trkpt>
      <trkpt lat="42.44191874880792" lon="19.76825386229259">
        <ele>1726</ele>
      </trkpt>
      <trkpt lat="42.44192542437535" lon="19.76820236505818">
        <ele>1727</ele>
      </trkpt>
      <trkpt lat="42.44194259012015" lon="19.76817566278849">
        <ele>1728</ele>
      </trkpt>
      <trkpt lat="42.44197119969482" lon="19.7680965096319">
        <ele>1730</ele>
      </trkpt>
      <trkpt lat="42.4419731069998" lon="19.76806027083732">
        <ele>1730</ele>
      </trkpt>
      <trkpt lat="42.44199504100705" lon="19.76801449551784">
        <ele>1732</ele>
      </trkpt>
      <trkpt lat="42.44199504100705" lon="19.76799732977304">
        <ele>1732</ele>
      </trkpt>
      <trkpt lat="42.44198836543962" lon="19.76794487888614">
        <ele>1732</ele>
      </trkpt>
      <trkpt lat="42.44197596795726" lon="19.76793534236126">
        <ele>1732</ele>
      </trkpt>
      <trkpt lat="42.44195021934006" lon="19.76798111768073">
        <ele>1730</ele>
      </trkpt>
      <trkpt lat="42.44191302689299" lon="19.7680268930002">
        <ele>1728</ele>
      </trkpt>
      <trkpt lat="42.44188918558076" lon="19.76804596604998">
        <ele>1726</ele>
      </trkpt>
      <trkpt lat="42.44187583444592" lon="19.76804024413505">
        <ele>1726</ele>
      </trkpt>
      <trkpt lat="42.44187964905587" lon="19.76802212473775">
        <ele>1726</ele>
      </trkpt>
      <trkpt lat="42.44190158306312" lon="19.768001144383">
        <ele>1727</ele>
      </trkpt>
      <trkpt lat="42.4419034903681" lon="19.7679839786382">
        <ele>1728</ele>
      </trkpt>
      <trkpt lat="42.44189395384321" lon="19.76786381842458">
        <ele>1728</ele>
      </trkpt>
      <trkpt lat="42.4418767880984" lon="19.76783806980737">
        <ele>1728</ele>
      </trkpt>
      <trkpt lat="42.44186439061605" lon="19.76783711615488">
        <ele>1727</ele>
      </trkpt>
      <trkpt lat="42.44184150295631" lon="19.76790577913409">
        <ele>1725</ele>
      </trkpt>
      <trkpt lat="42.44182338355902" lon="19.76793724966623">
        <ele>1724</ele>
      </trkpt>
      <trkpt lat="42.44177665458706" lon="19.76798016402824">
        <ele>1721</ele>
      </trkpt>
      <trkpt lat="42.44176234979972" lon="19.76798016402824">
        <ele>1721</ele>
      </trkpt>
      <trkpt lat="42.4417556742323" lon="19.76796681289339">
        <ele>1721</ele>
      </trkpt>
      <trkpt lat="42.44175472057981" lon="19.76789910356667">
        <ele>1721</ele>
      </trkpt>
      <trkpt lat="42.4417461377074" lon="19.76786477207706">
        <ele>1721</ele>
      </trkpt>
      <trkpt lat="42.44173278657256" lon="19.76786858668702">
        <ele>1720</ele>
      </trkpt>
      <trkpt lat="42.44172229639518" lon="19.76788003051689">
        <ele>1720</ele>
      </trkpt>
      <trkpt lat="42.44168510394811" lon="19.76793438870876">
        <ele>1717</ele>
      </trkpt>
      <trkpt lat="42.44167270646575" lon="19.76793820331872">
        <ele>1717</ele>
      </trkpt>
      <trkpt lat="42.44166030898339" lon="19.76793057409881">
        <ele>1716</ele>
      </trkpt>
      <trkpt lat="42.44165744802593" lon="19.767913408354">
        <ele>1715</ele>
      </trkpt>
      <trkpt lat="42.44166984550829" lon="19.76788193782187">
        <ele>1717</ele>
      </trkpt>
      <trkpt lat="42.44165363341597" lon="19.76785237459471">
        <ele>1716</ele>
      </trkpt>
      <trkpt lat="42.44165649437344" lon="19.7678180431051">
        <ele>1716</ele>
      </trkpt>
      <trkpt lat="42.44164981880601" lon="19.76778466526799">
        <ele>1716</ele>
      </trkpt>
      <trkpt lat="42.44163742132366" lon="19.76777894335305">
        <ele>1714</ele>
      </trkpt>
      <trkpt lat="42.44161071905396" lon="19.76778847987794">
        <ele>1711</ele>
      </trkpt>
      <trkpt lat="42.44154873164218" lon="19.76784093076484">
        <ele>1702</ele>
      </trkpt>
      <trkpt lat="42.44148674423039" lon="19.7678790768644">
        <ele>1693</ele>
      </trkpt>
      <trkpt lat="42.44147434674803" lon="19.76787812321191">
        <ele>1692</ele>
      </trkpt>
      <trkpt lat="42.44146290291817" lon="19.76786954033951">
        <ele>1690</ele>
      </trkpt>
      <trkpt lat="42.44146576387563" lon="19.76781899675759">
        <ele>1691</ele>
      </trkpt>
      <trkpt lat="42.44145622735074" lon="19.76780564562274">
        <ele>1690</ele>
      </trkpt>
      <trkpt lat="42.44142952508105" lon="19.76787144764449">
        <ele>1686</ele>
      </trkpt>
      <trkpt lat="42.4414161739462" lon="19.76787335494947">
        <ele>1684</ele>
      </trkpt>
      <trkpt lat="42.44140663742131" lon="19.76788670608431">
        <ele>1682</ele>
      </trkpt>
      <trkpt lat="42.44138565706655" lon="19.76797253480833">
        <ele>1679</ele>
      </trkpt>
      <trkpt lat="42.44137516688917" lon="19.76798302498571">
        <ele>1677</ele>
      </trkpt>
      <trkpt lat="42.44134846461948" lon="19.7679839786382">
        <ele>1674</ele>
      </trkpt>
      <trkpt lat="42.4413379744421" lon="19.76797253480833">
        <ele>1672</ele>
      </trkpt>
      <trkpt lat="42.44133129887468" lon="19.76793915697121">
        <ele>1672</ele>
      </trkpt>
      <trkpt lat="42.44133034522219" lon="19.76792103757392">
        <ele>1672</ele>
      </trkpt>
      <trkpt lat="42.44135227922943" lon="19.76790005721916">
        <ele>1675</ele>
      </trkpt>
      <trkpt lat="42.44135514018691" lon="19.76788193782187">
        <ele>1676</ele>
      </trkpt>
      <trkpt lat="42.44135037192446" lon="19.76786667938204">
        <ele>1675</ele>
      </trkpt>
      <trkpt lat="42.44133892809459" lon="19.76785714285715">
        <ele>1674</ele>
      </trkpt>
      <trkpt lat="42.44135227922943" lon="19.7677922944879">
        <ele>1676</ele>
      </trkpt>
      <trkpt lat="42.44135227922943" lon="19.76777322143812">
        <ele>1677</ele>
      </trkpt>
      <trkpt lat="42.44134083539957" lon="19.76776368491323">
        <ele>1675</ele>
      </trkpt>
      <trkpt lat="42.4413208086973" lon="19.7677922944879">
        <ele>1672</ele>
      </trkpt>
      <trkpt lat="42.44126931146289" lon="19.76781995041008">
        <ele>1665</ele>
      </trkpt>
      <trkpt lat="42.4412426091932" lon="19.76782471867253">
        <ele>1662</ele>
      </trkpt>
      <trkpt lat="42.44118825100132" lon="19.76787716955942">
        <ele>1654</ele>
      </trkpt>
      <trkpt lat="42.44117489986647" lon="19.76788003051689">
        <ele>1652</ele>
      </trkpt>
      <trkpt lat="42.44113961472438" lon="19.76785428189969">
        <ele>1648</ele>
      </trkpt>
      <trkpt lat="42.44113389280945" lon="19.76783806980737">
        <ele>1647</ele>
      </trkpt>
      <trkpt lat="42.44113389280945" lon="19.76780278466528">
        <ele>1647</ele>
      </trkpt>
      <trkpt lat="42.44115105855425" lon="19.76769883654397">
        <ele>1651</ele>
      </trkpt>
      <trkpt lat="42.44115391951172" lon="19.76768262445166">
        <ele>1652</ele>
      </trkpt>
      <trkpt lat="42.44117394621399" lon="19.76765973679192">
        <ele>1655</ele>
      </trkpt>
      <trkpt lat="42.44119397291626" lon="19.76761396147245">
        <ele>1658</ele>
      </trkpt>
      <trkpt lat="42.44119397291626" lon="19.76756246423804">
        <ele>1659</ele>
      </trkpt>
      <trkpt lat="42.44118062178141" lon="19.76753194735839">
        <ele>1657</ele>
      </trkpt>
      <trkpt lat="42.44116917795154" lon="19.76752527179097">
        <ele>1656</ele>
      </trkpt>
      <trkpt lat="42.44111672706465" lon="19.7675224108335">
        <ele>1649</ele>
      </trkpt>
      <trkpt lat="42.44109765401487" lon="19.7675138279611">
        <ele>1647</ele>
      </trkpt>
      <trkpt lat="42.44107285905015" lon="19.76752908640093">
        <ele>1643</ele>
      </trkpt>
      <trkpt lat="42.44105283234788" lon="19.76755388136564">
        <ele>1640</ele>
      </trkpt>
      <trkpt lat="42.44097177188631" lon="19.76762254434485">
        <ele>1629</ele>
      </trkpt>
      <trkpt lat="42.44092218195689" lon="19.76765592218197">
        <ele>1622</ele>
      </trkpt>
      <trkpt lat="42.44087545298492" lon="19.76767499523175">
        <ele>1615</ele>
      </trkpt>
      <trkpt lat="42.44086305550256" lon="19.76771028037384">
        <ele>1613</ele>
      </trkpt>
      <trkpt lat="42.44084970436771" lon="19.76771504863629">
        <ele>1611</ele>
      </trkpt>
      <trkpt lat="42.44083730688536" lon="19.7677055121114">
        <ele>1610</ele>
      </trkpt>
      <trkpt lat="42.44082395575051" lon="19.76770455845891">
        <ele>1608</ele>
      </trkpt>
      <trkpt lat="42.44081251192065" lon="19.76775891665078">
        <ele>1606</ele>
      </trkpt>
      <trkpt lat="42.44080392904824" lon="19.76777322143812">
        <ele>1605</ele>
      </trkpt>
      <trkpt lat="42.44076864390615" lon="19.76780183101279">
        <ele>1600</ele>
      </trkpt>
      <trkpt lat="42.44073908067899" lon="19.76784093076484">
        <ele>1596</ele>
      </trkpt>
      <trkpt lat="42.44072668319663" lon="19.76787526225445">
        <ele>1594</ele>
      </trkpt>
      <trkpt lat="42.44072572954414" lon="19.76794583253863">
        <ele>1593</ele>
      </trkpt>
      <trkpt lat="42.44071523936676" lon="19.76795823002099">
        <ele>1592</ele>
      </trkpt>
      <trkpt lat="42.44068949074956" lon="19.76787335494947">
        <ele>1590</ele>
      </trkpt>
      <trkpt lat="42.44067613961472" lon="19.76786858668702">
        <ele>1589</ele>
      </trkpt>
      <trkpt lat="42.44066469578485" lon="19.76792103757392">
        <ele>1587</ele>
      </trkpt>
      <trkpt lat="42.44066278847987" lon="19.76799637612055">
        <ele>1585</ele>
      </trkpt>
      <trkpt lat="42.44067804691969" lon="19.76808315849705">
        <ele>1586</ele>
      </trkpt>
      <trkpt lat="42.44067232500475" lon="19.76809937058937">
        <ele>1585</ele>
      </trkpt>
      <trkpt lat="42.44065802021742" lon="19.76809937058937">
        <ele>1583</ele>
      </trkpt>
      <trkpt lat="42.44061892046537" lon="19.76808888041199">
        <ele>1579</ele>
      </trkpt>
      <trkpt lat="42.44056933053594" lon="19.76806027083732">
        <ele>1573</ele>
      </trkpt>
      <trkpt lat="42.44047301163455" lon="19.76795250810606">
        <ele>1564</ele>
      </trkpt>
      <trkpt lat="42.44043105092504" lon="19.76788384512685">
        <ele>1560</ele>
      </trkpt>
      <trkpt lat="42.44042818996756" lon="19.76784951363724">
        <ele>1560</ele>
      </trkpt>
      <trkpt lat="42.44043868014494" lon="19.76778085065803">
        <ele>1563</ele>
      </trkpt>
      <trkpt lat="42.44043581918748" lon="19.76776273126074">
        <ele>1562</ele>
      </trkpt>
      <trkpt lat="42.4404253290101" lon="19.76775128743087">
        <ele>1561</ele>
      </trkpt>
      <trkpt lat="42.44041293152774" lon="19.76775414838834">
        <ele>1560</ele>
      </trkpt>
      <trkpt lat="42.44038622925805" lon="19.7678008773603">
        <ele>1556</ele>
      </trkpt>
      <trkpt lat="42.4403728781232" lon="19.76779992370781">
        <ele>1555</ele>
      </trkpt>
      <trkpt lat="42.44034236124355" lon="19.76776368491323">
        <ele>1552</ele>
      </trkpt>
      <trkpt lat="42.44032328819377" lon="19.7677140949838">
        <ele>1550</ele>
      </trkpt>
      <trkpt lat="42.44030993705893" lon="19.76771218767882">
        <ele>1549</ele>
      </trkpt>
      <trkpt lat="42.44028418844172" lon="19.7677226778562">
        <ele>1545</ele>
      </trkpt>
      <trkpt lat="42.44027274461185" lon="19.76773316803358">
        <ele>1544</ele>
      </trkpt>
      <trkpt lat="42.44026130078198" lon="19.76778657257297">
        <ele>1542</ele>
      </trkpt>
      <trkpt lat="42.44025271790958" lon="19.76780183101279">
        <ele>1541</ele>
      </trkpt>
      <trkpt lat="42.44023936677473" lon="19.76779992370781">
        <ele>1539</ele>
      </trkpt>
      <trkpt lat="42.44021075720006" lon="19.76775891665078">
        <ele>1536</ele>
      </trkpt>
      <trkpt lat="42.44019835971771" lon="19.76775605569332">
        <ele>1535</ele>
      </trkpt>
      <trkpt lat="42.44018405493037" lon="19.76778561892047">
        <ele>1533</ele>
      </trkpt>
      <trkpt lat="42.44017070379552" lon="19.76778180431052">
        <ele>1531</ele>
      </trkpt>
      <trkpt lat="42.4401640282281" lon="19.76776559221821">
        <ele>1531</ele>
      </trkpt>
      <trkpt lat="42.44018310127788" lon="19.76769883654397">
        <ele>1534</ele>
      </trkpt>
      <trkpt lat="42.44016975014303" lon="19.76770074384895">
        <ele>1532</ele>
      </trkpt>
      <trkpt lat="42.44014400152583" lon="19.76771314133131">
        <ele>1529</ele>
      </trkpt>
      <trkpt lat="42.44009822620636" lon="19.76778085065803">
        <ele>1523</ele>
      </trkpt>
      <trkpt lat="42.44008201411405" lon="19.76784283806982">
        <ele>1520</ele>
      </trkpt>
      <trkpt lat="42.44006580202173" lon="19.7679048254816">
        <ele>1518</ele>
      </trkpt>
      <trkpt lat="42.44007533854662" lon="19.76795632271601">
        <ele>1518</ele>
      </trkpt>
      <trkpt lat="42.44011729925614" lon="19.76804978065994">
        <ele>1522</ele>
      </trkpt>
      <trkpt lat="42.44017642571046" lon="19.76812607285906">
        <ele>1528</ele>
      </trkpt>
      <trkpt lat="42.44017642571046" lon="19.76814419225635">
        <ele>1527</ele>
      </trkpt>
      <trkpt lat="42.44016688918557" lon="19.7681575433912">
        <ele>1526</ele>
      </trkpt>
      <trkpt lat="42.44014400152583" lon="19.7681403776464">
        <ele>1524</ele>
      </trkpt>
      <trkpt lat="42.44010490177378" lon="19.768131794774">
        <ele>1519</ele>
      </trkpt>
      <trkpt lat="42.44008773602898" lon="19.76810413885181">
        <ele>1518</ele>
      </trkpt>
      <trkpt lat="42.44007533854662" lon="19.76809746328439">
        <ele>1516</ele>
      </trkpt>
      <trkpt lat="42.44006294106426" lon="19.76810032424186">
        <ele>1515</ele>
      </trkpt>
      <trkpt lat="42.44005626549684" lon="19.76815658973871">
        <ele>1513</ele>
      </trkpt>
      <trkpt lat="42.44005626549684" lon="19.76817375548351">
        <ele>1513</ele>
      </trkpt>
      <trkpt lat="42.44006580202173" lon="19.76818710661836">
        <ele>1514</ele>
      </trkpt>
      <trkpt lat="42.44011062368872" lon="19.76822429906543">
        <ele>1519</ele>
      </trkpt>
      <trkpt lat="42.44011729925614" lon="19.76825863055504">
        <ele>1519</ele>
      </trkpt>
      <trkpt lat="42.4401296967385" lon="19.76826721342744">
        <ele>1520</ele>
      </trkpt>
      <trkpt lat="42.44015639900819" lon="19.76831203509442">
        <ele>1523</ele>
      </trkpt>
      <trkpt lat="42.44016212092313" lon="19.76834445927905">
        <ele>1523</ele>
      </trkpt>
      <trkpt lat="42.44018214762539" lon="19.7683749761587">
        <ele>1524</ele>
      </trkpt>
      <trkpt lat="42.44017642571046" lon="19.76841502956324">
        <ele>1523</ele>
      </trkpt>
      <trkpt lat="42.4401640282281" lon="19.76843314896053">
        <ele>1521</ele>
      </trkpt>
      <trkpt lat="42.44014495517832" lon="19.76842647339311">
        <ele>1519</ele>
      </trkpt>
      <trkpt lat="42.44011825290863" lon="19.76839881747092">
        <ele>1517</ele>
      </trkpt>
      <trkpt lat="42.44010967003623" lon="19.76836925424377">
        <ele>1516</ele>
      </trkpt>
      <trkpt lat="42.44007629219911" lon="19.76836067137136">
        <ele>1513</ele>
      </trkpt>
      <trkpt lat="42.44006294106426" lon="19.76834445927905">
        <ele>1512</ele>
      </trkpt>
      <trkpt lat="42.4400600801068" lon="19.76832633988176">
        <ele>1512</ele>
      </trkpt>
      <trkpt lat="42.44002956322715" lon="19.76825958420752">
        <ele>1509</ele>
      </trkpt>
      <trkpt lat="42.44000476826243" lon="19.76824909403015">
        <ele>1506</ele>
      </trkpt>
      <trkpt lat="42.43999999999999" lon="19.76825576959757">
        <ele>1506</ele>
      </trkpt>
      <trkpt lat="42.44" lon="19.76825576959757">
        <ele>1506</ele>
      </trkpt>
      <trkpt lat="42.43997711234027" lon="19.76827961090979">
        <ele>1502</ele>
      </trkpt>
      <trkpt lat="42.43994564180813" lon="19.76828628647722">
        <ele>1497</ele>
      </trkpt>
      <trkpt lat="42.43993229067328" lon="19.76830440587451">
        <ele>1495</ele>
      </trkpt>
      <trkpt lat="42.43990940301355" lon="19.76838641998857">
        <ele>1490</ele>
      </trkpt>
      <trkpt lat="42.4398617203891" lon="19.76834159832158">
        <ele>1484</ele>
      </trkpt>
      <trkpt lat="42.43984360099181" lon="19.76826912073242">
        <ele>1482</ele>
      </trkpt>
      <trkpt lat="42.43982071333207" lon="19.76822620637041">
        <ele>1479</ele>
      </trkpt>
      <trkpt lat="42.43981213045966" lon="19.76818519931338">
        <ele>1478</ele>
      </trkpt>
      <trkpt lat="42.43981117680718" lon="19.76814419225635">
        <ele>1478</ele>
      </trkpt>
      <trkpt lat="42.43980164028229" lon="19.76812607285906">
        <ele>1477</ele>
      </trkpt>
      <trkpt lat="42.43977303070762" lon="19.76813370207897">
        <ele>1473</ele>
      </trkpt>
      <trkpt lat="42.43975872592028" lon="19.76815086782377">
        <ele>1470</ele>
      </trkpt>
      <trkpt lat="42.43974728209042" lon="19.76817757009347">
        <ele>1468</ele>
      </trkpt>
      <trkpt lat="42.43973202365059" lon="19.76824718672517">
        <ele>1465</ele>
      </trkpt>
      <trkpt lat="42.43972820904063" lon="19.76830249856953">
        <ele>1464</ele>
      </trkpt>
      <trkpt lat="42.43971199694832" lon="19.7683396910166">
        <ele>1461</ele>
      </trkpt>
      <trkpt lat="42.43971962616823" lon="19.76839595651346">
        <ele>1461</ele>
      </trkpt>
      <trkpt lat="42.43970150677094" lon="19.76847415601756">
        <ele>1457</ele>
      </trkpt>
      <trkpt lat="42.43970150677094" lon="19.76855330917415">
        <ele>1456</ele>
      </trkpt>
      <trkpt lat="42.43969483120352" lon="19.76857238222393">
        <ele>1454</ele>
      </trkpt>
      <trkpt lat="42.43970913599085" lon="19.76863818424567">
        <ele>1455</ele>
      </trkpt>
      <trkpt lat="42.4397482357429" lon="19.76872878123213">
        <ele>1460</ele>
      </trkpt>
      <trkpt lat="42.4398178523746" lon="19.76877932481405">
        <ele>1469</ele>
      </trkpt>
      <trkpt lat="42.4398874690063" lon="19.76882986839597">
        <ele>1479</ele>
      </trkpt>
      <trkpt lat="42.43990272744612" lon="19.7688184245661">
        <ele>1481</ele>
      </trkpt>
      <trkpt lat="42.43990749570857" lon="19.76878123211903">
        <ele>1483</ele>
      </trkpt>
      <trkpt lat="42.43991607858097" lon="19.76876883463667">
        <ele>1484</ele>
      </trkpt>
      <trkpt lat="42.43993610528324" lon="19.76876025176427">
        <ele>1487</ele>
      </trkpt>
      <trkpt lat="42.43994659546062" lon="19.76882223917605">
        <ele>1488</ele>
      </trkpt>
      <trkpt lat="42.43995803929049" lon="19.76885466336068">
        <ele>1489</ele>
      </trkpt>
      <trkpt lat="42.44" lon="19.76888613389282">
        <ele>1494</ele>
      </trkpt>
      <trkpt lat="42.43999999999999" lon="19.76888613389282">
        <ele>1494</ele>
      </trkpt>
      <trkpt lat="42.44009631890138" lon="19.76894144573718">
        <ele>1504</ele>
      </trkpt>
      <trkpt lat="42.44011825290863" lon="19.76899961853901">
        <ele>1505</ele>
      </trkpt>
      <trkpt lat="42.44012492847605" lon="19.76906542056076">
        <ele>1504</ele>
      </trkpt>
      <trkpt lat="42.44012492847605" lon="19.76912454701508">
        <ele>1503</ele>
      </trkpt>
      <trkpt lat="42.44011348464618" lon="19.76920846843411">
        <ele>1500</ele>
      </trkpt>
      <trkpt lat="42.4401029944688" lon="19.76929334350564">
        <ele>1496</ele>
      </trkpt>
      <trkpt lat="42.44004196070951" lon="19.76956227350754">
        <ele>1482</ele>
      </trkpt>
      <trkpt lat="42.44000286095746" lon="19.76966240701889">
        <ele>1475</ele>
      </trkpt>
      <trkpt lat="42.44002193400723" lon="19.76969292389854">
        <ele>1476</ele>
      </trkpt>
      <trkpt lat="42.44002860957466" lon="19.76976730879269">
        <ele>1475</ele>
      </trkpt>
      <trkpt lat="42.44006961663169" lon="19.7698273888995">
        <ele>1477</ele>
      </trkpt>
      <trkpt lat="42.4401296967385" lon="19.76987411787146">
        <ele>1482</ele>
      </trkpt>
      <trkpt lat="42.44015353805072" lon="19.76991893953844">
        <ele>1484</ele>
      </trkpt>
      <trkpt lat="42.44018024032042" lon="19.77002479496473">
        <ele>1484</ele>
      </trkpt>
      <trkpt lat="42.44017833301544" lon="19.77008010680909">
        <ele>1482</ele>
      </trkpt>
      <trkpt lat="42.44016784283806" lon="19.77012874308603">
        <ele>1481</ele>
      </trkpt>
      <trkpt lat="42.44014972344077" lon="19.77014114056839">
        <ele>1479</ele>
      </trkpt>
      <trkpt lat="42.44011539195116" lon="19.77014590883083">
        <ele>1475</ele>
      </trkpt>
      <trkpt lat="42.44007152393667" lon="19.77013065039101">
        <ele>1471</ele>
      </trkpt>
      <trkpt lat="42.43999999999999" lon="19.77008392141904">
        <ele>1464</ele>
      </trkpt>
      <trkpt lat="42.44" lon="19.77008392141904">
        <ele>1464</ele>
      </trkpt>
      <trkpt lat="42.43997806599276" lon="19.7700705702842">
        <ele>1462</ele>
      </trkpt>
      <trkpt lat="42.43988556170132" lon="19.77005817280184">
        <ele>1450</ele>
      </trkpt>
      <trkpt lat="42.43984074003434" lon="19.77008296776656">
        <ele>1444</ele>
      </trkpt>
      <trkpt lat="42.43975014304788" lon="19.77010776273127">
        <ele>1432</ele>
      </trkpt>
      <trkpt lat="42.43967861911121" lon="19.77017070379555">
        <ele>1422</ele>
      </trkpt>
      <trkpt lat="42.43963284379173" lon="19.7702527179096">
        <ele>1416</ele>
      </trkpt>
      <trkpt lat="42.43958706847226" lon="19.77029944688157">
        <ele>1410</ele>
      </trkpt>
      <trkpt lat="42.43951649818807" lon="19.77026702269694">
        <ele>1401</ele>
      </trkpt>
      <trkpt lat="42.43944688155636" lon="19.77023459851231">
        <ele>1393</ele>
      </trkpt>
      <trkpt lat="42.43915506389472" lon="19.77007343124167">
        <ele>1357</ele>
      </trkpt>
      <trkpt lat="42.43908258630556" lon="19.77005531184437">
        <ele>1350</ele>
      </trkpt>
      <trkpt lat="42.43897768453176" lon="19.77005626549686">
        <ele>1339</ele>
      </trkpt>
      <trkpt lat="42.43894335304216" lon="19.77017737936297">
        <ele>1335</ele>
      </trkpt>
      <trkpt lat="42.43895956513447" lon="19.77043772649248">
        <ele>1336</ele>
      </trkpt>
      <trkpt lat="42.4388794583254" lon="19.77048254815946">
        <ele>1329</ele>
      </trkpt>
      <trkpt lat="42.43879935151632" lon="19.77052832347893">
        <ele>1322</ele>
      </trkpt>
      <trkpt lat="42.43872496662217" lon="19.77051020408164">
        <ele>1315</ele>
      </trkpt>
      <trkpt lat="42.43861720389091" lon="19.77055884035858">
        <ele>1305</ele>
      </trkpt>
      <trkpt lat="42.4385657066565" lon="19.77055121113867">
        <ele>1301</ele>
      </trkpt>
      <trkpt lat="42.43856093839405" lon="19.77050829677666">
        <ele>1300</ele>
      </trkpt>
      <trkpt lat="42.4385657066565" lon="19.77046538241466">
        <ele>1300</ele>
      </trkpt>
      <trkpt lat="42.43859336257869" lon="19.77036143429335">
        <ele>1301</ele>
      </trkpt>
      <trkpt lat="42.43857524318139" lon="19.77034808315851">
        <ele>1300</ele>
      </trkpt>
      <trkpt lat="42.43848941445738" lon="19.77038241464811">
        <ele>1292</ele>
      </trkpt>
      <trkpt lat="42.43845412931528" lon="19.77040530230785">
        <ele>1289</ele>
      </trkpt>
      <trkpt lat="42.4383835590311" lon="19.77041388518025">
        <ele>1282</ele>
      </trkpt>
      <trkpt lat="42.4382872401297" lon="19.77043868014497">
        <ele>1275</ele>
      </trkpt>
      <trkpt lat="42.43819092122831" lon="19.77046347510968">
        <ele>1269</ele>
      </trkpt>
      <trkpt lat="42.43812893381652" lon="19.77044917032234">
        <ele>1265</ele>
      </trkpt>
      <trkpt lat="42.43810318519932" lon="19.7704529849323">
        <ele>1264</ele>
      </trkpt>
      <trkpt lat="42.43803738317758" lon="19.77048540911693">
        <ele>1260</ele>
      </trkpt>
      <trkpt lat="42.43797253480832" lon="19.77051783330155">
        <ele>1257</ele>
      </trkpt>
      <trkpt lat="42.43796490558841" lon="19.77049971390426">
        <ele>1256</ele>
      </trkpt>
      <trkpt lat="42.43797062750335" lon="19.77038622925807">
        <ele>1254</ele>
      </trkpt>
      <trkpt lat="42.43799065420561" lon="19.77029849322908">
        <ele>1254</ele>
      </trkpt>
      <trkpt lat="42.43801735647531" lon="19.77022506198742">
        <ele>1254</ele>
      </trkpt>
      <trkpt lat="42.43801449551784" lon="19.77018405493039">
        <ele>1253</ele>
      </trkpt>
      <trkpt lat="42.43793534236125" lon="19.77020598893764">
        <ele>1248</ele>
      </trkpt>
      <trkpt lat="42.43785618920466" lon="19.77022792294489">
        <ele>1244</ele>
      </trkpt>
      <trkpt lat="42.43776654587069" lon="19.7702622544345">
        <ele>1238</ele>
      </trkpt>
      <trkpt lat="42.43773602899104" lon="19.77023841312227">
        <ele>1236</ele>
      </trkpt>
      <trkpt lat="42.43765306122449" lon="19.77028037383178">
        <ele>1232</ele>
      </trkpt>
      <trkpt lat="42.43760728590502" lon="19.77025939347703">
        <ele>1228</ele>
      </trkpt>
      <trkpt lat="42.43757772267787" lon="19.77027369826436">
        <ele>1227</ele>
      </trkpt>
      <trkpt lat="42.43750905969866" lon="19.77026034712951">
        <ele>1222</ele>
      </trkpt>
      <trkpt lat="42.43744707228687" lon="19.77029277131414">
        <ele>1220</ele>
      </trkpt>
      <trkpt lat="42.43739462139997" lon="19.77034808315851">
        <ele>1220</ele>
      </trkpt>
      <trkpt lat="42.43737554835019" lon="19.77038050734313">
        <ele>1220</ele>
      </trkpt>
      <trkpt lat="42.43731069998093" lon="19.77046252145719">
        <ele>1219</ele>
      </trkpt>
      <trkpt lat="42.43721533473203" lon="19.7705397673088">
        <ele>1218</ele>
      </trkpt>
      <trkpt lat="42.43714381079536" lon="19.77053595269885">
        <ele>1215</ele>
      </trkpt>
      <trkpt lat="42.43708468434103" lon="19.77051306503911">
        <ele>1212</ele>
      </trkpt>
      <trkpt lat="42.4370265115392" lon="19.77051497234409">
        <ele>1210</ele>
      </trkpt>
      <trkpt lat="42.43692065611292" lon="19.77055121113867">
        <ele>1207</ele>
      </trkpt>
      <trkpt lat="42.43684817852375" lon="19.77052927713142">
        <ele>1204</ele>
      </trkpt>
      <trkpt lat="42.43677570093459" lon="19.77050829677666">
        <ele>1200</ele>
      </trkpt>
      <trkpt lat="42.43674709135991" lon="19.77046633606715">
        <ele>1198</ele>
      </trkpt>
      <trkpt lat="42.43666603089834" lon="19.77046824337213">
        <ele>1195</ele>
      </trkpt>
      <trkpt lat="42.43663646767119" lon="19.77045775319474">
        <ele>1195</ele>
      </trkpt>
      <trkpt lat="42.43661453366394" lon="19.77042151440016">
        <ele>1193</ele>
      </trkpt>
      <trkpt lat="42.43658210947931" lon="19.770391951173">
        <ele>1192</ele>
      </trkpt>
      <trkpt lat="42.43651535380508" lon="19.77037001716576">
        <ele>1190</ele>
      </trkpt>
      <trkpt lat="42.43643715430098" lon="19.77036238794584">
        <ele>1189</ele>
      </trkpt>
      <trkpt lat="42.43635895479688" lon="19.77035475872593">
        <ele>1187</ele>
      </trkpt>
      <trkpt lat="42.4362435628457" lon="19.77028704939921">
        <ele>1184</ele>
      </trkpt>
      <trkpt lat="42.43618157543392" lon="19.77018882319284">
        <ele>1180</ele>
      </trkpt>
      <trkpt lat="42.43606236887279" lon="19.76993419797827">
        <ele>1173</ele>
      </trkpt>
      <trkpt lat="42.43595842075148" lon="19.769652870494">
        <ele>1166</ele>
      </trkpt>
      <trkpt lat="42.43583158497044" lon="19.76928189967577">
        <ele>1158</ele>
      </trkpt>
      <trkpt lat="42.43578199504101" lon="19.769218004959">
        <ele>1156</ele>
      </trkpt>
      <trkpt lat="42.43573335876408" lon="19.76915411024224">
        <ele>1154</ele>
      </trkpt>
      <trkpt lat="42.43564466908259" lon="19.76908353995805">
        <ele>1151</ele>
      </trkpt>
      <trkpt lat="42.43543772649247" lon="19.76878027846654">
        <ele>1142</ele>
      </trkpt>
      <trkpt lat="42.43537383177571" lon="19.7686791913027">
        <ele>1139</ele>
      </trkpt>
      <trkpt lat="42.43530993705894" lon="19.76857905779135">
        <ele>1137</ele>
      </trkpt>
      <trkpt lat="42.43527751287431" lon="19.7684703414076">
        <ele>1134</ele>
      </trkpt>
      <trkpt lat="42.43524508868969" lon="19.76836257867634">
        <ele>1132</ele>
      </trkpt>
      <trkpt lat="42.43519740606524" lon="19.76827484264735">
        <ele>1130</ele>
      </trkpt>
      <trkpt lat="42.43514972344079" lon="19.76818806027085">
        <ele>1128</ele>
      </trkpt>
      <trkpt lat="42.43508392141904" lon="19.76810413885181">
        <ele>1126</ele>
      </trkpt>
      <trkpt lat="42.4350181193973" lon="19.76802117108527">
        <ele>1124</ele>
      </trkpt>
      <trkpt lat="42.43458611481977" lon="19.76762159069236">
        <ele>1113</ele>
      </trkpt>
      <trkpt lat="42.4344878886134" lon="19.76760442494756">
        <ele>1112</ele>
      </trkpt>
      <trkpt lat="42.43438966240703" lon="19.76758821285524">
        <ele>1111</ele>
      </trkpt>
      <trkpt lat="42.43435914552737" lon="19.76757581537289">
        <ele>1111</ele>
      </trkpt>
      <trkpt lat="42.43431909212283" lon="19.76754434484075">
        <ele>1110</ele>
      </trkpt>
      <trkpt lat="42.43429048254816" lon="19.76746614533665">
        <ele>1108</ele>
      </trkpt>
      <trkpt lat="42.43426950219341" lon="19.76736124356286">
        <ele>1107</ele>
      </trkpt>
      <trkpt lat="42.43426473393096" lon="19.76731832920085">
        <ele>1106</ele>
      </trkpt>
      <trkpt lat="42.43427617776083" lon="19.76728590501622">
        <ele>1105</ele>
      </trkpt>
      <trkpt lat="42.43423040244136" lon="19.76720293724968">
        <ele>1104</ele>
      </trkpt>
      <trkpt lat="42.43417413694451" lon="19.76722010299448">
        <ele>1104</ele>
      </trkpt>
      <trkpt lat="42.43415601754721" lon="19.76721914934199">
        <ele>1103</ele>
      </trkpt>
      <trkpt lat="42.43413026893001" lon="19.76715620827772">
        <ele>1102</ele>
      </trkpt>
      <trkpt lat="42.43411405683769" lon="19.76714571810033">
        <ele>1102</ele>
      </trkpt>
      <trkpt lat="42.43409307648294" lon="19.76716002288767">
        <ele>1102</ele>
      </trkpt>
      <trkpt lat="42.43408353995805" lon="19.7671838641999">
        <ele>1102</ele>
      </trkpt>
      <trkpt lat="42.43409212283045" lon="19.76722963951937">
        <ele>1103</ele>
      </trkpt>
      <trkpt lat="42.43411882510014" lon="19.76726873927142">
        <ele>1104</ele>
      </trkpt>
      <trkpt lat="42.43407400343315" lon="19.76726683196644">
        <ele>1103</ele>
      </trkpt>
      <trkpt lat="42.43405111577342" lon="19.76721247377457">
        <ele>1102</ele>
      </trkpt>
      <trkpt lat="42.43405683768835" lon="19.76712759870304">
        <ele>1101</ele>
      </trkpt>
      <trkpt lat="42.43400629410643" lon="19.76707419416366">
        <ele>1099</ele>
      </trkpt>
      <trkpt lat="42.43396337974443" lon="19.76705893572383">
        <ele>1098</ele>
      </trkpt>
      <trkpt lat="42.43389662407019" lon="19.76705988937632">
        <ele>1097</ele>
      </trkpt>
      <trkpt lat="42.43382414648103" lon="19.76695212664506">
        <ele>1094</ele>
      </trkpt>
      <trkpt lat="42.4337659736792" lon="19.76692542437537">
        <ele>1093</ele>
      </trkpt>
      <trkpt lat="42.43373450314706" lon="19.76693019263781">
        <ele>1092</ele>
      </trkpt>
      <trkpt lat="42.43363436963571" lon="19.76687774175092">
        <ele>1090</ele>
      </trkpt>
      <trkpt lat="42.43359908449361" lon="19.76682147625406">
        <ele>1088</ele>
      </trkpt>
      <trkpt lat="42.43354472630174" lon="19.76680621781424">
        <ele>1087</ele>
      </trkpt>
      <trkpt lat="42.43350276559222" lon="19.76677856189206">
        <ele>1086</ele>
      </trkpt>
      <trkpt lat="42.43343696357048" lon="19.76669940873547">
        <ele>1083</ele>
      </trkpt>
      <trkpt lat="42.43341884417319" lon="19.76664695784857">
        <ele>1082</ele>
      </trkpt>
      <trkpt lat="42.43335208849896" lon="19.7666183482739">
        <ele>1080</ele>
      </trkpt>
      <trkpt lat="42.43325195498761" lon="19.76662311653634">
        <ele>1079</ele>
      </trkpt>
      <trkpt lat="42.43316231165364" lon="19.76661739462141">
        <ele>1079</ele>
      </trkpt>
      <trkpt lat="42.43307266831967" lon="19.76661262635897">
        <ele>1078</ele>
      </trkpt>
      <trkpt lat="42.43297539576579" lon="19.76663169940874">
        <ele>1077</ele>
      </trkpt>
      <trkpt lat="42.4328790768644" lon="19.76665172611101">
        <ele>1077</ele>
      </trkpt>
      <trkpt lat="42.43279420179287" lon="19.76665554072097">
        <ele>1077</ele>
      </trkpt>
      <trkpt lat="42.4327045584589" lon="19.76662597749381">
        <ele>1076</ele>
      </trkpt>
      <trkpt lat="42.43261491512494" lon="19.76659641426665">
        <ele>1074</ele>
      </trkpt>
      <trkpt lat="42.43255292771315" lon="19.76652965859242">
        <ele>1073</ele>
      </trkpt>
      <trkpt lat="42.43251478161358" lon="19.76642475681863">
        <ele>1070</ele>
      </trkpt>
      <trkpt lat="42.43241464810224" lon="19.76606236887279">
        <ele>1061</ele>
      </trkpt>
      <trkpt lat="42.43230593171849" lon="19.76581346557316">
        <ele>1055</ele>
      </trkpt>
      <trkpt lat="42.43226397100897" lon="19.76574384894145">
        <ele>1053</ele>
      </trkpt>
      <trkpt lat="42.43217146671753" lon="19.76566755674233">
        <ele>1051</ele>
      </trkpt>
      <trkpt lat="42.43213236696548" lon="19.76555311844365">
        <ele>1049</ele>
      </trkpt>
      <trkpt lat="42.43209422086592" lon="19.76543868014496">
        <ele>1046</ele>
      </trkpt>
      <trkpt lat="42.43204081632653" lon="19.76535571237842">
        <ele>1045</ele>
      </trkpt>
      <trkpt lat="42.43196738508488" lon="19.7652708373069">
        <ele>1042</ele>
      </trkpt>
      <trkpt lat="42.43189681480069" lon="19.76521838642">
        <ele>1041</ele>
      </trkpt>
      <trkpt lat="42.43152775128744" lon="19.76498950982263">
        <ele>1035</ele>
      </trkpt>
      <trkpt lat="42.43144573717338" lon="19.76491321762351">
        <ele>1034</ele>
      </trkpt>
      <trkpt lat="42.43136372305933" lon="19.76483692542439">
        <ele>1034</ele>
      </trkpt>
      <trkpt lat="42.43133892809461" lon="19.7648006866298">
        <ele>1033</ele>
      </trkpt>
      <trkpt lat="42.43129124547016" lon="19.7647663551402">
        <ele>1033</ele>
      </trkpt>
      <trkpt lat="42.43118729734886" lon="19.76471962616823">
        <ele>1032</ele>
      </trkpt>
      <trkpt lat="42.43108334922755" lon="19.76467289719627">
        <ele>1031</ele>
      </trkpt>
      <trkpt lat="42.43075910738128" lon="19.76443925233646">
        <ele>1026</ele>
      </trkpt>
      <trkpt lat="42.43064085447264" lon="19.76414648102233">
        <ele>1019</ele>
      </trkpt>
      <trkpt lat="42.43058840358574" lon="19.76404539385849">
        <ele>1018</ele>
      </trkpt>
      <trkpt lat="42.43055502574862" lon="19.76399580392906">
        <ele>1018</ele>
      </trkpt>
      <trkpt lat="42.43050638947168" lon="19.76395193591456">
        <ele>1017</ele>
      </trkpt>
      <trkpt lat="42.43047491893955" lon="19.76393190921229">
        <ele>1016</ele>
      </trkpt>
      <trkpt lat="42.43040720961282" lon="19.76391283616251">
        <ele>1015</ele>
      </trkpt>
      <trkpt lat="42.43030612244899" lon="19.76389567041771">
        <ele>1014</ele>
      </trkpt>
      <trkpt lat="42.43022506198742" lon="19.76385180240321">
        <ele>1012</ele>
      </trkpt>
      <trkpt lat="42.43013065039101" lon="19.76384226587832">
        <ele>1011</ele>
      </trkpt>
      <trkpt lat="42.43010585542629" lon="19.7638270074385">
        <ele>1010</ele>
      </trkpt>
      <trkpt lat="42.43003814609957" lon="19.76376502002671">
        <ele>1009</ele>
      </trkpt>
      <trkpt lat="42.42997043677285" lon="19.76370398626742">
        <ele>1007</ele>
      </trkpt>
      <trkpt lat="42.42993705893573" lon="19.76362387945834">
        <ele>1006</ele>
      </trkpt>
      <trkpt lat="42.42988556170133" lon="19.76355330917415">
        <ele>1005</ele>
      </trkpt>
      <trkpt lat="42.42982071333207" lon="19.76350181193974">
        <ele>1004</ele>
      </trkpt>
      <trkpt lat="42.42975586496281" lon="19.76345031470533">
        <ele>1003</ele>
      </trkpt>
      <trkpt lat="42.42972057982072" lon="19.76340263208088">
        <ele>1001</ele>
      </trkpt>
      <trkpt lat="42.42963951935915" lon="19.7633225252718">
        <ele>999</ele>
      </trkpt>
      <trkpt lat="42.42958611481976" lon="19.76329010108718">
        <ele>999</ele>
      </trkpt>
      <trkpt lat="42.4295050543582" lon="19.76320808697312">
        <ele>997</ele>
      </trkpt>
      <trkpt lat="42.42946213999619" lon="19.76314323860386">
        <ele>996</ele>
      </trkpt>
      <trkpt lat="42.42941922563418" lon="19.7630793438871">
        <ele>995</ele>
      </trkpt>
      <trkpt lat="42.42941922563418" lon="19.7630793438871">
        <ele>995</ele>
      </trkpt>
      <trkpt lat="42.42933721152013" lon="19.76291913026894">
        <ele>993</ele>
      </trkpt>
      <trkpt lat="42.42926378027848" lon="19.76269120732406">
        <ele>989</ele>
      </trkpt>
      <trkpt lat="42.42914743467481" lon="19.76250429143621">
        <ele>985</ele>
      </trkpt>
      <trkpt lat="42.42906446690827" lon="19.76241178714477">
        <ele>984</ele>
      </trkpt>
      <trkpt lat="42.42906446690827" lon="19.76241178714477">
        <ele>984</ele>
      </trkpt>
      <trkpt lat="42.42881460995614" lon="19.76233644859814">
        <ele>980</ele>
      </trkpt>
      <trkpt lat="42.42874117871448" lon="19.76229353423614">
        <ele>979</ele>
      </trkpt>
      <trkpt lat="42.42866870112532" lon="19.76225157352662">
        <ele>978</ele>
      </trkpt>
      <trkpt lat="42.4286439061606" lon="19.76221247377457">
        <ele>977</ele>
      </trkpt>
      <trkpt lat="42.4286439061606" lon="19.76221247377457">
        <ele>977</ele>
      </trkpt>
      <trkpt lat="42.42861338928095" lon="19.76219053976732">
        <ele>976</ele>
      </trkpt>
      <trkpt lat="42.42855140186916" lon="19.76212187678811">
        <ele>974</ele>
      </trkpt>
      <trkpt lat="42.42846652679764" lon="19.7620617966813">
        <ele>972</ele>
      </trkpt>
      <trkpt lat="42.42838260537861" lon="19.76200171657449">
        <ele>970</ele>
      </trkpt>
      <trkpt lat="42.42831680335686" lon="19.76194259012017">
        <ele>968</ele>
      </trkpt>
      <trkpt lat="42.42825195498761" lon="19.76188441731834">
        <ele>966</ele>
      </trkpt>
      <trkpt lat="42.42816421895862" lon="19.76178428380699">
        <ele>963</ele>
      </trkpt>
      <trkpt lat="42.42806503909976" lon="19.76168319664315">
        <ele>960</ele>
      </trkpt>
      <trkpt lat="42.42797634941828" lon="19.76161739462141">
        <ele>958</ele>
      </trkpt>
      <trkpt lat="42.4278876597368" lon="19.76155159259967">
        <ele>956</ele>
      </trkpt>
      <trkpt lat="42.42782281136754" lon="19.76148960518788">
        <ele>954</ele>
      </trkpt>
      <trkpt lat="42.42775891665078" lon="19.76142761777609">
        <ele>953</ele>
      </trkpt>
      <trkpt lat="42.42772363150868" lon="19.76139996185391">
        <ele>952</ele>
      </trkpt>
      <trkpt lat="42.42769025367157" lon="19.76138470341409">
        <ele>951</ele>
      </trkpt>
      <trkpt lat="42.42769025367157" lon="19.76138470341409">
        <ele>951</ele>
      </trkpt>
      <trkpt lat="42.4275834445928" lon="19.76128075529278">
        <ele>948</ele>
      </trkpt>
      <trkpt lat="42.42752431813847" lon="19.76123402632082">
        <ele>946</ele>
      </trkpt>
      <trkpt lat="42.42743753576197" lon="19.76118252908641">
        <ele>945</ele>
      </trkpt>
      <trkpt lat="42.42735170703796" lon="19.761131031852">
        <ele>944</ele>
      </trkpt>
      <trkpt lat="42.42724108334924" lon="19.76102803738319">
        <ele>942</ele>
      </trkpt>
      <trkpt lat="42.42715811558269" lon="19.76096318901393">
        <ele>941</ele>
      </trkpt>
      <trkpt lat="42.42707514781614" lon="19.76089834064468">
        <ele>939</ele>
      </trkpt>
      <trkpt lat="42.42702174327675" lon="19.76083730688538">
        <ele>938</ele>
      </trkpt>
      <trkpt lat="42.42698931909213" lon="19.76075910738128">
        <ele>937</ele>
      </trkpt>
      <trkpt lat="42.42692733168034" lon="19.76064657638758">
        <ele>936</ele>
      </trkpt>
      <trkpt lat="42.42686534426856" lon="19.76053404539387">
        <ele>936</ele>
      </trkpt>
      <trkpt lat="42.42656208277705" lon="19.76037669273318">
        <ele>931</ele>
      </trkpt>
      <trkpt lat="42.42647816135801" lon="19.76039290482549">
        <ele>930</ele>
      </trkpt>
      <trkpt lat="42.42639519359146" lon="19.76041007057029">
        <ele>928</ele>
      </trkpt>
      <trkpt lat="42.42632748426474" lon="19.76041007057029">
        <ele>927</ele>
      </trkpt>
      <trkpt lat="42.42626072859051" lon="19.76041007057029">
        <ele>926</ele>
      </trkpt>
      <trkpt lat="42.42622353614344" lon="19.76038241464811">
        <ele>925</ele>
      </trkpt>
      <trkpt lat="42.42616154873165" lon="19.76036810986078">
        <ele>924</ele>
      </trkpt>
      <trkpt lat="42.42609765401488" lon="19.76039099752051">
        <ele>923</ele>
      </trkpt>
      <trkpt lat="42.42604711043297" lon="19.76043868014496">
        <ele>922</ele>
      </trkpt>
      <trkpt lat="42.42598035475874" lon="19.76046824337212">
        <ele>921</ele>
      </trkpt>
      <trkpt lat="42.42592695021935" lon="19.76045775319475">
        <ele>920</ele>
      </trkpt>
      <trkpt lat="42.42588594316232" lon="19.76042532901012">
        <ele>919</ele>
      </trkpt>
      <trkpt lat="42.4255483501812" lon="19.76043009727256">
        <ele>914</ele>
      </trkpt>
      <trkpt lat="42.42513255769598" lon="19.76039576578296">
        <ele>909</ele>
      </trkpt>
      <trkpt lat="42.42503909975206" lon="19.76046061415221">
        <ele>908</ele>
      </trkpt>
      <trkpt lat="42.42494564180813" lon="19.76052546252147">
        <ele>907</ele>
      </trkpt>
      <trkpt lat="42.42435533091742" lon="19.76058268167081">
        <ele>901</ele>
      </trkpt>
      <trkpt lat="42.42410738127028" lon="19.76063513255771">
        <ele>900</ele>
      </trkpt>
      <trkpt lat="42.42400152584399" lon="19.76069807362198">
        <ele>900</ele>
      </trkpt>
      <trkpt lat="42.4238966240702" lon="19.76076101468626">
        <ele>900</ele>
      </trkpt>
      <trkpt lat="42.4237917222964" lon="19.76078580965097">
        <ele>900</ele>
      </trkpt>
      <trkpt lat="42.4236877741751" lon="19.76081155826818">
        <ele>901</ele>
      </trkpt>
      <trkpt lat="42.42356761396148" lon="19.76083158497045">
        <ele>901</ele>
      </trkpt>
      <trkpt lat="42.42344745374786" lon="19.76085256532521">
        <ele>902</ele>
      </trkpt>
      <trkpt lat="42.42336448598132" lon="19.76087831394241">
        <ele>903</ele>
      </trkpt>
      <trkpt lat="42.42328247186726" lon="19.76090406255961">
        <ele>903</ele>
      </trkpt>
      <trkpt lat="42.42316898722106" lon="19.76098226206371">
        <ele>903</ele>
      </trkpt>
      <trkpt lat="42.42305550257487" lon="19.76106046156782">
        <ele>903</ele>
      </trkpt>
      <trkpt lat="42.42298588594317" lon="19.76110146862484">
        <ele>903</ele>
      </trkpt>
      <trkpt lat="42.42264161739462" lon="19.76114819759681">
        <ele>899</ele>
      </trkpt>
      <trkpt lat="42.42255388136564" lon="19.76112817089454">
        <ele>897</ele>
      </trkpt>
      <trkpt lat="42.42243848941447" lon="19.76108430288004">
        <ele>895</ele>
      </trkpt>
      <trkpt lat="42.42235838260539" lon="19.76108525653253">
        <ele>894</ele>
      </trkpt>
      <trkpt lat="42.42227827579631" lon="19.76108621018502">
        <ele>892</ele>
      </trkpt>
      <trkpt lat="42.42215906923518" lon="19.7611663169941">
        <ele>892</ele>
      </trkpt>
      <trkpt lat="42.42209231356095" lon="19.76122925805837">
        <ele>892</ele>
      </trkpt>
      <trkpt lat="42.42202555788671" lon="19.76129219912265">
        <ele>892</ele>
      </trkpt>
      <trkpt lat="42.42194545107763" lon="19.76131890139234">
        <ele>892</ele>
      </trkpt>
      <trkpt lat="42.42183959565135" lon="19.76136753766928">
        <ele>891</ele>
      </trkpt>
      <trkpt lat="42.4218004958993" lon="19.76140282281138">
        <ele>891</ele>
      </trkpt>
      <trkpt lat="42.42169177951555" lon="19.76146290291819">
        <ele>891</ele>
      </trkpt>
      <trkpt lat="42.42162025557887" lon="19.7614791150105">
        <ele>891</ele>
      </trkpt>
      <trkpt lat="42.4215487316422" lon="19.76149532710281">
        <ele>890</ele>
      </trkpt>
      <trkpt lat="42.42142761777609" lon="19.76160499713905">
        <ele>891</ele>
      </trkpt>
      <trkpt lat="42.42136753766928" lon="19.76159355330918">
        <ele>890</ele>
      </trkpt>
      <trkpt lat="42.4213312988747" lon="19.76157066564945">
        <ele>889</ele>
      </trkpt>
      <trkpt lat="42.42123021171086" lon="19.76147434674806">
        <ele>886</ele>
      </trkpt>
      <trkpt lat="42.42116250238413" lon="19.76139614724395">
        <ele>884</ele>
      </trkpt>
      <trkpt lat="42.42109574670991" lon="19.76131890139234">
        <ele>882</ele>
      </trkpt>
      <trkpt lat="42.42104615678048" lon="19.76121590692353">
        <ele>880</ele>
      </trkpt>
      <trkpt lat="42.42103280564563" lon="19.76114819759681">
        <ele>879</ele>
      </trkpt>
      <trkpt lat="42.42102040816327" lon="19.76108144192257">
        <ele>879</ele>
      </trkpt>
      <trkpt lat="42.42101373259585" lon="19.76098798397865">
        <ele>877</ele>
      </trkpt>
      <trkpt lat="42.42100705702843" lon="19.76089452603472">
        <ele>876</ele>
      </trkpt>
      <trkpt lat="42.42086782376503" lon="19.76052546252147">
        <ele>874</ele>
      </trkpt>
      <trkpt lat="42.42085256532521" lon="19.76046061415221">
        <ele>874</ele>
      </trkpt>
      <trkpt lat="42.42083730688537" lon="19.76039576578296">
        <ele>873</ele>
      </trkpt>
      <trkpt lat="42.42082967766547" lon="19.76000000000001">
        <ele>872</ele>
      </trkpt>
      <trkpt lat="42.42082967766547" lon="19.76">
        <ele>872</ele>
      </trkpt>
      <trkpt lat="42.42082777036049" lon="19.75991512492848">
        <ele>871</ele>
      </trkpt>
      <trkpt lat="42.42079343887088" lon="19.75986744230402">
        <ele>871</ele>
      </trkpt>
      <trkpt lat="42.42069044440207" lon="19.75977875262254">
        <ele>871</ele>
      </trkpt>
      <trkpt lat="42.42053023078391" lon="19.75969959946595">
        <ele>871</ele>
      </trkpt>
      <trkpt lat="42.42046728971963" lon="19.75962139996185">
        <ele>871</ele>
      </trkpt>
      <trkpt lat="42.4202355521648" lon="19.75929238985314">
        <ele>869</ele>
      </trkpt>
      <trkpt lat="42.42000000000001" lon="19.75893667747473">
        <ele>867</ele>
      </trkpt>
      <trkpt lat="42.41999999999999" lon="19.75893667747473">
        <ele>867</ele>
      </trkpt>
      <trkpt lat="42.41980640854472" lon="19.75867060843029">
        <ele>864</ele>
      </trkpt>
      <trkpt lat="42.41976254053023" lon="19.75859431623116">
        <ele>863</ele>
      </trkpt>
      <trkpt lat="42.41971962616822" lon="19.75851897768453">
        <ele>862</ele>
      </trkpt>
      <trkpt lat="42.41967671180621" lon="19.75840549303834">
        <ele>861</ele>
      </trkpt>
      <trkpt lat="42.41963475109669" lon="19.75829296204463">
        <ele>859</ele>
      </trkpt>
      <trkpt lat="42.41954987602517" lon="19.75827484264734">
        <ele>858</ele>
      </trkpt>
      <trkpt lat="42.41947453747854" lon="19.75823288193782">
        <ele>857</ele>
      </trkpt>
      <trkpt lat="42.41940587449933" lon="19.75820808697311">
        <ele>856</ele>
      </trkpt>
      <trkpt lat="42.41934579439252" lon="19.75822716002289">
        <ele>856</ele>
      </trkpt>
      <trkpt lat="42.41934579439252" lon="19.75822716002289">
        <ele>856</ele>
      </trkpt>
      <trkpt lat="42.41926568758344" lon="19.75821571619302">
        <ele>855</ele>
      </trkpt>
      <trkpt lat="42.4189824527942" lon="19.75814037764638">
        <ele>853</ele>
      </trkpt>
      <trkpt lat="42.41891188251001" lon="19.75812702651154">
        <ele>852</ele>
      </trkpt>
      <trkpt lat="42.41884226587831" lon="19.75811367537669">
        <ele>852</ele>
      </trkpt>
      <trkpt lat="42.41876788098416" lon="19.75811462902918">
        <ele>852</ele>
      </trkpt>
      <trkpt lat="42.41869349609002" lon="19.75811558268167">
        <ele>851</ele>
      </trkpt>
      <trkpt lat="42.41862674041579" lon="19.75814705321381">
        <ele>851</ele>
      </trkpt>
      <trkpt lat="42.41856093839404" lon="19.75817947739844">
        <ele>850</ele>
      </trkpt>
      <trkpt lat="42.41849227541483" lon="19.75817566278848">
        <ele>850</ele>
      </trkpt>
      <trkpt lat="42.41842456608811" lon="19.75814037764638">
        <ele>850</ele>
      </trkpt>
      <trkpt lat="42.41835781041388" lon="19.75810604615678">
        <ele>850</ele>
      </trkpt>
      <trkpt lat="42.41824432576769" lon="19.75808983406447">
        <ele>850</ele>
      </trkpt>
      <trkpt lat="42.41798397863818" lon="19.75809746328438">
        <ele>849</ele>
      </trkpt>
      <trkpt lat="42.41789147434675" lon="19.7581127217242">
        <ele>849</ele>
      </trkpt>
      <trkpt lat="42.4177999237078" lon="19.75812798016403">
        <ele>849</ele>
      </trkpt>
      <trkpt lat="42.4177388899485" lon="19.75815086782377">
        <ele>848</ele>
      </trkpt>
      <trkpt lat="42.41763971008964" lon="19.75821094793057">
        <ele>848</ele>
      </trkpt>
      <trkpt lat="42.41757200076292" lon="19.75826149151249">
        <ele>847</ele>
      </trkpt>
      <trkpt lat="42.41753766927332" lon="19.75831203509441">
        <ele>847</ele>
      </trkpt>
      <trkpt lat="42.41749284760633" lon="19.75855903108907">
        <ele>848</ele>
      </trkpt>
      <trkpt lat="42.41745470150677" lon="19.75862864772077">
        <ele>849</ele>
      </trkpt>
      <trkpt lat="42.41740320427236" lon="19.75867442304024">
        <ele>849</ele>
      </trkpt>
      <trkpt lat="42.41733072668319" lon="19.75872592027465">
        <ele>849</ele>
      </trkpt>
      <trkpt lat="42.41725824909403" lon="19.75877837116155">
        <ele>849</ele>
      </trkpt>
      <trkpt lat="42.41722105664695" lon="19.75878027846653">
        <ele>849</ele>
      </trkpt>
      <trkpt lat="42.41716288384512" lon="19.75874499332443">
        <ele>848</ele>
      </trkpt>
      <trkpt lat="42.41708849895098" lon="19.75872115201221">
        <ele>848</ele>
      </trkpt>
      <trkpt lat="42.41703890902155" lon="19.75873831775701">
        <ele>848</ele>
      </trkpt>
      <trkpt lat="42.41698741178714" lon="19.75877646385657">
        <ele>848</ele>
      </trkpt>
      <trkpt lat="42.41692447072287" lon="19.75887469006294">
        <ele>848</ele>
      </trkpt>
      <trkpt lat="42.41686248331108" lon="19.75897291626931">
        <ele>848</ele>
      </trkpt>
      <trkpt lat="42.41677665458707" lon="19.75909116917795">
        <ele>847</ele>
      </trkpt>
      <trkpt lat="42.41669177951554" lon="19.75921037573908">
        <ele>847</ele>
      </trkpt>
      <trkpt lat="42.41669177951554" lon="19.75921037573908">
        <ele>847</ele>
      </trkpt>
      <trkpt lat="42.41666603089833" lon="19.75922277322144">
        <ele>847</ele>
      </trkpt>
      <trkpt lat="42.41666603089833" lon="19.75922277322144">
        <ele>847</ele>
      </trkpt>
      <trkpt lat="42.41662311653633" lon="19.75926187297349">
        <ele>847</ele>
      </trkpt>
      <trkpt lat="42.41653919511729" lon="19.75931241655541">
        <ele>848</ele>
      </trkpt>
      <trkpt lat="42.41645527369826" lon="19.75935342361243">
        <ele>848</ele>
      </trkpt>
      <trkpt lat="42.41637898149914" lon="19.75937535761968">
        <ele>848</ele>
      </trkpt>
      <trkpt lat="42.41601468624832" lon="19.7593562845699">
        <ele>847</ele>
      </trkpt>
      <trkpt lat="42.41593171848178" lon="19.75934579439252">
        <ele>847</ele>
      </trkpt>
      <trkpt lat="42.41552736982644" lon="19.75947167652108">
        <ele>846</ele>
      </trkpt>
      <trkpt lat="42.4151821476254" lon="19.75942113293916">
        <ele>845</ele>
      </trkpt>
      <trkpt lat="42.41511062368873" lon="19.75942685485409">
        <ele>844</ele>
      </trkpt>
      <trkpt lat="42.41503909975205" lon="19.75943257676903">
        <ele>844</ele>
      </trkpt>
      <trkpt lat="42.41491798588594" lon="19.75947739843601">
        <ele>844</ele>
      </trkpt>
      <trkpt lat="42.41482738889948" lon="19.75953461758535">
        <ele>843</ele>
      </trkpt>
      <trkpt lat="42.41473774556551" lon="19.75959183673469">
        <ele>843</ele>
      </trkpt>
      <trkpt lat="42.41463093648674" lon="19.75962902918177">
        <ele>843</ele>
      </trkpt>
      <trkpt lat="42.41452508106046" lon="19.75966717528133">
        <ele>842</ele>
      </trkpt>
      <trkpt lat="42.4144173183292" lon="19.75969292389853">
        <ele>842</ele>
      </trkpt>
      <trkpt lat="42.41430955559794" lon="19.75971867251573">
        <ele>841</ele>
      </trkpt>
      <trkpt lat="42.41382796109097" lon="19.75969959946595">
        <ele>840</ele>
      </trkpt>
      <trkpt lat="42.41355235552165" lon="19.75974632843792">
        <ele>840</ele>
      </trkpt>
      <trkpt lat="42.41346843410261" lon="19.75978447453748">
        <ele>840</ele>
      </trkpt>
      <trkpt lat="42.41338832729353" lon="19.75983978638184">
        <ele>840</ele>
      </trkpt>
      <trkpt lat="42.41330822048445" lon="19.75989509822621">
        <ele>839</ele>
      </trkpt>
      <trkpt lat="42.41326625977494" lon="19.75992847606332">
        <ele>839</ele>
      </trkpt>
      <trkpt lat="42.41324146481022" lon="19.75995994659546">
        <ele>839</ele>
      </trkpt>
      <trkpt lat="42.41322716002288" lon="19.76">
        <ele>839</ele>
      </trkpt>
      <trkpt lat="42.41322716002288" lon="19.76000000000001">
        <ele>839</ele>
      </trkpt>
      <trkpt lat="42.41319664314324" lon="19.76029181766165">
        <ele>840</ele>
      </trkpt>
      <trkpt lat="42.41314609956132" lon="19.76037383177571">
        <ele>840</ele>
      </trkpt>
      <trkpt lat="42.41307648292962" lon="19.76046919702462">
        <ele>839</ele>
      </trkpt>
      <trkpt lat="42.41303261491512" lon="19.76056170131605">
        <ele>839</ele>
      </trkpt>
      <trkpt lat="42.41300686629792" lon="19.76065229830251">
        <ele>839</ele>
      </trkpt>
      <trkpt lat="42.41298111768072" lon="19.76074289528897">
        <ele>839</ele>
      </trkpt>
      <trkpt lat="42.41295155445356" lon="19.76080869731071">
        <ele>839</ele>
      </trkpt>
      <trkpt lat="42.41292294487889" lon="19.76087545298494">
        <ele>839</ele>
      </trkpt>
      <trkpt lat="42.41287335494945" lon="19.7609660499714">
        <ele>839</ele>
      </trkpt>
      <trkpt lat="42.41282471867251" lon="19.76105664695786">
        <ele>839</ele>
      </trkpt>
      <trkpt lat="42.41260156399008" lon="19.76157352660691">
        <ele>840</ele>
      </trkpt>
      <trkpt lat="42.4125300400534" lon="19.76167556742324">
        <ele>839</ele>
      </trkpt>
      <trkpt lat="42.41242704558459" lon="19.76176425710472">
        <ele>838</ele>
      </trkpt>
      <trkpt lat="42.41236315086782" lon="19.7618004958993">
        <ele>837</ele>
      </trkpt>
      <trkpt lat="42.41229925615106" lon="19.76183673469389">
        <ele>837</ele>
      </trkpt>
      <trkpt lat="42.41220961281709" lon="19.76186915887851">
        <ele>836</ele>
      </trkpt>
      <trkpt lat="42.41220961281709" lon="19.76186915887851">
        <ele>836</ele>
      </trkpt>
      <trkpt lat="42.4121209231356" lon="19.76190158306314">
        <ele>835</ele>
      </trkpt>
      <trkpt lat="42.41203223345413" lon="19.76193496090026">
        <ele>834</ele>
      </trkpt>
      <trkpt lat="42.41196833873736" lon="19.7620179286668">
        <ele>833</ele>
      </trkpt>
      <trkpt lat="42.41190539767308" lon="19.76210089643335">
        <ele>832</ele>
      </trkpt>
      <trkpt lat="42.41181003242418" lon="19.76215811558269">
        <ele>832</ele>
      </trkpt>
      <trkpt lat="42.41171466717527" lon="19.76221628838452">
        <ele>831</ele>
      </trkpt>
      <trkpt lat="42.41162120923136" lon="19.76229734884609">
        <ele>830</ele>
      </trkpt>
      <trkpt lat="42.41152775128743" lon="19.76237840930766">
        <ele>830</ele>
      </trkpt>
      <trkpt lat="42.41147720770551" lon="19.76247282090407">
        <ele>830</ele>
      </trkpt>
      <trkpt lat="42.41142666412359" lon="19.76256818615298">
        <ele>831</ele>
      </trkpt>
      <trkpt lat="42.41140568376883" lon="19.76263875643717">
        <ele>831</ele>
      </trkpt>
      <trkpt lat="42.41138470341407" lon="19.76271028037384">
        <ele>832</ele>
      </trkpt>
      <trkpt lat="42.41134465000953" lon="19.76280373831777">
        <ele>832</ele>
      </trkpt>
      <trkpt lat="42.4112950600801" lon="19.76288098416938">
        <ele>832</ele>
      </trkpt>
      <trkpt lat="42.41124642380316" lon="19.76295823002099">
        <ele>833</ele>
      </trkpt>
      <trkpt lat="42.41093744039672" lon="19.76330917413695">
        <ele>832</ele>
      </trkpt>
      <trkpt lat="42.41059317184818" lon="19.76379458325387">
        <ele>833</ele>
      </trkpt>
      <trkpt lat="42.41051878695403" lon="19.76386992180051">
        <ele>833</ele>
      </trkpt>
      <trkpt lat="42.41044535571238" lon="19.76394526034714">
        <ele>833</ele>
      </trkpt>
      <trkpt lat="42.41043677283997" lon="19.76398054548923">
        <ele>833</ele>
      </trkpt>
      <trkpt lat="42.41043391188251" lon="19.76403299637613">
        <ele>833</ele>
      </trkpt>
      <trkpt lat="42.41041483883273" lon="19.76408640091552">
        <ele>833</ele>
      </trkpt>
      <trkpt lat="42.41037764638565" lon="19.7641483883273">
        <ele>834</ele>
      </trkpt>
      <trkpt lat="42.41031851993133" lon="19.76421037573909">
        <ele>834</ele>
      </trkpt>
      <trkpt lat="42.41025462521457" lon="19.76426759488843">
        <ele>834</ele>
      </trkpt>
      <trkpt lat="42.41019168415029" lon="19.76432576769026">
        <ele>834</ele>
      </trkpt>
      <trkpt lat="42.41012397482357" lon="19.76437917222965">
        <ele>834</ele>
      </trkpt>
      <trkpt lat="42.41005626549685" lon="19.76443257676904">
        <ele>834</ele>
      </trkpt>
      <trkpt lat="42.40999618539004" lon="19.76448979591838">
        <ele>834</ele>
      </trkpt>
      <trkpt lat="42.40992275414838" lon="19.76458516116728">
        <ele>834</ele>
      </trkpt>
      <trkpt lat="42.40986267404158" lon="19.76468052641619">
        <ele>835</ele>
      </trkpt>
      <trkpt lat="42.40980354758726" lon="19.76477589166509">
        <ele>835</ele>
      </trkpt>
      <trkpt lat="42.40945546442876" lon="19.76503051687966">
        <ele>835</ele>
      </trkpt>
      <trkpt lat="42.40933911882509" lon="19.76510871638376">
        <ele>834</ele>
      </trkpt>
      <trkpt lat="42.40922372687393" lon="19.76518786954035">
        <ele>834</ele>
      </trkpt>
      <trkpt lat="42.40896624070189" lon="19.76543105092505">
        <ele>835</ele>
      </trkpt>
      <trkpt lat="42.40886515353804" lon="19.76549876025177">
        <ele>835</ele>
      </trkpt>
      <trkpt lat="42.4087650200267" lon="19.76556742323098">
        <ele>835</ele>
      </trkpt>
      <trkpt lat="42.408652489033" lon="19.76564943734504">
        <ele>835</ele>
      </trkpt>
      <trkpt lat="42.40853995803928" lon="19.76573240511159">
        <ele>835</ele>
      </trkpt>
      <trkpt lat="42.40843982452794" lon="19.76583158497045">
        <ele>835</ele>
      </trkpt>
      <trkpt lat="42.40836925424375" lon="19.7659488842266">
        <ele>836</ele>
      </trkpt>
      <trkpt lat="42.4083129887469" lon="19.76598989128363">
        <ele>836</ele>
      </trkpt>
      <trkpt lat="42.40826530612244" lon="19.76597844745376">
        <ele>835</ele>
      </trkpt>
      <trkpt lat="42.40822334541293" lon="19.76594697692162">
        <ele>835</ele>
      </trkpt>
      <trkpt lat="42.40816135800114" lon="19.76593648674424">
        <ele>834</ele>
      </trkpt>
      <trkpt lat="42.40805740987984" lon="19.76594220865918">
        <ele>833</ele>
      </trkpt>
      <trkpt lat="42.407695021934" lon="19.76607667366013">
        <ele>831</ele>
      </trkpt>
      <trkpt lat="42.40763398817471" lon="19.76611863436965">
        <ele>831</ele>
      </trkpt>
      <trkpt lat="42.40755483501812" lon="19.76619015830632">
        <ele>831</ele>
      </trkpt>
      <trkpt lat="42.407521457181" lon="19.76623211901584">
        <ele>831</ele>
      </trkpt>
      <trkpt lat="42.40748426473393" lon="19.76630078199505">
        <ele>832</ele>
      </trkpt>
      <trkpt lat="42.40741846271219" lon="19.76637039862675">
        <ele>832</ele>
      </trkpt>
      <trkpt lat="42.40735552164791" lon="19.76641140568378">
        <ele>832</ele>
      </trkpt>
      <trkpt lat="42.40726587831394" lon="19.76644859813085">
        <ele>832</ele>
      </trkpt>
      <trkpt lat="42.40717718863246" lon="19.76648674423041">
        <ele>831</ele>
      </trkpt>
      <trkpt lat="42.40710280373831" lon="19.76652298302499">
        <ele>831</ele>
      </trkpt>
      <trkpt lat="42.40702841884417" lon="19.76655922181958">
        <ele>831</ele>
      </trkpt>
      <trkpt lat="42.40691874880793" lon="19.7666440968911">
        <ele>831</ele>
      </trkpt>
      <trkpt lat="42.40681003242418" lon="19.76672897196263">
        <ele>831</ele>
      </trkpt>
      <trkpt lat="42.40672229639519" lon="19.76678714476446">
        <ele>830</ele>
      </trkpt>
      <trkpt lat="42.40616059507915" lon="19.7672353614343">
        <ele>825</ele>
      </trkpt>
      <trkpt lat="42.40599179858859" lon="19.7675052450887">
        <ele>825</ele>
      </trkpt>
      <trkpt lat="42.40596318901392" lon="19.7675834445928">
        <ele>825</ele>
      </trkpt>
      <trkpt lat="42.40593553309174" lon="19.7676616440969">
        <ele>825</ele>
      </trkpt>
      <trkpt lat="42.40589643333968" lon="19.76769216097655">
        <ele>824</ele>
      </trkpt>
      <trkpt lat="42.4058344459279" lon="19.76770932672135">
        <ele>824</ele>
      </trkpt>
      <trkpt lat="42.40574861720389" lon="19.76767499523175">
        <ele>823</ele>
      </trkpt>
      <trkpt lat="42.40566374213236" lon="19.76764161739463">
        <ele>822</ele>
      </trkpt>
      <trkpt lat="42.40562654968529" lon="19.76763875643717">
        <ele>821</ele>
      </trkpt>
      <trkpt lat="42.40559031089071" lon="19.76764638565708">
        <ele>821</ele>
      </trkpt>
      <trkpt lat="42.40551974060652" lon="19.76767594888424">
        <ele>820</ele>
      </trkpt>
      <trkpt lat="42.40540053404539" lon="19.76775319473585">
        <ele>820</ele>
      </trkpt>
      <trkpt lat="42.40528132748426" lon="19.76783139423995">
        <ele>819</ele>
      </trkpt>
      <trkpt lat="42.40477970627503" lon="19.76813274842648">
        <ele>819</ele>
      </trkpt>
      <trkpt lat="42.40468720198359" lon="19.76819950410072">
        <ele>820</ele>
      </trkpt>
      <trkpt lat="42.40459469769215" lon="19.76826721342744">
        <ele>820</ele>
      </trkpt>
      <trkpt lat="42.40404730116345" lon="19.76864485981309">
        <ele>823</ele>
      </trkpt>
      <trkpt lat="42.40372401296967" lon="19.76883272935343">
        <ele>821</ele>
      </trkpt>
      <trkpt lat="42.40362006484837" lon="19.76887278275797">
        <ele>821</ele>
      </trkpt>
      <trkpt lat="42.40358096509632" lon="19.76890139233264">
        <ele>821</ele>
      </trkpt>
      <trkpt lat="42.40354186534427" lon="19.76894621399963">
        <ele>821</ele>
      </trkpt>
      <trkpt lat="42.40348464619493" lon="19.76903395002862">
        <ele>821</ele>
      </trkpt>
      <trkpt lat="42.40344268548541" lon="19.76911310318521">
        <ele>822</ele>
      </trkpt>
      <trkpt lat="42.40336925424375" lon="19.76919893190922">
        <ele>822</ele>
      </trkpt>
      <trkpt lat="42.40332538622926" lon="19.76923040244136">
        <ele>822</ele>
      </trkpt>
      <trkpt lat="42.4032691207324" lon="19.76925233644861">
        <ele>821</ele>
      </trkpt>
      <trkpt lat="42.40321953080297" lon="19.76925424375359">
        <ele>820</ele>
      </trkpt>
      <trkpt lat="42.40311462902918" lon="19.76923040244136">
        <ele>818</ele>
      </trkpt>
      <trkpt lat="42.40307076101468" lon="19.7692447072287">
        <ele>818</ele>
      </trkpt>
      <trkpt lat="42.40300972725539" lon="19.76928189967577">
        <ele>817</ele>
      </trkpt>
      <trkpt lat="42.40297825672324" lon="19.76934770169751">
        <ele>818</ele>
      </trkpt>
      <trkpt lat="42.40295441541102" lon="19.76943448407402">
        <ele>819</ele>
      </trkpt>
      <trkpt lat="42.40293152775129" lon="19.76952222010301">
        <ele>820</ele>
      </trkpt>
      <trkpt lat="42.40286477207705" lon="19.76958992942973">
        <ele>820</ele>
      </trkpt>
      <trkpt lat="42.40281041388518" lon="19.76961090978449">
        <ele>819</ele>
      </trkpt>
      <trkpt lat="42.40269025367156" lon="19.76958516116728">
        <ele>817</ele>
      </trkpt>
      <trkpt lat="42.40260251764257" lon="19.76954415411025">
        <ele>815</ele>
      </trkpt>
      <trkpt lat="42.40253385466336" lon="19.76952126645051">
        <ele>813</ele>
      </trkpt>
      <trkpt lat="42.40247186725157" lon="19.76951649818807">
        <ele>812</ele>
      </trkpt>
      <trkpt lat="42.40244135037192" lon="19.76952317375549">
        <ele>812</ele>
      </trkpt>
      <trkpt lat="42.40237459469769" lon="19.76958039290484">
        <ele>812</ele>
      </trkpt>
      <trkpt lat="42.40230879267595" lon="19.76963761205418">
        <ele>812</ele>
      </trkpt>
      <trkpt lat="42.40225443448407" lon="19.76970913599085">
        <ele>812</ele>
      </trkpt>
      <trkpt lat="42.4022000762922" lon="19.76978065992753">
        <ele>812</ele>
      </trkpt>
      <trkpt lat="42.4021476254053" lon="19.7698970055312">
        <ele>813</ele>
      </trkpt>
      <trkpt lat="42.40209612817089" lon="19.77001335113486">
        <ele>814</ele>
      </trkpt>
      <trkpt lat="42.40207514781613" lon="19.77008582872402">
        <ele>814</ele>
      </trkpt>
      <trkpt lat="42.40205512111386" lon="19.77015830631319">
        <ele>815</ele>
      </trkpt>
      <trkpt lat="42.40203700171657" lon="19.7702794201793">
        <ele>815</ele>
      </trkpt>
      <trkpt lat="42.40203318710662" lon="19.77035189776846">
        <ele>816</ele>
      </trkpt>
      <trkpt lat="42.40202937249666" lon="19.77042532901012">
        <ele>817</ele>
      </trkpt>
      <trkpt lat="42.40202937249666" lon="19.77042532901012">
        <ele>817</ele>
      </trkpt>
      <trkpt lat="42.40195021934007" lon="19.77050734312418">
        <ele>816</ele>
      </trkpt>
      <trkpt lat="42.40192140230167" lon="19.77056575603984">
        <ele>816</ele>
      </trkpt>
      <trkpt lat="42.40192065611291" lon="19.77056551592601">
        <ele>816</ele>
      </trkpt>
      <trkpt lat="42.40175472057982" lon="19.77051211138662">
        <ele>813</ele>
      </trkpt>
      <trkpt lat="42.40167938203319" lon="19.77052927713142">
        <ele>812</ele>
      </trkpt>
      <trkpt lat="42.40159736791912" lon="19.77046633606715">
        <ele>810</ele>
      </trkpt>
      <trkpt lat="42.40143715430097" lon="19.77022410833493">
        <ele>805</ele>
      </trkpt>
      <trkpt lat="42.40128743086019" lon="19.77015925996568">
        <ele>802</ele>
      </trkpt>
      <trkpt lat="42.40128743086019" lon="19.77015925996568">
        <ele>802</ele>
      </trkpt>
      <trkpt lat="42.40120446309365" lon="19.77020312798017">
        <ele>802</ele>
      </trkpt>
      <trkpt lat="42.40114152202937" lon="19.77021361815755">
        <ele>801</ele>
      </trkpt>
      <trkpt lat="42.40105950791531" lon="19.77024890329965">
        <ele>800</ele>
      </trkpt>
      <trkpt lat="42.40097749380126" lon="19.77028514209423">
        <ele>799</ele>
      </trkpt>
      <trkpt lat="42.40093362578676" lon="19.77033282471868">
        <ele>799</ele>
      </trkpt>
      <trkpt lat="42.40091169177951" lon="19.77036429525082">
        <ele>799</ele>
      </trkpt>
      <trkpt lat="42.40089357238222" lon="19.77040816326532">
        <ele>799</ele>
      </trkpt>
      <trkpt lat="42.4008525653252" lon="19.77045679954226">
        <ele>799</ele>
      </trkpt>
      <trkpt lat="42.40080202174327" lon="19.77047777989701">
        <ele>798</ele>
      </trkpt>
      <trkpt lat="42.40072096128171" lon="19.77047682624453">
        <ele>797</ele>
      </trkpt>
      <trkpt lat="42.40063990082014" lon="19.77047587259204">
        <ele>795</ele>
      </trkpt>
      <trkpt lat="42.40055693305359" lon="19.77048254815946">
        <ele>794</ele>
      </trkpt>
      <trkpt lat="42.40047396528705" lon="19.77048922372688">
        <ele>793</ele>
      </trkpt>
      <trkpt lat="42.40036620255579" lon="19.7705311844364">
        <ele>791</ele>
      </trkpt>
      <trkpt lat="42.40036620255579" lon="19.7705311844364">
        <ele>791</ele>
      </trkpt>
      <trkpt lat="42.40026130078199" lon="19.77066564943735">
        <ele>791</ele>
      </trkpt>
      <trkpt lat="42.40010967003624" lon="19.77083063131796">
        <ele>790</ele>
      </trkpt>
      <trkpt lat="42.4" lon="19.77090024794966">
        <ele>789</ele>
      </trkpt>
      <trkpt lat="42.40000000000001" lon="19.77090024794966">
        <ele>789</ele>
      </trkpt>
      <trkpt lat="42.3999306532074" lon="19.77094416758498">
        <ele>788</ele>
      </trkpt>
      <trkpt lat="42.39993038336831" lon="19.77094411596415">
        <ele>788</ele>
      </trkpt>
      <trkpt lat="42.39962139996187" lon="19.77088498950983">
        <ele>783</ele>
      </trkpt>
      <trkpt lat="42.39949837879078" lon="19.77091646004197">
        <ele>781</ele>
      </trkpt>
      <trkpt lat="42.39942685485411" lon="19.77092695021935">
        <ele>780</ele>
      </trkpt>
      <trkpt lat="42.39929429715813" lon="19.77089166507725">
        <ele>778</ele>
      </trkpt>
      <trkpt lat="42.39908258630557" lon="19.77075815372879">
        <ele>774</ele>
      </trkpt>
      <trkpt lat="42.39908258630557" lon="19.77075815372879">
        <ele>774</ele>
      </trkpt>
      <trkpt lat="42.39902155254627" lon="19.77074194163648">
        <ele>773</ele>
      </trkpt>
      <trkpt lat="42.39895575052452" lon="19.7708096509632">
        <ele>773</ele>
      </trkpt>
      <trkpt lat="42.39892618729736" lon="19.77086019454512">
        <ele>773</ele>
      </trkpt>
      <trkpt lat="42.39890520694261" lon="19.77088117489988">
        <ele>773</ele>
      </trkpt>
      <trkpt lat="42.39890520694261" lon="19.77088117489988">
        <ele>773</ele>
      </trkpt>
      <trkpt lat="42.39882700743851" lon="19.77088880411979">
        <ele>772</ele>
      </trkpt>
      <trkpt lat="42.39876025176427" lon="19.77085256532521">
        <ele>771</ele>
      </trkpt>
      <trkpt lat="42.39869444974253" lon="19.77081632653062">
        <ele>770</ele>
      </trkpt>
      <trkpt lat="42.39861148197598" lon="19.77082395575053">
        <ele>770</ele>
      </trkpt>
      <trkpt lat="42.39855712378411" lon="19.77088880411979">
        <ele>770</ele>
      </trkpt>
      <trkpt lat="42.39828724012971" lon="19.771261682243">
        <ele>771</ele>
      </trkpt>
      <trkpt lat="42.3981832920084" lon="19.77157638756438">
        <ele>772</ele>
      </trkpt>
      <trkpt lat="42.39812798016404" lon="19.77165554072097">
        <ele>772</ele>
      </trkpt>
      <trkpt lat="42.39805931718483" lon="19.77170131604045">
        <ele>772</ele>
      </trkpt>
      <trkpt lat="42.39776368491323" lon="19.77180907877171">
        <ele>769</ele>
      </trkpt>
      <trkpt lat="42.39767022696931" lon="19.77187678809843">
        <ele>768</ele>
      </trkpt>
      <trkpt lat="42.39763971008966" lon="19.77194545107764">
        <ele>769</ele>
      </trkpt>
      <trkpt lat="42.3976101468625" lon="19.77201506770934">
        <ele>769</ele>
      </trkpt>
      <trkpt lat="42.3976101468625" lon="19.77201506770934">
        <ele>769</ele>
      </trkpt>
      <trkpt lat="42.39756723250049" lon="19.77207610146863">
        <ele>768</ele>
      </trkpt>
      <trkpt lat="42.39752527179098" lon="19.77213808888042">
        <ele>768</ele>
      </trkpt>
      <trkpt lat="42.39745184054932" lon="19.77216765210758">
        <ele>767</ele>
      </trkpt>
      <trkpt lat="42.39737840930766" lon="19.77219816898723">
        <ele>766</ele>
      </trkpt>
      <trkpt lat="42.39730497806601" lon="19.77219053976732">
        <ele>765</ele>
      </trkpt>
      <trkpt lat="42.39723250047684" lon="19.77218291054741">
        <ele>764</ele>
      </trkpt>
      <trkpt lat="42.39716955941257" lon="19.77216383749763">
        <ele>763</ele>
      </trkpt>
      <trkpt lat="42.39710757200078" lon="19.77214571810033">
        <ele>762</ele>
      </trkpt>
      <trkpt lat="42.39700743848943" lon="19.77215525462523">
        <ele>761</ele>
      </trkpt>
      <trkpt lat="42.39690635132559" lon="19.77219340072478">
        <ele>760</ele>
      </trkpt>
      <trkpt lat="42.3968186152966" lon="19.77224012969675">
        <ele>759</ele>
      </trkpt>
      <trkpt lat="42.39674518405494" lon="19.77231928285334">
        <ele>758</ele>
      </trkpt>
      <trkpt lat="42.39671397265283" lon="19.77238896144476">
        <ele>757</ele>
      </trkpt>
    </trkseg>
  </trk>
</gpx>