<?xml version="1.0" encoding="UTF-8" standalone="yes"?>
<gpx
 version="1.1"
 creator="Generated by MapOut iPhone App. See https://mapout.app"
 xmlns="http://www.topografix.com/GPX/1/1"
 xmlns:xsi="http://www.w3.org/2001/XMLSchema-instance"
 xmlns:gpxx="http://www.garmin.com/xmlschemas/GpxExtensions/v3"
 xmlns:mapout="https://mapout.app/xmlschemas/MapOutExtensions"
 xsi:schemaLocation="http://www.topografix.com/GPX/1/1 https://www.topografix.com/GPX/1/1/gpx.xsd http://www.garmin.com/xmlschemas/GpxExtensions/v3 https://www8.garmin.com/xmlschemas/GpxExtensionsv3.xsd https://mapout.app/xmlschemas/MapOutExtensions https://mapout.app/xmlschemas/MapOutExtensions.xsd">
  <metadata>
    <name>Transylvania 50k 2025 Detailed</name>
    <author><name>Andrew</name></author>
    <time>2026-08-18T09:46:17Z</time>
    <bounds minlat="45.38124356284571" minlon="25.36443681997681" maxlat="45.51628088906182" maxlon="25.45613103185201"/>
  </metadata>
  <trk>
    <name>Transylvania 50k 2025 Detailed</name>
    <trkseg>
      <trkpt lat="45.51568724440545" lon="25.3677472204801">
        <ele>765</ele>
      </trkpt>
      <trkpt lat="45.51571333206179" lon="25.36779706275034">
        <ele>764</ele>
      </trkpt>
      <trkpt lat="45.51576196833873" lon="25.3678437917223">
        <ele>762</ele>
      </trkpt>
      <trkpt lat="45.51583349227541" lon="25.36788479877933">
        <ele>759</ele>
      </trkpt>
      <trkpt lat="45.51591169177951" lon="25.367913408354">
        <ele>759</ele>
      </trkpt>
      <trkpt lat="45.51591169177951" lon="25.367913408354">
        <ele>759</ele>
      </trkpt>
      <trkpt lat="45.51608239557504" lon="25.36787335494946">
        <ele>760</ele>
      </trkpt>
      <trkpt lat="45.51608239557504" lon="25.36787335494946">
        <ele>760</ele>
      </trkpt>
      <trkpt lat="45.5161901583063" lon="25.36794678619112">
        <ele>760</ele>
      </trkpt>
      <trkpt lat="45.51625309937058" lon="25.36797921037574">
        <ele>760</ele>
      </trkpt>
      <trkpt lat="45.51628088905272" lon="25.36798678937997">
        <ele>760</ele>
      </trkpt>
      <trkpt lat="45.51628088906182" lon="25.36798678910894">
        <ele>760</ele>
      </trkpt>
      <trkpt lat="45.51628075529276" lon="25.36798970055312">
        <ele>760</ele>
      </trkpt>
      <trkpt lat="45.51622735075338" lon="25.36863913789815">
        <ele>760</ele>
      </trkpt>
      <trkpt lat="45.51619492656875" lon="25.36890902155255">
        <ele>760</ele>
      </trkpt>
      <trkpt lat="45.51611577341216" lon="25.36928666793821">
        <ele>760</ele>
      </trkpt>
      <trkpt lat="45.516086210185" lon="25.3694001525844">
        <ele>760</ele>
      </trkpt>
      <trkpt lat="45.51605760061033" lon="25.36951459088309">
        <ele>761</ele>
      </trkpt>
      <trkpt lat="45.516020054578" lon="25.36962691079336">
        <ele>761</ele>
      </trkpt>
      <trkpt lat="45.51602040816326" lon="25.36962712187679">
        <ele>761</ele>
      </trkpt>
      <trkpt lat="45.51605086347767" lon="25.36964531046734">
        <ele>761</ele>
      </trkpt>
      <trkpt lat="45.51605086319868" lon="25.3696453113545">
        <ele>761</ele>
      </trkpt>
      <trkpt lat="45.51596032805644" lon="25.36993229067328">
        <ele>762</ele>
      </trkpt>
      <trkpt lat="45.51595269883654" lon="25.36998760251765">
        <ele>762</ele>
      </trkpt>
      <trkpt lat="45.51595365248902" lon="25.37005054358192">
        <ele>762</ele>
      </trkpt>
      <trkpt lat="45.51595460614151" lon="25.37011443829869">
        <ele>762</ele>
      </trkpt>
      <trkpt lat="45.51597463284378" lon="25.37019740606523">
        <ele>762</ele>
      </trkpt>
      <trkpt lat="45.51601277894334" lon="25.37028800305169">
        <ele>763</ele>
      </trkpt>
      <trkpt lat="45.51607476635513" lon="25.37036810986077">
        <ele>763</ele>
      </trkpt>
      <trkpt lat="45.51614152202936" lon="25.3704262826626">
        <ele>763</ele>
      </trkpt>
      <trkpt lat="45.5162082777036" lon="25.37048445546443">
        <ele>763</ele>
      </trkpt>
      <trkpt lat="45.5162082777036" lon="25.37048445546443">
        <ele>763</ele>
      </trkpt>
      <trkpt lat="45.51581155826815" lon="25.3713570474919">
        <ele>764</ele>
      </trkpt>
      <trkpt lat="45.5157028418844" lon="25.37156780469197">
        <ele>765</ele>
      </trkpt>
      <trkpt lat="45.51555311844363" lon="25.37182529086401">
        <ele>767</ele>
      </trkpt>
      <trkpt lat="45.51555311844363" lon="25.37182529086401">
        <ele>767</ele>
      </trkpt>
      <trkpt lat="45.51522983024985" lon="25.3723564753004">
        <ele>768</ele>
      </trkpt>
      <trkpt lat="45.51518405493037" lon="25.37242513827962">
        <ele>768</ele>
      </trkpt>
      <trkpt lat="45.5151382796109" lon="25.37249475491132">
        <ele>768</ele>
      </trkpt>
      <trkpt lat="45.51508392141903" lon="25.37256437154301">
        <ele>769</ele>
      </trkpt>
      <trkpt lat="45.51502956322715" lon="25.37263398817471">
        <ele>769</ele>
      </trkpt>
      <trkpt lat="45.51492180049589" lon="25.37274365821095">
        <ele>770</ele>
      </trkpt>
      <trkpt lat="45.51466526797634" lon="25.37296013732596">
        <ele>771</ele>
      </trkpt>
      <trkpt lat="45.51458134655731" lon="25.37303929048255">
        <ele>772</ele>
      </trkpt>
      <trkpt lat="45.51449837879076" lon="25.37311939729163">
        <ele>773</ele>
      </trkpt>
      <trkpt lat="45.51440968910928" lon="25.37322525271792">
        <ele>773</ele>
      </trkpt>
      <trkpt lat="45.51415506389471" lon="25.37357810413886">
        <ele>774</ele>
      </trkpt>
      <trkpt lat="45.5140864009155" lon="25.37365344268549">
        <ele>775</ele>
      </trkpt>
      <trkpt lat="45.51397768453175" lon="25.3737392714095">
        <ele>775</ele>
      </trkpt>
      <trkpt lat="45.51368586687011" lon="25.37393000190731">
        <ele>776</ele>
      </trkpt>
      <trkpt lat="45.5136343696357" lon="25.37397291626932">
        <ele>777</ele>
      </trkpt>
      <trkpt lat="45.51358382605378" lon="25.37402822811368">
        <ele>777</ele>
      </trkpt>
      <trkpt lat="45.51354854091169" lon="25.37407686439062">
        <ele>777</ele>
      </trkpt>
      <trkpt lat="45.51351516307457" lon="25.37413408353996">
        <ele>777</ele>
      </trkpt>
      <trkpt lat="45.51348559984741" lon="25.37420370017166">
        <ele>776</ele>
      </trkpt>
      <trkpt lat="45.51337974442112" lon="25.37451172992562">
        <ele>775</ele>
      </trkpt>
      <trkpt lat="45.51319092122829" lon="25.37492847606333">
        <ele>773</ele>
      </trkpt>
      <trkpt lat="45.51315182147624" lon="25.37505054358192">
        <ele>776</ele>
      </trkpt>
      <trkpt lat="45.5130688537097" lon="25.37536620255579">
        <ele>776</ele>
      </trkpt>
      <trkpt lat="45.51303642952507" lon="25.37544440205989">
        <ele>776</ele>
      </trkpt>
      <trkpt lat="45.51300495899294" lon="25.37552260156399">
        <ele>776</ele>
      </trkpt>
      <trkpt lat="45.51296585924089" lon="25.3755912645432">
        <ele>776</ele>
      </trkpt>
      <trkpt lat="45.51292771314132" lon="25.37566088117491">
        <ele>776</ele>
      </trkpt>
      <trkpt lat="45.51287430860194" lon="25.37574098798398">
        <ele>776</ele>
      </trkpt>
      <trkpt lat="45.51238699218004" lon="25.37635132557697">
        <ele>780</ele>
      </trkpt>
      <trkpt lat="45.51231546824337" lon="25.37645145908831">
        <ele>781</ele>
      </trkpt>
      <trkpt lat="45.51227922944878" lon="25.3765134465001">
        <ele>782</ele>
      </trkpt>
      <trkpt lat="45.51224394430668" lon="25.37657638756438">
        <ele>783</ele>
      </trkpt>
      <trkpt lat="45.51221533473201" lon="25.37664218958612">
        <ele>783</ele>
      </trkpt>
      <trkpt lat="45.51218672515734" lon="25.37670894526035">
        <ele>783</ele>
      </trkpt>
      <trkpt lat="45.51177760823955" lon="25.37810032424185">
        <ele>786</ele>
      </trkpt>
      <trkpt lat="45.51174232309745" lon="25.37818424566089">
        <ele>786</ele>
      </trkpt>
      <trkpt lat="45.511694640473" lon="25.37827484264734">
        <ele>785</ele>
      </trkpt>
      <trkpt lat="45.51163742132366" lon="25.37835304215145">
        <ele>786</ele>
      </trkpt>
      <trkpt lat="45.51158592408925" lon="25.37840549303834">
        <ele>786</ele>
      </trkpt>
      <trkpt lat="45.51150486362769" lon="25.37847224871257">
        <ele>787</ele>
      </trkpt>
      <trkpt lat="45.51125023841311" lon="25.37862864772077">
        <ele>788</ele>
      </trkpt>
      <trkpt lat="45.51116536334159" lon="25.37869540339501">
        <ele>789</ele>
      </trkpt>
      <trkpt lat="45.51063227160022" lon="25.37920465382415">
        <ele>789</ele>
      </trkpt>
      <trkpt lat="45.51051115773411" lon="25.37931527751288">
        <ele>790</ele>
      </trkpt>
      <trkpt lat="45.5104081632653" lon="25.37939347701698">
        <ele>791</ele>
      </trkpt>
      <trkpt lat="45.51033663932862" lon="25.37943925233645">
        <ele>791</ele>
      </trkpt>
      <trkpt lat="45.51026606904443" lon="25.37948502765593">
        <ele>792</ele>
      </trkpt>
      <trkpt lat="45.50972534808315" lon="25.37977779897006">
        <ele>794</ele>
      </trkpt>
      <trkpt lat="45.50936772839976" lon="25.38000000000001">
        <ele>795</ele>
      </trkpt>
      <trkpt lat="45.50936772839976" lon="25.38000000000001">
        <ele>795</ele>
      </trkpt>
      <trkpt lat="45.50928666793819" lon="25.38004958992945">
        <ele>796</ele>
      </trkpt>
      <trkpt lat="45.50920656112912" lon="25.38010013351136">
        <ele>796</ele>
      </trkpt>
      <trkpt lat="45.50914362006484" lon="25.38014972344079">
        <ele>797</ele>
      </trkpt>
      <trkpt lat="45.50907495708563" lon="25.38021457181005">
        <ele>797</ele>
      </trkpt>
      <trkpt lat="45.50875452984931" lon="25.38055884035859">
        <ele>797</ele>
      </trkpt>
      <trkpt lat="45.50865630364294" lon="25.38063703986269">
        <ele>797</ele>
      </trkpt>
      <trkpt lat="45.5085552164791" lon="25.38069521266452">
        <ele>797</ele>
      </trkpt>
      <trkpt lat="45.50846271218767" lon="25.38073049780661">
        <ele>797</ele>
      </trkpt>
      <trkpt lat="45.50835208849895" lon="25.38076387564373">
        <ele>797</ele>
      </trkpt>
      <trkpt lat="45.50826912073239" lon="25.38077627312609">
        <ele>798</ele>
      </trkpt>
      <trkpt lat="45.50818615296585" lon="25.38078867060845">
        <ele>798</ele>
      </trkpt>
      <trkpt lat="45.5079382033187" lon="25.38081537287814">
        <ele>800</ele>
      </trkpt>
      <trkpt lat="45.50783997711233" lon="25.38083826053787">
        <ele>800</ele>
      </trkpt>
      <trkpt lat="45.50774175090596" lon="25.38086114819761">
        <ele>801</ele>
      </trkpt>
      <trkpt lat="45.5076778561892" lon="25.38088403585735">
        <ele>801</ele>
      </trkpt>
      <trkpt lat="45.50761491512492" lon="25.38090692351708">
        <ele>802</ele>
      </trkpt>
      <trkpt lat="45.50724680526415" lon="25.38108334922756">
        <ele>805</ele>
      </trkpt>
      <trkpt lat="45.50715620827769" lon="25.38111195880223">
        <ele>805</ele>
      </trkpt>
      <trkpt lat="45.5070427236315" lon="25.38113293915698">
        <ele>806</ele>
      </trkpt>
      <trkpt lat="45.5069301926378" lon="25.38115487316423">
        <ele>807</ele>
      </trkpt>
      <trkpt lat="45.50684531756627" lon="25.38117585351899">
        <ele>807</ele>
      </trkpt>
      <trkpt lat="45.50676139614723" lon="25.38119683387375">
        <ele>808</ele>
      </trkpt>
      <trkpt lat="45.50622258249093" lon="25.38138851802405">
        <ele>810</ele>
      </trkpt>
      <trkpt lat="45.50582967766545" lon="25.38149818806028">
        <ele>811</ele>
      </trkpt>
      <trkpt lat="45.50573526606904" lon="25.38153633415985">
        <ele>811</ele>
      </trkpt>
      <trkpt lat="45.50567613961471" lon="25.38156971199696">
        <ele>811</ele>
      </trkpt>
      <trkpt lat="45.50537764638565" lon="25.38180526416176">
        <ele>812</ele>
      </trkpt>
      <trkpt lat="45.5052775128743" lon="25.38187488079345">
        <ele>812</ele>
      </trkpt>
      <trkpt lat="45.50517737936295" lon="25.38194545107764">
        <ele>812</ele>
      </trkpt>
      <trkpt lat="45.50473011634559" lon="25.3822096128171">
        <ele>815</ele>
      </trkpt>
      <trkpt lat="45.50467385084874" lon="25.38223536143431">
        <ele>815</ele>
      </trkpt>
      <trkpt lat="45.50460423421704" lon="25.382262063704">
        <ele>815</ele>
      </trkpt>
      <trkpt lat="45.50453557123783" lon="25.38228971962618">
        <ele>816</ele>
      </trkpt>
      <trkpt lat="45.50403776463855" lon="25.38244039671945">
        <ele>817</ele>
      </trkpt>
      <trkpt lat="45.50396528704939" lon="25.38246709898914">
        <ele>817</ele>
      </trkpt>
      <trkpt lat="45.50389376311271" lon="25.38249380125884">
        <ele>817</ele>
      </trkpt>
      <trkpt lat="45.50378600038145" lon="25.38254529849324">
        <ele>817</ele>
      </trkpt>
      <trkpt lat="45.50368968148006" lon="25.3826015639901">
        <ele>817</ele>
      </trkpt>
      <trkpt lat="45.50359431623116" lon="25.38265878313944">
        <ele>817</ele>
      </trkpt>
      <trkpt lat="45.50352279229448" lon="25.38269406828153">
        <ele>817</ele>
      </trkpt>
      <trkpt lat="45.50345031470531" lon="25.38271981689874">
        <ele>817</ele>
      </trkpt>
      <trkpt lat="45.50312321190157" lon="25.3827837116155">
        <ele>818</ele>
      </trkpt>
      <trkpt lat="45.50270455845889" lon="25.38290387182912">
        <ele>821</ele>
      </trkpt>
      <trkpt lat="45.50241274079725" lon="25.38292962044632">
        <ele>823</ele>
      </trkpt>
      <trkpt lat="45.50234503147053" lon="25.38294201792868">
        <ele>823</ele>
      </trkpt>
      <trkpt lat="45.50228018310127" lon="25.38296967385086">
        <ele>823</ele>
      </trkpt>
      <trkpt lat="45.50222105664695" lon="25.38301640282283">
        <ele>823</ele>
      </trkpt>
      <trkpt lat="45.50195212664504" lon="25.3832967766546">
        <ele>824</ele>
      </trkpt>
      <trkpt lat="45.50185771504863" lon="25.38338737364106">
        <ele>825</ele>
      </trkpt>
      <trkpt lat="45.50180335685675" lon="25.38342265878315">
        <ele>825</ele>
      </trkpt>
      <trkpt lat="45.50176139614724" lon="25.38343887087547">
        <ele>825</ele>
      </trkpt>
      <trkpt lat="45.50165172611099" lon="25.38346652679765">
        <ele>826</ele>
      </trkpt>
      <trkpt lat="45.50154205607475" lon="25.38349418271983">
        <ele>827</ele>
      </trkpt>
      <trkpt lat="45.50146576387564" lon="25.38352946786193">
        <ele>828</ele>
      </trkpt>
      <trkpt lat="45.50141522029372" lon="25.383566660309">
        <ele>828</ele>
      </trkpt>
      <trkpt lat="45.50136563036428" lon="25.38361625023843">
        <ele>829</ele>
      </trkpt>
      <trkpt lat="45.50113007819949" lon="25.38389280946025">
        <ele>830</ele>
      </trkpt>
      <trkpt lat="45.50108430288002" lon="25.38392237268741">
        <ele>831</ele>
      </trkpt>
      <trkpt lat="45.50103662025557" lon="25.38393953843221">
        <ele>831</ele>
      </trkpt>
      <trkpt lat="45.50094983787907" lon="25.38395479687204">
        <ele>831</ele>
      </trkpt>
      <trkpt lat="45.50094983787907" lon="25.38395479687204">
        <ele>831</ele>
      </trkpt>
      <trkpt lat="45.50103280564561" lon="25.38423898531377">
        <ele>832</ele>
      </trkpt>
      <trkpt lat="45.50109956131985" lon="25.38458992942973">
        <ele>836</ele>
      </trkpt>
      <trkpt lat="45.50112912454701" lon="25.38471295060081">
        <ele>837</ele>
      </trkpt>
      <trkpt lat="45.50114438298683" lon="25.38474823574291">
        <ele>838</ele>
      </trkpt>
      <trkpt lat="45.50117013160403" lon="25.38478256723252">
        <ele>838</ele>
      </trkpt>
      <trkpt lat="45.50127503337783" lon="25.38485504482168">
        <ele>838</ele>
      </trkpt>
      <trkpt lat="45.50133225252717" lon="25.38491226397102">
        <ele>838</ele>
      </trkpt>
      <trkpt lat="45.5013732595842" lon="25.38497615868779">
        <ele>838</ele>
      </trkpt>
      <trkpt lat="45.50141045203127" lon="25.38506961663171">
        <ele>839</ele>
      </trkpt>
      <trkpt lat="45.50144764447834" lon="25.38520408163267">
        <ele>841</ele>
      </trkpt>
      <trkpt lat="45.50147625405302" lon="25.38537001716576">
        <ele>843</ele>
      </trkpt>
      <trkpt lat="45.50149341979782" lon="25.38567041769981">
        <ele>848</ele>
      </trkpt>
      <trkpt lat="45.50155922181956" lon="25.38618634369637">
        <ele>854</ele>
      </trkpt>
      <trkpt lat="45.5015735266069" lon="25.38651821476256">
        <ele>856</ele>
      </trkpt>
      <trkpt lat="45.50159641426663" lon="25.38660690444404">
        <ele>857</ele>
      </trkpt>
      <trkpt lat="45.5016431432386" lon="25.38667652107574">
        <ele>857</ele>
      </trkpt>
      <trkpt lat="45.50190539767308" lon="25.38684627121878">
        <ele>860</ele>
      </trkpt>
      <trkpt lat="45.50201029944687" lon="25.38693019263782">
        <ele>862</ele>
      </trkpt>
      <trkpt lat="45.50209612817088" lon="25.38701125309938">
        <ele>863</ele>
      </trkpt>
      <trkpt lat="45.50220484455463" lon="25.38713045966051">
        <ele>865</ele>
      </trkpt>
      <trkpt lat="45.50232214381079" lon="25.38728685866872">
        <ele>867</ele>
      </trkpt>
      <trkpt lat="45.5024079725348" lon="25.38743467480452">
        <ele>870</ele>
      </trkpt>
      <trkpt lat="45.50251478161357" lon="25.38765210757202">
        <ele>874</ele>
      </trkpt>
      <trkpt lat="45.50267022696929" lon="25.38804978065994">
        <ele>880</ele>
      </trkpt>
      <trkpt lat="45.50276749952317" lon="25.38839214190351">
        <ele>885</ele>
      </trkpt>
      <trkpt lat="45.50278561892046" lon="25.3885227922945">
        <ele>886</ele>
      </trkpt>
      <trkpt lat="45.50278466526797" lon="25.38863723059319">
        <ele>887</ele>
      </trkpt>
      <trkpt lat="45.50277417509059" lon="25.3887144764448">
        <ele>888</ele>
      </trkpt>
      <trkpt lat="45.5027388899485" lon="25.38886515353807">
        <ele>890</ele>
      </trkpt>
      <trkpt lat="45.50255292771313" lon="25.38932862864774">
        <ele>895</ele>
      </trkpt>
      <trkpt lat="45.50247949647148" lon="25.38957753194737">
        <ele>897</ele>
      </trkpt>
      <trkpt lat="45.50242990654205" lon="25.38986172038911">
        <ele>899</ele>
      </trkpt>
      <trkpt lat="45.50220579820712" lon="25.39048254815946">
        <ele>898</ele>
      </trkpt>
      <trkpt lat="45.50211806217813" lon="25.39065039099754">
        <ele>898</ele>
      </trkpt>
      <trkpt lat="45.50202269692923" lon="25.39081537287814">
        <ele>898</ele>
      </trkpt>
      <trkpt lat="45.50175662788479" lon="25.39121113866109">
        <ele>901</ele>
      </trkpt>
      <trkpt lat="45.50164123593362" lon="25.39144096891094">
        <ele>903</ele>
      </trkpt>
      <trkpt lat="45.50159355330916" lon="25.39158306313181">
        <ele>903</ele>
      </trkpt>
      <trkpt lat="45.50153061224489" lon="25.39174136944499">
        <ele>904</ele>
      </trkpt>
      <trkpt lat="45.50144478352087" lon="25.39189395384323">
        <ele>904</ele>
      </trkpt>
      <trkpt lat="45.50100228876597" lon="25.39257390806792">
        <ele>909</ele>
      </trkpt>
      <trkpt lat="45.50064466908258" lon="25.39300781995043">
        <ele>916</ele>
      </trkpt>
      <trkpt lat="45.5002431813847" lon="25.39340358573337">
        <ele>924</ele>
      </trkpt>
      <trkpt lat="45.49999999999999" lon="25.3936973107">
        <ele>929</ele>
      </trkpt>
      <trkpt lat="45.50000000000001" lon="25.3936973107">
        <ele>929</ele>
      </trkpt>
      <trkpt lat="45.49996376120543" lon="25.393740225062">
        <ele>927</ele>
      </trkpt>
      <trkpt lat="45.49990940301355" lon="25.39383463665841">
        <ele>928</ele>
      </trkpt>
      <trkpt lat="45.49987983978639" lon="25.39392046538243">
        <ele>929</ele>
      </trkpt>
      <trkpt lat="45.49982834255199" lon="25.39423898531377">
        <ele>933</ele>
      </trkpt>
      <trkpt lat="45.49978638184247" lon="25.39456322716004">
        <ele>936</ele>
      </trkpt>
      <trkpt lat="45.49975109670037" lon="25.39471199694833">
        <ele>938</ele>
      </trkpt>
      <trkpt lat="45.49967480450125" lon="25.39489986648867">
        <ele>941</ele>
      </trkpt>
      <trkpt lat="45.49945069616633" lon="25.39524604234219">
        <ele>945</ele>
      </trkpt>
      <trkpt lat="45.49918558077437" lon="25.39563036429526">
        <ele>951</ele>
      </trkpt>
      <trkpt lat="45.4988794583254" lon="25.39601373259586">
        <ele>955</ele>
      </trkpt>
      <trkpt lat="45.49872496662217" lon="25.3961663169941">
        <ele>958</ele>
      </trkpt>
      <trkpt lat="45.49815086782377" lon="25.39665172611102">
        <ele>971</ele>
      </trkpt>
      <trkpt lat="45.49791245470151" lon="25.3968796490559">
        <ele>972</ele>
      </trkpt>
      <trkpt lat="45.49749761586879" lon="25.39718863246235">
        <ele>977</ele>
      </trkpt>
      <trkpt lat="45.49721724203701" lon="25.39738508487509">
        <ele>981</ele>
      </trkpt>
      <trkpt lat="45.49721724203701" lon="25.39738508487509">
        <ele>981</ele>
      </trkpt>
      <trkpt lat="45.49716479115011" lon="25.39744230402443">
        <ele>982</ele>
      </trkpt>
      <trkpt lat="45.4971228304406" lon="25.39749952317377">
        <ele>983</ele>
      </trkpt>
      <trkpt lat="45.49703127980165" lon="25.39767308792677">
        <ele>986</ele>
      </trkpt>
      <trkpt lat="45.49676711806219" lon="25.39804405874501">
        <ele>994</ele>
      </trkpt>
      <trkpt lat="45.496653633416" lon="25.39816040434867">
        <ele>998</ele>
      </trkpt>
      <trkpt lat="45.49652870493993" lon="25.39827293534238">
        <ele>1000</ele>
      </trkpt>
      <trkpt lat="45.49566469578487" lon="25.39902345985125">
        <ele>1018</ele>
      </trkpt>
      <trkpt lat="45.49554644287623" lon="25.39915697119971">
        <ele>1021</ele>
      </trkpt>
      <trkpt lat="45.49548254815946" lon="25.39925042914363">
        <ele>1023</ele>
      </trkpt>
      <trkpt lat="45.49538432195309" lon="25.39936963570477">
        <ele>1025</ele>
      </trkpt>
      <trkpt lat="45.49516784283808" lon="25.39959374403969">
        <ele>1030</ele>
      </trkpt>
      <trkpt lat="45.49474632843793" lon="25.40000000000002">
        <ele>1041</ele>
      </trkpt>
      <trkpt lat="45.49474632843793" lon="25.4">
        <ele>1041</ele>
      </trkpt>
      <trkpt lat="45.49461090978448" lon="25.400130650391">
        <ele>1044</ele>
      </trkpt>
      <trkpt lat="45.49461090978448" lon="25.400130650391">
        <ele>1044</ele>
      </trkpt>
      <trkpt lat="45.49421037573909" lon="25.40037573908068">
        <ele>1055</ele>
      </trkpt>
      <trkpt lat="45.49394526034714" lon="25.40058458897578">
        <ele>1057</ele>
      </trkpt>
      <trkpt lat="45.4932099942781" lon="25.40121018500858">
        <ele>1057</ele>
      </trkpt>
      <trkpt lat="45.49293057409881" lon="25.40149723440778">
        <ele>1056</ele>
      </trkpt>
      <trkpt lat="45.49293057409881" lon="25.40149723440778">
        <ele>1056</ele>
      </trkpt>
      <trkpt lat="45.49277131413314" lon="25.40183292008392">
        <ele>1060</ele>
      </trkpt>
      <trkpt lat="45.49250143047874" lon="25.40213999618539">
        <ele>1066</ele>
      </trkpt>
      <trkpt lat="45.49234979973298" lon="25.40256627884798">
        <ele>1073</ele>
      </trkpt>
      <trkpt lat="45.49201697501432" lon="25.40308983406446">
        <ele>1080</ele>
      </trkpt>
      <trkpt lat="45.49190062941065" lon="25.40345031470532">
        <ele>1085</ele>
      </trkpt>
      <trkpt lat="45.49190062941065" lon="25.40345031470532">
        <ele>1085</ele>
      </trkpt>
      <trkpt lat="45.49181575433913" lon="25.40352946786191">
        <ele>1086</ele>
      </trkpt>
      <trkpt lat="45.49160690444403" lon="25.40369731069998">
        <ele>1088</ele>
      </trkpt>
      <trkpt lat="45.49124165554073" lon="25.40405969864581">
        <ele>1092</ele>
      </trkpt>
      <trkpt lat="45.49117013160405" lon="25.40411119588022">
        <ele>1093</ele>
      </trkpt>
      <trkpt lat="45.49086782376503" lon="25.40421800495899">
        <ele>1096</ele>
      </trkpt>
      <trkpt lat="45.49055502574863" lon="25.40436582109479">
        <ele>1098</ele>
      </trkpt>
      <trkpt lat="45.49002479496473" lon="25.40472344077818">
        <ele>1106</ele>
      </trkpt>
      <trkpt lat="45.48989032996377" lon="25.40483311081442">
        <ele>1107</ele>
      </trkpt>
      <trkpt lat="45.48964047301164" lon="25.40520503528514">
        <ele>1108</ele>
      </trkpt>
      <trkpt lat="45.48940873545681" lon="25.40538718291054">
        <ele>1108</ele>
      </trkpt>
      <trkpt lat="45.48931146290293" lon="25.40547301163456">
        <ele>1109</ele>
      </trkpt>
      <trkpt lat="45.48913408353997" lon="25.4055559794011">
        <ele>1110</ele>
      </trkpt>
      <trkpt lat="45.48882319282854" lon="25.40566183482738">
        <ele>1114</ele>
      </trkpt>
      <trkpt lat="45.48868300591266" lon="25.40573145145909">
        <ele>1116</ele>
      </trkpt>
      <trkpt lat="45.48833301544918" lon="25.40583253862292">
        <ele>1120</ele>
      </trkpt>
      <trkpt lat="45.48827579629984" lon="25.40590596986458">
        <ele>1121</ele>
      </trkpt>
      <trkpt lat="45.4881480068663" lon="25.40629601373259">
        <ele>1126</ele>
      </trkpt>
      <trkpt lat="45.48806027083732" lon="25.40671752813275">
        <ele>1129</ele>
      </trkpt>
      <trkpt lat="45.48800019073051" lon="25.40689586114819">
        <ele>1131</ele>
      </trkpt>
      <trkpt lat="45.48788193782187" lon="25.40731451459088">
        <ele>1134</ele>
      </trkpt>
      <trkpt lat="45.48789528895671" lon="25.40736982643524">
        <ele>1133</ele>
      </trkpt>
      <trkpt lat="45.48792675948885" lon="25.40740129696738">
        <ele>1132</ele>
      </trkpt>
      <trkpt lat="45.48819282853329" lon="25.40753290101087">
        <ele>1126</ele>
      </trkpt>
      <trkpt lat="45.48858573335878" lon="25.40779897005531">
        <ele>1124</ele>
      </trkpt>
      <trkpt lat="45.48861911119589" lon="25.40788384512683">
        <ele>1125</ele>
      </trkpt>
      <trkpt lat="45.48863818424567" lon="25.4079820713332">
        <ele>1127</ele>
      </trkpt>
      <trkpt lat="45.48863436963571" lon="25.4080783902346">
        <ele>1129</ele>
      </trkpt>
      <trkpt lat="45.4885056265497" lon="25.40826721342742">
        <ele>1136</ele>
      </trkpt>
      <trkpt lat="45.48832729353425" lon="25.4086257867633">
        <ele>1144</ele>
      </trkpt>
      <trkpt lat="45.48818233835591" lon="25.40886992180049">
        <ele>1150</ele>
      </trkpt>
      <trkpt lat="45.4881308411215" lon="25.40909212283044">
        <ele>1155</ele>
      </trkpt>
      <trkpt lat="45.48821476254054" lon="25.4092427999237">
        <ele>1154</ele>
      </trkpt>
      <trkpt lat="45.48830345222202" lon="25.40951554453557">
        <ele>1156</ele>
      </trkpt>
      <trkpt lat="45.48836925424376" lon="25.40981594506961">
        <ele>1160</ele>
      </trkpt>
      <trkpt lat="45.4883921419035" lon="25.41016879649056">
        <ele>1163</ele>
      </trkpt>
      <trkpt lat="45.48838260537861" lon="25.4102431813847">
        <ele>1163</ele>
      </trkpt>
      <trkpt lat="45.48835208849896" lon="25.41033282471867">
        <ele>1164</ele>
      </trkpt>
      <trkpt lat="45.48826435246997" lon="25.41049113103185">
        <ele>1165</ele>
      </trkpt>
      <trkpt lat="45.48813560938395" lon="25.41067137135228">
        <ele>1168</ele>
      </trkpt>
      <trkpt lat="45.48805073431242" lon="25.41075052450887">
        <ele>1170</ele>
      </trkpt>
      <trkpt lat="45.4879830249857" lon="25.41075815372878">
        <ele>1171</ele>
      </trkpt>
      <trkpt lat="45.4874880793439" lon="25.41073526606904">
        <ele>1183</ele>
      </trkpt>
      <trkpt lat="45.48718672515736" lon="25.41067709326721">
        <ele>1190</ele>
      </trkpt>
      <trkpt lat="45.4869311462903" lon="25.41065229830249">
        <ele>1196</ele>
      </trkpt>
      <trkpt lat="45.4864619492657" lon="25.41065325195498">
        <ele>1207</ele>
      </trkpt>
      <trkpt lat="45.4861481975968" lon="25.41056837688346">
        <ele>1214</ele>
      </trkpt>
      <trkpt lat="45.48595174518407" lon="25.41055788670608">
        <ele>1218</ele>
      </trkpt>
      <trkpt lat="45.4857314514591" lon="25.41058840358573">
        <ele>1223</ele>
      </trkpt>
      <trkpt lat="45.48550352851422" lon="25.41051783330154">
        <ele>1230</ele>
      </trkpt>
      <trkpt lat="45.48541197787527" lon="25.41052736982643">
        <ele>1232</ele>
      </trkpt>
      <trkpt lat="45.48528895670419" lon="25.41064562273507">
        <ele>1236</ele>
      </trkpt>
      <trkpt lat="45.48506389471677" lon="25.41095746709899">
        <ele>1241</ele>
      </trkpt>
      <trkpt lat="45.48492466145338" lon="25.4110947930574">
        <ele>1244</ele>
      </trkpt>
      <trkpt lat="45.48460232691208" lon="25.41136181575434">
        <ele>1254</ele>
      </trkpt>
      <trkpt lat="45.48423993896625" lon="25.41156112912454">
        <ele>1266</ele>
      </trkpt>
      <trkpt lat="45.48380698073623" lon="25.41183292008392">
        <ele>1274</ele>
      </trkpt>
      <trkpt lat="45.48336925424376" lon="25.41213332061796">
        <ele>1279</ele>
      </trkpt>
      <trkpt lat="45.48318043105093" lon="25.41222391760442">
        <ele>1281</ele>
      </trkpt>
      <trkpt lat="45.48274938012589" lon="25.41214285714285">
        <ele>1295</ele>
      </trkpt>
      <trkpt lat="45.48225920274653" lon="25.41227064657638">
        <ele>1306</ele>
      </trkpt>
      <trkpt lat="45.48211710852566" lon="25.41241464810223">
        <ele>1308</ele>
      </trkpt>
      <trkpt lat="45.48193877551022" lon="25.41251192065611">
        <ele>1313</ele>
      </trkpt>
      <trkpt lat="45.48181766164411" lon="25.41244707228686">
        <ele>1319</ele>
      </trkpt>
      <trkpt lat="45.48175472057983" lon="25.41236124356284">
        <ele>1323</ele>
      </trkpt>
      <trkpt lat="45.48148483692543" lon="25.41180717146671">
        <ele>1346</ele>
      </trkpt>
      <trkpt lat="45.48120541674615" lon="25.41172897196261">
        <ele>1357</ele>
      </trkpt>
      <trkpt lat="45.48112817089454" lon="25.41144764447835">
        <ele>1367</ele>
      </trkpt>
      <trkpt lat="45.48089166507725" lon="25.41124737745565">
        <ele>1378</ele>
      </trkpt>
      <trkpt lat="45.4808010680908" lon="25.41096414266641">
        <ele>1388</ele>
      </trkpt>
      <trkpt lat="45.48061701316041" lon="25.41080774365821">
        <ele>1398</ele>
      </trkpt>
      <trkpt lat="45.48037764638567" lon="25.41056265496853">
        <ele>1407</ele>
      </trkpt>
      <trkpt lat="45.48005912645433" lon="25.41039671943543">
        <ele>1416</ele>
      </trkpt>
      <trkpt lat="45.48000000000001" lon="25.41038909021552">
        <ele>1418</ele>
      </trkpt>
      <trkpt lat="45.48" lon="25.41038909021552">
        <ele>1418</ele>
      </trkpt>
      <trkpt lat="45.47998378790768" lon="25.41038718291054">
        <ele>1419</ele>
      </trkpt>
      <trkpt lat="45.47991131031852" lon="25.41044249475491">
        <ele>1422</ele>
      </trkpt>
      <trkpt lat="45.47982738889949" lon="25.41059412550067">
        <ele>1427</ele>
      </trkpt>
      <trkpt lat="45.47973965287049" lon="25.41068949074957">
        <ele>1432</ele>
      </trkpt>
      <trkpt lat="45.47931718481785" lon="25.41072191493419">
        <ele>1454</ele>
      </trkpt>
      <trkpt lat="45.47919225634179" lon="25.41066755674232">
        <ele>1460</ele>
      </trkpt>
      <trkpt lat="45.47905969864581" lon="25.41052450886896">
        <ele>1466</ele>
      </trkpt>
      <trkpt lat="45.4786782376502" lon="25.4105473965287">
        <ele>1485</ele>
      </trkpt>
      <trkpt lat="45.47857428952889" lon="25.41047396528705">
        <ele>1490</ele>
      </trkpt>
      <trkpt lat="45.47857428952889" lon="25.41047396528705">
        <ele>1490</ele>
      </trkpt>
      <trkpt lat="45.47848750715239" lon="25.41047110432958">
        <ele>1494</ele>
      </trkpt>
      <trkpt lat="45.47840072477589" lon="25.4104691970246">
        <ele>1499</ele>
      </trkpt>
      <trkpt lat="45.47829296204463" lon="25.41047205798207">
        <ele>1504</ele>
      </trkpt>
      <trkpt lat="45.47818519931337" lon="25.41047587259202">
        <ele>1510</ele>
      </trkpt>
      <trkpt lat="45.47808888041197" lon="25.41046728971962">
        <ele>1515</ele>
      </trkpt>
      <trkpt lat="45.47800495899294" lon="25.41054548922372">
        <ele>1520</ele>
      </trkpt>
      <trkpt lat="45.47792675948884" lon="25.41054262826626">
        <ele>1524</ele>
      </trkpt>
      <trkpt lat="45.47782281136754" lon="25.41050257486172">
        <ele>1529</ele>
      </trkpt>
      <trkpt lat="45.47774365821095" lon="25.41057982071333">
        <ele>1534</ele>
      </trkpt>
      <trkpt lat="45.47746900629411" lon="25.41050066755674">
        <ele>1546</ele>
      </trkpt>
      <trkpt lat="45.47739176044249" lon="25.41041483883273">
        <ele>1545</ele>
      </trkpt>
      <trkpt lat="45.4772782757963" lon="25.41050257486172">
        <ele>1547</ele>
      </trkpt>
      <trkpt lat="45.47725348083159" lon="25.41057791340835">
        <ele>1549</ele>
      </trkpt>
      <trkpt lat="45.47722963951936" lon="25.41065325195498">
        <ele>1551</ele>
      </trkpt>
      <trkpt lat="45.4768691588785" lon="25.41112912454701">
        <ele>1564</ele>
      </trkpt>
      <trkpt lat="45.47679286667938" lon="25.41117108525653">
        <ele>1567</ele>
      </trkpt>
      <trkpt lat="45.47671657448026" lon="25.41121399961854">
        <ele>1569</ele>
      </trkpt>
      <trkpt lat="45.47663169940873" lon="25.41132557695975">
        <ele>1572</ele>
      </trkpt>
      <trkpt lat="45.47656017547206" lon="25.41135323288194">
        <ele>1573</ele>
      </trkpt>
      <trkpt lat="45.47648865153538" lon="25.41138184245661">
        <ele>1573</ele>
      </trkpt>
      <trkpt lat="45.47639519359146" lon="25.41132557695975">
        <ele>1572</ele>
      </trkpt>
      <trkpt lat="45.47630173564753" lon="25.41127026511539">
        <ele>1571</ele>
      </trkpt>
      <trkpt lat="45.47632653061224" lon="25.41135990844936">
        <ele>1573</ele>
      </trkpt>
      <trkpt lat="45.47635132557696" lon="25.41145050543582">
        <ele>1575</ele>
      </trkpt>
      <trkpt lat="45.4763646767118" lon="25.41154205607476">
        <ele>1577</ele>
      </trkpt>
      <trkpt lat="45.47633225252718" lon="25.41162788479878">
        <ele>1579</ele>
      </trkpt>
      <trkpt lat="45.47630078199504" lon="25.41171371352279">
        <ele>1581</ele>
      </trkpt>
      <trkpt lat="45.47630078199504" lon="25.41178714476445">
        <ele>1583</ele>
      </trkpt>
      <trkpt lat="45.47630173564753" lon="25.41186152965859">
        <ele>1585</ele>
      </trkpt>
      <trkpt lat="45.47622925805836" lon="25.41197310699981">
        <ele>1588</ele>
      </trkpt>
      <trkpt lat="45.47615773412168" lon="25.41208563799351">
        <ele>1592</ele>
      </trkpt>
      <trkpt lat="45.4761567804692" lon="25.41218672515735">
        <ele>1594</ele>
      </trkpt>
      <trkpt lat="45.47615582681671" lon="25.41228781232119">
        <ele>1597</ele>
      </trkpt>
      <trkpt lat="45.47605378600038" lon="25.41239080679">
        <ele>1601</ele>
      </trkpt>
      <trkpt lat="45.47595174518406" lon="25.41249380125882">
        <ele>1605</ele>
      </trkpt>
      <trkpt lat="45.47598893763113" lon="25.41259488842266">
        <ele>1608</ele>
      </trkpt>
      <trkpt lat="45.47602708373068" lon="25.41269597558649">
        <ele>1610</ele>
      </trkpt>
      <trkpt lat="45.47597463284379" lon="25.41294297158115">
        <ele>1619</ele>
      </trkpt>
      <trkpt lat="45.47591550638947" lon="25.41318806027083">
        <ele>1629</ele>
      </trkpt>
      <trkpt lat="45.47588403585733" lon="25.4137297348846">
        <ele>1642</ele>
      </trkpt>
      <trkpt lat="45.47585733358764" lon="25.41383368300591">
        <ele>1645</ele>
      </trkpt>
      <trkpt lat="45.47582300209803" lon="25.41391760442495">
        <ele>1648</ele>
      </trkpt>
      <trkpt lat="45.47578962426092" lon="25.41400152584398">
        <ele>1649</ele>
      </trkpt>
      <trkpt lat="45.4754262826626" lon="25.41471771886324">
        <ele>1666</ele>
      </trkpt>
      <trkpt lat="45.47522983024986" lon="25.41501335113484">
        <ele>1682</ele>
      </trkpt>
      <trkpt lat="45.47517737936296" lon="25.41510204081632">
        <ele>1685</ele>
      </trkpt>
      <trkpt lat="45.47507247758917" lon="25.41512492847606">
        <ele>1691</ele>
      </trkpt>
      <trkpt lat="45.47496757581537" lon="25.4151478161358">
        <ele>1695</ele>
      </trkpt>
      <trkpt lat="45.47493419797826" lon="25.41523173755483">
        <ele>1697</ele>
      </trkpt>
      <trkpt lat="45.47490082014114" lon="25.41531661262636">
        <ele>1698</ele>
      </trkpt>
      <trkpt lat="45.47487793248141" lon="25.41540911691779">
        <ele>1700</ele>
      </trkpt>
      <trkpt lat="45.47485504482167" lon="25.41550162120923">
        <ele>1702</ele>
      </trkpt>
      <trkpt lat="45.47475967957276" lon="25.41556551592599">
        <ele>1705</ele>
      </trkpt>
      <trkpt lat="45.47466431432386" lon="25.41562941064276">
        <ele>1708</ele>
      </trkpt>
      <trkpt lat="45.47454701506771" lon="25.41563131794774">
        <ele>1710</ele>
      </trkpt>
      <trkpt lat="45.47449170322334" lon="25.41568281518214">
        <ele>1713</ele>
      </trkpt>
      <trkpt lat="45.4744173183292" lon="25.41573812702651">
        <ele>1716</ele>
      </trkpt>
      <trkpt lat="45.47446690825863" lon="25.41580774365821">
        <ele>1717</ele>
      </trkpt>
      <trkpt lat="45.47451649818806" lon="25.4158783139424">
        <ele>1717</ele>
      </trkpt>
      <trkpt lat="45.47446023269121" lon="25.41620637039862">
        <ele>1721</ele>
      </trkpt>
      <trkpt lat="45.47441255006675" lon="25.41628933816517">
        <ele>1723</ele>
      </trkpt>
      <trkpt lat="45.4743648674423" lon="25.41637230593172">
        <ele>1726</ele>
      </trkpt>
      <trkpt lat="45.47428094602327" lon="25.41648292962044">
        <ele>1730</ele>
      </trkpt>
      <trkpt lat="45.4740167842838" lon="25.41677951554453">
        <ele>1733</ele>
      </trkpt>
      <trkpt lat="45.47395861148198" lon="25.41689776845317">
        <ele>1733</ele>
      </trkpt>
      <trkpt lat="45.47393477016975" lon="25.41696357047492">
        <ele>1734</ele>
      </trkpt>
      <trkpt lat="45.47391092885752" lon="25.41703032614915">
        <ele>1735</ele>
      </trkpt>
      <trkpt lat="45.47394526034713" lon="25.4171476254053">
        <ele>1738</ele>
      </trkpt>
      <trkpt lat="45.47398054548922" lon="25.41726492466145">
        <ele>1741</ele>
      </trkpt>
      <trkpt lat="45.47385561701316" lon="25.41766831966431">
        <ele>1747</ele>
      </trkpt>
      <trkpt lat="45.47342933435056" lon="25.41841502956322">
        <ele>1770</ele>
      </trkpt>
      <trkpt lat="45.4732862864772" lon="25.41880316612626">
        <ele>1781</ele>
      </trkpt>
      <trkpt lat="45.47333110814419" lon="25.41887373641045">
        <ele>1783</ele>
      </trkpt>
      <trkpt lat="45.47342170513065" lon="25.41880602708373">
        <ele>1778</ele>
      </trkpt>
      <trkpt lat="45.47346271218768" lon="25.41887087545298">
        <ele>1777</ele>
      </trkpt>
      <trkpt lat="45.47348941445737" lon="25.41897482357428">
        <ele>1778</ele>
      </trkpt>
      <trkpt lat="45.4734169368682" lon="25.41922277322143">
        <ele>1786</ele>
      </trkpt>
      <trkpt lat="45.47342361243562" lon="25.41930860194545">
        <ele>1786</ele>
      </trkpt>
      <trkpt lat="45.47343124165554" lon="25.41939443066946">
        <ele>1786</ele>
      </trkpt>
      <trkpt lat="45.47340740034331" lon="25.41945641808125">
        <ele>1788</ele>
      </trkpt>
      <trkpt lat="45.47338355903108" lon="25.41951840549304">
        <ele>1790</ele>
      </trkpt>
      <trkpt lat="45.47333206179668" lon="25.41958134655731">
        <ele>1793</ele>
      </trkpt>
      <trkpt lat="45.47325576959756" lon="25.41960423421705">
        <ele>1794</ele>
      </trkpt>
      <trkpt lat="45.47318710661835" lon="25.41968243372115">
        <ele>1795</ele>
      </trkpt>
      <trkpt lat="45.47311844363914" lon="25.41976158687774">
        <ele>1798</ele>
      </trkpt>
      <trkpt lat="45.47303833683006" lon="25.41979305740988">
        <ele>1799</ele>
      </trkpt>
      <trkpt lat="45.47295823002098" lon="25.4198254815945">
        <ele>1802</ele>
      </trkpt>
      <trkpt lat="45.47291531565897" lon="25.41991226397101">
        <ele>1804</ele>
      </trkpt>
      <trkpt lat="45.47287335494946" lon="25.42">
        <ele>1807</ele>
      </trkpt>
      <trkpt lat="45.47287335494946" lon="25.42000000000001">
        <ele>1807</ele>
      </trkpt>
      <trkpt lat="45.47286191111959" lon="25.42002193400726">
        <ele>1808</ele>
      </trkpt>
      <trkpt lat="45.47257962998283" lon="25.42024032042724">
        <ele>1822</ele>
      </trkpt>
      <trkpt lat="45.47252717909593" lon="25.42034712950602">
        <ele>1828</ele>
      </trkpt>
      <trkpt lat="45.47234217051307" lon="25.42083253862293">
        <ele>1839</ele>
      </trkpt>
      <trkpt lat="45.47232595842075" lon="25.42105378600039">
        <ele>1844</ele>
      </trkpt>
      <trkpt lat="45.47223154682434" lon="25.4214009155064">
        <ele>1849</ele>
      </trkpt>
      <trkpt lat="45.47222201029945" lon="25.42146194926569">
        <ele>1850</ele>
      </trkpt>
      <trkpt lat="45.47245470150677" lon="25.42189967575816">
        <ele>1870</ele>
      </trkpt>
      <trkpt lat="45.47253480831585" lon="25.42235456799543">
        <ele>1878</ele>
      </trkpt>
      <trkpt lat="45.47251954987603" lon="25.42258630555026">
        <ele>1881</ele>
      </trkpt>
      <trkpt lat="45.4724346748045" lon="25.42283234789243">
        <ele>1879</ele>
      </trkpt>
      <trkpt lat="45.47239462139996" lon="25.42333778371162">
        <ele>1880</ele>
      </trkpt>
      <trkpt lat="45.47230783902346" lon="25.42416746137708">
        <ele>1881</ele>
      </trkpt>
      <trkpt lat="45.47233549494564" lon="25.42447167652108">
        <ele>1887</ele>
      </trkpt>
      <trkpt lat="45.47237745565516" lon="25.42507629219913">
        <ele>1897</ele>
      </trkpt>
      <trkpt lat="45.47219912263971" lon="25.42604234217052">
        <ele>1891</ele>
      </trkpt>
      <trkpt lat="45.47212283044059" lon="25.4266612626359">
        <ele>1893</ele>
      </trkpt>
      <trkpt lat="45.47209326721342" lon="25.42705607476636">
        <ele>1894</ele>
      </trkpt>
      <trkpt lat="45.47192637802785" lon="25.42772363150868">
        <ele>1902</ele>
      </trkpt>
      <trkpt lat="45.47170513065039" lon="25.42870017165745">
        <ele>1927</ele>
      </trkpt>
      <trkpt lat="45.47156303642952" lon="25.42888613389282">
        <ele>1932</ele>
      </trkpt>
      <trkpt lat="45.47150677093267" lon="25.42900724775892">
        <ele>1934</ele>
      </trkpt>
      <trkpt lat="45.4714695784856" lon="25.42929143620066">
        <ele>1941</ele>
      </trkpt>
      <trkpt lat="45.47131699408735" lon="25.42983120350945">
        <ele>1951</ele>
      </trkpt>
      <trkpt lat="45.4708954796872" lon="25.43096128170895">
        <ele>1968</ele>
      </trkpt>
      <trkpt lat="45.47080774365821" lon="25.43181670799162">
        <ele>1985</ele>
      </trkpt>
      <trkpt lat="45.47069998092695" lon="25.43212473774557">
        <ele>1990</ele>
      </trkpt>
      <trkpt lat="45.47061224489796" lon="25.43235170703796">
        <ele>1994</ele>
      </trkpt>
      <trkpt lat="45.47037192447072" lon="25.43251954987603">
        <ele>1991</ele>
      </trkpt>
      <trkpt lat="45.47009822620637" lon="25.43287144764448">
        <ele>1996</ele>
      </trkpt>
      <trkpt lat="45.4699303833683" lon="25.43279897005532">
        <ele>1990</ele>
      </trkpt>
      <trkpt lat="45.46963189013923" lon="25.43271218767882">
        <ele>1986</ele>
      </trkpt>
      <trkpt lat="45.46959851230211" lon="25.43272649246615">
        <ele>1986</ele>
      </trkpt>
      <trkpt lat="45.46931432386038" lon="25.43296109097846">
        <ele>1996</ele>
      </trkpt>
      <trkpt lat="45.4691646004196" lon="25.43306503909976">
        <ele>2000</ele>
      </trkpt>
      <trkpt lat="45.46909879839787" lon="25.43304024413504">
        <ele>2001</ele>
      </trkpt>
      <trkpt lat="45.46903776463856" lon="25.43298970055313">
        <ele>2000</ele>
      </trkpt>
      <trkpt lat="45.4688870875453" lon="25.43281518214763">
        <ele>1996</ele>
      </trkpt>
      <trkpt lat="45.4688174709136" lon="25.432782757963">
        <ele>1996</ele>
      </trkpt>
      <trkpt lat="45.46859240892618" lon="25.43279324814038">
        <ele>2002</ele>
      </trkpt>
      <trkpt lat="45.4684779706275" lon="25.43267594888423">
        <ele>1998</ele>
      </trkpt>
      <trkpt lat="45.4683997711234" lon="25.43267976349419">
        <ele>2000</ele>
      </trkpt>
      <trkpt lat="45.4680173564753" lon="25.43286954033951">
        <ele>2024</ele>
      </trkpt>
      <trkpt lat="45.46789147434675" lon="25.43293820331872">
        <ele>2033</ele>
      </trkpt>
      <trkpt lat="45.4677388899485" lon="25.43289814991418">
        <ele>2037</ele>
      </trkpt>
      <trkpt lat="45.46769025367156" lon="25.43287526225444">
        <ele>2037</ele>
      </trkpt>
      <trkpt lat="45.46740701888232" lon="25.43267499523174">
        <ele>2035</ele>
      </trkpt>
      <trkpt lat="45.46714285714285" lon="25.43258916650773">
        <ele>2037</ele>
      </trkpt>
      <trkpt lat="45.46695975586496" lon="25.43249475491132">
        <ele>2037</ele>
      </trkpt>
      <trkpt lat="45.46681861529658" lon="25.43233358764067">
        <ele>2033</ele>
      </trkpt>
      <trkpt lat="45.46668796490559" lon="25.43228304405875">
        <ele>2035</ele>
      </trkpt>
      <trkpt lat="45.46655063894717" lon="25.43235552164792">
        <ele>2039</ele>
      </trkpt>
      <trkpt lat="45.46637039862674" lon="25.43252622544346">
        <ele>2048</ele>
      </trkpt>
      <trkpt lat="45.46612054167461" lon="25.43269406828152">
        <ele>2057</ele>
      </trkpt>
      <trkpt lat="45.46606236887278" lon="25.43273507533855">
        <ele>2059</ele>
      </trkpt>
      <trkpt lat="45.46601945451078" lon="25.43277512874309">
        <ele>2061</ele>
      </trkpt>
      <trkpt lat="45.46593171848178" lon="25.43304310509251">
        <ele>2076</ele>
      </trkpt>
      <trkpt lat="45.46579820713332" lon="25.43348464619493">
        <ele>2100</ele>
      </trkpt>
      <trkpt lat="45.46562464238031" lon="25.43376120541675">
        <ele>2115</ele>
      </trkpt>
      <trkpt lat="45.46539385847797" lon="25.4338870875453">
        <ele>2121</ele>
      </trkpt>
      <trkpt lat="45.46524127407972" lon="25.43382510013352">
        <ele>2117</ele>
      </trkpt>
      <trkpt lat="45.46480450123975" lon="25.43411501049018">
        <ele>2131</ele>
      </trkpt>
      <trkpt lat="45.46428380698074" lon="25.43422754148389">
        <ele>2138</ele>
      </trkpt>
      <trkpt lat="45.46408353995804" lon="25.43439347701698">
        <ele>2142</ele>
      </trkpt>
      <trkpt lat="45.46366393286286" lon="25.43452698836545">
        <ele>2149</ele>
      </trkpt>
      <trkpt lat="45.4632958230021" lon="25.43429525081061">
        <ele>2152</ele>
      </trkpt>
      <trkpt lat="45.46267690253671" lon="25.43420751478162">
        <ele>2165</ele>
      </trkpt>
      <trkpt lat="45.46235933625787" lon="25.43421419034904">
        <ele>2172</ele>
      </trkpt>
      <trkpt lat="45.46223631508678" lon="25.43424566088118">
        <ele>2175</ele>
      </trkpt>
      <trkpt lat="45.46223631508678" lon="25.43424566088118">
        <ele>2175</ele>
      </trkpt>
      <trkpt lat="45.4617995422468" lon="25.43436486744231">
        <ele>2183</ele>
      </trkpt>
      <trkpt lat="45.46166698455083" lon="25.43447167652108">
        <ele>2183</ele>
      </trkpt>
      <trkpt lat="45.46156208277704" lon="25.43450982262064">
        <ele>2182</ele>
      </trkpt>
      <trkpt lat="45.46137039862674" lon="25.43451459088309">
        <ele>2181</ele>
      </trkpt>
      <trkpt lat="45.46116727064658" lon="25.43457943925234">
        <ele>2179</ele>
      </trkpt>
      <trkpt lat="45.46093744039672" lon="25.43463284379173">
        <ele>2176</ele>
      </trkpt>
      <trkpt lat="45.46062559603281" lon="25.43462235361435">
        <ele>2174</ele>
      </trkpt>
      <trkpt lat="45.46037287812321" lon="25.43475586496281">
        <ele>2168</ele>
      </trkpt>
      <trkpt lat="45.4601478161358" lon="25.43483692542438">
        <ele>2162</ele>
      </trkpt>
      <trkpt lat="45.46" lon="25.43489986648866">
        <ele>2158</ele>
      </trkpt>
      <trkpt lat="45.45999999999999" lon="25.43489986648866">
        <ele>2158</ele>
      </trkpt>
      <trkpt lat="45.45991035666602" lon="25.43493896624071">
        <ele>2156</ele>
      </trkpt>
      <trkpt lat="45.45968434102612" lon="25.43508868968149">
        <ele>2150</ele>
      </trkpt>
      <trkpt lat="45.4595098526551" lon="25.43517048110541">
        <ele>2146</ele>
      </trkpt>
      <trkpt lat="45.4595098526551" lon="25.43517048110541">
        <ele>2146</ele>
      </trkpt>
      <trkpt lat="45.45940968910928" lon="25.43521743276751">
        <ele>2144</ele>
      </trkpt>
      <trkpt lat="45.45925519740605" lon="25.43527655922183">
        <ele>2141</ele>
      </trkpt>
      <trkpt lat="45.45899580392904" lon="25.43533568567615">
        <ele>2136</ele>
      </trkpt>
      <trkpt lat="45.45871733740224" lon="25.43545870684723">
        <ele>2126</ele>
      </trkpt>
      <trkpt lat="45.45840549303833" lon="25.43548540911693">
        <ele>2121</ele>
      </trkpt>
      <trkpt lat="45.45825863055502" lon="25.43559794011063">
        <ele>2116</ele>
      </trkpt>
      <trkpt lat="45.45807457562463" lon="25.43576482929621">
        <ele>2111</ele>
      </trkpt>
      <trkpt lat="45.45777703604805" lon="25.43615105855427">
        <ele>2095</ele>
      </trkpt>
      <trkpt lat="45.45757009345793" lon="25.43637612054168">
        <ele>2086</ele>
      </trkpt>
      <trkpt lat="45.45740415792484" lon="25.43658020217433">
        <ele>2078</ele>
      </trkpt>
      <trkpt lat="45.45732500476825" lon="25.43668701125311">
        <ele>2074</ele>
      </trkpt>
      <trkpt lat="45.45720102994468" lon="25.436827198169">
        <ele>2071</ele>
      </trkpt>
      <trkpt lat="45.45696738508487" lon="25.4371218767881">
        <ele>2065</ele>
      </trkpt>
      <trkpt lat="45.45685008582871" lon="25.43714190349037">
        <ele>2066</ele>
      </trkpt>
      <trkpt lat="45.45685676139614" lon="25.43732786572574">
        <ele>2060</ele>
      </trkpt>
      <trkpt lat="45.4566774747282" lon="25.43735456799543">
        <ele>2063</ele>
      </trkpt>
      <trkpt lat="45.45662407018881" lon="25.43741369444975">
        <ele>2061</ele>
      </trkpt>
      <trkpt lat="45.45664218958611" lon="25.43752336448599">
        <ele>2058</ele>
      </trkpt>
      <trkpt lat="45.45664218958611" lon="25.43752336448599">
        <ele>2058</ele>
      </trkpt>
      <trkpt lat="45.45674709135989" lon="25.43766069044441">
        <ele>2052</ele>
      </trkpt>
      <trkpt lat="45.45687774175089" lon="25.43778943353043">
        <ele>2045</ele>
      </trkpt>
      <trkpt lat="45.45700743848941" lon="25.43780564562274">
        <ele>2042</ele>
      </trkpt>
      <trkpt lat="45.4571819568949" lon="25.4378962426092">
        <ele>2036</ele>
      </trkpt>
      <trkpt lat="45.45737459469768" lon="25.4377570093458">
        <ele>2037</ele>
      </trkpt>
      <trkpt lat="45.4575033377837" lon="25.43771981689873">
        <ele>2036</ele>
      </trkpt>
      <trkpt lat="45.45764447835208" lon="25.43771123402633">
        <ele>2035</ele>
      </trkpt>
      <trkpt lat="45.45768739271409" lon="25.43775796299829">
        <ele>2033</ele>
      </trkpt>
      <trkpt lat="45.45768834636657" lon="25.43785332824719">
        <ele>2030</ele>
      </trkpt>
      <trkpt lat="45.45760919320998" lon="25.43817566278849">
        <ele>2022</ele>
      </trkpt>
      <trkpt lat="45.45758535189776" lon="25.43843410261302">
        <ele>2018</ele>
      </trkpt>
      <trkpt lat="45.45758249094029" lon="25.43866393286287">
        <ele>2016</ele>
      </trkpt>
      <trkpt lat="45.4575462521457" lon="25.43877169559413">
        <ele>2016</ele>
      </trkpt>
      <trkpt lat="45.45753004005339" lon="25.43888899485028">
        <ele>2016</ele>
      </trkpt>
      <trkpt lat="45.45754911310318" lon="25.43915220293726">
        <ele>2014</ele>
      </trkpt>
      <trkpt lat="45.45769979019644" lon="25.43948407400344">
        <ele>2012</ele>
      </trkpt>
      <trkpt lat="45.45771409498378" lon="25.44000000000001">
        <ele>2012</ele>
      </trkpt>
      <trkpt lat="45.45771409498378" lon="25.44000000000002">
        <ele>2012</ele>
      </trkpt>
      <trkpt lat="45.45771123402631" lon="25.4402279229449">
        <ele>2011</ele>
      </trkpt>
      <trkpt lat="45.45761396147243" lon="25.44043772649248">
        <ele>2012</ele>
      </trkpt>
      <trkpt lat="45.4577989700553" lon="25.440783902346">
        <ele>2007</ele>
      </trkpt>
      <trkpt lat="45.45803261491511" lon="25.44106999809271">
        <ele>2008</ele>
      </trkpt>
      <trkpt lat="45.45824337211519" lon="25.44124165554074">
        <ele>2009</ele>
      </trkpt>
      <trkpt lat="45.45851420942208" lon="25.44144573717339">
        <ele>2010</ele>
      </trkpt>
      <trkpt lat="45.45872496662215" lon="25.44148579057793">
        <ele>2005</ele>
      </trkpt>
      <trkpt lat="45.45887564371542" lon="25.44163360671373">
        <ele>2005</ele>
      </trkpt>
      <trkpt lat="45.45891188251" lon="25.44174709135993">
        <ele>2007</ele>
      </trkpt>
      <trkpt lat="45.45911596414265" lon="25.44185676139616">
        <ele>2005</ele>
      </trkpt>
      <trkpt lat="45.45917890520693" lon="25.44198455082969">
        <ele>2007</ele>
      </trkpt>
      <trkpt lat="45.45932672134273" lon="25.44201411405685">
        <ele>2005</ele>
      </trkpt>
      <trkpt lat="45.45963856570665" lon="25.44224585161169">
        <ele>2005</ele>
      </trkpt>
      <trkpt lat="45.4598950982262" lon="25.44236791913029">
        <ele>2004</ele>
      </trkpt>
      <trkpt lat="45.45999999999999" lon="25.44238127026513">
        <ele>2003</ele>
      </trkpt>
      <trkpt lat="45.46" lon="25.44238127026513">
        <ele>2003</ele>
      </trkpt>
      <trkpt lat="45.46011443829868" lon="25.44239557505247">
        <ele>2000</ele>
      </trkpt>
      <trkpt lat="45.46022983024986" lon="25.44241083349229">
        <ele>1998</ele>
      </trkpt>
      <trkpt lat="45.46034999046348" lon="25.44244802593936">
        <ele>1996</ele>
      </trkpt>
      <trkpt lat="45.46047110432958" lon="25.44248617203893">
        <ele>1994</ele>
      </trkpt>
      <trkpt lat="45.46058077436582" lon="25.44254339118827">
        <ele>1993</ele>
      </trkpt>
      <trkpt lat="45.4606522983025" lon="25.44253004005342">
        <ele>1991</ele>
      </trkpt>
      <trkpt lat="45.46072382223917" lon="25.44251668891858">
        <ele>1988</ele>
      </trkpt>
      <trkpt lat="45.46098989128362" lon="25.44255102040818">
        <ele>1982</ele>
      </trkpt>
      <trkpt lat="45.46126835781041" lon="25.44273316803358">
        <ele>1978</ele>
      </trkpt>
      <trkpt lat="45.46138851802403" lon="25.44285046728974">
        <ele>1978</ele>
      </trkpt>
      <trkpt lat="45.46150963189014" lon="25.44296872019838">
        <ele>1976</ele>
      </trkpt>
      <trkpt lat="45.46160690444402" lon="25.4430707610147">
        <ele>1975</ele>
      </trkpt>
      <trkpt lat="45.46170513065039" lon="25.44317280183103">
        <ele>1973</ele>
      </trkpt>
      <trkpt lat="45.46181861529659" lon="25.44327770360482">
        <ele>1971</ele>
      </trkpt>
      <trkpt lat="45.46193209994278" lon="25.4433835590311">
        <ele>1969</ele>
      </trkpt>
      <trkpt lat="45.46246614533664" lon="25.44399580392907">
        <ele>1962</ele>
      </trkpt>
      <trkpt lat="45.46278943353042" lon="25.4445317566279">
        <ele>1955</ele>
      </trkpt>
      <trkpt lat="45.46307076101468" lon="25.44506770932674">
        <ele>1949</ele>
      </trkpt>
      <trkpt lat="45.46307266831966" lon="25.44517356475302">
        <ele>1952</ele>
      </trkpt>
      <trkpt lat="45.46307552927713" lon="25.4452794201793">
        <ele>1955</ele>
      </trkpt>
      <trkpt lat="45.46318806027084" lon="25.44535666603091">
        <ele>1950</ele>
      </trkpt>
      <trkpt lat="45.4632958230021" lon="25.44536906351327">
        <ele>1942</ele>
      </trkpt>
      <trkpt lat="45.46331871066183" lon="25.44543009727257">
        <ele>1942</ele>
      </trkpt>
      <trkpt lat="45.46334255197406" lon="25.44549208468436">
        <ele>1943</ele>
      </trkpt>
      <trkpt lat="45.46334064466908" lon="25.44556933053597">
        <ele>1945</ele>
      </trkpt>
      <trkpt lat="45.4633387373641" lon="25.44564753004007">
        <ele>1948</ele>
      </trkpt>
      <trkpt lat="45.46351993133702" lon="25.44601277894337">
        <ele>1945</ele>
      </trkpt>
      <trkpt lat="45.46369063513256" lon="25.44637707419418">
        <ele>1944</ele>
      </trkpt>
      <trkpt lat="45.46374308601946" lon="25.44647720770553">
        <ele>1943</ele>
      </trkpt>
      <trkpt lat="45.46422181956895" lon="25.4472277322144">
        <ele>1928</ele>
      </trkpt>
      <trkpt lat="45.46431241655541" lon="25.44732691207326">
        <ele>1927</ele>
      </trkpt>
      <trkpt lat="45.46438394049208" lon="25.44743181384705">
        <ele>1926</ele>
      </trkpt>
      <trkpt lat="45.46472248712569" lon="25.44777417509061">
        <ele>1918</ele>
      </trkpt>
      <trkpt lat="45.46504863627694" lon="25.44811844363916">
        <ele>1912</ele>
      </trkpt>
      <trkpt lat="45.46532614915125" lon="25.44842551974062">
        <ele>1907</ele>
      </trkpt>
      <trkpt lat="45.46537955369063" lon="25.44848655349992">
        <ele>1906</ele>
      </trkpt>
      <trkpt lat="45.46543391188251" lon="25.44854854091171">
        <ele>1904</ele>
      </trkpt>
      <trkpt lat="45.46547110432958" lon="25.4486105283235">
        <ele>1903</ele>
      </trkpt>
      <trkpt lat="45.46551974060652" lon="25.44866870112533">
        <ele>1902</ele>
      </trkpt>
      <trkpt lat="45.46559412550067" lon="25.44874690062943">
        <ele>1900</ele>
      </trkpt>
      <trkpt lat="45.46569521266451" lon="25.44882891474348">
        <ele>1898</ele>
      </trkpt>
      <trkpt lat="45.46576769025367" lon="25.4488794583254">
        <ele>1896</ele>
      </trkpt>
      <trkpt lat="45.46587068472249" lon="25.44899008201413">
        <ele>1894</ele>
      </trkpt>
      <trkpt lat="45.46597844745374" lon="25.44905969864583">
        <ele>1889</ele>
      </trkpt>
      <trkpt lat="45.46602422277322" lon="25.44907877169561">
        <ele>1887</ele>
      </trkpt>
      <trkpt lat="45.46608334922754" lon="25.44915506389473">
        <ele>1885</ele>
      </trkpt>
      <trkpt lat="45.46613198550448" lon="25.44923421705132">
        <ele>1882</ele>
      </trkpt>
      <trkpt lat="45.46620064848369" lon="25.44932195308031">
        <ele>1879</ele>
      </trkpt>
      <trkpt lat="45.46613293915697" lon="25.44940396719437">
        <ele>1883</ele>
      </trkpt>
      <trkpt lat="45.46608048827007" lon="25.44949551783332">
        <ele>1885</ele>
      </trkpt>
      <trkpt lat="45.46610242227732" lon="25.44959946595462">
        <ele>1884</ele>
      </trkpt>
      <trkpt lat="45.46612530993706" lon="25.44970436772842">
        <ele>1884</ele>
      </trkpt>
      <trkpt lat="45.46617108525653" lon="25.44999427808508">
        <ele>1884</ele>
      </trkpt>
      <trkpt lat="45.46617489986649" lon="25.45050925042916">
        <ele>1867</ele>
      </trkpt>
      <trkpt lat="45.46612435628457" lon="25.45059031089073">
        <ele>1863</ele>
      </trkpt>
      <trkpt lat="45.46607476635514" lon="25.45067232500478">
        <ele>1859</ele>
      </trkpt>
      <trkpt lat="45.46609479305741" lon="25.45075433911884">
        <ele>1856</ele>
      </trkpt>
      <trkpt lat="45.46611481975968" lon="25.4508363532329">
        <ele>1854</ele>
      </trkpt>
      <trkpt lat="45.4660518786954" lon="25.45094220865918">
        <ele>1845</ele>
      </trkpt>
      <trkpt lat="45.46608239557505" lon="25.45101563990084">
        <ele>1841</ele>
      </trkpt>
      <trkpt lat="45.46606046156781" lon="25.45109479305743">
        <ele>1834</ele>
      </trkpt>
      <trkpt lat="45.46603948121304" lon="25.45117394621402">
        <ele>1828</ele>
      </trkpt>
      <trkpt lat="45.46598416936868" lon="25.45125786763305">
        <ele>1820</ele>
      </trkpt>
      <trkpt lat="45.46598416936868" lon="25.45131127217244">
        <ele>1816</ele>
      </trkpt>
      <trkpt lat="45.46596223536143" lon="25.45138184245663">
        <ele>1810</ele>
      </trkpt>
      <trkpt lat="45.46594125500668" lon="25.4514533663933">
        <ele>1803</ele>
      </trkpt>
      <trkpt lat="45.46587068472249" lon="25.45151630745758">
        <ele>1795</ele>
      </trkpt>
      <trkpt lat="45.46580392904826" lon="25.4515058172802">
        <ele>1793</ele>
      </trkpt>
      <trkpt lat="45.46573812702651" lon="25.45149532710282">
        <ele>1792</ele>
      </trkpt>
      <trkpt lat="45.46566660308984" lon="25.45142094220868">
        <ele>1797</ele>
      </trkpt>
      <trkpt lat="45.46556170131604" lon="25.45139137898152">
        <ele>1797</ele>
      </trkpt>
      <trkpt lat="45.46555788670608" lon="25.45127026511541">
        <ele>1806</ele>
      </trkpt>
      <trkpt lat="45.4654863627694" lon="25.45122544344843">
        <ele>1808</ele>
      </trkpt>
      <trkpt lat="45.46546728971963" lon="25.45132939156973">
        <ele>1800</ele>
      </trkpt>
      <trkpt lat="45.46537669273317" lon="25.45139423993898">
        <ele>1793</ele>
      </trkpt>
      <trkpt lat="45.46540625596032" lon="25.45148960518789">
        <ele>1786</ele>
      </trkpt>
      <trkpt lat="45.46532042723631" lon="25.45151249284762">
        <ele>1783</ele>
      </trkpt>
      <trkpt lat="45.46523555216479" lon="25.45153538050736">
        <ele>1780</ele>
      </trkpt>
      <trkpt lat="45.46516593553309" lon="25.45162120923137">
        <ele>1772</ele>
      </trkpt>
      <trkpt lat="45.46516402822811" lon="25.45172420370019">
        <ele>1764</ele>
      </trkpt>
      <trkpt lat="45.46516307457562" lon="25.45182815182149">
        <ele>1757</ele>
      </trkpt>
      <trkpt lat="45.46513160404348" lon="25.45192256341791">
        <ele>1750</ele>
      </trkpt>
      <trkpt lat="45.46510108716384" lon="25.45201697501432">
        <ele>1742</ele>
      </trkpt>
      <trkpt lat="45.46510108716384" lon="25.45210280373833">
        <ele>1736</ele>
      </trkpt>
      <trkpt lat="45.46510108716384" lon="25.45218863246235">
        <ele>1730</ele>
      </trkpt>
      <trkpt lat="45.46527655922182" lon="25.45248045012399">
        <ele>1713</ele>
      </trkpt>
      <trkpt lat="45.46531661262636" lon="25.45257009345796">
        <ele>1709</ele>
      </trkpt>
      <trkpt lat="45.46535761968339" lon="25.45266069044442">
        <ele>1706</ele>
      </trkpt>
      <trkpt lat="45.46536810986077" lon="25.4527751287431">
        <ele>1701</ele>
      </trkpt>
      <trkpt lat="45.46537955369063" lon="25.45288956704179">
        <ele>1696</ele>
      </trkpt>
      <trkpt lat="45.46536715620827" lon="25.45298683959567">
        <ele>1691</ele>
      </trkpt>
      <trkpt lat="45.46535475872592" lon="25.45308411214955">
        <ele>1687</ele>
      </trkpt>
      <trkpt lat="45.4653652489033" lon="25.45315563608623">
        <ele>1684</ele>
      </trkpt>
      <trkpt lat="45.46537669273317" lon="25.45322811367539">
        <ele>1680</ele>
      </trkpt>
      <trkpt lat="45.46537669273317" lon="25.45322811367539">
        <ele>1680</ele>
      </trkpt>
      <trkpt lat="45.46518024032043" lon="25.45312035094413">
        <ele>1684</ele>
      </trkpt>
      <trkpt lat="45.4647301163456" lon="25.45296872019838">
        <ele>1690</ele>
      </trkpt>
      <trkpt lat="45.46407972534809" lon="25.45302975395768">
        <ele>1694</ele>
      </trkpt>
      <trkpt lat="45.46398531375167" lon="25.45299923707802">
        <ele>1695</ele>
      </trkpt>
      <trkpt lat="45.46354281899676" lon="25.4529143620065">
        <ele>1696</ele>
      </trkpt>
      <trkpt lat="45.46338546633606" lon="25.45278085065804">
        <ele>1698</ele>
      </trkpt>
      <trkpt lat="45.46317280183101" lon="25.45279801640284">
        <ele>1699</ele>
      </trkpt>
      <trkpt lat="45.46300972725539" lon="25.4526797634942">
        <ele>1700</ele>
      </trkpt>
      <trkpt lat="45.46254911310319" lon="25.4521495327103">
        <ele>1711</ele>
      </trkpt>
      <trkpt lat="45.46218958611482" lon="25.45180717146673">
        <ele>1721</ele>
      </trkpt>
      <trkpt lat="45.46220102994469" lon="25.45156875834448">
        <ele>1728</ele>
      </trkpt>
      <trkpt lat="45.46201029944688" lon="25.45135037192449">
        <ele>1738</ele>
      </trkpt>
      <trkpt lat="45.46203032614915" lon="25.45123402632083">
        <ele>1742</ele>
      </trkpt>
      <trkpt lat="45.46185008582872" lon="25.4511234026321">
        <ele>1747</ele>
      </trkpt>
      <trkpt lat="45.46195117299256" lon="25.45088403585735">
        <ele>1757</ele>
      </trkpt>
      <trkpt lat="45.46152012206752" lon="25.45047015067711">
        <ele>1780</ele>
      </trkpt>
      <trkpt lat="45.46131031851993" lon="25.45041197787528">
        <ele>1786</ele>
      </trkpt>
      <trkpt lat="45.46108430288003" lon="25.45025653251957">
        <ele>1798</ele>
      </trkpt>
      <trkpt lat="45.46086973107" lon="25.44997043677286">
        <ele>1814</ele>
      </trkpt>
      <trkpt lat="45.46063990082014" lon="25.44997806599277">
        <ele>1817</ele>
      </trkpt>
      <trkpt lat="45.46048540911692" lon="25.45003719244709">
        <ele>1817</ele>
      </trkpt>
      <trkpt lat="45.4603995803929" lon="25.44995136372308">
        <ele>1821</ele>
      </trkpt>
      <trkpt lat="45.46030040053405" lon="25.44997997329775">
        <ele>1821</ele>
      </trkpt>
      <trkpt lat="45.46018977684532" lon="25.44967003623881">
        <ele>1831</ele>
      </trkpt>
      <trkpt lat="45.46" lon="25.44952126645052">
        <ele>1838</ele>
      </trkpt>
      <trkpt lat="45.45999999999999" lon="25.44952126645052">
        <ele>1838</ele>
      </trkpt>
      <trkpt lat="45.45989700553118" lon="25.44951363723061">
        <ele>1842</ele>
      </trkpt>
      <trkpt lat="45.45979496471485" lon="25.44950696166319">
        <ele>1846</ele>
      </trkpt>
      <trkpt lat="45.45940968910928" lon="25.4496795727637">
        <ele>1857</ele>
      </trkpt>
      <trkpt lat="45.45845031470531" lon="25.44956036620257">
        <ele>1871</ele>
      </trkpt>
      <trkpt lat="45.45798016402821" lon="25.44967003623881">
        <ele>1868</ele>
      </trkpt>
      <trkpt lat="45.45722296395193" lon="25.44960041960711">
        <ele>1871</ele>
      </trkpt>
      <trkpt lat="45.45683959565133" lon="25.44962998283427">
        <ele>1876</ele>
      </trkpt>
      <trkpt lat="45.45655349990462" lon="25.44950028609576">
        <ele>1881</ele>
      </trkpt>
      <trkpt lat="45.45604997139041" lon="25.44919034903683">
        <ele>1891</ele>
      </trkpt>
      <trkpt lat="45.45572000762921" lon="25.44921991226399">
        <ele>1897</ele>
      </trkpt>
      <trkpt lat="45.45524032042722" lon="25.44872973488463">
        <ele>1916</ele>
      </trkpt>
      <trkpt lat="45.45521171085255" lon="25.44863436963572">
        <ele>1918</ele>
      </trkpt>
      <trkpt lat="45.45518214762539" lon="25.44859050162123">
        <ele>1920</ele>
      </trkpt>
      <trkpt lat="45.45517737936295" lon="25.44849799732979">
        <ele>1922</ele>
      </trkpt>
      <trkpt lat="45.45522124737744" lon="25.44840072477591">
        <ele>1923</ele>
      </trkpt>
      <trkpt lat="45.45526606904443" lon="25.44830440587452">
        <ele>1923</ele>
      </trkpt>
      <trkpt lat="45.45530802975394" lon="25.44818329200841">
        <ele>1926</ele>
      </trkpt>
      <trkpt lat="45.45534999046346" lon="25.44806313179479">
        <ele>1928</ele>
      </trkpt>
      <trkpt lat="45.45535952698835" lon="25.4476101468625">
        <ele>1940</ele>
      </trkpt>
      <trkpt lat="45.4553204272363" lon="25.44749570856382">
        <ele>1943</ele>
      </trkpt>
      <trkpt lat="45.45528228113674" lon="25.44738127026513">
        <ele>1946</ele>
      </trkpt>
      <trkpt lat="45.45522601563989" lon="25.44729067327867">
        <ele>1948</ele>
      </trkpt>
      <trkpt lat="45.45516975014304" lon="25.44720007629222">
        <ele>1950</ele>
      </trkpt>
      <trkpt lat="45.4551029944688" lon="25.44719149341982">
        <ele>1951</ele>
      </trkpt>
      <trkpt lat="45.45503623879457" lon="25.44718291054741">
        <ele>1951</ele>
      </trkpt>
      <trkpt lat="45.45478256723249" lon="25.44711520122069">
        <ele>1955</ele>
      </trkpt>
      <trkpt lat="45.45449742513827" lon="25.44688537097084">
        <ele>1959</ele>
      </trkpt>
      <trkpt lat="45.45428762159068" lon="25.44660499713906">
        <ele>1959</ele>
      </trkpt>
      <trkpt lat="45.45403967194353" lon="25.44578962426094">
        <ele>1965</ele>
      </trkpt>
      <trkpt lat="45.45382223917603" lon="25.44542914362008">
        <ele>1980</ele>
      </trkpt>
      <trkpt lat="45.45370970818233" lon="25.44530993705895">
        <ele>1984</ele>
      </trkpt>
      <trkpt lat="45.45359240892618" lon="25.44489223726876">
        <ele>1994</ele>
      </trkpt>
      <trkpt lat="45.45345031470531" lon="25.44462998283427">
        <ele>2002</ele>
      </trkpt>
      <trkpt lat="45.45333683005911" lon="25.4446185390044">
        <ele>2003</ele>
      </trkpt>
      <trkpt lat="45.45326053785999" lon="25.44452984932292">
        <ele>2006</ele>
      </trkpt>
      <trkpt lat="45.45324909403013" lon="25.44443162311655">
        <ele>2009</ele>
      </trkpt>
      <trkpt lat="45.45323860385275" lon="25.44433435056267">
        <ele>2011</ele>
      </trkpt>
      <trkpt lat="45.45314419225633" lon="25.44423326339884">
        <ele>2015</ele>
      </trkpt>
      <trkpt lat="45.45305454892236" lon="25.44411501049019">
        <ele>2020</ele>
      </trkpt>
      <trkpt lat="45.45296585924088" lon="25.44399771123404">
        <ele>2026</ele>
      </trkpt>
      <trkpt lat="45.45287621590691" lon="25.44390997520505">
        <ele>2030</ele>
      </trkpt>
      <trkpt lat="45.45278752622544" lon="25.44382319282855">
        <ele>2034</ele>
      </trkpt>
      <trkpt lat="45.45268930001906" lon="25.44352946786193">
        <ele>2043</ele>
      </trkpt>
      <trkpt lat="45.45262159069234" lon="25.44342456608813">
        <ele>2045</ele>
      </trkpt>
      <trkpt lat="45.45255388136562" lon="25.44332061796683">
        <ele>2048</ele>
      </trkpt>
      <trkpt lat="45.45249952317374" lon="25.44325481594509">
        <ele>2051</ele>
      </trkpt>
      <trkpt lat="45.45244516498187" lon="25.44318901392334">
        <ele>2055</ele>
      </trkpt>
      <trkpt lat="45.45240606522982" lon="25.44310127789435">
        <ele>2061</ele>
      </trkpt>
      <trkpt lat="45.45236791913026" lon="25.44301449551785">
        <ele>2066</ele>
      </trkpt>
      <trkpt lat="45.4522773221438" lon="25.44290482548161">
        <ele>2071</ele>
      </trkpt>
      <trkpt lat="45.45218672515734" lon="25.44279610909786">
        <ele>2077</ele>
      </trkpt>
      <trkpt lat="45.45171848178523" lon="25.44257867633036">
        <ele>2081</ele>
      </trkpt>
      <trkpt lat="45.45159641426663" lon="25.44259679572765">
        <ele>2082</ele>
      </trkpt>
      <trkpt lat="45.45148769788288" lon="25.44247854281901">
        <ele>2091</ele>
      </trkpt>
      <trkpt lat="45.45142571047109" lon="25.4424365821095">
        <ele>2098</ele>
      </trkpt>
      <trkpt lat="45.45136372305931" lon="25.44239557505247">
        <ele>2104</ele>
      </trkpt>
      <trkpt lat="45.45131413312988" lon="25.4423230974633">
        <ele>2112</ele>
      </trkpt>
      <trkpt lat="45.45126549685293" lon="25.44225157352662">
        <ele>2120</ele>
      </trkpt>
      <trkpt lat="45.45119301926377" lon="25.44217051306505">
        <ele>2129</ele>
      </trkpt>
      <trkpt lat="45.45110814419225" lon="25.44212759870305">
        <ele>2134</ele>
      </trkpt>
      <trkpt lat="45.45102422277321" lon="25.44208563799353">
        <ele>2138</ele>
      </trkpt>
      <trkpt lat="45.45092313560937" lon="25.44203986267406">
        <ele>2143</ele>
      </trkpt>
      <trkpt lat="45.45082204844554" lon="25.44199504100708">
        <ele>2147</ele>
      </trkpt>
      <trkpt lat="45.4507123784093" lon="25.44204558458899">
        <ele>2150</ele>
      </trkpt>
      <trkpt lat="45.45060270837305" lon="25.44209612817091">
        <ele>2153</ele>
      </trkpt>
      <trkpt lat="45.45050734312415" lon="25.44216097654017">
        <ele>2155</ele>
      </trkpt>
      <trkpt lat="45.45041293152774" lon="25.44222582490942">
        <ele>2156</ele>
      </trkpt>
      <trkpt lat="45.45041293152774" lon="25.44222582490942">
        <ele>2156</ele>
      </trkpt>
      <trkpt lat="45.45039576578294" lon="25.44209803547589">
        <ele>2166</ele>
      </trkpt>
      <trkpt lat="45.450390043868" lon="25.44201411405685">
        <ele>2172</ele>
      </trkpt>
      <trkpt lat="45.45032328819377" lon="25.44180907877171">
        <ele>2191</ele>
      </trkpt>
      <trkpt lat="45.45032328819377" lon="25.44180907877171">
        <ele>2191</ele>
      </trkpt>
      <trkpt lat="45.45024127407972" lon="25.44169559412552">
        <ele>2203</ele>
      </trkpt>
      <trkpt lat="45.45015925996566" lon="25.44158210947932">
        <ele>2212</ele>
      </trkpt>
      <trkpt lat="45.45008201411405" lon="25.44150009536527">
        <ele>2218</ele>
      </trkpt>
      <trkpt lat="45.45000572191492" lon="25.4414190349037">
        <ele>2223</ele>
      </trkpt>
      <trkpt lat="45.44990654205606" lon="25.44133892809462">
        <ele>2229</ele>
      </trkpt>
      <trkpt lat="45.44982929620445" lon="25.44125786763305">
        <ele>2234</ele>
      </trkpt>
      <trkpt lat="45.44979782567231" lon="25.44119397291628">
        <ele>2236</ele>
      </trkpt>
      <trkpt lat="45.44970532138088" lon="25.44118729734886">
        <ele>2240</ele>
      </trkpt>
      <trkpt lat="45.44961281708944" lon="25.44118062178144">
        <ele>2244</ele>
      </trkpt>
      <trkpt lat="45.449608048827" lon="25.44113007819952">
        <ele>2245</ele>
      </trkpt>
      <trkpt lat="45.44949551783329" lon="25.44112817089454">
        <ele>2250</ele>
      </trkpt>
      <trkpt lat="45.44949265687583" lon="25.44105664695786">
        <ele>2252</ele>
      </trkpt>
      <trkpt lat="45.44940205988937" lon="25.44106522983027">
        <ele>2256</ele>
      </trkpt>
      <trkpt lat="45.44941255006675" lon="25.44102803738319">
        <ele>2256</ele>
      </trkpt>
      <trkpt lat="45.44939252336447" lon="25.44099561319857">
        <ele>2257</ele>
      </trkpt>
      <trkpt lat="45.44933435056264" lon="25.44099942780852">
        <ele>2260</ele>
      </trkpt>
      <trkpt lat="45.44927331680334" lon="25.44099084493612">
        <ele>2263</ele>
      </trkpt>
      <trkpt lat="45.44923707800876" lon="25.44096604997141">
        <ele>2265</ele>
      </trkpt>
      <trkpt lat="45.44921895861147" lon="25.44088689681482">
        <ele>2267</ele>
      </trkpt>
      <trkpt lat="45.44915887850466" lon="25.44085256532521">
        <ele>2270</ele>
      </trkpt>
      <trkpt lat="45.44908926187296" lon="25.44078580965098">
        <ele>2276</ele>
      </trkpt>
      <trkpt lat="45.44905493038335" lon="25.44081441922565">
        <ele>2275</ele>
      </trkpt>
      <trkpt lat="45.44903490368109" lon="25.44077722677858">
        <ele>2278</ele>
      </trkpt>
      <trkpt lat="45.44898340644668" lon="25.44077436582111">
        <ele>2280</ele>
      </trkpt>
      <trkpt lat="45.44896242609192" lon="25.44069902727448">
        <ele>2284</ele>
      </trkpt>
      <trkpt lat="45.44891092885752" lon="25.44070856379937">
        <ele>2285</ele>
      </trkpt>
      <trkpt lat="45.4488861338928" lon="25.44068090787719">
        <ele>2286</ele>
      </trkpt>
      <trkpt lat="45.44885561701315" lon="25.44067232500479">
        <ele>2288</ele>
      </trkpt>
      <trkpt lat="45.44884131222582" lon="25.44061605950793">
        <ele>2290</ele>
      </trkpt>
      <trkpt lat="45.44880411977874" lon="25.44054167461379">
        <ele>2293</ele>
      </trkpt>
      <trkpt lat="45.44879267594887" lon="25.44048636276942">
        <ele>2295</ele>
      </trkpt>
      <trkpt lat="45.4487116154873" lon="25.4404014876979">
        <ele>2299</ele>
      </trkpt>
      <trkpt lat="45.44864390616058" lon="25.44039958039292">
        <ele>2300</ele>
      </trkpt>
      <trkpt lat="45.44857619683386" lon="25.44039862674043">
        <ele>2301</ele>
      </trkpt>
      <trkpt lat="45.44849132176234" lon="25.4403147053214">
        <ele>2303</ele>
      </trkpt>
      <trkpt lat="45.44842647339308" lon="25.44037955369065">
        <ele>2303</ele>
      </trkpt>
      <trkpt lat="45.44836162502383" lon="25.4404453557124">
        <ele>2303</ele>
      </trkpt>
      <trkpt lat="45.44836162502383" lon="25.4404453557124">
        <ele>2303</ele>
      </trkpt>
      <trkpt lat="45.44835304215143" lon="25.44055979401108">
        <ele>2303</ele>
      </trkpt>
      <trkpt lat="45.44816135800113" lon="25.44103375929813">
        <ele>2299</ele>
      </trkpt>
      <trkpt lat="45.44809841693686" lon="25.44112626358957">
        <ele>2299</ele>
      </trkpt>
      <trkpt lat="45.4480507343124" lon="25.44116536334161">
        <ele>2299</ele>
      </trkpt>
      <trkpt lat="45.44800114438298" lon="25.4413408353996">
        <ele>2301</ele>
      </trkpt>
      <trkpt lat="45.4479210375739" lon="25.44150200267024">
        <ele>2303</ele>
      </trkpt>
      <trkpt lat="45.44780850658019" lon="25.44175281327486">
        <ele>2307</ele>
      </trkpt>
      <trkpt lat="45.44747854281898" lon="25.4426883463666">
        <ele>2333</ele>
      </trkpt>
      <trkpt lat="45.44718386419987" lon="25.44321666984553">
        <ele>2330</ele>
      </trkpt>
      <trkpt lat="45.44712378409307" lon="25.44369254243755">
        <ele>2335</ele>
      </trkpt>
      <trkpt lat="45.44714953271027" lon="25.4441579248522">
        <ele>2341</ele>
      </trkpt>
      <trkpt lat="45.4472773221438" lon="25.44461758535191">
        <ele>2346</ele>
      </trkpt>
      <trkpt lat="45.44742799923706" lon="25.44496852946788">
        <ele>2352</ele>
      </trkpt>
      <trkpt lat="45.44773030707609" lon="25.4454539385848">
        <ele>2348</ele>
      </trkpt>
      <trkpt lat="45.44779992370779" lon="25.44558363532331">
        <ele>2347</ele>
      </trkpt>
      <trkpt lat="45.44806313179476" lon="25.44648292962046">
        <ele>2343</ele>
      </trkpt>
      <trkpt lat="45.44827484264733" lon="25.44678619111198">
        <ele>2349</ele>
      </trkpt>
      <trkpt lat="45.44830154491702" lon="25.44695784856">
        <ele>2348</ele>
      </trkpt>
      <trkpt lat="45.44828342551973" lon="25.44744421132941">
        <ele>2344</ele>
      </trkpt>
      <trkpt lat="45.44847034140758" lon="25.44882033187108">
        <ele>2364</ele>
      </trkpt>
      <trkpt lat="45.44853995803928" lon="25.44907018882321">
        <ele>2369</ele>
      </trkpt>
      <trkpt lat="45.44854567995421" lon="25.44913026893002">
        <ele>2370</ele>
      </trkpt>
      <trkpt lat="45.44854567995421" lon="25.44913026893002">
        <ele>2370</ele>
      </trkpt>
      <trkpt lat="45.44853995803928" lon="25.44940015258442">
        <ele>2376</ele>
      </trkpt>
      <trkpt lat="45.44858001144382" lon="25.44990844936107">
        <ele>2385</ele>
      </trkpt>
      <trkpt lat="45.44862006484836" lon="25.45024032042725">
        <ele>2393</ele>
      </trkpt>
      <trkpt lat="45.44855998474155" lon="25.45187011253101">
        <ele>2426</ele>
      </trkpt>
      <trkpt lat="45.44839977112339" lon="25.45251954987604">
        <ele>2438</ele>
      </trkpt>
      <trkpt lat="45.44818043105091" lon="25.45316994087356">
        <ele>2451</ele>
      </trkpt>
      <trkpt lat="45.44763017356474" lon="25.45425996566853">
        <ele>2473</ele>
      </trkpt>
      <trkpt lat="45.44754815945068" lon="25.45436391378983">
        <ele>2474</ele>
      </trkpt>
      <trkpt lat="45.44746614533663" lon="25.45446786191114">
        <ele>2475</ele>
      </trkpt>
      <trkpt lat="45.44725824909402" lon="25.45477398436012">
        <ele>2476</ele>
      </trkpt>
      <trkpt lat="45.44692351707037" lon="25.45514400152586">
        <ele>2478</ele>
      </trkpt>
      <trkpt lat="45.44671275987029" lon="25.45546538241467">
        <ele>2483</ele>
      </trkpt>
      <trkpt lat="45.44656589738698" lon="25.4557142857143">
        <ele>2489</ele>
      </trkpt>
      <trkpt lat="45.44632366965477" lon="25.45601182529088">
        <ele>2489</ele>
      </trkpt>
      <trkpt lat="45.44628838451267" lon="25.45603948121306">
        <ele>2489</ele>
      </trkpt>
      <trkpt lat="45.44619588022124" lon="25.45606332252529">
        <ele>2490</ele>
      </trkpt>
      <trkpt lat="45.44584112149531" lon="25.45611100514974">
        <ele>2495</ele>
      </trkpt>
      <trkpt lat="45.44577436582108" lon="25.45613103185201">
        <ele>2494</ele>
      </trkpt>
      <trkpt lat="45.44577436582108" lon="25.45613103185201">
        <ele>2494</ele>
      </trkpt>
      <trkpt lat="45.44566755674231" lon="25.45604424947551">
        <ele>2493</ele>
      </trkpt>
      <trkpt lat="45.44547301163455" lon="25.45599942780852">
        <ele>2491</ele>
      </trkpt>
      <trkpt lat="45.44519073049779" lon="25.45608144192258">
        <ele>2488</ele>
      </trkpt>
      <trkpt lat="45.44519015267903" lon="25.45608160992878">
        <ele>2488</ele>
      </trkpt>
      <trkpt lat="45.44494087354567" lon="25.45584112149534">
        <ele>2486</ele>
      </trkpt>
      <trkpt lat="45.44488937631126" lon="25.45577436582111">
        <ele>2484</ele>
      </trkpt>
      <trkpt lat="45.44483501811938" lon="25.4557314514591">
        <ele>2482</ele>
      </trkpt>
      <trkpt lat="45.44476921609764" lon="25.45569616631701">
        <ele>2480</ele>
      </trkpt>
      <trkpt lat="45.44466908258629" lon="25.45563227160025">
        <ele>2477</ele>
      </trkpt>
      <trkpt lat="45.44462426091931" lon="25.45557600610339">
        <ele>2476</ele>
      </trkpt>
      <trkpt lat="45.44444020598893" lon="25.45527846652681">
        <ele>2472</ele>
      </trkpt>
      <trkpt lat="45.44438870875452" lon="25.45522410833494">
        <ele>2472</ele>
      </trkpt>
      <trkpt lat="45.44431527751286" lon="25.45516498188062">
        <ele>2472</ele>
      </trkpt>
      <trkpt lat="45.44427236315086" lon="25.45507438489416">
        <ele>2472</ele>
      </trkpt>
      <trkpt lat="45.44423612435627" lon="25.45503528514211">
        <ele>2473</ele>
      </trkpt>
      <trkpt lat="45.44420274651916" lon="25.45500858287242">
        <ele>2473</ele>
      </trkpt>
      <trkpt lat="45.44415220293724" lon="25.45499904634753">
        <ele>2473</ele>
      </trkpt>
      <trkpt lat="45.44415220293724" lon="25.45499904634753">
        <ele>2473</ele>
      </trkpt>
      <trkpt lat="45.4441293152775" lon="25.45490082014116">
        <ele>2471</ele>
      </trkpt>
      <trkpt lat="45.44410642761776" lon="25.45480354758728">
        <ele>2469</ele>
      </trkpt>
      <trkpt lat="45.44409593744039" lon="25.45470246042344">
        <ele>2467</ele>
      </trkpt>
      <trkpt lat="45.44409403013541" lon="25.45462616822432">
        <ele>2465</ele>
      </trkpt>
      <trkpt lat="45.44409212283043" lon="25.45455082967768">
        <ele>2464</ele>
      </trkpt>
      <trkpt lat="45.44406351325576" lon="25.45445164981882">
        <ele>2462</ele>
      </trkpt>
      <trkpt lat="45.44403490368109" lon="25.45435246995996">
        <ele>2461</ele>
      </trkpt>
      <trkpt lat="45.443999618539" lon="25.45426664123595">
        <ele>2460</ele>
      </trkpt>
      <trkpt lat="45.4439643333969" lon="25.45418176616443">
        <ele>2460</ele>
      </trkpt>
      <trkpt lat="45.44382700743848" lon="25.45391569711999">
        <ele>2457</ele>
      </trkpt>
      <trkpt lat="45.44378504672896" lon="25.45384894144576">
        <ele>2457</ele>
      </trkpt>
      <trkpt lat="45.44374308601945" lon="25.45378313942401">
        <ele>2456</ele>
      </trkpt>
      <trkpt lat="45.44368300591263" lon="25.45371066183484">
        <ele>2456</ele>
      </trkpt>
      <trkpt lat="45.44362387945831" lon="25.45363818424568">
        <ele>2456</ele>
      </trkpt>
      <trkpt lat="45.44354186534426" lon="25.45356379935154">
        <ele>2456</ele>
      </trkpt>
      <trkpt lat="45.4434598512302" lon="25.45349036810988">
        <ele>2456</ele>
      </trkpt>
      <trkpt lat="45.44338260537859" lon="25.45343505626552">
        <ele>2456</ele>
      </trkpt>
      <trkpt lat="45.44330631317946" lon="25.45337974442115">
        <ele>2456</ele>
      </trkpt>
      <trkpt lat="45.44321285523554" lon="25.45332443257679">
        <ele>2456</ele>
      </trkpt>
      <trkpt lat="45.44312035094411" lon="25.45327007438491">
        <ele>2455</ele>
      </trkpt>
      <trkpt lat="45.44303452222009" lon="25.45324432576771">
        <ele>2455</ele>
      </trkpt>
      <trkpt lat="45.44294964714857" lon="25.45321953080299">
        <ele>2455</ele>
      </trkpt>
      <trkpt lat="45.44286477207704" lon="25.45320427236317">
        <ele>2455</ele>
      </trkpt>
      <trkpt lat="45.44277989700552" lon="25.45318996757583">
        <ele>2455</ele>
      </trkpt>
      <trkpt lat="45.4423288193782" lon="25.45321953080299">
        <ele>2456</ele>
      </trkpt>
      <trkpt lat="45.44223059317184" lon="25.45320808697312">
        <ele>2454</ele>
      </trkpt>
      <trkpt lat="45.44213236696547" lon="25.45319664314325">
        <ele>2452</ele>
      </trkpt>
      <trkpt lat="45.44202174327674" lon="25.45316421895863">
        <ele>2450</ele>
      </trkpt>
      <trkpt lat="45.44191111958801" lon="25.453131794774">
        <ele>2448</ele>
      </trkpt>
      <trkpt lat="45.44158020217431" lon="25.45277036048066">
        <ele>2443</ele>
      </trkpt>
      <trkpt lat="45.4414686248331" lon="25.45268739271411">
        <ele>2442</ele>
      </trkpt>
      <trkpt lat="45.4413818424566" lon="25.45270265115394">
        <ele>2441</ele>
      </trkpt>
      <trkpt lat="45.44129029181765" lon="25.45274175090599">
        <ele>2440</ele>
      </trkpt>
      <trkpt lat="45.44117871447644" lon="25.45273984360101">
        <ele>2439</ele>
      </trkpt>
      <trkpt lat="45.44108525653251" lon="25.45272077055123">
        <ele>2439</ele>
      </trkpt>
      <trkpt lat="45.44102326912072" lon="25.45269883654398">
        <ele>2439</ele>
      </trkpt>
      <trkpt lat="45.44092695021933" lon="25.45265306122451">
        <ele>2440</ele>
      </trkpt>
      <trkpt lat="45.44082967766545" lon="25.45254243753578">
        <ele>2443</ele>
      </trkpt>
      <trkpt lat="45.44074003433148" lon="25.45246042342172">
        <ele>2440</ele>
      </trkpt>
      <trkpt lat="45.44070761014685" lon="25.45244611863439">
        <ele>2438</ele>
      </trkpt>
      <trkpt lat="45.44066469578485" lon="25.45244325767692">
        <ele>2436</ele>
      </trkpt>
      <trkpt lat="45.44062273507533" lon="25.4523669654778">
        <ele>2434</ele>
      </trkpt>
      <trkpt lat="45.4405817280183" lon="25.45229162693116">
        <ele>2431</ele>
      </trkpt>
      <trkpt lat="45.4405464428762" lon="25.4522019835972">
        <ele>2429</ele>
      </trkpt>
      <trkpt lat="45.4405121113866" lon="25.45211234026322">
        <ele>2427</ele>
      </trkpt>
      <trkpt lat="45.44046442876215" lon="25.45186057600612">
        <ele>2423</ele>
      </trkpt>
      <trkpt lat="45.44035285142093" lon="25.4511491512493">
        <ele>2407</ele>
      </trkpt>
      <trkpt lat="45.44022220102993" lon="25.44994278085068">
        <ele>2383</ele>
      </trkpt>
      <trkpt lat="45.44019359145526" lon="25.44983311081443">
        <ele>2382</ele>
      </trkpt>
      <trkpt lat="45.44016593553308" lon="25.4497234407782">
        <ele>2381</ele>
      </trkpt>
      <trkpt lat="45.44014972344077" lon="25.44960423421707">
        <ele>2380</ele>
      </trkpt>
      <trkpt lat="45.44013446500094" lon="25.44948598130843">
        <ele>2380</ele>
      </trkpt>
      <trkpt lat="45.43999999999999" lon="25.44908163265308">
        <ele>2382</ele>
      </trkpt>
      <trkpt lat="45.44" lon="25.44908163265308">
        <ele>2382</ele>
      </trkpt>
      <trkpt lat="45.43975777226779" lon="25.44835208849897">
        <ele>2375</ele>
      </trkpt>
      <trkpt lat="45.43946309364868" lon="25.44769597558651">
        <ele>2361</ele>
      </trkpt>
      <trkpt lat="45.43943925233646" lon="25.44751764257106">
        <ele>2360</ele>
      </trkpt>
      <trkpt lat="45.43912931527752" lon="25.44700743848943">
        <ele>2347</ele>
      </trkpt>
      <trkpt lat="45.43911501049018" lon="25.44684054930385">
        <ele>2345</ele>
      </trkpt>
      <trkpt lat="45.43921037573909" lon="25.44619969483122">
        <ele>2343</ele>
      </trkpt>
      <trkpt lat="45.43926091932101" lon="25.44579343887089">
        <ele>2340</ele>
      </trkpt>
      <trkpt lat="45.43931718481786" lon="25.4455054358192">
        <ele>2341</ele>
      </trkpt>
      <trkpt lat="45.43933721152013" lon="25.44520312798018">
        <ele>2340</ele>
      </trkpt>
      <trkpt lat="45.43932767499524" lon="25.44489891283618">
        <ele>2339</ele>
      </trkpt>
      <trkpt lat="45.43930860194546" lon="25.44460709517454">
        <ele>2337</ele>
      </trkpt>
      <trkpt lat="45.43927045584589" lon="25.44440015258441">
        <ele>2336</ele>
      </trkpt>
      <trkpt lat="45.4392351707038" lon="25.44427045584591">
        <ele>2336</ele>
      </trkpt>
      <trkpt lat="45.43917032233455" lon="25.44411214953273">
        <ele>2338</ele>
      </trkpt>
      <trkpt lat="45.43906255960329" lon="25.44390425329012">
        <ele>2335</ele>
      </trkpt>
      <trkpt lat="45.43898054548923" lon="25.4436887278276">
        <ele>2336</ele>
      </trkpt>
      <trkpt lat="45.43890616059509" lon="25.4434016784284">
        <ele>2338</ele>
      </trkpt>
      <trkpt lat="45.43881365630365" lon="25.44318996757583">
        <ele>2338</ele>
      </trkpt>
      <trkpt lat="45.43855044821667" lon="25.44283044058747">
        <ele>2344</ele>
      </trkpt>
      <trkpt lat="45.43816135800115" lon="25.44227827579632">
        <ele>2359</ele>
      </trkpt>
      <trkpt lat="45.43796299828343" lon="25.44195021934009">
        <ele>2363</ele>
      </trkpt>
      <trkpt lat="45.43722773221439" lon="25.44091264543202">
        <ele>2382</ele>
      </trkpt>
      <trkpt lat="45.43719435437727" lon="25.44081251192067">
        <ele>2383</ele>
      </trkpt>
      <trkpt lat="45.43724012969675" lon="25.44022315468245">
        <ele>2377</ele>
      </trkpt>
      <trkpt lat="45.43727732214382" lon="25.44000000000002">
        <ele>2375</ele>
      </trkpt>
      <trkpt lat="45.43727732214382" lon="25.44000000000001">
        <ele>2375</ele>
      </trkpt>
      <trkpt lat="45.4373221438108" lon="25.43973297730308">
        <ele>2370</ele>
      </trkpt>
      <trkpt lat="45.43731546824338" lon="25.43849513637231">
        <ele>2343</ele>
      </trkpt>
      <trkpt lat="45.43726778561893" lon="25.43803356856762">
        <ele>2334</ele>
      </trkpt>
      <trkpt lat="45.43712759870304" lon="25.43709040625597">
        <ele>2320</ele>
      </trkpt>
      <trkpt lat="45.437000762922" lon="25.43665935533092">
        <ele>2315</ele>
      </trkpt>
      <trkpt lat="45.43691874880794" lon="25.43632366965478">
        <ele>2313</ele>
      </trkpt>
      <trkpt lat="45.43679954224681" lon="25.43602994468816">
        <ele>2314</ele>
      </trkpt>
      <trkpt lat="45.43665077245852" lon="25.43572954415412">
        <ele>2318</ele>
      </trkpt>
      <trkpt lat="45.4365315658974" lon="25.4355140186916">
        <ele>2317</ele>
      </trkpt>
      <trkpt lat="45.43635037192448" lon="25.43524032042724">
        <ele>2317</ele>
      </trkpt>
      <trkpt lat="45.43623402632082" lon="25.43504100705703">
        <ele>2318</ele>
      </trkpt>
      <trkpt lat="45.43611481975969" lon="25.43481022315469">
        <ele>2319</ele>
      </trkpt>
      <trkpt lat="45.43602422277323" lon="25.43456131985505">
        <ele>2319</ele>
      </trkpt>
      <trkpt lat="45.43597367919131" lon="25.43429238985314">
        <ele>2318</ele>
      </trkpt>
      <trkpt lat="45.43593171848179" lon="25.43384512683579">
        <ele>2319</ele>
      </trkpt>
      <trkpt lat="45.43591741369445" lon="25.43318710661836">
        <ele>2319</ele>
      </trkpt>
      <trkpt lat="45.43593744039673" lon="25.43284188441732">
        <ele>2317</ele>
      </trkpt>
      <trkpt lat="45.4359746328438" lon="25.43253004005341">
        <ele>2316</ele>
      </trkpt>
      <trkpt lat="45.43601182529087" lon="25.43234121686058">
        <ele>2313</ele>
      </trkpt>
      <trkpt lat="45.4360614152203" lon="25.43215048636278">
        <ele>2310</ele>
      </trkpt>
      <trkpt lat="45.43616917795156" lon="25.43191874880794">
        <ele>2307</ele>
      </trkpt>
      <trkpt lat="45.43620637039864" lon="25.43177283997712">
        <ele>2304</ele>
      </trkpt>
      <trkpt lat="45.43623402632082" lon="25.43134178905208">
        <ele>2296</ele>
      </trkpt>
      <trkpt lat="45.43632748426474" lon="25.43116250238414">
        <ele>2292</ele>
      </trkpt>
      <trkpt lat="45.43644859813084" lon="25.43045012397483">
        <ele>2279</ele>
      </trkpt>
      <trkpt lat="45.436435246996" lon="25.42970627503339">
        <ele>2270</ele>
      </trkpt>
      <trkpt lat="45.43638851802404" lon="25.42941922563418">
        <ele>2267</ele>
      </trkpt>
      <trkpt lat="45.43629696738509" lon="25.42910642761778">
        <ele>2263</ele>
      </trkpt>
      <trkpt lat="45.43625500667557" lon="25.42889185580775">
        <ele>2259</ele>
      </trkpt>
      <trkpt lat="45.43622258249095" lon="25.42850753385467">
        <ele>2252</ele>
      </trkpt>
      <trkpt lat="45.43612817089453" lon="25.42797730307077">
        <ele>2237</ele>
      </trkpt>
      <trkpt lat="45.43596795727638" lon="25.42732595842076">
        <ele>2221</ele>
      </trkpt>
      <trkpt lat="45.4358525653252" lon="25.42699790196453">
        <ele>2216</ele>
      </trkpt>
      <trkpt lat="45.43570761014687" lon="25.42672992561511">
        <ele>2213</ele>
      </trkpt>
      <trkpt lat="45.43532614915126" lon="25.42618539004388">
        <ele>2209</ele>
      </trkpt>
      <trkpt lat="45.43508010680909" lon="25.42580011443831">
        <ele>2213</ele>
      </trkpt>
      <trkpt lat="45.43485027655923" lon="25.42535952698837">
        <ele>2217</ele>
      </trkpt>
      <trkpt lat="45.4344001525844" lon="25.42419988556171">
        <ele>2217</ele>
      </trkpt>
      <trkpt lat="45.43419988556171" lon="25.42378981499142">
        <ele>2212</ele>
      </trkpt>
      <trkpt lat="45.43380984169369" lon="25.42323002098036">
        <ele>2209</ele>
      </trkpt>
      <trkpt lat="45.4335828724013" lon="25.42283902345986">
        <ele>2212</ele>
      </trkpt>
      <trkpt lat="45.43316994087355" lon="25.42222963951937">
        <ele>2218</ele>
      </trkpt>
      <trkpt lat="45.43305454892238" lon="25.42202269692925">
        <ele>2217</ele>
      </trkpt>
      <trkpt lat="45.4327999237078" lon="25.42164981880603">
        <ele>2219</ele>
      </trkpt>
      <trkpt lat="45.43245088689682" lon="25.42109860766737">
        <ele>2227</ele>
      </trkpt>
      <trkpt lat="45.43223917604426" lon="25.42081346557315">
        <ele>2229</ele>
      </trkpt>
      <trkpt lat="45.43199694831204" lon="25.42055597940111">
        <ele>2226</ele>
      </trkpt>
      <trkpt lat="45.43170989891284" lon="25.42030040053405">
        <ele>2225</ele>
      </trkpt>
      <trkpt lat="45.43152965859242" lon="25.42022983024986">
        <ele>2222</ele>
      </trkpt>
      <trkpt lat="45.43133034522221" lon="25.4202002670227">
        <ele>2217</ele>
      </trkpt>
      <trkpt lat="45.43115105855427" lon="25.42013637230594">
        <ele>2213</ele>
      </trkpt>
      <trkpt lat="45.43098607667367" lon="25.42003814609957">
        <ele>2209</ele>
      </trkpt>
      <trkpt lat="45.43094316231166" lon="25.42000000000001">
        <ele>2207</ele>
      </trkpt>
      <trkpt lat="45.43094316231166" lon="25.42">
        <ele>2207</ele>
      </trkpt>
      <trkpt lat="45.43084970436774" lon="25.41991989319092">
        <ele>2204</ele>
      </trkpt>
      <trkpt lat="45.43072572954416" lon="25.41978161358001">
        <ele>2202</ele>
      </trkpt>
      <trkpt lat="45.4305216479115" lon="25.41946213999618">
        <ele>2196</ele>
      </trkpt>
      <trkpt lat="45.43026034712951" lon="25.41868968148006">
        <ele>2183</ele>
      </trkpt>
      <trkpt lat="45.42987983978639" lon="25.4176254053023">
        <ele>2163</ele>
      </trkpt>
      <trkpt lat="45.42978542818997" lon="25.41722963951936">
        <ele>2156</ele>
      </trkpt>
      <trkpt lat="45.42968529467863" lon="25.4168519931337">
        <ele>2150</ele>
      </trkpt>
      <trkpt lat="45.42957085637994" lon="25.41635895479687">
        <ele>2145</ele>
      </trkpt>
      <trkpt lat="45.42948788861339" lon="25.41612530993705">
        <ele>2142</ele>
      </trkpt>
      <trkpt lat="45.42934674804502" lon="25.41582300209803">
        <ele>2139</ele>
      </trkpt>
      <trkpt lat="45.42923421705132" lon="25.41556360862101">
        <ele>2137</ele>
      </trkpt>
      <trkpt lat="45.42904825481595" lon="25.41507724585161">
        <ele>2134</ele>
      </trkpt>
      <trkpt lat="45.42892714094985" lon="25.41483311081442">
        <ele>2134</ele>
      </trkpt>
      <trkpt lat="45.42878027846653" lon="25.41458325386229">
        <ele>2134</ele>
      </trkpt>
      <trkpt lat="45.42837974442114" lon="25.41397959183673">
        <ele>2139</ele>
      </trkpt>
      <trkpt lat="45.42814705321381" lon="25.41352660690444">
        <ele>2144</ele>
      </trkpt>
      <trkpt lat="45.42806217814229" lon="25.41348083158497">
        <ele>2144</ele>
      </trkpt>
      <trkpt lat="45.42779038718292" lon="25.41347892427999">
        <ele>2142</ele>
      </trkpt>
      <trkpt lat="45.42771028037384" lon="25.41343982452794">
        <ele>2142</ele>
      </trkpt>
      <trkpt lat="45.4274003433149" lon="25.41300019073049">
        <ele>2148</ele>
      </trkpt>
      <trkpt lat="45.4272878123212" lon="25.41292008392142">
        <ele>2150</ele>
      </trkpt>
      <trkpt lat="45.42656780469198" lon="25.41271218767881">
        <ele>2155</ele>
      </trkpt>
      <trkpt lat="45.42646290291818" lon="25.41265687583444">
        <ele>2156</ele>
      </trkpt>
      <trkpt lat="45.42604806408546" lon="25.41229639519359">
        <ele>2156</ele>
      </trkpt>
      <trkpt lat="45.42598226206371" lon="25.41222105664696">
        <ele>2156</ele>
      </trkpt>
      <trkpt lat="45.42591741369446" lon="25.41208373068853">
        <ele>2156</ele>
      </trkpt>
      <trkpt lat="45.42584970436774" lon="25.41200743848941">
        <ele>2156</ele>
      </trkpt>
      <trkpt lat="45.42541483883274" lon="25.41166412359336">
        <ele>2156</ele>
      </trkpt>
      <trkpt lat="45.42524032042724" lon="25.41149246614533">
        <ele>2158</ele>
      </trkpt>
      <trkpt lat="45.42512397482358" lon="25.41131031851993">
        <ele>2161</ele>
      </trkpt>
      <trkpt lat="45.4250352851421" lon="25.41124833110814">
        <ele>2162</ele>
      </trkpt>
      <trkpt lat="45.42419988556171" lon="25.41104997139042">
        <ele>2161</ele>
      </trkpt>
      <trkpt lat="45.42408067900058" lon="25.4109908449361">
        <ele>2161</ele>
      </trkpt>
      <trkpt lat="45.42362006484838" lon="25.41071047110433">
        <ele>2157</ele>
      </trkpt>
      <trkpt lat="45.42338355903109" lon="25.41052355521647">
        <ele>2153</ele>
      </trkpt>
      <trkpt lat="45.42279610909785" lon="25.41028323478924">
        <ele>2147</ele>
      </trkpt>
      <trkpt lat="45.4223221438108" lon="25.41000572191493">
        <ele>2149</ele>
      </trkpt>
      <trkpt lat="45.42181384703414" lon="25.40979401106237">
        <ele>2153</ele>
      </trkpt>
      <trkpt lat="45.42181384703414" lon="25.40979401106237">
        <ele>2153</ele>
      </trkpt>
      <trkpt lat="45.42155159259966" lon="25.40984741560175">
        <ele>2157</ele>
      </trkpt>
      <trkpt lat="45.42141712759871" lon="25.40988746900629">
        <ele>2158</ele>
      </trkpt>
      <trkpt lat="45.42118062178143" lon="25.41000095365249">
        <ele>2161</ele>
      </trkpt>
      <trkpt lat="45.42093457943926" lon="25.41018691588785">
        <ele>2162</ele>
      </trkpt>
      <trkpt lat="45.42056360862102" lon="25.41062464238031">
        <ele>2161</ele>
      </trkpt>
      <trkpt lat="45.42003242418463" lon="25.41159450696166">
        <ele>2160</ele>
      </trkpt>
      <trkpt lat="45.42000000000001" lon="25.41162883845126">
        <ele>2160</ele>
      </trkpt>
      <trkpt lat="45.41999999999999" lon="25.41162883845126">
        <ele>2160</ele>
      </trkpt>
      <trkpt lat="45.41988556170131" lon="25.41174899866488">
        <ele>2158</ele>
      </trkpt>
      <trkpt lat="45.4197034140759" lon="25.41183864199885">
        <ele>2154</ele>
      </trkpt>
      <trkpt lat="45.4195384321953" lon="25.41203127980164">
        <ele>2150</ele>
      </trkpt>
      <trkpt lat="45.41930955559793" lon="25.41236982643524">
        <ele>2144</ele>
      </trkpt>
      <trkpt lat="45.41930955559793" lon="25.41236982643524">
        <ele>2144</ele>
      </trkpt>
      <trkpt lat="45.41908735456799" lon="25.41287907686439">
        <ele>2140</ele>
      </trkpt>
      <trkpt lat="45.41889376311272" lon="25.41352279229448">
        <ele>2134</ele>
      </trkpt>
      <trkpt lat="45.41874117871447" lon="25.41425901201602">
        <ele>2127</ele>
      </trkpt>
      <trkpt lat="45.41870780087736" lon="25.41451935914552">
        <ele>2125</ele>
      </trkpt>
      <trkpt lat="45.4187564371543" lon="25.41477684531756">
        <ele>2124</ele>
      </trkpt>
      <trkpt lat="45.41875071523936" lon="25.41494087354568">
        <ele>2124</ele>
      </trkpt>
      <trkpt lat="45.41880507343124" lon="25.41527465191684">
        <ele>2121</ele>
      </trkpt>
      <trkpt lat="45.41884512683578" lon="25.41570093457944">
        <ele>2116</ele>
      </trkpt>
      <trkpt lat="45.418868968148" lon="25.41616536334159">
        <ele>2111</ele>
      </trkpt>
      <trkpt lat="45.41901678428381" lon="25.41642380316612">
        <ele>2106</ele>
      </trkpt>
      <trkpt lat="45.41905493038337" lon="25.41672706465764">
        <ele>2101</ele>
      </trkpt>
      <trkpt lat="45.41901392332634" lon="25.41692447072286">
        <ele>2098</ele>
      </trkpt>
      <trkpt lat="45.41916746137707" lon="25.41832824718672">
        <ele>2068</ele>
      </trkpt>
      <trkpt lat="45.41934007247759" lon="25.41918844173183">
        <ele>2058</ele>
      </trkpt>
      <trkpt lat="45.4193381651726" lon="25.41980068662979">
        <ele>2049</ele>
      </trkpt>
      <trkpt lat="45.41928857524318" lon="25.42">
        <ele>2046</ele>
      </trkpt>
      <trkpt lat="45.41928857524318" lon="25.42000000000001">
        <ele>2046</ele>
      </trkpt>
      <trkpt lat="45.41925996566851" lon="25.4201134846462">
        <ele>2046</ele>
      </trkpt>
      <trkpt lat="45.41941827198168" lon="25.42051783330155">
        <ele>2041</ele>
      </trkpt>
      <trkpt lat="45.41958039290482" lon="25.42096891092886">
        <ele>2036</ele>
      </trkpt>
      <trkpt lat="45.41969292389853" lon="25.42161453366394">
        <ele>2032</ele>
      </trkpt>
      <trkpt lat="45.41971676521075" lon="25.42191302689301">
        <ele>2029</ele>
      </trkpt>
      <trkpt lat="45.41969197024604" lon="25.42260728590502">
        <ele>2024</ele>
      </trkpt>
      <trkpt lat="45.41957657829487" lon="25.42301163456037">
        <ele>2026</ele>
      </trkpt>
      <trkpt lat="45.41941445737173" lon="25.42346557314515">
        <ele>2025</ele>
      </trkpt>
      <trkpt lat="45.41926282662597" lon="25.42447644478353">
        <ele>2009</ele>
      </trkpt>
      <trkpt lat="45.41910642761777" lon="25.42510585542629">
        <ele>2001</ele>
      </trkpt>
      <trkpt lat="45.4190253671562" lon="25.42525557886707">
        <ele>2002</ele>
      </trkpt>
      <trkpt lat="45.41860385275605" lon="25.42571619301927">
        <ele>2004</ele>
      </trkpt>
      <trkpt lat="45.41852183864199" lon="25.42605569330536">
        <ele>1997</ele>
      </trkpt>
      <trkpt lat="45.41841789052069" lon="25.42622544344841">
        <ele>1992</ele>
      </trkpt>
      <trkpt lat="45.41827007438489" lon="25.426435246996">
        <ele>1988</ele>
      </trkpt>
      <trkpt lat="45.4176778561892" lon="25.42751192065612">
        <ele>1975</ele>
      </trkpt>
      <trkpt lat="45.4174518405493" lon="25.42786667938204">
        <ele>1971</ele>
      </trkpt>
      <trkpt lat="45.41724203700171" lon="25.42825386229259">
        <ele>1966</ele>
      </trkpt>
      <trkpt lat="45.41712283044058" lon="25.42845031470533">
        <ele>1965</ele>
      </trkpt>
      <trkpt lat="45.41701792866679" lon="25.4285742895289">
        <ele>1964</ele>
      </trkpt>
      <trkpt lat="45.41670608430287" lon="25.42884512683579">
        <ele>1957</ele>
      </trkpt>
      <trkpt lat="45.41647243944306" lon="25.42932672134275">
        <ele>1952</ele>
      </trkpt>
      <trkpt lat="45.41616727064658" lon="25.42963856570666">
        <ele>1954</ele>
      </trkpt>
      <trkpt lat="45.41592218195689" lon="25.42979305740988">
        <ele>1951</ele>
      </trkpt>
      <trkpt lat="45.41562082777035" lon="25.4299227541484">
        <ele>1946</ele>
      </trkpt>
      <trkpt lat="45.41527846652679" lon="25.42990844936106">
        <ele>1942</ele>
      </trkpt>
      <trkpt lat="45.4150524508869" lon="25.43006008010682">
        <ele>1938</ele>
      </trkpt>
      <trkpt lat="45.41473488460804" lon="25.43014781613581">
        <ele>1932</ele>
      </trkpt>
      <trkpt lat="45.41444688155636" lon="25.43017261110052">
        <ele>1925</ele>
      </trkpt>
      <trkpt lat="45.41422944878886" lon="25.43016784283808">
        <ele>1920</ele>
      </trkpt>
      <trkpt lat="45.41399389662406" lon="25.43013541865345">
        <ele>1911</ele>
      </trkpt>
      <trkpt lat="45.41385466336067" lon="25.4301049017738">
        <ele>1905</ele>
      </trkpt>
      <trkpt lat="45.41378409307648" lon="25.42998855617014">
        <ele>1903</ele>
      </trkpt>
      <trkpt lat="45.4136086210185" lon="25.42997329773031">
        <ele>1897</ele>
      </trkpt>
      <trkpt lat="45.41331012778943" lon="25.42991607858097">
        <ele>1889</ele>
      </trkpt>
      <trkpt lat="45.41288384512684" lon="25.42990368109862">
        <ele>1883</ele>
      </trkpt>
      <trkpt lat="45.41284188441732" lon="25.4299218004959">
        <ele>1881</ele>
      </trkpt>
      <trkpt lat="45.41275033377837" lon="25.4299828342552">
        <ele>1877</ele>
      </trkpt>
      <trkpt lat="45.41263017356475" lon="25.43005054358192">
        <ele>1872</ele>
      </trkpt>
      <trkpt lat="45.41255197406065" lon="25.43008678237651">
        <ele>1868</ele>
      </trkpt>
      <trkpt lat="45.41242132366965" lon="25.43008678237651">
        <ele>1869</ele>
      </trkpt>
      <trkpt lat="45.4121562082777" lon="25.43030040053405">
        <ele>1862</ele>
      </trkpt>
      <trkpt lat="45.41204939919893" lon="25.43032901010872">
        <ele>1862</ele>
      </trkpt>
      <trkpt lat="45.4119912263971" lon="25.43043105092505">
        <ele>1857</ele>
      </trkpt>
      <trkpt lat="45.41197978256723" lon="25.43055216479116">
        <ele>1850</ele>
      </trkpt>
      <trkpt lat="45.41195784855998" lon="25.43067995422469">
        <ele>1844</ele>
      </trkpt>
      <trkpt lat="45.41191111958802" lon="25.43071619301927">
        <ele>1842</ele>
      </trkpt>
      <trkpt lat="45.41182529086401" lon="25.43073908067901">
        <ele>1841</ele>
      </trkpt>
      <trkpt lat="45.41178809841693" lon="25.43067137135229">
        <ele>1846</ele>
      </trkpt>
      <trkpt lat="45.41175376692733" lon="25.4306618348274">
        <ele>1846</ele>
      </trkpt>
      <trkpt lat="45.4117127598703" lon="25.43070570284189">
        <ele>1844</ele>
      </trkpt>
      <trkpt lat="45.4117041769979" lon="25.43080583635324">
        <ele>1838</ele>
      </trkpt>
      <trkpt lat="45.41162407018882" lon="25.43083349227542">
        <ele>1838</ele>
      </trkpt>
      <trkpt lat="45.41123593362578" lon="25.43101277894336">
        <ele>1836</ele>
      </trkpt>
      <trkpt lat="45.41103948121305" lon="25.43107953461759">
        <ele>1836</ele>
      </trkpt>
      <trkpt lat="45.41097081823384" lon="25.43112912454702">
        <ele>1835</ele>
      </trkpt>
      <trkpt lat="45.41084493610528" lon="25.43134083539959">
        <ele>1827</ele>
      </trkpt>
      <trkpt lat="45.41090501621209" lon="25.43135800114439">
        <ele>1825</ele>
      </trkpt>
      <trkpt lat="45.41088975777227" lon="25.43143715430098">
        <ele>1821</ele>
      </trkpt>
      <trkpt lat="45.41079534617585" lon="25.43155349990464">
        <ele>1817</ele>
      </trkpt>
      <trkpt lat="45.41063799351516" lon="25.43178046919703">
        <ele>1811</ele>
      </trkpt>
      <trkpt lat="45.4103385466336" lon="25.43229830249858">
        <ele>1798</ele>
      </trkpt>
      <trkpt lat="45.41021552546252" lon="25.43270169750144">
        <ele>1785</ele>
      </trkpt>
      <trkpt lat="45.41020503528514" lon="25.4328352088499">
        <ele>1781</ele>
      </trkpt>
      <trkpt lat="45.41001525843982" lon="25.4329219912264">
        <ele>1781</ele>
      </trkpt>
      <trkpt lat="45.40991798588594" lon="25.43307552927714">
        <ele>1778</ele>
      </trkpt>
      <trkpt lat="45.40992275414838" lon="25.43326530612245">
        <ele>1770</ele>
      </trkpt>
      <trkpt lat="45.40990463475109" lon="25.43335304215145">
        <ele>1768</ele>
      </trkpt>
      <trkpt lat="45.40965477779897" lon="25.43378123211902">
        <ele>1765</ele>
      </trkpt>
      <trkpt lat="45.40937535761968" lon="25.43433530421515">
        <ele>1757</ele>
      </trkpt>
      <trkpt lat="45.40897100896433" lon="25.43506580202175">
        <ele>1744</ele>
      </trkpt>
      <trkpt lat="45.40860099179859" lon="25.43577627312608">
        <ele>1732</ele>
      </trkpt>
      <trkpt lat="45.40850276559222" lon="25.4359917985886">
        <ele>1730</ele>
      </trkpt>
      <trkpt lat="45.40843600991798" lon="25.43620732405112">
        <ele>1729</ele>
      </trkpt>
      <trkpt lat="45.40839404920847" lon="25.43662883845127">
        <ele>1726</ele>
      </trkpt>
      <trkpt lat="45.40825767690254" lon="25.43683196643144">
        <ele>1725</ele>
      </trkpt>
      <trkpt lat="45.40812798016402" lon="25.43700553118444">
        <ele>1724</ele>
      </trkpt>
      <trkpt lat="45.40792580583635" lon="25.43733740225063">
        <ele>1721</ele>
      </trkpt>
      <trkpt lat="45.40775987030326" lon="25.43757676902537">
        <ele>1719</ele>
      </trkpt>
      <trkpt lat="45.40732405111577" lon="25.43848559984742">
        <ele>1722</ele>
      </trkpt>
      <trkpt lat="45.40734407781804" lon="25.43884989509823">
        <ele>1724</ele>
      </trkpt>
      <trkpt lat="45.4072258249094" lon="25.43933435056266">
        <ele>1725</ele>
      </trkpt>
      <trkpt lat="45.40712855235552" lon="25.4396614533664">
        <ele>1724</ele>
      </trkpt>
      <trkpt lat="45.4070780087736" lon="25.44000000000001">
        <ele>1724</ele>
      </trkpt>
      <trkpt lat="45.4070780087736" lon="25.44000000000002">
        <ele>1724</ele>
      </trkpt>
      <trkpt lat="45.40704463093648" lon="25.44022124737747">
        <ele>1724</ele>
      </trkpt>
      <trkpt lat="45.40711424756818" lon="25.44066755674234">
        <ele>1726</ele>
      </trkpt>
      <trkpt lat="45.40732500476826" lon="25.44176044249477">
        <ele>1722</ele>
      </trkpt>
      <trkpt lat="45.40732500476826" lon="25.44176044249477">
        <ele>1722</ele>
      </trkpt>
      <trkpt lat="45.40729734884608" lon="25.44184245660883">
        <ele>1723</ele>
      </trkpt>
      <trkpt lat="45.4073040244135" lon="25.44194545107764">
        <ele>1723</ele>
      </trkpt>
      <trkpt lat="45.4073564753004" lon="25.44206561129126">
        <ele>1723</ele>
      </trkpt>
      <trkpt lat="45.40742037001716" lon="25.44216288384514">
        <ele>1723</ele>
      </trkpt>
      <trkpt lat="45.40746523219121" lon="25.44223118148324">
        <ele>1722</ele>
      </trkpt>
      <trkpt lat="45.40746523217484" lon="25.44223118145879">
        <ele>1722</ele>
      </trkpt>
      <trkpt lat="45.40736696547778" lon="25.44229448788863">
        <ele>1723</ele>
      </trkpt>
      <trkpt lat="45.40736696547778" lon="25.44229448788863">
        <ele>1723</ele>
      </trkpt>
      <trkpt lat="45.40735742895288" lon="25.44240606522985">
        <ele>1723</ele>
      </trkpt>
      <trkpt lat="45.40735742895288" lon="25.44240606522985">
        <ele>1723</ele>
      </trkpt>
      <trkpt lat="45.40735075338547" lon="25.44248521838644">
        <ele>1723</ele>
      </trkpt>
      <trkpt lat="45.40735075338547" lon="25.44248521838644">
        <ele>1723</ele>
      </trkpt>
      <trkpt lat="45.40712664505054" lon="25.44257867633036">
        <ele>1725</ele>
      </trkpt>
      <trkpt lat="45.40691684150296" lon="25.44260823955752">
        <ele>1727</ele>
      </trkpt>
      <trkpt lat="45.40677951554454" lon="25.44261300781997">
        <ele>1728</ele>
      </trkpt>
      <trkpt lat="45.40671180621781" lon="25.44263112721726">
        <ele>1728</ele>
      </trkpt>
      <trkpt lat="45.40665649437344" lon="25.44266927331682">
        <ele>1729</ele>
      </trkpt>
      <trkpt lat="45.40653824146481" lon="25.44280850658022">
        <ele>1730</ele>
      </trkpt>
      <trkpt lat="45.40645813465573" lon="25.4428619111196">
        <ele>1731</ele>
      </trkpt>
      <trkpt lat="45.40617299256151" lon="25.44296967385086">
        <ele>1732</ele>
      </trkpt>
      <trkpt lat="45.4059908449361" lon="25.44300305168798">
        <ele>1733</ele>
      </trkpt>
      <trkpt lat="45.40537287812321" lon="25.44305836353234">
        <ele>1728</ele>
      </trkpt>
      <trkpt lat="45.40523364485981" lon="25.44305550257488">
        <ele>1726</ele>
      </trkpt>
      <trkpt lat="45.40508773602899" lon="25.44302975395767">
        <ele>1724</ele>
      </trkpt>
      <trkpt lat="45.40497806599275" lon="25.44296013732598">
        <ele>1722</ele>
      </trkpt>
      <trkpt lat="45.40458325386229" lon="25.44262921991228">
        <ele>1715</ele>
      </trkpt>
      <trkpt lat="45.40438489414457" lon="25.44243276749954">
        <ele>1711</ele>
      </trkpt>
      <trkpt lat="45.40422944878886" lon="25.44226015639903">
        <ele>1709</ele>
      </trkpt>
      <trkpt lat="45.40415315658974" lon="25.44219626168226">
        <ele>1707</ele>
      </trkpt>
      <trkpt lat="45.40415315658974" lon="25.44219626168226">
        <ele>1707</ele>
      </trkpt>
      <trkpt lat="45.40409307648292" lon="25.4421838641999">
        <ele>1707</ele>
      </trkpt>
      <trkpt lat="45.40401773793629" lon="25.44220770551213">
        <ele>1706</ele>
      </trkpt>
      <trkpt lat="45.40401773793629" lon="25.44220770551213">
        <ele>1706</ele>
      </trkpt>
      <trkpt lat="45.40392809460232" lon="25.44214190349038">
        <ele>1705</ele>
      </trkpt>
      <trkpt lat="45.40383845126836" lon="25.44207705512113">
        <ele>1704</ele>
      </trkpt>
      <trkpt lat="45.40358191874881" lon="25.44198836543965">
        <ele>1702</ele>
      </trkpt>
      <trkpt lat="45.40261205416746" lon="25.44207705512113">
        <ele>1690</ele>
      </trkpt>
      <trkpt lat="45.40250524508868" lon="25.44213045966052">
        <ele>1688</ele>
      </trkpt>
      <trkpt lat="45.40239843600992" lon="25.44218481785239">
        <ele>1686</ele>
      </trkpt>
      <trkpt lat="45.40230688537097" lon="25.44216097654017">
        <ele>1685</ele>
      </trkpt>
      <trkpt lat="45.401913026893" lon="25.44179668128935">
        <ele>1682</ele>
      </trkpt>
      <trkpt lat="45.40188632462331" lon="25.44171752813277">
        <ele>1683</ele>
      </trkpt>
      <trkpt lat="45.4018605760061" lon="25.44163837497618">
        <ele>1683</ele>
      </trkpt>
      <trkpt lat="45.40180621781423" lon="25.44157066564945">
        <ele>1683</ele>
      </trkpt>
      <trkpt lat="45.40175281327484" lon="25.44150295632273">
        <ele>1684</ele>
      </trkpt>
      <trkpt lat="45.40165077245851" lon="25.44147434674806">
        <ele>1683</ele>
      </trkpt>
      <trkpt lat="45.40156589738699" lon="25.44149818806029">
        <ele>1682</ele>
      </trkpt>
      <trkpt lat="45.40149723440778" lon="25.44147911501051">
        <ele>1682</ele>
      </trkpt>
      <trkpt lat="45.40144764447835" lon="25.44152107572003">
        <ele>1681</ele>
      </trkpt>
      <trkpt lat="45.40145432004577" lon="25.44160118252911">
        <ele>1680</ele>
      </trkpt>
      <trkpt lat="45.40142475681861" lon="25.44168987221058">
        <ele>1678</ele>
      </trkpt>
      <trkpt lat="45.401347510967" lon="25.44177379362962">
        <ele>1676</ele>
      </trkpt>
      <trkpt lat="45.40127026511539" lon="25.44185771504865">
        <ele>1674</ele>
      </trkpt>
      <trkpt lat="45.40123784093076" lon="25.44193019263782">
        <ele>1672</ele>
      </trkpt>
      <trkpt lat="45.40120541674614" lon="25.44200267022699">
        <ele>1670</ele>
      </trkpt>
      <trkpt lat="45.40002765592218" lon="25.44197882891476">
        <ele>1642</ele>
      </trkpt>
      <trkpt lat="45.4" lon="25.44199027274463">
        <ele>1641</ele>
      </trkpt>
      <trkpt lat="45.40000000000001" lon="25.44199027274463">
        <ele>1641</ele>
      </trkpt>
      <trkpt lat="45.39948979591838" lon="25.44219435437728">
        <ele>1625</ele>
      </trkpt>
      <trkpt lat="45.39919511729927" lon="25.44208659164602">
        <ele>1617</ele>
      </trkpt>
      <trkpt lat="45.39889948502767" lon="25.44209135990847">
        <ele>1614</ele>
      </trkpt>
      <trkpt lat="45.39881174899868" lon="25.44201220675188">
        <ele>1613</ele>
      </trkpt>
      <trkpt lat="45.39869635704751" lon="25.44200267022699">
        <ele>1612</ele>
      </trkpt>
      <trkpt lat="45.39849990463477" lon="25.44202078962428">
        <ele>1610</ele>
      </trkpt>
      <trkpt lat="45.39823765020028" lon="25.44188060270839">
        <ele>1608</ele>
      </trkpt>
      <trkpt lat="45.39809650963191" lon="25.44196547777991">
        <ele>1607</ele>
      </trkpt>
      <trkpt lat="45.39790291817663" lon="25.44203986267406">
        <ele>1607</ele>
      </trkpt>
      <trkpt lat="45.3976797634942" lon="25.44219435437728">
        <ele>1606</ele>
      </trkpt>
      <trkpt lat="45.39740405740123" lon="25.44240585494175">
        <ele>1605</ele>
      </trkpt>
      <trkpt lat="45.39740405739636" lon="25.4424058549305">
        <ele>1605</ele>
      </trkpt>
      <trkpt lat="45.39730116345605" lon="25.44216955941257">
        <ele>1603</ele>
      </trkpt>
      <trkpt lat="45.39730116345605" lon="25.44216955941257">
        <ele>1603</ele>
      </trkpt>
      <trkpt lat="45.39727636849133" lon="25.44210661834829">
        <ele>1603</ele>
      </trkpt>
      <trkpt lat="45.39725157352662" lon="25.44204367728402">
        <ele>1602</ele>
      </trkpt>
      <trkpt lat="45.39719626168226" lon="25.44193591455275">
        <ele>1601</ele>
      </trkpt>
      <trkpt lat="45.39715716193021" lon="25.44188441731835">
        <ele>1600</ele>
      </trkpt>
      <trkpt lat="45.39712378409309" lon="25.44186152965861">
        <ele>1600</ele>
      </trkpt>
      <trkpt lat="45.39707800877362" lon="25.44184817852376">
        <ele>1599</ele>
      </trkpt>
      <trkpt lat="45.39703223345414" lon="25.44186343696359">
        <ele>1599</ele>
      </trkpt>
      <trkpt lat="45.39695594125502" lon="25.44194545107764">
        <ele>1598</ele>
      </trkpt>
      <trkpt lat="45.39690730497808" lon="25.44201411405685">
        <ele>1598</ele>
      </trkpt>
      <trkpt lat="45.39685485409118" lon="25.4421056646958">
        <ele>1598</ele>
      </trkpt>
      <trkpt lat="45.39680240320429" lon="25.44219816898724">
        <ele>1598</ele>
      </trkpt>
      <trkpt lat="45.39675376692735" lon="25.44226778561894">
        <ele>1599</ele>
      </trkpt>
      <trkpt lat="45.39670608430289" lon="25.44233835590313">
        <ele>1599</ele>
      </trkpt>
      <trkpt lat="45.39664028228115" lon="25.44241178714478">
        <ele>1599</ele>
      </trkpt>
      <trkpt lat="45.39654491703225" lon="25.44248903299639">
        <ele>1598</ele>
      </trkpt>
      <trkpt lat="45.39647243944308" lon="25.44253004005342">
        <ele>1598</ele>
      </trkpt>
      <trkpt lat="45.39639996185392" lon="25.44257104711045">
        <ele>1597</ele>
      </trkpt>
      <trkpt lat="45.39629315277514" lon="25.44262254434486">
        <ele>1596</ele>
      </trkpt>
      <trkpt lat="45.39618729734886" lon="25.44267404157927">
        <ele>1595</ele>
      </trkpt>
      <trkpt lat="45.39611863436965" lon="25.44269406828154">
        <ele>1594</ele>
      </trkpt>
      <trkpt lat="45.39605283234791" lon="25.44270455845891">
        <ele>1594</ele>
      </trkpt>
      <trkpt lat="45.39575624642382" lon="25.44266545870686">
        <ele>1590</ele>
      </trkpt>
      <trkpt lat="45.3957057028419" lon="25.44264924661455">
        <ele>1589</ele>
      </trkpt>
      <trkpt lat="45.3957057028419" lon="25.44264924661455">
        <ele>1589</ele>
      </trkpt>
      <trkpt lat="45.39543295823004" lon="25.44265306122451">
        <ele>1586</ele>
      </trkpt>
      <trkpt lat="45.39514114056839" lon="25.44264352469962">
        <ele>1582</ele>
      </trkpt>
      <trkpt lat="45.3949322906733" lon="25.44262349799735">
        <ele>1580</ele>
      </trkpt>
      <trkpt lat="45.39480259393478" lon="25.44262826625979">
        <ele>1580</ele>
      </trkpt>
      <trkpt lat="45.39466717528134" lon="25.44267404157927">
        <ele>1580</ele>
      </trkpt>
      <trkpt lat="45.394609956132" lon="25.44266355140189">
        <ele>1580</ele>
      </trkpt>
      <trkpt lat="45.394609956132" lon="25.44266355140189">
        <ele>1580</ele>
      </trkpt>
      <trkpt lat="45.39455082967768" lon="25.44267594888424">
        <ele>1580</ele>
      </trkpt>
      <trkpt lat="45.394479305741" lon="25.44266355140189">
        <ele>1580</ele>
      </trkpt>
      <trkpt lat="45.39441541102424" lon="25.44263398817473">
        <ele>1579</ele>
      </trkpt>
      <trkpt lat="45.39435437726494" lon="25.44258153728783">
        <ele>1578</ele>
      </trkpt>
      <trkpt lat="45.39429906542058" lon="25.44249094030137">
        <ele>1576</ele>
      </trkpt>
      <trkpt lat="45.39427140949839" lon="25.4424270455846">
        <ele>1576</ele>
      </trkpt>
      <trkpt lat="45.3942447072287" lon="25.44236410452033">
        <ele>1575</ele>
      </trkpt>
      <trkpt lat="45.39408067900059" lon="25.44176521075722">
        <ele>1573</ele>
      </trkpt>
      <trkpt lat="45.39408067900059" lon="25.44176521075722">
        <ele>1573</ele>
      </trkpt>
      <trkpt lat="45.394044440206" lon="25.4416622162884">
        <ele>1573</ele>
      </trkpt>
      <trkpt lat="45.394044440206" lon="25.4416622162884">
        <ele>1573</ele>
      </trkpt>
      <trkpt lat="45.39401392332636" lon="25.44157257295443">
        <ele>1574</ele>
      </trkpt>
      <trkpt lat="45.39391760442496" lon="25.44138851802405">
        <ele>1574</ele>
      </trkpt>
      <trkpt lat="45.3937926759489" lon="25.44123116536336">
        <ele>1575</ele>
      </trkpt>
      <trkpt lat="45.39367156208279" lon="25.44111577341219">
        <ele>1576</ele>
      </trkpt>
      <trkpt lat="45.39353900438682" lon="25.44102326912075">
        <ele>1576</ele>
      </trkpt>
      <trkpt lat="45.39341312225827" lon="25.44096986458136">
        <ele>1576</ele>
      </trkpt>
      <trkpt lat="45.39325481594508" lon="25.44093457943927">
        <ele>1576</ele>
      </trkpt>
      <trkpt lat="45.3930793438871" lon="25.4409231356094">
        <ele>1576</ele>
      </trkpt>
      <trkpt lat="45.39238031661264" lon="25.44093457943927">
        <ele>1575</ele>
      </trkpt>
      <trkpt lat="45.39229353423614" lon="25.44092027465193">
        <ele>1575</ele>
      </trkpt>
      <trkpt lat="45.39097654014878" lon="25.44035952698838">
        <ele>1573</ele>
      </trkpt>
      <trkpt lat="45.39037383177572" lon="25.44013541865346">
        <ele>1568</ele>
      </trkpt>
      <trkpt lat="45.39021361815756" lon="25.44003814609958">
        <ele>1566</ele>
      </trkpt>
      <trkpt lat="45.39016784283808" lon="25.44000000000002">
        <ele>1565</ele>
      </trkpt>
      <trkpt lat="45.39016784283808" lon="25.44000000000001">
        <ele>1565</ele>
      </trkpt>
      <trkpt lat="45.39010204081634" lon="25.43994564180813">
        <ele>1564</ele>
      </trkpt>
      <trkpt lat="45.3900362387946" lon="25.43989128361626">
        <ele>1563</ele>
      </trkpt>
      <trkpt lat="45.38994754911312" lon="25.43980164028229">
        <ele>1561</ele>
      </trkpt>
      <trkpt lat="45.38985885943164" lon="25.43971199694832">
        <ele>1561</ele>
      </trkpt>
      <trkpt lat="45.38976349418274" lon="25.43959088308221">
        <ele>1560</ele>
      </trkpt>
      <trkpt lat="45.38972153347321" lon="25.43950982262064">
        <ele>1559</ele>
      </trkpt>
      <trkpt lat="45.38968052641619" lon="25.43942971581156">
        <ele>1558</ele>
      </trkpt>
      <trkpt lat="45.38954320045777" lon="25.4391140568377">
        <ele>1554</ele>
      </trkpt>
      <trkpt lat="45.38948216669847" lon="25.43903585733359">
        <ele>1554</ele>
      </trkpt>
      <trkpt lat="45.38942971581157" lon="25.4390091550639">
        <ele>1554</ele>
      </trkpt>
      <trkpt lat="45.38933339691018" lon="25.43899580392905">
        <ele>1554</ele>
      </trkpt>
      <trkpt lat="45.38902345985124" lon="25.43897291626932">
        <ele>1553</ele>
      </trkpt>
      <trkpt lat="45.38890234598514" lon="25.4390005721915">
        <ele>1551</ele>
      </trkpt>
      <trkpt lat="45.38817757009348" lon="25.43929048254817">
        <ele>1548</ele>
      </trkpt>
      <trkpt lat="45.3880974632844" lon="25.43931050925044">
        <ele>1548</ele>
      </trkpt>
      <trkpt lat="45.38801735647532" lon="25.43933053595271">
        <ele>1548</ele>
      </trkpt>
      <trkpt lat="45.38794678619113" lon="25.43933721152013">
        <ele>1548</ele>
      </trkpt>
      <trkpt lat="45.38787716955942" lon="25.43934388708755">
        <ele>1547</ele>
      </trkpt>
      <trkpt lat="45.38777417509061" lon="25.43933625786764">
        <ele>1547</ele>
      </trkpt>
      <trkpt lat="45.38770074384895" lon="25.43931146290292">
        <ele>1546</ele>
      </trkpt>
      <trkpt lat="45.38762349799735" lon="25.43926091932101">
        <ele>1546</ele>
      </trkpt>
      <trkpt lat="45.38730593171849" lon="25.43896337974443">
        <ele>1545</ele>
      </trkpt>
      <trkpt lat="45.38720389090217" lon="25.43887945832539">
        <ele>1546</ele>
      </trkpt>
      <trkpt lat="45.38710185008584" lon="25.43879649055885">
        <ele>1546</ele>
      </trkpt>
      <trkpt lat="45.3870188823193" lon="25.43874403967195">
        <ele>1546</ele>
      </trkpt>
      <trkpt lat="45.38693591455275" lon="25.43869254243754">
        <ele>1546</ele>
      </trkpt>
      <trkpt lat="45.38685676139616" lon="25.43866297921038">
        <ele>1546</ele>
      </trkpt>
      <trkpt lat="45.38632366965479" lon="25.43856666030899">
        <ele>1540</ele>
      </trkpt>
      <trkpt lat="45.38623879458327" lon="25.43856093839405">
        <ele>1539</ele>
      </trkpt>
      <trkpt lat="45.38615391951174" lon="25.43855617013161">
        <ele>1538</ele>
      </trkpt>
      <trkpt lat="45.38607476635516" lon="25.43856284569904">
        <ele>1536</ele>
      </trkpt>
      <trkpt lat="45.38599561319857" lon="25.43856952126646">
        <ele>1535</ele>
      </trkpt>
      <trkpt lat="45.38573240511159" lon="25.43863246233073">
        <ele>1532</ele>
      </trkpt>
      <trkpt lat="45.38563417890522" lon="25.43863246233073">
        <ele>1531</ele>
      </trkpt>
      <trkpt lat="45.38555311844365" lon="25.43860576006104">
        <ele>1529</ele>
      </trkpt>
      <trkpt lat="45.38549494564182" lon="25.43855235552165">
        <ele>1529</ele>
      </trkpt>
      <trkpt lat="45.38529372496664" lon="25.43829773030708">
        <ele>1526</ele>
      </trkpt>
      <trkpt lat="45.38524508868969" lon="25.4382529086401">
        <ele>1525</ele>
      </trkpt>
      <trkpt lat="45.38519835971773" lon="25.43822239176045">
        <ele>1525</ele>
      </trkpt>
      <trkpt lat="45.38514209422088" lon="25.43820331871067">
        <ele>1524</ele>
      </trkpt>
      <trkpt lat="45.38505531184438" lon="25.43819950410071">
        <ele>1524</ele>
      </trkpt>
      <trkpt lat="45.38496025198589" lon="25.43821701512728">
        <ele>1523</ele>
      </trkpt>
      <trkpt lat="45.38496025208138" lon="25.4382170150909">
        <ele>1523</ele>
      </trkpt>
      <trkpt lat="45.38493229067329" lon="25.43787430860195">
        <ele>1522</ele>
      </trkpt>
      <trkpt lat="45.38492084684343" lon="25.43779515544536">
        <ele>1522</ele>
      </trkpt>
      <trkpt lat="45.38486744230404" lon="25.43765782948694">
        <ele>1521</ele>
      </trkpt>
      <trkpt lat="45.38482548159452" lon="25.4374871256914">
        <ele>1519</ele>
      </trkpt>
      <trkpt lat="45.38482357428954" lon="25.43728209040626">
        <ele>1516</ele>
      </trkpt>
      <trkpt lat="45.38488174709138" lon="25.4371657448026">
        <ele>1515</ele>
      </trkpt>
      <trkpt lat="45.38498092695023" lon="25.43703986267405">
        <ele>1516</ele>
      </trkpt>
      <trkpt lat="45.38495613198552" lon="25.43690825863056">
        <ele>1513</ele>
      </trkpt>
      <trkpt lat="45.38497806599277" lon="25.4367137135228">
        <ele>1510</ele>
      </trkpt>
      <trkpt lat="45.38517642571048" lon="25.43639042532902">
        <ele>1507</ele>
      </trkpt>
      <trkpt lat="45.38521743276751" lon="25.43626740415793">
        <ele>1505</ele>
      </trkpt>
      <trkpt lat="45.3852441350372" lon="25.436131031852">
        <ele>1503</ele>
      </trkpt>
      <trkpt lat="45.38521075720009" lon="25.43598989128362">
        <ele>1501</ele>
      </trkpt>
      <trkpt lat="45.38515689327264" lon="25.4359193109649">
        <ele>1499</ele>
      </trkpt>
      <trkpt lat="45.38515689343824" lon="25.43591931098795">
        <ele>1499</ele>
      </trkpt>
      <trkpt lat="45.38481499141714" lon="25.43587163837498">
        <ele>1495</ele>
      </trkpt>
      <trkpt lat="45.38461186343698" lon="25.43576482929621">
        <ele>1491</ele>
      </trkpt>
      <trkpt lat="45.38427808506582" lon="25.4355311844364">
        <ele>1487</ele>
      </trkpt>
      <trkpt lat="45.38427808506582" lon="25.4355311844364">
        <ele>1487</ele>
      </trkpt>
      <trkpt lat="45.38415601754722" lon="25.43545870684723">
        <ele>1486</ele>
      </trkpt>
      <trkpt lat="45.38415601754722" lon="25.43545870684723">
        <ele>1486</ele>
      </trkpt>
      <trkpt lat="45.38400438680146" lon="25.43541102422278">
        <ele>1486</ele>
      </trkpt>
      <trkpt lat="45.38387564371544" lon="25.43540339500287">
        <ele>1486</ele>
      </trkpt>
      <trkpt lat="45.38354186534428" lon="25.43541293152776">
        <ele>1484</ele>
      </trkpt>
      <trkpt lat="45.38354186534428" lon="25.43541293152776">
        <ele>1484</ele>
      </trkpt>
      <trkpt lat="45.38386038527562" lon="25.43455369063514">
        <ele>1492</ele>
      </trkpt>
      <trkpt lat="45.38410833492277" lon="25.43379362960138">
        <ele>1500</ele>
      </trkpt>
      <trkpt lat="45.38421228304407" lon="25.43361052832348">
        <ele>1502</ele>
      </trkpt>
      <trkpt lat="45.38425233644861" lon="25.43347701697502">
        <ele>1505</ele>
      </trkpt>
      <trkpt lat="45.38425233644861" lon="25.43347701697502">
        <ele>1505</ele>
      </trkpt>
      <trkpt lat="45.38384035857335" lon="25.4322706465764">
        <ele>1526</ele>
      </trkpt>
      <trkpt lat="45.38384035857335" lon="25.4322706465764">
        <ele>1526</ele>
      </trkpt>
      <trkpt lat="45.38362960137327" lon="25.43216860576007">
        <ele>1529</ele>
      </trkpt>
      <trkpt lat="45.38347224871259" lon="25.43211520122068">
        <ele>1529</ele>
      </trkpt>
      <trkpt lat="45.38323765020028" lon="25.43207991607859">
        <ele>1530</ele>
      </trkpt>
      <trkpt lat="45.38261396147245" lon="25.43187392714096">
        <ele>1535</ele>
      </trkpt>
      <trkpt lat="45.38261396147245" lon="25.43187392714096">
        <ele>1535</ele>
      </trkpt>
      <trkpt lat="45.38210471104331" lon="25.43148483692543">
        <ele>1549</ele>
      </trkpt>
      <trkpt lat="45.38166412359337" lon="25.43121590692352">
        <ele>1560</ele>
      </trkpt>
      <trkpt lat="45.38155159259967" lon="25.43115487316422">
        <ele>1560</ele>
      </trkpt>
      <trkpt lat="45.38143906160597" lon="25.43109479305742">
        <ele>1560</ele>
      </trkpt>
      <trkpt lat="45.38135132557697" lon="25.43103185199314">
        <ele>1561</ele>
      </trkpt>
      <trkpt lat="45.38126740415794" lon="25.4309135990845">
        <ele>1563</ele>
      </trkpt>
      <trkpt lat="45.38125500667558" lon="25.43082014114058">
        <ele>1565</ele>
      </trkpt>
      <trkpt lat="45.38124356284571" lon="25.43072763684914">
        <ele>1565</ele>
      </trkpt>
      <trkpt lat="45.38125786763305" lon="25.4306351325577">
        <ele>1566</ele>
      </trkpt>
      <trkpt lat="45.38127217242039" lon="25.43054262826627">
        <ele>1567</ele>
      </trkpt>
      <trkpt lat="45.38152489032998" lon="25.42985123021172">
        <ele>1577</ele>
      </trkpt>
      <trkpt lat="45.38171943543774" lon="25.42900438680146">
        <ele>1578</ele>
      </trkpt>
      <trkpt lat="45.38189109288577" lon="25.42856952126646">
        <ele>1582</ele>
      </trkpt>
      <trkpt lat="45.38198836543965" lon="25.42828342551975">
        <ele>1586</ele>
      </trkpt>
      <trkpt lat="45.38202841884419" lon="25.42801544917033">
        <ele>1589</ele>
      </trkpt>
      <trkpt lat="45.382088498951" lon="25.42775319473585">
        <ele>1593</ele>
      </trkpt>
      <trkpt lat="45.38211996948313" lon="25.42768453175664">
        <ele>1595</ele>
      </trkpt>
      <trkpt lat="45.38215144001527" lon="25.42761682242991">
        <ele>1596</ele>
      </trkpt>
      <trkpt lat="45.38219626168226" lon="25.42758153728782">
        <ele>1598</ele>
      </trkpt>
      <trkpt lat="45.38224012969675" lon="25.42761300781996">
        <ele>1600</ele>
      </trkpt>
      <trkpt lat="45.38225729544155" lon="25.42768548540912">
        <ele>1600</ele>
      </trkpt>
      <trkpt lat="45.38219626168226" lon="25.42814514590884">
        <ele>1595</ele>
      </trkpt>
      <trkpt lat="45.38220198359719" lon="25.42858001144384">
        <ele>1595</ele>
      </trkpt>
      <trkpt lat="45.38221724203702" lon="25.42906065229831">
        <ele>1597</ele>
      </trkpt>
      <trkpt lat="45.3822706465764" lon="25.42931241655542">
        <ele>1599</ele>
      </trkpt>
      <trkpt lat="45.3823488460805" lon="25.42939919893191">
        <ele>1602</ele>
      </trkpt>
      <trkpt lat="45.38245279420181" lon="25.42938680144956">
        <ele>1605</ele>
      </trkpt>
      <trkpt lat="45.38252050352853" lon="25.42929906542057">
        <ele>1608</ele>
      </trkpt>
      <trkpt lat="45.38254815945071" lon="25.42922468052642">
        <ele>1609</ele>
      </trkpt>
      <trkpt lat="45.38255578867062" lon="25.42911977875263">
        <ele>1609</ele>
      </trkpt>
      <trkpt lat="45.38256341789054" lon="25.42901487697884">
        <ele>1609</ele>
      </trkpt>
      <trkpt lat="45.38259584207516" lon="25.42893858477971">
        <ele>1610</ele>
      </trkpt>
      <trkpt lat="45.38262921991228" lon="25.42886324623308">
        <ele>1611</ele>
      </trkpt>
      <trkpt lat="45.38273602899105" lon="25.42892427999238">
        <ele>1614</ele>
      </trkpt>
      <trkpt lat="45.38284379172231" lon="25.42898531375167">
        <ele>1616</ele>
      </trkpt>
      <trkpt lat="45.38284379172231" lon="25.42898531375167">
        <ele>1616</ele>
      </trkpt>
      <trkpt lat="45.38289433530423" lon="25.42885561701317">
        <ele>1618</ele>
      </trkpt>
      <trkpt lat="45.3829925615106" lon="25.42867633034523">
        <ele>1621</ele>
      </trkpt>
      <trkpt lat="45.38311367537671" lon="25.42862387945833">
        <ele>1625</ele>
      </trkpt>
      <trkpt lat="45.38321380888806" lon="25.42841312225826">
        <ele>1630</ele>
      </trkpt>
      <trkpt lat="45.38326625977496" lon="25.42836830059127">
        <ele>1632</ele>
      </trkpt>
      <trkpt lat="45.38345603662027" lon="25.42823860385276">
        <ele>1638</ele>
      </trkpt>
      <trkpt lat="45.38361148197598" lon="25.42819282853329">
        <ele>1642</ele>
      </trkpt>
      <trkpt lat="45.38361148197598" lon="25.42819282853329">
        <ele>1642</ele>
      </trkpt>
      <trkpt lat="45.38369349609004" lon="25.42811081441923">
        <ele>1644</ele>
      </trkpt>
      <trkpt lat="45.38391569711998" lon="25.42784093076484">
        <ele>1652</ele>
      </trkpt>
      <trkpt lat="45.38405874499334" lon="25.42747472820905">
        <ele>1658</ele>
      </trkpt>
      <trkpt lat="45.384783520885" lon="25.42621972153348">
        <ele>1668</ele>
      </trkpt>
      <trkpt lat="45.38516116727066" lon="25.42550638947168">
        <ele>1672</ele>
      </trkpt>
      <trkpt lat="45.38525557886707" lon="25.4254176997902">
        <ele>1675</ele>
      </trkpt>
      <trkpt lat="45.38540434865536" lon="25.42519931337021">
        <ele>1678</ele>
      </trkpt>
      <trkpt lat="45.38557123784094" lon="25.42438203318711">
        <ele>1681</ele>
      </trkpt>
      <trkpt lat="45.38574098798399" lon="25.42384798779326">
        <ele>1685</ele>
      </trkpt>
      <trkpt lat="45.38580392904827" lon="25.42342361243563">
        <ele>1689</ele>
      </trkpt>
      <trkpt lat="45.38592218195691" lon="25.42303261491513">
        <ele>1694</ele>
      </trkpt>
      <trkpt lat="45.38595079153158" lon="25.42285523555217">
        <ele>1695</ele>
      </trkpt>
      <trkpt lat="45.3859670036239" lon="25.42246519168416">
        <ele>1698</ele>
      </trkpt>
      <trkpt lat="45.38605855426284" lon="25.42225443448408">
        <ele>1702</ele>
      </trkpt>
      <trkpt lat="45.38610146862485" lon="25.42185676139615">
        <ele>1706</ele>
      </trkpt>
      <trkpt lat="45.38617203890904" lon="25.42157638756438">
        <ele>1710</ele>
      </trkpt>
      <trkpt lat="45.38627694068283" lon="25.42137898149915">
        <ele>1714</ele>
      </trkpt>
      <trkpt lat="45.38636086210187" lon="25.42115868777418">
        <ele>1718</ele>
      </trkpt>
      <trkpt lat="45.38649055884037" lon="25.42095651344651">
        <ele>1723</ele>
      </trkpt>
      <trkpt lat="45.38658783139425" lon="25.4203747854282">
        <ele>1733</ele>
      </trkpt>
      <trkpt lat="45.38660022887661" lon="25.42012588212856">
        <ele>1737</ele>
      </trkpt>
      <trkpt lat="45.38662502384133" lon="25.42000000000001">
        <ele>1739</ele>
      </trkpt>
      <trkpt lat="45.38662502384133" lon="25.42">
        <ele>1739</ele>
      </trkpt>
      <trkpt lat="45.38663932862866" lon="25.41992466145336">
        <ele>1741</ele>
      </trkpt>
      <trkpt lat="45.38663360671373" lon="25.41969006294106">
        <ele>1744</ele>
      </trkpt>
      <trkpt lat="45.38677188632464" lon="25.41925424375357">
        <ele>1757</ele>
      </trkpt>
      <trkpt lat="45.38680240320429" lon="25.41914075910738">
        <ele>1760</ele>
      </trkpt>
      <trkpt lat="45.38680240320429" lon="25.41887564371543">
        <ele>1763</ele>
      </trkpt>
      <trkpt lat="45.38704939919894" lon="25.41797634941827">
        <ele>1783</ele>
      </trkpt>
      <trkpt lat="45.38709135990847" lon="25.41777798970055">
        <ele>1787</ele>
      </trkpt>
      <trkpt lat="45.38719530802977" lon="25.41751764257105">
        <ele>1791</ele>
      </trkpt>
      <trkpt lat="45.38726397100898" lon="25.41721533473202">
        <ele>1793</ele>
      </trkpt>
      <trkpt lat="45.38733549494566" lon="25.41700362387946">
        <ele>1794</ele>
      </trkpt>
      <trkpt lat="45.38748426473395" lon="25.41673755483501">
        <ele>1796</ele>
      </trkpt>
      <trkpt lat="45.38762635895481" lon="25.41668796490558">
        <ele>1801</ele>
      </trkpt>
      <trkpt lat="45.38762635895481" lon="25.41668796490558">
        <ele>1801</ele>
      </trkpt>
      <trkpt lat="45.38767690253673" lon="25.41655159259965">
        <ele>1802</ele>
      </trkpt>
      <trkpt lat="45.38775319473585" lon="25.41615296585924">
        <ele>1803</ele>
      </trkpt>
      <trkpt lat="45.38784760633227" lon="25.41582204844554">
        <ele>1804</ele>
      </trkpt>
      <trkpt lat="45.38815372878125" lon="25.415304215144">
        <ele>1809</ele>
      </trkpt>
      <trkpt lat="45.38866011825292" lon="25.41462998283425">
        <ele>1820</ele>
      </trkpt>
      <trkpt lat="45.38880316612628" lon="25.41429715811558">
        <ele>1823</ele>
      </trkpt>
      <trkpt lat="45.38910928857526" lon="25.41315086782376">
        <ele>1826</ele>
      </trkpt>
      <trkpt lat="45.38922372687394" lon="25.41277036048064">
        <ele>1830</ele>
      </trkpt>
      <trkpt lat="45.38926091932102" lon="25.41238413122258">
        <ele>1832</ele>
      </trkpt>
      <trkpt lat="45.38921228304407" lon="25.41200267022696">
        <ele>1833</ele>
      </trkpt>
      <trkpt lat="45.38917795155447" lon="25.41166316994087">
        <ele>1834</ele>
      </trkpt>
      <trkpt lat="45.38911882510015" lon="25.41128743086019">
        <ele>1837</ele>
      </trkpt>
      <trkpt lat="45.38910452031281" lon="25.4111129124547">
        <ele>1840</ele>
      </trkpt>
      <trkpt lat="45.38911882510015" lon="25.41103280564562">
        <ele>1841</ele>
      </trkpt>
      <trkpt lat="45.389175090597" lon="25.4108344459279">
        <ele>1844</ele>
      </trkpt>
      <trkpt lat="45.38928189967577" lon="25.41040339500286">
        <ele>1850</ele>
      </trkpt>
      <trkpt lat="45.38933435056267" lon="25.41004100705702">
        <ele>1855</ele>
      </trkpt>
      <trkpt lat="45.38933530421516" lon="25.40984550829677">
        <ele>1857</ele>
      </trkpt>
      <trkpt lat="45.38938203318712" lon="25.40968052641617">
        <ele>1860</ele>
      </trkpt>
      <trkpt lat="45.38949837879078" lon="25.40958516116727">
        <ele>1865</ele>
      </trkpt>
      <trkpt lat="45.38955941255008" lon="25.40951935914552">
        <ele>1867</ele>
      </trkpt>
      <trkpt lat="45.38960614152204" lon="25.40942685485409">
        <ele>1869</ele>
      </trkpt>
      <trkpt lat="45.38978638184247" lon="25.40923803166126">
        <ele>1874</ele>
      </trkpt>
      <trkpt lat="45.38991512492849" lon="25.40917222963952">
        <ele>1877</ele>
      </trkpt>
      <trkpt lat="45.38994278085067" lon="25.40905683768834">
        <ele>1879</ele>
      </trkpt>
      <trkpt lat="45.39022983024987" lon="25.40877741750906">
        <ele>1891</ele>
      </trkpt>
      <trkpt lat="45.39022983024987" lon="25.40877741750906">
        <ele>1891</ele>
      </trkpt>
      <trkpt lat="45.39058458897579" lon="25.40835494945641">
        <ele>1899</ele>
      </trkpt>
      <trkpt lat="45.39073526606906" lon="25.40820617966812">
        <ele>1901</ele>
      </trkpt>
      <trkpt lat="45.39073526606906" lon="25.40820617966812">
        <ele>1901</ele>
      </trkpt>
      <trkpt lat="45.39082204844556" lon="25.40815182147625">
        <ele>1902</ele>
      </trkpt>
      <trkpt lat="45.39097081823385" lon="25.40803929048255">
        <ele>1903</ele>
      </trkpt>
      <trkpt lat="45.39103948121306" lon="25.40801163456036">
        <ele>1904</ele>
      </trkpt>
      <trkpt lat="45.39113103185201" lon="25.40798874690062">
        <ele>1905</ele>
      </trkpt>
      <trkpt lat="45.39120255578869" lon="25.40795441541102">
        <ele>1905</ele>
      </trkpt>
      <trkpt lat="45.39130173564755" lon="25.40792485218386">
        <ele>1905</ele>
      </trkpt>
      <trkpt lat="45.39150772458517" lon="25.40784188441732">
        <ele>1904</ele>
      </trkpt>
      <trkpt lat="45.39166030898342" lon="25.40769025367156">
        <ele>1899</ele>
      </trkpt>
      <trkpt lat="45.39180907877171" lon="25.40763589547968">
        <ele>1896</ele>
      </trkpt>
      <trkpt lat="45.39195498760253" lon="25.40754911310318">
        <ele>1892</ele>
      </trkpt>
      <trkpt lat="45.39214762540531" lon="25.40752431813847">
        <ele>1889</ele>
      </trkpt>
      <trkpt lat="45.39248903299639" lon="25.40745851611672">
        <ele>1883</ele>
      </trkpt>
      <trkpt lat="45.39306980736221" lon="25.40726969292389">
        <ele>1868</ele>
      </trkpt>
      <trkpt lat="45.39324623307268" lon="25.40724394430669">
        <ele>1865</ele>
      </trkpt>
      <trkpt lat="45.39347320236507" lon="25.40710089643334">
        <ele>1856</ele>
      </trkpt>
      <trkpt lat="45.39369921800498" lon="25.40692923898531">
        <ele>1848</ele>
      </trkpt>
      <trkpt lat="45.39380602708375" lon="25.40684054930383">
        <ele>1844</ele>
      </trkpt>
      <trkpt lat="45.39407304978067" lon="25.40685962235361">
        <ele>1844</ele>
      </trkpt>
      <trkpt lat="45.39417699790198" lon="25.40683959565134">
        <ele>1844</ele>
      </trkpt>
      <trkpt lat="45.39430383368302" lon="25.40683673469388">
        <ele>1843</ele>
      </trkpt>
      <trkpt lat="45.39452698836546" lon="25.4067995422468">
        <ele>1842</ele>
      </trkpt>
      <trkpt lat="45.394914171276" lon="25.40670989891283">
        <ele>1838</ele>
      </trkpt>
      <trkpt lat="45.39510871638377" lon="25.40654014876979">
        <ele>1832</ele>
      </trkpt>
      <trkpt lat="45.39530898340646" lon="25.40631413312988">
        <ele>1825</ele>
      </trkpt>
      <trkpt lat="45.39553023078392" lon="25.40624165554072">
        <ele>1824</ele>
      </trkpt>
      <trkpt lat="45.39568281518216" lon="25.40605569330535">
        <ele>1819</ele>
      </trkpt>
      <trkpt lat="45.39580869731071" lon="25.40599465954606">
        <ele>1817</ele>
      </trkpt>
      <trkpt lat="45.39627407972537" lon="25.40583539958039">
        <ele>1807</ele>
      </trkpt>
      <trkpt lat="45.39651344650011" lon="25.40590978447453">
        <ele>1808</ele>
      </trkpt>
      <trkpt lat="45.39669177951556" lon="25.40588594316231">
        <ele>1805</ele>
      </trkpt>
      <trkpt lat="45.39682242990656" lon="25.40584779706275">
        <ele>1806</ele>
      </trkpt>
      <trkpt lat="45.39695212664507" lon="25.40579248521838">
        <ele>1805</ele>
      </trkpt>
      <trkpt lat="45.39711996948314" lon="25.40588594316231">
        <ele>1812</ele>
      </trkpt>
      <trkpt lat="45.39733740225063" lon="25.40585542628266">
        <ele>1814</ele>
      </trkpt>
      <trkpt lat="45.39763684913219" lon="25.40554644287621">
        <ele>1804</ele>
      </trkpt>
      <trkpt lat="45.39780850658022" lon="25.40535952698836">
        <ele>1797</ele>
      </trkpt>
      <trkpt lat="45.39829296204464" lon="25.40510680907877">
        <ele>1791</ele>
      </trkpt>
      <trkpt lat="45.39860385275607" lon="25.40506008010681">
        <ele>1787</ele>
      </trkpt>
      <trkpt lat="45.39892904825483" lon="25.40512492847606">
        <ele>1787</ele>
      </trkpt>
      <trkpt lat="45.39935628456992" lon="25.40510299446881">
        <ele>1788</ele>
      </trkpt>
      <trkpt lat="45.39990844936107" lon="25.40453557123784">
        <ele>1774</ele>
      </trkpt>
      <trkpt lat="45.40000000000001" lon="25.40440396719435">
        <ele>1770</ele>
      </trkpt>
      <trkpt lat="45.4" lon="25.40440396719435">
        <ele>1770</ele>
      </trkpt>
      <trkpt lat="45.40005912645432" lon="25.40431813847034">
        <ele>1766</ele>
      </trkpt>
      <trkpt lat="45.40011920656113" lon="25.40423326339882">
        <ele>1762</ele>
      </trkpt>
      <trkpt lat="45.40011920656113" lon="25.40423326339882">
        <ele>1762</ele>
      </trkpt>
      <trkpt lat="45.40043295823002" lon="25.40392523364486">
        <ele>1750</ele>
      </trkpt>
      <trkpt lat="45.40059889376311" lon="25.40390139233263">
        <ele>1750</ele>
      </trkpt>
      <trkpt lat="45.40082872401297" lon="25.40398054548922">
        <ele>1753</ele>
      </trkpt>
      <trkpt lat="45.40096891092885" lon="25.40412073240511">
        <ele>1758</ele>
      </trkpt>
      <trkpt lat="45.40112721724203" lon="25.40405779134083">
        <ele>1755</ele>
      </trkpt>
      <trkpt lat="45.40122639710089" lon="25.40396910165935">
        <ele>1752</ele>
      </trkpt>
      <trkpt lat="45.40153633415983" lon="25.40376883463665">
        <ele>1742</ele>
      </trkpt>
      <trkpt lat="45.40181384703413" lon="25.40365248903299">
        <ele>1741</ele>
      </trkpt>
      <trkpt lat="45.40192065611291" lon="25.40366679382033">
        <ele>1745</ele>
      </trkpt>
      <trkpt lat="45.40199504100705" lon="25.40358191874881">
        <ele>1743</ele>
      </trkpt>
      <trkpt lat="45.40213427427045" lon="25.40352088498951">
        <ele>1745</ele>
      </trkpt>
      <trkpt lat="45.40225348083158" lon="25.40347892427999">
        <ele>1747</ele>
      </trkpt>
      <trkpt lat="45.40232405111577" lon="25.40327007438489">
        <ele>1742</ele>
      </trkpt>
      <trkpt lat="45.40234407781804" lon="25.40316898722105">
        <ele>1739</ele>
      </trkpt>
      <trkpt lat="45.40236696547777" lon="25.40288384512683">
        <ele>1732</ele>
      </trkpt>
      <trkpt lat="45.4025300400534" lon="25.4025824909403">
        <ele>1728</ele>
      </trkpt>
      <trkpt lat="45.40257962998283" lon="25.40243848941445">
        <ele>1725</ele>
      </trkpt>
      <trkpt lat="45.40271028037383" lon="25.40225634178905">
        <ele>1724</ele>
      </trkpt>
      <trkpt lat="45.40281327484264" lon="25.40208373068853">
        <ele>1722</ele>
      </trkpt>
      <trkpt lat="45.40315945069617" lon="25.4012521457181">
        <ele>1716</ele>
      </trkpt>
      <trkpt lat="45.40325672325005" lon="25.40118634369635">
        <ele>1718</ele>
      </trkpt>
      <trkpt lat="45.40335876406637" lon="25.40108811748998">
        <ele>1719</ele>
      </trkpt>
      <trkpt lat="45.40387182910547" lon="25.4013999618539">
        <ele>1716</ele>
      </trkpt>
      <trkpt lat="45.40411596414266" lon="25.40130936486744">
        <ele>1713</ele>
      </trkpt>
      <trkpt lat="45.40430764829296" lon="25.4013389280946">
        <ele>1712</ele>
      </trkpt>
      <trkpt lat="45.40449265687583" lon="25.40135514018691">
        <ele>1712</ele>
      </trkpt>
      <trkpt lat="45.40501907304978" lon="25.40144955178333">
        <ele>1715</ele>
      </trkpt>
      <trkpt lat="45.40560747663551" lon="25.40142761777608">
        <ele>1715</ele>
      </trkpt>
      <trkpt lat="45.40616822429906" lon="25.40119683387373">
        <ele>1705</ele>
      </trkpt>
      <trkpt lat="45.40689395384322" lon="25.40049113103185">
        <ele>1679</ele>
      </trkpt>
      <trkpt lat="45.40704939919893" lon="25.40034808315849">
        <ele>1674</ele>
      </trkpt>
      <trkpt lat="45.40782281136753" lon="25.4">
        <ele>1664</ele>
      </trkpt>
      <trkpt lat="45.40782281136753" lon="25.40000000000002">
        <ele>1664</ele>
      </trkpt>
      <trkpt lat="45.40801544917032" lon="25.399914171276">
        <ele>1663</ele>
      </trkpt>
      <trkpt lat="45.40858764066374" lon="25.39979687201985">
        <ele>1663</ele>
      </trkpt>
      <trkpt lat="45.40892809460232" lon="25.39969769216099">
        <ele>1664</ele>
      </trkpt>
      <trkpt lat="45.40922086591646" lon="25.39939824527944">
        <ele>1661</ele>
      </trkpt>
      <trkpt lat="45.40946881556361" lon="25.3992971581156">
        <ele>1668</ele>
      </trkpt>
      <trkpt lat="45.40989605187869" lon="25.39873450314707">
        <ele>1669</ele>
      </trkpt>
      <trkpt lat="45.410130650391" lon="25.39820045775321">
        <ele>1661</ele>
      </trkpt>
      <trkpt lat="45.41028037383177" lon="25.39787907686441">
        <ele>1657</ele>
      </trkpt>
      <trkpt lat="45.41058840358573" lon="25.39754720579822">
        <ele>1656</ele>
      </trkpt>
      <trkpt lat="45.41089071142476" lon="25.39720579820715">
        <ele>1656</ele>
      </trkpt>
      <trkpt lat="45.41105760061033" lon="25.39698073621974">
        <ele>1655</ele>
      </trkpt>
      <trkpt lat="45.41123784093076" lon="25.39686725157354">
        <ele>1655</ele>
      </trkpt>
      <trkpt lat="45.41141617394621" lon="25.39680049589931">
        <ele>1657</ele>
      </trkpt>
      <trkpt lat="45.41152202937249" lon="25.39679954224682">
        <ele>1659</ele>
      </trkpt>
      <trkpt lat="45.41167175281327" lon="25.39670417699792">
        <ele>1659</ele>
      </trkpt>
      <trkpt lat="45.41178905206942" lon="25.39666603089836">
        <ele>1658</ele>
      </trkpt>
      <trkpt lat="45.4120951745184" lon="25.39663265306124">
        <ele>1657</ele>
      </trkpt>
      <trkpt lat="45.41237936296013" lon="25.39671180621783">
        <ele>1657</ele>
      </trkpt>
      <trkpt lat="45.41248235742895" lon="25.3968014495518">
        <ele>1657</ele>
      </trkpt>
      <trkpt lat="45.4125128743086" lon="25.39713904253292">
        <ele>1659</ele>
      </trkpt>
      <trkpt lat="45.41284474537478" lon="25.39770265115393">
        <ele>1651</ele>
      </trkpt>
      <trkpt lat="45.41317661644096" lon="25.39807362197217">
        <ele>1643</ele>
      </trkpt>
      <trkpt lat="45.41325863055502" lon="25.39818043105094">
        <ele>1642</ele>
      </trkpt>
      <trkpt lat="45.41333683005912" lon="25.39824432576771">
        <ele>1640</ele>
      </trkpt>
      <trkpt lat="45.41360194545108" lon="25.39829200839216">
        <ele>1642</ele>
      </trkpt>
      <trkpt lat="45.41374690062941" lon="25.3981489605188">
        <ele>1640</ele>
      </trkpt>
      <trkpt lat="45.41383368300591" lon="25.39792771314135">
        <ele>1638</ele>
      </trkpt>
      <trkpt lat="45.41392618729734" lon="25.39766927331682">
        <ele>1635</ele>
      </trkpt>
      <trkpt lat="45.41407018882319" lon="25.39751668891857">
        <ele>1634</ele>
      </trkpt>
      <trkpt lat="45.41408449361052" lon="25.39743181384705">
        <ele>1632</ele>
      </trkpt>
      <trkpt lat="45.41402632080869" lon="25.39725634178907">
        <ele>1627</ele>
      </trkpt>
      <trkpt lat="45.41404157924852" lon="25.3970446309365">
        <ele>1621</ele>
      </trkpt>
      <trkpt lat="45.41407972534808" lon="25.3967661644097">
        <ele>1614</ele>
      </trkpt>
      <trkpt lat="45.41417890520694" lon="25.39654300972727">
        <ele>1607</ele>
      </trkpt>
      <trkpt lat="45.41433721152012" lon="25.39635037192448">
        <ele>1604</ele>
      </trkpt>
      <trkpt lat="45.41448312035094" lon="25.39623974823576">
        <ele>1604</ele>
      </trkpt>
      <trkpt lat="45.41483120350944" lon="25.39611863436965">
        <ele>1609</ele>
      </trkpt>
      <trkpt lat="45.41496662216288" lon="25.39600419607097">
        <ele>1608</ele>
      </trkpt>
      <trkpt lat="45.41519073049781" lon="25.39561796681291">
        <ele>1595</ele>
      </trkpt>
      <trkpt lat="45.41520217432767" lon="25.39557219149344">
        <ele>1594</ele>
      </trkpt>
      <trkpt lat="45.41522983024986" lon="25.39553690635134">
        <ele>1593</ele>
      </trkpt>
      <trkpt lat="45.41552069425901" lon="25.39563513255771">
        <ele>1597</ele>
      </trkpt>
      <trkpt lat="45.41562464238032" lon="25.39576864390618">
        <ele>1600</ele>
      </trkpt>
      <trkpt lat="45.41604043486553" lon="25.39599656685105">
        <ele>1601</ele>
      </trkpt>
      <trkpt lat="45.41640759107381" lon="25.39639805454894">
        <ele>1605</ele>
      </trkpt>
      <trkpt lat="45.41653824146481" lon="25.39663837497617">
        <ele>1609</ele>
      </trkpt>
      <trkpt lat="45.41674423040244" lon="25.39658687774176">
        <ele>1603</ele>
      </trkpt>
      <trkpt lat="45.41712569139805" lon="25.39661262635897">
        <ele>1596</ele>
      </trkpt>
      <trkpt lat="45.41722868586687" lon="25.39672992561512">
        <ele>1596</ele>
      </trkpt>
      <trkpt lat="45.41759012016021" lon="25.3967232500477">
        <ele>1588</ele>
      </trkpt>
      <trkpt lat="45.41771886324623" lon="25.39688155636088">
        <ele>1589</ele>
      </trkpt>
      <trkpt lat="45.41784665267976" lon="25.39713999618541">
        <ele>1592</ele>
      </trkpt>
      <trkpt lat="45.41796013732596" lon="25.39730307076103">
        <ele>1594</ele>
      </trkpt>
      <trkpt lat="45.41807934388709" lon="25.3973841312226">
        <ele>1594</ele>
      </trkpt>
      <trkpt lat="45.41835018119397" lon="25.39701697501432">
        <ele>1580</ele>
      </trkpt>
      <trkpt lat="45.41842170513065" lon="25.39685866870114">
        <ele>1575</ele>
      </trkpt>
      <trkpt lat="45.41851897768453" lon="25.39654110242229">
        <ele>1568</ele>
      </trkpt>
      <trkpt lat="45.41868205226015" lon="25.39660404348657">
        <ele>1568</ele>
      </trkpt>
      <trkpt lat="45.41884226587831" lon="25.39662407018884">
        <ele>1568</ele>
      </trkpt>
      <trkpt lat="45.41896242609193" lon="25.39643429334352">
        <ele>1564</ele>
      </trkpt>
      <trkpt lat="45.41920179286667" lon="25.39571333206181">
        <ele>1551</ele>
      </trkpt>
      <trkpt lat="45.41950505435819" lon="25.39534236124358">
        <ele>1544</ele>
      </trkpt>
      <trkpt lat="45.41950505435819" lon="25.39534236124358">
        <ele>1544</ele>
      </trkpt>
      <trkpt lat="45.41962807552927" lon="25.39478733549496">
        <ele>1535</ele>
      </trkpt>
      <trkpt lat="45.41967003623879" lon="25.39417127598704">
        <ele>1528</ele>
      </trkpt>
      <trkpt lat="45.41957943925233" lon="25.39386992180051">
        <ele>1525</ele>
      </trkpt>
      <trkpt lat="45.41953271028037" lon="25.39332252527181">
        <ele>1522</ele>
      </trkpt>
      <trkpt lat="45.41955941255006" lon="25.39300781995043">
        <ele>1520</ele>
      </trkpt>
      <trkpt lat="45.41936391378981" lon="25.39245184054932">
        <ele>1517</ele>
      </trkpt>
      <trkpt lat="45.41919511729925" lon="25.39179572763686">
        <ele>1516</ele>
      </trkpt>
      <trkpt lat="45.41920465382415" lon="25.39153442685487">
        <ele>1513</ele>
      </trkpt>
      <trkpt lat="45.41913122258249" lon="25.39118825100135">
        <ele>1505</ele>
      </trkpt>
      <trkpt lat="45.419173183292" lon="25.39054453557125">
        <ele>1493</ele>
      </trkpt>
      <trkpt lat="45.41921991226397" lon="25.39017833301546">
        <ele>1483</ele>
      </trkpt>
      <trkpt lat="45.41921991226397" lon="25.39017833301546">
        <ele>1483</ele>
      </trkpt>
      <trkpt lat="45.4193381651726" lon="25.38989128361627">
        <ele>1477</ele>
      </trkpt>
      <trkpt lat="45.41949170322334" lon="25.38977112340265">
        <ele>1474</ele>
      </trkpt>
      <trkpt lat="45.41957848559984" lon="25.38971390425331">
        <ele>1472</ele>
      </trkpt>
      <trkpt lat="45.41977970627503" lon="25.38973393095558">
        <ele>1471</ele>
      </trkpt>
      <trkpt lat="45.41999999999999" lon="25.38972344077819">
        <ele>1470</ele>
      </trkpt>
      <trkpt lat="45.42000000000001" lon="25.38972344077819">
        <ele>1470</ele>
      </trkpt>
      <trkpt lat="45.42018024032043" lon="25.38971390425331">
        <ele>1466</ele>
      </trkpt>
      <trkpt lat="45.42037001716575" lon="25.38983406446692">
        <ele>1464</ele>
      </trkpt>
      <trkpt lat="45.42037001716575" lon="25.38983406446692">
        <ele>1464</ele>
      </trkpt>
      <trkpt lat="45.42052164791151" lon="25.38980354758727">
        <ele>1461</ele>
      </trkpt>
      <trkpt lat="45.42052164791151" lon="25.38980354758727">
        <ele>1461</ele>
      </trkpt>
      <trkpt lat="45.42057505245089" lon="25.38984169368684">
        <ele>1460</ele>
      </trkpt>
      <trkpt lat="45.42067518596225" lon="25.38999618539006">
        <ele>1461</ele>
      </trkpt>
      <trkpt lat="45.42084207514782" lon="25.39017261110053">
        <ele>1461</ele>
      </trkpt>
      <trkpt lat="45.42095651344651" lon="25.39026702269694">
        <ele>1464</ele>
      </trkpt>
      <trkpt lat="45.42123497997331" lon="25.39041674613772">
        <ele>1469</ele>
      </trkpt>
      <trkpt lat="45.42151440015259" lon="25.39072763684915">
        <ele>1477</ele>
      </trkpt>
      <trkpt lat="45.42171752813275" lon="25.39091073812704">
        <ele>1483</ele>
      </trkpt>
      <trkpt lat="45.4220789624261" lon="25.39113580011445">
        <ele>1495</ele>
      </trkpt>
      <trkpt lat="45.4222439443067" lon="25.39118920465384">
        <ele>1499</ele>
      </trkpt>
      <trkpt lat="45.4224699599466" lon="25.39117871447646">
        <ele>1502</ele>
      </trkpt>
      <trkpt lat="45.42278657257296" lon="25.39112530993707">
        <ele>1505</ele>
      </trkpt>
      <trkpt lat="45.4230354758726" lon="25.39117871447646">
        <ele>1509</ele>
      </trkpt>
      <trkpt lat="45.42341026130079" lon="25.39108907114249">
        <ele>1510</ele>
      </trkpt>
      <trkpt lat="45.42362864772078" lon="25.39112149532712">
        <ele>1512</ele>
      </trkpt>
      <trkpt lat="45.42389280946024" lon="25.39114247568187">
        <ele>1514</ele>
      </trkpt>
      <trkpt lat="45.42405016212093" lon="25.3911748998665">
        <ele>1515</ele>
      </trkpt>
      <trkpt lat="45.42422468052642" lon="25.39131794773986">
        <ele>1518</ele>
      </trkpt>
      <trkpt lat="45.42474442113295" lon="25.39206942590122">
        <ele>1525</ele>
      </trkpt>
      <trkpt lat="45.42513637230594" lon="25.39261586877743">
        <ele>1532</ele>
      </trkpt>
      <trkpt lat="45.42529372496663" lon="25.39280946023271">
        <ele>1535</ele>
      </trkpt>
      <trkpt lat="45.42540720961282" lon="25.39291626931148">
        <ele>1537</ele>
      </trkpt>
      <trkpt lat="45.42549780659928" lon="25.39310986076675">
        <ele>1541</ele>
      </trkpt>
      <trkpt lat="45.42561033759299" lon="25.3935924089262">
        <ele>1551</ele>
      </trkpt>
      <trkpt lat="45.42566278847988" lon="25.39390329963763">
        <ele>1558</ele>
      </trkpt>
      <trkpt lat="45.42577627312608" lon="25.39450410070572">
        <ele>1572</ele>
      </trkpt>
      <trkpt lat="45.42586687011254" lon="25.39479401106238">
        <ele>1577</ele>
      </trkpt>
      <trkpt lat="45.42602422277323" lon="25.39507343124167">
        <ele>1583</ele>
      </trkpt>
      <trkpt lat="45.42618920465383" lon="25.3953051687965">
        <ele>1587</ele>
      </trkpt>
      <trkpt lat="45.42636181575435" lon="25.3954014876979">
        <ele>1589</ele>
      </trkpt>
      <trkpt lat="45.42661167270647" lon="25.39549113103187">
        <ele>1590</ele>
      </trkpt>
      <trkpt lat="45.42682242990655" lon="25.39548064085449">
        <ele>1590</ele>
      </trkpt>
      <trkpt lat="45.42698073621973" lon="25.39550257486173">
        <ele>1590</ele>
      </trkpt>
      <trkpt lat="45.42719149341981" lon="25.39560938394051">
        <ele>1592</ele>
      </trkpt>
      <trkpt lat="45.42757581537288" lon="25.39579153156591">
        <ele>1594</ele>
      </trkpt>
      <trkpt lat="45.42827579629984" lon="25.39609193209996">
        <ele>1595</ele>
      </trkpt>
      <trkpt lat="45.42846366584018" lon="25.39619969483122">
        <ele>1595</ele>
      </trkpt>
      <trkpt lat="45.42861434293344" lon="25.39633892809462">
        <ele>1596</ele>
      </trkpt>
      <trkpt lat="45.42874308601946" lon="25.39652107572002">
        <ele>1596</ele>
      </trkpt>
      <trkpt lat="45.42886324623308" lon="25.39676807171468">
        <ele>1598</ele>
      </trkpt>
      <trkpt lat="45.42902727446119" lon="25.39706465763877">
        <ele>1601</ele>
      </trkpt>
      <trkpt lat="45.42919416364678" lon="25.39733644859815">
        <ele>1603</ele>
      </trkpt>
      <trkpt lat="45.42937345031471" lon="25.39764733930957">
        <ele>1607</ele>
      </trkpt>
      <trkpt lat="45.42937345031471" lon="25.39764733930957">
        <ele>1607</ele>
      </trkpt>
      <trkpt lat="45.42991512492848" lon="25.39813560938396">
        <ele>1611</ele>
      </trkpt>
      <trkpt lat="45.43023459851231" lon="25.39846175853521">
        <ele>1615</ele>
      </trkpt>
      <trkpt lat="45.43032614915126" lon="25.39859908449363">
        <ele>1618</ele>
      </trkpt>
      <trkpt lat="45.43041483883274" lon="25.3988184245661">
        <ele>1622</ele>
      </trkpt>
      <trkpt lat="45.43061033759299" lon="25.39919607095176">
        <ele>1628</ele>
      </trkpt>
      <trkpt lat="45.43072000762923" lon="25.39936105283236">
        <ele>1630</ele>
      </trkpt>
      <trkpt lat="45.43108811748999" lon="25.39971771886326">
        <ele>1635</ele>
      </trkpt>
      <trkpt lat="45.43119969483121" lon="25.39985885943164">
        <ele>1637</ele>
      </trkpt>
      <trkpt lat="45.4312702651154" lon="25.40000000000002">
        <ele>1639</ele>
      </trkpt>
      <trkpt lat="45.4312702651154" lon="25.4">
        <ele>1639</ele>
      </trkpt>
      <trkpt lat="45.43139996185391" lon="25.40025843982453">
        <ele>1642</ele>
      </trkpt>
      <trkpt lat="45.43149914171277" lon="25.4004958992943">
        <ele>1644</ele>
      </trkpt>
      <trkpt lat="45.43160690444402" lon="25.40068186152966">
        <ele>1643</ele>
      </trkpt>
      <trkpt lat="45.43166221628839" lon="25.40083730688537">
        <ele>1644</ele>
      </trkpt>
      <trkpt lat="45.43172038909022" lon="25.4011129124547">
        <ele>1648</ele>
      </trkpt>
      <trkpt lat="45.43179477398436" lon="25.40126645050543">
        <ele>1648</ele>
      </trkpt>
      <trkpt lat="45.43193782185772" lon="25.40141617394621">
        <ele>1646</ele>
      </trkpt>
      <trkpt lat="45.43229830249857" lon="25.40210566469578">
        <ele>1640</ele>
      </trkpt>
      <trkpt lat="45.43236791913028" lon="25.40226778561892">
        <ele>1638</ele>
      </trkpt>
      <trkpt lat="45.43266641235935" lon="25.40305836353232">
        <ele>1631</ele>
      </trkpt>
      <trkpt lat="45.43263971008965" lon="25.40325576959756">
        <ele>1634</ele>
      </trkpt>
      <trkpt lat="45.43264733930956" lon="25.40343219530803">
        <ele>1634</ele>
      </trkpt>
      <trkpt lat="45.43258916650773" lon="25.40401964524127">
        <ele>1638</ele>
      </trkpt>
      <trkpt lat="45.43252813274843" lon="25.40430574098798">
        <ele>1643</ele>
      </trkpt>
      <trkpt lat="45.43263684913218" lon="25.40477684531756">
        <ele>1642</ele>
      </trkpt>
      <trkpt lat="45.43250429143621" lon="25.4052260156399">
        <ele>1657</ele>
      </trkpt>
      <trkpt lat="45.4325138279611" lon="25.40539004386801">
        <ele>1661</ele>
      </trkpt>
      <trkpt lat="45.43250715239368" lon="25.40549113103185">
        <ele>1664</ele>
      </trkpt>
      <trkpt lat="45.43257676902537" lon="25.40551878695403">
        <ele>1663</ele>
      </trkpt>
      <trkpt lat="45.43280564562274" lon="25.40544917032233">
        <ele>1653</ele>
      </trkpt>
      <trkpt lat="45.43300781995042" lon="25.40548445546442">
        <ele>1648</ele>
      </trkpt>
      <trkpt lat="45.43311653633417" lon="25.40568758344459">
        <ele>1654</ele>
      </trkpt>
      <trkpt lat="45.43332729353424" lon="25.40577150486362">
        <ele>1653</ele>
      </trkpt>
      <trkpt lat="45.43342075147817" lon="25.40575815372878">
        <ele>1650</ele>
      </trkpt>
      <trkpt lat="45.43354472630174" lon="25.40568567613961">
        <ele>1642</ele>
      </trkpt>
      <trkpt lat="45.43368968148008" lon="25.40561319855044">
        <ele>1634</ele>
      </trkpt>
      <trkpt lat="45.43379458325387" lon="25.40554930383368">
        <ele>1628</ele>
      </trkpt>
      <trkpt lat="45.43392427999238" lon="25.40550829677665">
        <ele>1622</ele>
      </trkpt>
      <trkpt lat="45.43406446690827" lon="25.40552260156399">
        <ele>1619</ele>
      </trkpt>
      <trkpt lat="45.43427522410834" lon="25.40561415220293">
        <ele>1616</ele>
      </trkpt>
      <trkpt lat="45.43468720198361" lon="25.40562273507534">
        <ele>1601</ele>
      </trkpt>
      <trkpt lat="45.43475491131033" lon="25.40566755674232">
        <ele>1600</ele>
      </trkpt>
      <trkpt lat="45.43478542818998" lon="25.40571047110432">
        <ele>1600</ele>
      </trkpt>
      <trkpt lat="45.43506198741179" lon="25.40616822429906">
        <ele>1596</ele>
      </trkpt>
      <trkpt lat="45.43514590883083" lon="25.4063999618539">
        <ele>1595</ele>
      </trkpt>
      <trkpt lat="45.43532519549877" lon="25.40652679763494">
        <ele>1587</ele>
      </trkpt>
      <trkpt lat="45.43559889376312" lon="25.40698550448216">
        <ele>1577</ele>
      </trkpt>
      <trkpt lat="45.43573335876408" lon="25.4070169750143">
        <ele>1570</ele>
      </trkpt>
      <trkpt lat="45.43585542628267" lon="25.40732214381079">
        <ele>1565</ele>
      </trkpt>
      <trkpt lat="45.43587926759489" lon="25.40744993324432">
        <ele>1565</ele>
      </trkpt>
      <trkpt lat="45.43594411596415" lon="25.40755578867061">
        <ele>1564</ele>
      </trkpt>
      <trkpt lat="45.43612054167462" lon="25.40760537860004">
        <ele>1559</ele>
      </trkpt>
      <trkpt lat="45.43631794773985" lon="25.40776273126072">
        <ele>1555</ele>
      </trkpt>
      <trkpt lat="45.43650677093268" lon="25.40782757962998">
        <ele>1549</ele>
      </trkpt>
      <trkpt lat="45.43705226015641" lon="25.40773984360099">
        <ele>1535</ele>
      </trkpt>
      <trkpt lat="45.43721056646959" lon="25.40787049399199">
        <ele>1534</ele>
      </trkpt>
      <trkpt lat="45.43769788289148" lon="25.40792866679382">
        <ele>1525</ele>
      </trkpt>
      <trkpt lat="45.43782376502003" lon="25.40790196452413">
        <ele>1523</ele>
      </trkpt>
      <trkpt lat="45.43798970055312" lon="25.40797158115582">
        <ele>1521</ele>
      </trkpt>
      <trkpt lat="45.43823383559032" lon="25.40798874690062">
        <ele>1517</ele>
      </trkpt>
      <trkpt lat="45.43845031470533" lon="25.40805454892237">
        <ele>1515</ele>
      </trkpt>
      <trkpt lat="45.43889567041771" lon="25.40812798016402">
        <ele>1514</ele>
      </trkpt>
      <trkpt lat="45.43893190921229" lon="25.40817089452603">
        <ele>1514</ele>
      </trkpt>
      <trkpt lat="45.43893190921229" lon="25.40817089452603">
        <ele>1514</ele>
      </trkpt>
      <trkpt lat="45.43899675758154" lon="25.40814514590883">
        <ele>1514</ele>
      </trkpt>
      <trkpt lat="45.4390616059508" lon="25.40811939729162">
        <ele>1514</ele>
      </trkpt>
      <trkpt lat="45.43912359336259" lon="25.4080173564753">
        <ele>1514</ele>
      </trkpt>
      <trkpt lat="45.43911310318521" lon="25.40792866679382">
        <ele>1514</ele>
      </trkpt>
      <trkpt lat="45.43910070570285" lon="25.40789147434674">
        <ele>1514</ele>
      </trkpt>
      <trkpt lat="45.43908926187298" lon="25.40782090406256">
        <ele>1514</ele>
      </trkpt>
      <trkpt lat="45.43908926187298" lon="25.40782090406256">
        <ele>1514</ele>
      </trkpt>
      <trkpt lat="45.43925901201603" lon="25.40712855235552">
        <ele>1517</ele>
      </trkpt>
      <trkpt lat="45.43930001907306" lon="25.40657638756437">
        <ele>1517</ele>
      </trkpt>
      <trkpt lat="45.4395308029754" lon="25.40631317947739">
        <ele>1522</ele>
      </trkpt>
      <trkpt lat="45.43966526797636" lon="25.40600514972344">
        <ele>1522</ele>
      </trkpt>
      <trkpt lat="45.4397654014877" lon="25.40587640663742">
        <ele>1523</ele>
      </trkpt>
      <trkpt lat="45.44" lon="25.4057905779134">
        <ele>1527</ele>
      </trkpt>
      <trkpt lat="45.43999999999999" lon="25.4057905779134">
        <ele>1527</ele>
      </trkpt>
      <trkpt lat="45.44007343124164" lon="25.40576387564371">
        <ele>1529</ele>
      </trkpt>
      <trkpt lat="45.44030040053403" lon="25.40561796681289">
        <ele>1535</ele>
      </trkpt>
      <trkpt lat="45.44046156780468" lon="25.4053995803929">
        <ele>1537</ele>
      </trkpt>
      <trkpt lat="45.44057695975585" lon="25.40537573908068">
        <ele>1540</ele>
      </trkpt>
      <trkpt lat="45.44069998092694" lon="25.40522220102994">
        <ele>1541</ele>
      </trkpt>
      <trkpt lat="45.44090120160212" lon="25.40485885943162">
        <ele>1541</ele>
      </trkpt>
      <trkpt lat="45.44109193209993" lon="25.40465000953652">
        <ele>1544</ele>
      </trkpt>
      <trkpt lat="45.44128838451267" lon="25.40449265687583">
        <ele>1549</ele>
      </trkpt>
      <trkpt lat="45.44133988174708" lon="25.40439633797444">
        <ele>1549</ele>
      </trkpt>
      <trkpt lat="45.44158210947929" lon="25.40405493038336">
        <ele>1551</ele>
      </trkpt>
      <trkpt lat="45.4417289719626" lon="25.40382796109098">
        <ele>1552</ele>
      </trkpt>
      <trkpt lat="45.44184817852373" lon="25.40373354949456">
        <ele>1554</ele>
      </trkpt>
      <trkpt lat="45.44196929238984" lon="25.40366774747282">
        <ele>1557</ele>
      </trkpt>
      <trkpt lat="45.44204272363149" lon="25.4036601182529">
        <ele>1559</ele>
      </trkpt>
      <trkpt lat="45.44213427427044" lon="25.40353614342933">
        <ele>1559</ele>
      </trkpt>
      <trkpt lat="45.4423211901583" lon="25.40330726683196">
        <ele>1559</ele>
      </trkpt>
      <trkpt lat="45.44273698264352" lon="25.40304024413503">
        <ele>1557</ele>
      </trkpt>
      <trkpt lat="45.44293915697119" lon="25.40299923707801">
        <ele>1558</ele>
      </trkpt>
      <trkpt lat="45.44341502956322" lon="25.40297730307076">
        <ele>1562</ele>
      </trkpt>
      <trkpt lat="45.44373259584206" lon="25.40298016402823">
        <ele>1561</ele>
      </trkpt>
      <trkpt lat="45.443868968148" lon="25.40296204463093">
        <ele>1560</ele>
      </trkpt>
      <trkpt lat="45.44400343314895" lon="25.40295823002098">
        <ele>1560</ele>
      </trkpt>
      <trkpt lat="45.44420370017165" lon="25.40335876406637">
        <ele>1578</ele>
      </trkpt>
      <trkpt lat="45.44424756818614" lon="25.40341884417318">
        <ele>1581</ele>
      </trkpt>
      <trkpt lat="45.44458516116726" lon="25.40343410261301">
        <ele>1583</ele>
      </trkpt>
      <trkpt lat="45.44470150677092" lon="25.40356379935151">
        <ele>1590</ele>
      </trkpt>
      <trkpt lat="45.44489795918366" lon="25.40358191874881">
        <ele>1591</ele>
      </trkpt>
      <trkpt lat="45.44498092695021" lon="25.40364962807553">
        <ele>1594</ele>
      </trkpt>
      <trkpt lat="45.44526893000189" lon="25.40324241846271">
        <ele>1572</ele>
      </trkpt>
      <trkpt lat="45.4453375929811" lon="25.40332920083921">
        <ele>1574</ele>
      </trkpt>
      <trkpt lat="45.44560843028799" lon="25.40325958420751">
        <ele>1565</ele>
      </trkpt>
      <trkpt lat="45.44571142475681" lon="25.40317566278848">
        <ele>1559</ele>
      </trkpt>
      <trkpt lat="45.44574098798397" lon="25.40313751668891">
        <ele>1557</ele>
      </trkpt>
      <trkpt lat="45.44589929429715" lon="25.40310986076673">
        <ele>1554</ele>
      </trkpt>
      <trkpt lat="45.44607572000762" lon="25.40305359526988">
        <ele>1552</ele>
      </trkpt>
      <trkpt lat="45.44623784093076" lon="25.40307076101468">
        <ele>1554</ele>
      </trkpt>
      <trkpt lat="45.44639805454891" lon="25.40293343505626">
        <ele>1548</ele>
      </trkpt>
      <trkpt lat="45.44661167270645" lon="25.40283616250238">
        <ele>1544</ele>
      </trkpt>
      <trkpt lat="45.44673278657256" lon="25.40263971008964">
        <ele>1536</ele>
      </trkpt>
      <trkpt lat="45.44687964905587" lon="25.4025910738127">
        <ele>1536</ele>
      </trkpt>
      <trkpt lat="45.44702365058172" lon="25.40260728590501">
        <ele>1540</ele>
      </trkpt>
      <trkpt lat="45.44709898912835" lon="25.4026692733168">
        <ele>1544</ele>
      </trkpt>
      <trkpt lat="45.44718004958992" lon="25.40266164409689">
        <ele>1546</ele>
      </trkpt>
      <trkpt lat="45.44727160022887" lon="25.40245374785428">
        <ele>1539</ele>
      </trkpt>
      <trkpt lat="45.44732214381079" lon="25.40247568186152">
        <ele>1541</ele>
      </trkpt>
      <trkpt lat="45.44749189395383" lon="25.40252813274842">
        <ele>1547</ele>
      </trkpt>
      <trkpt lat="45.44761396147243" lon="25.402652107572">
        <ele>1555</ele>
      </trkpt>
      <trkpt lat="45.44786572572954" lon="25.40267213427427">
        <ele>1564</ele>
      </trkpt>
      <trkpt lat="45.44791913026892" lon="25.40254148388327">
        <ele>1561</ele>
      </trkpt>
      <trkpt lat="45.44805168796489" lon="25.40255102040816">
        <ele>1566</ele>
      </trkpt>
      <trkpt lat="45.44822334541292" lon="25.40262635895479">
        <ele>1574</ele>
      </trkpt>
      <trkpt lat="45.44837592981116" lon="25.40272363150867">
        <ele>1581</ele>
      </trkpt>
      <trkpt lat="45.44843696357047" lon="25.40298493229067">
        <ele>1590</ele>
      </trkpt>
      <trkpt lat="45.4487030326149" lon="25.40306503909975">
        <ele>1599</ele>
      </trkpt>
      <trkpt lat="45.44879267594887" lon="25.40315468243372">
        <ele>1603</ele>
      </trkpt>
      <trkpt lat="45.44889662407018" lon="25.40311367537669">
        <ele>1604</ele>
      </trkpt>
      <trkpt lat="45.44903204272362" lon="25.40316612626359">
        <ele>1609</ele>
      </trkpt>
      <trkpt lat="45.4491989319092" lon="25.40335304215144">
        <ele>1616</ele>
      </trkpt>
      <trkpt lat="45.44932386038526" lon="25.40338546633606">
        <ele>1618</ele>
      </trkpt>
      <trkpt lat="45.44957276368491" lon="25.40326435246996">
        <ele>1616</ele>
      </trkpt>
      <trkpt lat="45.44986744230401" lon="25.40320522601564">
        <ele>1618</ele>
      </trkpt>
      <trkpt lat="45.45001144382986" lon="25.40326816707991">
        <ele>1618</ele>
      </trkpt>
      <trkpt lat="45.45014781613579" lon="25.40320427236315">
        <ele>1616</ele>
      </trkpt>
      <trkpt lat="45.45028132748426" lon="25.40318710661834">
        <ele>1613</ele>
      </trkpt>
      <trkpt lat="45.45045870684721" lon="25.40320904062559">
        <ele>1609</ele>
      </trkpt>
      <trkpt lat="45.45050829677664" lon="25.40320522601564">
        <ele>1607</ele>
      </trkpt>
      <trkpt lat="45.45083539958038" lon="25.40301449551783">
        <ele>1602</ele>
      </trkpt>
      <trkpt lat="45.45102613007819" lon="25.40287144764448">
        <ele>1598</ele>
      </trkpt>
      <trkpt lat="45.45123211901582" lon="25.40270265115392">
        <ele>1594</ele>
      </trkpt>
      <trkpt lat="45.45151630745755" lon="25.40235170703795">
        <ele>1593</ele>
      </trkpt>
      <trkpt lat="45.45166603089833" lon="25.40224489795918">
        <ele>1590</ele>
      </trkpt>
      <trkpt lat="45.45189013923325" lon="25.40192065611291">
        <ele>1589</ele>
      </trkpt>
      <trkpt lat="45.45211806217813" lon="25.40169940873545">
        <ele>1585</ele>
      </trkpt>
      <trkpt lat="45.45220007629219" lon="25.40152679763494">
        <ele>1587</ele>
      </trkpt>
      <trkpt lat="45.45224585161166" lon="25.40145813465573">
        <ele>1587</ele>
      </trkpt>
      <trkpt lat="45.45230497806598" lon="25.40123211901583">
        <ele>1591</ele>
      </trkpt>
      <trkpt lat="45.45232500476825" lon="25.40110242227732">
        <ele>1593</ele>
      </trkpt>
      <trkpt lat="45.45236219721532" lon="25.40094411596414">
        <ele>1596</ele>
      </trkpt>
      <trkpt lat="45.4526168224299" lon="25.40071047110433">
        <ele>1593</ele>
      </trkpt>
      <trkpt lat="45.45287335494945" lon="25.4003824146481">
        <ele>1591</ele>
      </trkpt>
      <trkpt lat="45.45301449551782" lon="25.40030802975395">
        <ele>1588</ele>
      </trkpt>
      <trkpt lat="45.45312893381651" lon="25.40015925996567">
        <ele>1586</ele>
      </trkpt>
      <trkpt lat="45.45317470913598" lon="25.4">
        <ele>1588</ele>
      </trkpt>
      <trkpt lat="45.45317470913598" lon="25.40000000000002">
        <ele>1588</ele>
      </trkpt>
      <trkpt lat="45.45327484264732" lon="25.3996709898913">
        <ele>1591</ele>
      </trkpt>
      <trkpt lat="45.45384321953079" lon="25.39914552736984">
        <ele>1577</ele>
      </trkpt>
      <trkpt lat="45.45389662407018" lon="25.39900438680147">
        <ele>1577</ele>
      </trkpt>
      <trkpt lat="45.45394907495707" lon="25.39883940492086">
        <ele>1577</ele>
      </trkpt>
      <trkpt lat="45.45398912836161" lon="25.39808315849706">
        <ele>1586</ele>
      </trkpt>
      <trkpt lat="45.45412168605759" lon="25.39728018310129">
        <ele>1585</ele>
      </trkpt>
      <trkpt lat="45.45419988556169" lon="25.39701125309939">
        <ele>1581</ele>
      </trkpt>
      <trkpt lat="45.45439347701696" lon="25.39672611100517">
        <ele>1572</ele>
      </trkpt>
      <trkpt lat="45.45457467098988" lon="25.39625214571812">
        <ele>1573</ele>
      </trkpt>
      <trkpt lat="45.45487602517641" lon="25.39580202174329">
        <ele>1569</ele>
      </trkpt>
      <trkpt lat="45.45563227160022" lon="25.39504577531949">
        <ele>1561</ele>
      </trkpt>
      <trkpt lat="45.45592313560937" lon="25.39465382414649">
        <ele>1562</ele>
      </trkpt>
      <trkpt lat="45.45657638756436" lon="25.3944621399962">
        <ele>1543</ele>
      </trkpt>
      <trkpt lat="45.45675376692732" lon="25.39449933244327">
        <ele>1535</ele>
      </trkpt>
      <trkpt lat="45.45694545107762" lon="25.39448979591838">
        <ele>1527</ele>
      </trkpt>
      <trkpt lat="45.45704939919892" lon="25.39445260347131">
        <ele>1524</ele>
      </trkpt>
      <trkpt lat="45.45715620827769" lon="25.39446786191114">
        <ele>1519</ele>
      </trkpt>
      <trkpt lat="45.45720579820712" lon="25.39454701506772">
        <ele>1515</ele>
      </trkpt>
      <trkpt lat="45.45753004005339" lon="25.39462139996187">
        <ele>1499</ele>
      </trkpt>
      <trkpt lat="45.45757962998282" lon="25.3947139042533">
        <ele>1495</ele>
      </trkpt>
      <trkpt lat="45.45764066374212" lon="25.39478256723251">
        <ele>1490</ele>
      </trkpt>
      <trkpt lat="45.45778561892045" lon="25.39485313751671">
        <ele>1483</ele>
      </trkpt>
      <trkpt lat="45.45787049399198" lon="25.39513637230595">
        <ele>1474</ele>
      </trkpt>
      <trkpt lat="45.45790101087163" lon="25.39521647911502">
        <ele>1471</ele>
      </trkpt>
      <trkpt lat="45.45797444211328" lon="25.39525939347703">
        <ele>1467</ele>
      </trkpt>
      <trkpt lat="45.45818615296585" lon="25.39514304787337">
        <ele>1462</ele>
      </trkpt>
      <trkpt lat="45.45833969101658" lon="25.3952965859241">
        <ele>1453</ele>
      </trkpt>
      <trkpt lat="45.45844745374784" lon="25.39522696929241">
        <ele>1450</ele>
      </trkpt>
      <trkpt lat="45.458781232119" lon="25.39495136372307">
        <ele>1441</ele>
      </trkpt>
      <trkpt lat="45.45902250619873" lon="25.39491226397102">
        <ele>1432</ele>
      </trkpt>
      <trkpt lat="45.45923135609383" lon="25.39484074003435">
        <ele>1426</ele>
      </trkpt>
      <trkpt lat="45.45934579439251" lon="25.39512874308603">
        <ele>1416</ele>
      </trkpt>
      <trkpt lat="45.45949647148578" lon="25.39519359145529">
        <ele>1411</ele>
      </trkpt>
      <trkpt lat="45.45965763875643" lon="25.39525271790961">
        <ele>1404</ele>
      </trkpt>
      <trkpt lat="45.45978065992751" lon="25.39536715620829">
        <ele>1399</ele>
      </trkpt>
      <trkpt lat="45.45999999999999" lon="25.39547491893955">
        <ele>1390</ele>
      </trkpt>
      <trkpt lat="45.46" lon="25.39547491893955">
        <ele>1390</ele>
      </trkpt>
      <trkpt lat="45.46008773602899" lon="25.39550829677667">
        <ele>1387</ele>
      </trkpt>
      <trkpt lat="45.46049303833683" lon="25.39532710280375">
        <ele>1382</ele>
      </trkpt>
      <trkpt lat="45.46106713713522" lon="25.39529277131415">
        <ele>1373</ele>
      </trkpt>
      <trkpt lat="45.46141617394621" lon="25.39536810986078">
        <ele>1369</ele>
      </trkpt>
      <trkpt lat="45.46159259965668" lon="25.39531089071144">
        <ele>1369</ele>
      </trkpt>
      <trkpt lat="45.46180907877169" lon="25.39504577531949">
        <ele>1376</ele>
      </trkpt>
      <trkpt lat="45.46193972916269" lon="25.39510871638376">
        <ele>1375</ele>
      </trkpt>
      <trkpt lat="45.46198836543963" lon="25.39516593553311">
        <ele>1374</ele>
      </trkpt>
      <trkpt lat="45.46242990654206" lon="25.39559221819571">
        <ele>1369</ele>
      </trkpt>
      <trkpt lat="45.46261491512493" lon="25.39578771695595">
        <ele>1366</ele>
      </trkpt>
      <trkpt lat="45.4626778561892" lon="25.39583349227543">
        <ele>1364</ele>
      </trkpt>
      <trkpt lat="45.46310318519932" lon="25.39608811749">
        <ele>1356</ele>
      </trkpt>
      <trkpt lat="45.46412073240511" lon="25.39672134274272">
        <ele>1336</ele>
      </trkpt>
      <trkpt lat="45.46469673850849" lon="25.39680812511922">
        <ele>1325</ele>
      </trkpt>
      <trkpt lat="45.46484264733931" lon="25.39688537097083">
        <ele>1321</ele>
      </trkpt>
      <trkpt lat="45.46495422468053" lon="25.39686152965861">
        <ele>1320</ele>
      </trkpt>
      <trkpt lat="45.4652517642571" lon="25.39681193972918">
        <ele>1315</ele>
      </trkpt>
      <trkpt lat="45.4655740987984" lon="25.39674423040245">
        <ele>1310</ele>
      </trkpt>
      <trkpt lat="45.46594316231165" lon="25.39669082586307">
        <ele>1303</ele>
      </trkpt>
      <trkpt lat="45.46607285905016" lon="25.39665744802596">
        <ele>1300</ele>
      </trkpt>
      <trkpt lat="45.46633415983216" lon="25.39661644096893">
        <ele>1294</ele>
      </trkpt>
      <trkpt lat="45.46665935533092" lon="25.39654682433722">
        <ele>1287</ele>
      </trkpt>
      <trkpt lat="45.46721342742705" lon="25.39645622735077">
        <ele>1277</ele>
      </trkpt>
      <trkpt lat="45.46734312416555" lon="25.396696547778">
        <ele>1270</ele>
      </trkpt>
      <trkpt lat="45.4678170894526" lon="25.39672992561512">
        <ele>1258</ele>
      </trkpt>
      <trkpt lat="45.4681222582491" lon="25.39684054930385">
        <ele>1248</ele>
      </trkpt>
      <trkpt lat="45.4683215716193" lon="25.39722487125693">
        <ele>1237</ele>
      </trkpt>
      <trkpt lat="45.4683997711234" lon="25.39725157352662">
        <ele>1235</ele>
      </trkpt>
      <trkpt lat="45.46855140186916" lon="25.3971924470723">
        <ele>1232</ele>
      </trkpt>
      <trkpt lat="45.46870303261491" lon="25.39730974632845">
        <ele>1228</ele>
      </trkpt>
      <trkpt lat="45.46888041197787" lon="25.39746614533665">
        <ele>1222</ele>
      </trkpt>
      <trkpt lat="45.46912263971009" lon="25.39737745565517">
        <ele>1218</ele>
      </trkpt>
      <trkpt lat="45.46937345031471" lon="25.39721438107955">
        <ele>1214</ele>
      </trkpt>
      <trkpt lat="45.46952031279802" lon="25.39710280373833">
        <ele>1211</ele>
      </trkpt>
      <trkpt lat="45.46966240701888" lon="25.39700648483694">
        <ele>1209</ele>
      </trkpt>
      <trkpt lat="45.470173564753" lon="25.39698264352472">
        <ele>1198</ele>
      </trkpt>
      <trkpt lat="45.47039290482548" lon="25.39674327674997">
        <ele>1195</ele>
      </trkpt>
      <trkpt lat="45.47068949074957" lon="25.39627789433532">
        <ele>1188</ele>
      </trkpt>
      <trkpt lat="45.47127026511539" lon="25.39507629219914">
        <ele>1175</ele>
      </trkpt>
      <trkpt lat="45.47138470341407" lon="25.39500286095748">
        <ele>1173</ele>
      </trkpt>
      <trkpt lat="45.47165458706847" lon="25.39461949265689">
        <ele>1165</ele>
      </trkpt>
      <trkpt lat="45.47197882891474" lon="25.39434579439254">
        <ele>1153</ele>
      </trkpt>
      <trkpt lat="45.4722782757963" lon="25.39399389662409">
        <ele>1143</ele>
      </trkpt>
      <trkpt lat="45.47255864962808" lon="25.39386419988558">
        <ele>1133</ele>
      </trkpt>
      <trkpt lat="45.47272935342361" lon="25.39384035857335">
        <ele>1126</ele>
      </trkpt>
      <trkpt lat="45.47314991417127" lon="25.39349609002481">
        <ele>1110</ele>
      </trkpt>
      <trkpt lat="45.47331012778943" lon="25.39332824718674">
        <ele>1105</ele>
      </trkpt>
      <trkpt lat="45.47370970818234" lon="25.3929315277513">
        <ele>1084</ele>
      </trkpt>
      <trkpt lat="45.47391378981499" lon="25.39264161739464">
        <ele>1075</ele>
      </trkpt>
      <trkpt lat="45.47407781804311" lon="25.39252145718102">
        <ele>1070</ele>
      </trkpt>
      <trkpt lat="45.47424184627122" lon="25.39247282090408">
        <ele>1066</ele>
      </trkpt>
      <trkpt lat="45.47473583826054" lon="25.39254148388329">
        <ele>1051</ele>
      </trkpt>
      <trkpt lat="45.47492466145336" lon="25.39255674232311">
        <ele>1045</ele>
      </trkpt>
      <trkpt lat="45.47501239748236" lon="25.39257867633036">
        <ele>1042</ele>
      </trkpt>
      <trkpt lat="45.47534331489605" lon="25.39237078008775">
        <ele>1036</ele>
      </trkpt>
      <trkpt lat="45.47553309174137" lon="25.39240320427238">
        <ele>1032</ele>
      </trkpt>
      <trkpt lat="45.47581251192066" lon="25.39228304405876">
        <ele>1025</ele>
      </trkpt>
      <trkpt lat="45.47605283234789" lon="25.39197596795729">
        <ele>1025</ele>
      </trkpt>
      <trkpt lat="45.4761911119588" lon="25.39181289338167">
        <ele>1025</ele>
      </trkpt>
      <trkpt lat="45.47637039862674" lon="25.39176044249477">
        <ele>1024</ele>
      </trkpt>
      <trkpt lat="45.47637039862674" lon="25.39176044249477">
        <ele>1024</ele>
      </trkpt>
      <trkpt lat="45.47635132557696" lon="25.39157066564945">
        <ele>1023</ele>
      </trkpt>
      <trkpt lat="45.47615296585924" lon="25.39095460614154">
        <ele>1022</ele>
      </trkpt>
      <trkpt lat="45.47614342933435" lon="25.39083921419036">
        <ele>1022</ele>
      </trkpt>
      <trkpt lat="45.47614915124928" lon="25.39075052450888">
        <ele>1022</ele>
      </trkpt>
      <trkpt lat="45.47618920465382" lon="25.39055216479116">
        <ele>1021</ele>
      </trkpt>
      <trkpt lat="45.47628361625024" lon="25.39024127407974">
        <ele>1019</ele>
      </trkpt>
      <trkpt lat="45.47663074575625" lon="25.38960900247951">
        <ele>1011</ele>
      </trkpt>
      <trkpt lat="45.47692351707038" lon="25.38890425329011">
        <ele>1008</ele>
      </trkpt>
      <trkpt lat="45.47726111005149" lon="25.38827770360482">
        <ele>1003</ele>
      </trkpt>
      <trkpt lat="45.47736410452031" lon="25.38815945069618">
        <ele>1002</ele>
      </trkpt>
      <trkpt lat="45.47748140377647" lon="25.38799160785811">
        <ele>1000</ele>
      </trkpt>
      <trkpt lat="45.47832920083921" lon="25.38765687583446">
        <ele>986</ele>
      </trkpt>
      <trkpt lat="45.47849036810986" lon="25.38764543200459">
        <ele>986</ele>
      </trkpt>
      <trkpt lat="45.47864772077055" lon="25.3876187297349">
        <ele>986</ele>
      </trkpt>
      <trkpt lat="45.47901869158878" lon="25.38761110051499">
        <ele>986</ele>
      </trkpt>
      <trkpt lat="45.47945832538623" lon="25.38758916650774">
        <ele>984</ele>
      </trkpt>
      <trkpt lat="45.47979687201983" lon="25.38757867633036">
        <ele>983</ele>
      </trkpt>
      <trkpt lat="45.48" lon="25.38753385466337">
        <ele>981</ele>
      </trkpt>
      <trkpt lat="45.48000000000001" lon="25.38753385466337">
        <ele>981</ele>
      </trkpt>
      <trkpt lat="45.48019073049782" lon="25.38748521838643">
        <ele>980</ele>
      </trkpt>
      <trkpt lat="45.48031833207701" lon="25.38746788977691">
        <ele>980</ele>
      </trkpt>
      <trkpt lat="45.48031833215045" lon="25.38746788988946">
        <ele>980</ele>
      </trkpt>
      <trkpt lat="45.48026320808698" lon="25.38736791913028">
        <ele>981</ele>
      </trkpt>
      <trkpt lat="45.48021171085257" lon="25.3871838641999">
        <ele>984</ele>
      </trkpt>
      <trkpt lat="45.48019073049782" lon="25.38695212664507">
        <ele>987</ele>
      </trkpt>
      <trkpt lat="45.4802269692924" lon="25.38676711806219">
        <ele>988</ele>
      </trkpt>
      <trkpt lat="45.48030230783903" lon="25.38659736791914">
        <ele>989</ele>
      </trkpt>
      <trkpt lat="45.48049017737937" lon="25.38629219912265">
        <ele>993</ele>
      </trkpt>
      <trkpt lat="45.48077722677857" lon="25.3859488842266">
        <ele>995</ele>
      </trkpt>
      <trkpt lat="45.4811138661072" lon="25.38559507915317">
        <ele>995</ele>
      </trkpt>
      <trkpt lat="45.48202365058174" lon="25.38470246042344">
        <ele>992</ele>
      </trkpt>
      <trkpt lat="45.48217814228496" lon="25.38450791531567">
        <ele>993</ele>
      </trkpt>
      <trkpt lat="45.48262826625978" lon="25.38367442304026">
        <ele>1008</ele>
      </trkpt>
      <trkpt lat="45.48291054739654" lon="25.38325767690255">
        <ele>1013</ele>
      </trkpt>
      <trkpt lat="45.48309078771697" lon="25.38304024413505">
        <ele>1014</ele>
      </trkpt>
      <trkpt lat="45.48333396910167" lon="25.38280755292773">
        <ele>1012</ele>
      </trkpt>
      <trkpt lat="45.48343219530804" lon="25.38260537860005">
        <ele>1015</ele>
      </trkpt>
      <trkpt lat="45.48348941445738" lon="25.38235075338548">
        <ele>1018</ele>
      </trkpt>
      <trkpt lat="45.48351707037956" lon="25.38194545107764">
        <ele>1025</ele>
      </trkpt>
      <trkpt lat="45.48356189204654" lon="25.38157638756439">
        <ele>1030</ele>
      </trkpt>
      <trkpt lat="45.48364199885562" lon="25.38144764447837">
        <ele>1030</ele>
      </trkpt>
      <trkpt lat="45.48373450314706" lon="25.381392332634">
        <ele>1029</ele>
      </trkpt>
      <trkpt lat="45.48430574098799" lon="25.38130745756248">
        <ele>1018</ele>
      </trkpt>
      <trkpt lat="45.48454606141523" lon="25.38118539004388">
        <ele>1016</ele>
      </trkpt>
      <trkpt lat="45.4847921037574" lon="25.38098703032616">
        <ele>1015</ele>
      </trkpt>
      <trkpt lat="45.48496471485792" lon="25.38080202174329">
        <ele>1015</ele>
      </trkpt>
      <trkpt lat="45.48515449170323" lon="25.38052546252147">
        <ele>1009</ele>
      </trkpt>
      <trkpt lat="45.48517165744803" lon="25.38037669273318">
        <ele>1008</ele>
      </trkpt>
      <trkpt lat="45.48517165744803" lon="25.38037669273318">
        <ele>1008</ele>
      </trkpt>
      <trkpt lat="45.4854100705703" lon="25.38036715620829">
        <ele>1003</ele>
      </trkpt>
      <trkpt lat="45.48548350181195" lon="25.38035189776847">
        <ele>1001</ele>
      </trkpt>
      <trkpt lat="45.4855569330536" lon="25.3803147053214">
        <ele>1000</ele>
      </trkpt>
      <trkpt lat="45.48585924089263" lon="25.38000000000001">
        <ele>996</ele>
      </trkpt>
      <trkpt lat="45.48585924089263" lon="25.38000000000001">
        <ele>996</ele>
      </trkpt>
      <trkpt lat="45.48617680717147" lon="25.37968338737365">
        <ele>987</ele>
      </trkpt>
      <trkpt lat="45.48644192256343" lon="25.37958611481977">
        <ele>983</ele>
      </trkpt>
      <trkpt lat="45.48651726111006" lon="25.37959088308221">
        <ele>982</ele>
      </trkpt>
      <trkpt lat="45.48659355330918" lon="25.37959660499714">
        <ele>981</ele>
      </trkpt>
      <trkpt lat="45.48727160022889" lon="25.37943829868397">
        <ele>980</ele>
      </trkpt>
      <trkpt lat="45.48776749952318" lon="25.37916746137708">
        <ele>984</ele>
      </trkpt>
      <trkpt lat="45.48824241846272" lon="25.3790701888232">
        <ele>985</ele>
      </trkpt>
      <trkpt lat="45.48909116917796" lon="25.37880984169369">
        <ele>979</ele>
      </trkpt>
      <trkpt lat="45.48962521457182" lon="25.37875548350182">
        <ele>976</ele>
      </trkpt>
      <trkpt lat="45.48972057982072" lon="25.37873736410452">
        <ele>976</ele>
      </trkpt>
      <trkpt lat="45.48981594506962" lon="25.37871924470723">
        <ele>976</ele>
      </trkpt>
      <trkpt lat="45.48990082014115" lon="25.37869349609003">
        <ele>975</ele>
      </trkpt>
      <trkpt lat="45.48998569521267" lon="25.37866774747283">
        <ele>975</ele>
      </trkpt>
      <trkpt lat="45.490087736029" lon="25.37858859431623">
        <ele>974</ele>
      </trkpt>
      <trkpt lat="45.49018977684533" lon="25.37851039481214">
        <ele>972</ele>
      </trkpt>
      <trkpt lat="45.49024794964716" lon="25.37844173183293">
        <ele>971</ele>
      </trkpt>
      <trkpt lat="45.49030707610148" lon="25.3783740225062">
        <ele>971</ele>
      </trkpt>
      <trkpt lat="45.49035285142095" lon="25.37830535952699">
        <ele>970</ele>
      </trkpt>
      <trkpt lat="45.49039862674042" lon="25.37823669654778">
        <ele>969</ele>
      </trkpt>
      <trkpt lat="45.49042437535763" lon="25.3781480068663">
        <ele>969</ele>
      </trkpt>
      <trkpt lat="45.49045107762732" lon="25.37805931718482">
        <ele>968</ele>
      </trkpt>
      <trkpt lat="45.49046824337213" lon="25.37780469197025">
        <ele>968</ele>
      </trkpt>
      <trkpt lat="45.49044344840741" lon="25.37717814228495">
        <ele>967</ele>
      </trkpt>
      <trkpt lat="45.49044535571239" lon="25.37708086973107">
        <ele>966</ele>
      </trkpt>
      <trkpt lat="45.49044821666985" lon="25.37698455082968">
        <ele>966</ele>
      </trkpt>
      <trkpt lat="45.49045584588977" lon="25.37690349036811">
        <ele>966</ele>
      </trkpt>
      <trkpt lat="45.49046347510968" lon="25.37682242990655">
        <ele>966</ele>
      </trkpt>
      <trkpt lat="45.49046347510968" lon="25.37682242990655">
        <ele>966</ele>
      </trkpt>
      <trkpt lat="45.49068853709709" lon="25.37627598703033">
        <ele>969</ele>
      </trkpt>
      <trkpt lat="45.49079820713333" lon="25.37609860766737">
        <ele>971</ele>
      </trkpt>
      <trkpt lat="45.49089166507726" lon="25.37589643333969">
        <ele>972</ele>
      </trkpt>
      <trkpt lat="45.49101468624834" lon="25.37573812702652">
        <ele>971</ele>
      </trkpt>
      <trkpt lat="45.49147720770552" lon="25.375434865535">
        <ele>966</ele>
      </trkpt>
      <trkpt lat="45.49160881174901" lon="25.37536810986077">
        <ele>966</ele>
      </trkpt>
      <trkpt lat="45.49177283997712" lon="25.37524985695213">
        <ele>964</ele>
      </trkpt>
      <trkpt lat="45.49194259012017" lon="25.37515735266069">
        <ele>963</ele>
      </trkpt>
      <trkpt lat="45.49199885561702" lon="25.37514590883083">
        <ele>962</ele>
      </trkpt>
      <trkpt lat="45.49227064657639" lon="25.37517642571047">
        <ele>960</ele>
      </trkpt>
      <trkpt lat="45.49234121686059" lon="25.37516879649056">
        <ele>959</ele>
      </trkpt>
      <trkpt lat="45.49241178714477" lon="25.37514495517834">
        <ele>958</ele>
      </trkpt>
      <trkpt lat="45.49284665267977" lon="25.37490940301355">
        <ele>950</ele>
      </trkpt>
      <trkpt lat="45.49355426282663" lon="25.37446881556361">
        <ele>935</ele>
      </trkpt>
      <trkpt lat="45.49404062559604" lon="25.3744354377265">
        <ele>927</ele>
      </trkpt>
      <trkpt lat="45.49439824527943" lon="25.37429715811559">
        <ele>924</ele>
      </trkpt>
      <trkpt lat="45.49459755864964" lon="25.37409403013542">
        <ele>923</ele>
      </trkpt>
      <trkpt lat="45.49463856570667" lon="25.37407972534809">
        <ele>923</ele>
      </trkpt>
      <trkpt lat="45.4947162114012" lon="25.37409656417341">
        <ele>923</ele>
      </trkpt>
      <trkpt lat="45.49471621134845" lon="25.37409656439532">
        <ele>923</ele>
      </trkpt>
      <trkpt lat="45.49479305740989" lon="25.37394049208469">
        <ele>923</ele>
      </trkpt>
      <trkpt lat="45.49488079343888" lon="25.37374403967195">
        <ele>925</ele>
      </trkpt>
      <trkpt lat="45.49496471485791" lon="25.37360194545108">
        <ele>926</ele>
      </trkpt>
      <trkpt lat="45.49504482166699" lon="25.37348464619493">
        <ele>927</ele>
      </trkpt>
      <trkpt lat="45.49513351134847" lon="25.37337879076865">
        <ele>928</ele>
      </trkpt>
      <trkpt lat="45.49527369826436" lon="25.37325481594507">
        <ele>928</ele>
      </trkpt>
      <trkpt lat="45.49541293152776" lon="25.3731565897387">
        <ele>927</ele>
      </trkpt>
      <trkpt lat="45.49557886706085" lon="25.3730612244898">
        <ele>926</ele>
      </trkpt>
      <trkpt lat="45.4959050162121" lon="25.37292294487889">
        <ele>926</ele>
      </trkpt>
      <trkpt lat="45.49637612054168" lon="25.37270265115393">
        <ele>925</ele>
      </trkpt>
      <trkpt lat="45.49668510394813" lon="25.37252527179096">
        <ele>925</ele>
      </trkpt>
      <trkpt lat="45.49685962235363" lon="25.37240129696739">
        <ele>923</ele>
      </trkpt>
      <trkpt lat="45.49694926568759" lon="25.37231546824338">
        <ele>922</ele>
      </trkpt>
      <trkpt lat="45.49703509441161" lon="25.37220198359718">
        <ele>920</ele>
      </trkpt>
      <trkpt lat="45.49709898912837" lon="25.37208563799352">
        <ele>920</ele>
      </trkpt>
      <trkpt lat="45.49725920274653" lon="25.37182815182148">
        <ele>920</ele>
      </trkpt>
      <trkpt lat="45.49734789242801" lon="25.37171943543773">
        <ele>920</ele>
      </trkpt>
      <trkpt lat="45.49744230402442" lon="25.37163932862865">
        <ele>921</ele>
      </trkpt>
      <trkpt lat="45.4977140949838" lon="25.37136753766928">
        <ele>919</ele>
      </trkpt>
      <trkpt lat="45.49826244516499" lon="25.3709832157162">
        <ele>919</ele>
      </trkpt>
      <trkpt lat="45.49839977112341" lon="25.3709135990845">
        <ele>919</ele>
      </trkpt>
      <trkpt lat="45.49848846080489" lon="25.37082872401297">
        <ele>920</ele>
      </trkpt>
      <trkpt lat="45.49854758725921" lon="25.37074957085639">
        <ele>919</ele>
      </trkpt>
      <trkpt lat="45.49890997520504" lon="25.37009059698646">
        <ele>920</ele>
      </trkpt>
      <trkpt lat="45.4990787716956" lon="25.36936677474729">
        <ele>927</ele>
      </trkpt>
      <trkpt lat="45.4992265878314" lon="25.36897673087927">
        <ele>930</ele>
      </trkpt>
      <trkpt lat="45.49933625786764" lon="25.36876692733168">
        <ele>932</ele>
      </trkpt>
      <trkpt lat="45.49944020598895" lon="25.36863055502575">
        <ele>933</ele>
      </trkpt>
      <trkpt lat="45.49957276368492" lon="25.36855044821667">
        <ele>934</ele>
      </trkpt>
      <trkpt lat="45.49974156017548" lon="25.36847606332253">
        <ele>936</ele>
      </trkpt>
      <trkpt lat="45.49986648865154" lon="25.36841121495328">
        <ele>937</ele>
      </trkpt>
      <trkpt lat="45.50000000000001" lon="25.36829963761206">
        <ele>930</ele>
      </trkpt>
      <trkpt lat="45.49999999999999" lon="25.36829963761206">
        <ele>930</ele>
      </trkpt>
      <trkpt lat="45.50004672897195" lon="25.36825672325005">
        <ele>929</ele>
      </trkpt>
      <trkpt lat="45.50012206751859" lon="25.36822334541294">
        <ele>928</ele>
      </trkpt>
      <trkpt lat="45.50021552546252" lon="25.36821094793058">
        <ele>927</ele>
      </trkpt>
      <trkpt lat="45.50031089071142" lon="25.36824146481023">
        <ele>926</ele>
      </trkpt>
      <trkpt lat="45.50037383177569" lon="25.36827388899485">
        <ele>926</ele>
      </trkpt>
      <trkpt lat="45.50043677283997" lon="25.36830631317948">
        <ele>926</ele>
      </trkpt>
      <trkpt lat="45.50054930383367" lon="25.36833873736411">
        <ele>925</ele>
      </trkpt>
      <trkpt lat="45.50066183482738" lon="25.36837116154874">
        <ele>924</ele>
      </trkpt>
      <trkpt lat="45.5010947930574" lon="25.36844268548541">
        <ele>921</ele>
      </trkpt>
      <trkpt lat="45.50146290291817" lon="25.36849513637231">
        <ele>919</ele>
      </trkpt>
      <trkpt lat="45.50190444402059" lon="25.36847034140759">
        <ele>921</ele>
      </trkpt>
      <trkpt lat="45.50226397100896" lon="25.36847606332253">
        <ele>925</ele>
      </trkpt>
      <trkpt lat="45.50232595842074" lon="25.36848655349991">
        <ele>925</ele>
      </trkpt>
      <trkpt lat="45.50238794583253" lon="25.36849799732978">
        <ele>926</ele>
      </trkpt>
      <trkpt lat="45.50247377455654" lon="25.36847320236506">
        <ele>927</ele>
      </trkpt>
      <trkpt lat="45.50253957657829" lon="25.3684264733931">
        <ele>927</ele>
      </trkpt>
      <trkpt lat="45.50258725920273" lon="25.36841121495328">
        <ele>927</ele>
      </trkpt>
      <trkpt lat="45.50258725920273" lon="25.36841121495328">
        <ele>927</ele>
      </trkpt>
      <trkpt lat="45.50695798965335" lon="25.36593334419835">
        <ele>873</ele>
      </trkpt>
      <trkpt lat="45.50258725920273" lon="25.36841121495328">
        <ele>927</ele>
      </trkpt>
      <trkpt lat="45.50695798965335" lon="25.36593334419835">
        <ele>873</ele>
      </trkpt>
      <trkpt lat="45.50729741301785" lon="25.36570745377052">
        <ele>866</ele>
      </trkpt>
      <trkpt lat="45.50767011323642" lon="25.36549097552146">
        <ele>857</ele>
      </trkpt>
      <trkpt lat="45.50784315262154" lon="25.36546273921799">
        <ele>854</ele>
      </trkpt>
      <trkpt lat="45.50796960445751" lon="25.36556627225313">
        <ele>853</ele>
      </trkpt>
      <trkpt lat="45.50816260986561" lon="25.36559450841943">
        <ele>850</ele>
      </trkpt>
      <trkpt lat="45.50851534398338" lon="25.36521802452827">
        <ele>845</ele>
      </trkpt>
      <trkpt lat="45.50914094787389" lon="25.3647662435562">
        <ele>833</ele>
      </trkpt>
      <trkpt lat="45.50938054085076" lon="25.36459682561891">
        <ele>826</ele>
      </trkpt>
      <trkpt lat="45.50969999811444" lon="25.36445564410152">
        <ele>817</ele>
      </trkpt>
      <trkpt lat="45.5099728678981" lon="25.36443681997681">
        <ele>808</ele>
      </trkpt>
      <trkpt lat="45.51005938758338" lon="25.36444623215558">
        <ele>806</ele>
      </trkpt>
      <trkpt lat="45.51045205387003" lon="25.36473800725272">
        <ele>793</ele>
      </trkpt>
      <trkpt lat="45.51083140934882" lon="25.36494507355584">
        <ele>781</ele>
      </trkpt>
      <trkpt lat="45.510957861243" lon="25.36500154616279">
        <ele>778</ele>
      </trkpt>
      <trkpt lat="45.51108322367103" lon="25.36523775561448">
        <ele>778</ele>
      </trkpt>
      <trkpt lat="45.51108322367103" lon="25.36523775561448">
        <ele>778</ele>
      </trkpt>
      <trkpt lat="45.51117489986648" lon="25.36522506198742">
        <ele>776</ele>
      </trkpt>
      <trkpt lat="45.51133511348463" lon="25.36521647911502">
        <ele>773</ele>
      </trkpt>
      <trkpt lat="45.51142761777607" lon="25.36522601563991">
        <ele>771</ele>
      </trkpt>
      <trkpt lat="45.51150009536524" lon="25.36524699599466">
        <ele>769</ele>
      </trkpt>
      <trkpt lat="45.51150009536524" lon="25.36524699599466">
        <ele>769</ele>
      </trkpt>
      <trkpt lat="45.5115735266069" lon="25.36527942017929">
        <ele>768</ele>
      </trkpt>
      <trkpt lat="45.51163932862864" lon="25.36532424184628">
        <ele>768</ele>
      </trkpt>
      <trkpt lat="45.51169750143047" lon="25.36537097081824">
        <ele>767</ele>
      </trkpt>
      <trkpt lat="45.51176616440968" lon="25.36547205798207">
        <ele>768</ele>
      </trkpt>
      <trkpt lat="45.51183482738889" lon="25.3655740987984">
        <ele>768</ele>
      </trkpt>
      <trkpt lat="45.51191016593553" lon="25.36565706656495">
        <ele>767</ele>
      </trkpt>
      <trkpt lat="45.51198073621971" lon="25.3657133320618">
        <ele>766</ele>
      </trkpt>
      <trkpt lat="45.51205607476635" lon="25.36574957085638">
        <ele>764</ele>
      </trkpt>
      <trkpt lat="45.51213141331298" lon="25.36578580965097">
        <ele>763</ele>
      </trkpt>
      <trkpt lat="45.51241560175471" lon="25.36588594316231">
        <ele>757</ele>
      </trkpt>
      <trkpt lat="45.51248998664886" lon="25.3659050162121">
        <ele>755</ele>
      </trkpt>
      <trkpt lat="45.51256532519549" lon="25.36592408926188">
        <ele>756</ele>
      </trkpt>
      <trkpt lat="45.51260217988579" lon="25.36593008189445">
        <ele>756</ele>
      </trkpt>
      <trkpt lat="45.51260251764256" lon="25.3659307648293">
        <ele>756</ele>
      </trkpt>
      <trkpt lat="45.51264543200457" lon="25.3660175472058">
        <ele>758</ele>
      </trkpt>
      <trkpt lat="45.51271981689872" lon="25.36611863436964">
        <ele>760</ele>
      </trkpt>
      <trkpt lat="45.51278561892045" lon="25.36619588022125">
        <ele>762</ele>
      </trkpt>
      <trkpt lat="45.51289242799923" lon="25.36630650390998">
        <ele>763</ele>
      </trkpt>
      <trkpt lat="45.51298588594315" lon="25.36638184245661">
        <ele>764</ele>
      </trkpt>
      <trkpt lat="45.51306980736219" lon="25.36643810795347">
        <ele>764</ele>
      </trkpt>
      <trkpt lat="45.51315372878123" lon="25.36649437345032">
        <ele>764</ele>
      </trkpt>
      <trkpt lat="45.51323669654777" lon="25.36654300972726">
        <ele>764</ele>
      </trkpt>
      <trkpt lat="45.51332061796681" lon="25.36659259965669">
        <ele>763</ele>
      </trkpt>
      <trkpt lat="45.51367919130268" lon="25.36676711806218">
        <ele>769</ele>
      </trkpt>
      <trkpt lat="45.51380125882127" lon="25.36681289338166">
        <ele>770</ele>
      </trkpt>
      <trkpt lat="45.51389090215525" lon="25.36683864199886">
        <ele>771</ele>
      </trkpt>
      <trkpt lat="45.51398054548921" lon="25.36684245660881">
        <ele>771</ele>
      </trkpt>
      <trkpt lat="45.51406542056074" lon="25.36683578104139">
        <ele>770</ele>
      </trkpt>
      <trkpt lat="45.51415601754719" lon="25.36680812511921">
        <ele>769</ele>
      </trkpt>
      <trkpt lat="45.51421501273169" lon="25.36678053059743">
        <ele>768</ele>
      </trkpt>
      <trkpt lat="45.51421501278985" lon="25.36678053056992">
        <ele>768</ele>
      </trkpt>
      <trkpt lat="45.51422658783139" lon="25.36684054930384">
        <ele>771</ele>
      </trkpt>
      <trkpt lat="45.51422658783139" lon="25.36684054930384">
        <ele>771</ele>
      </trkpt>
      <trkpt lat="45.51425042914361" lon="25.36695784855999">
        <ele>775</ele>
      </trkpt>
      <trkpt lat="45.51427427045584" lon="25.36707514781614">
        <ele>779</ele>
      </trkpt>
      <trkpt lat="45.51429143620064" lon="25.36711806217815">
        <ele>780</ele>
      </trkpt>
      <trkpt lat="45.51432767499522" lon="25.3671304596605">
        <ele>781</ele>
      </trkpt>
      <trkpt lat="45.51437345031469" lon="25.36712855235553">
        <ele>781</ele>
      </trkpt>
      <trkpt lat="45.51443448407399" lon="25.36710280373832">
        <ele>781</ele>
      </trkpt>
      <trkpt lat="45.5146166316994" lon="25.36682433721153">
        <ele>773</ele>
      </trkpt>
      <trkpt lat="45.51464714857905" lon="25.3668090787717">
        <ele>773</ele>
      </trkpt>
      <trkpt lat="45.51469864581345" lon="25.36681861529659">
        <ele>774</ele>
      </trkpt>
      <trkpt lat="45.51473393095555" lon="25.3668090787717">
        <ele>774</ele>
      </trkpt>
      <trkpt lat="45.51476158687773" lon="25.36678714476445">
        <ele>773</ele>
      </trkpt>
      <trkpt lat="45.51479115010489" lon="25.36671180621782">
        <ele>771</ele>
      </trkpt>
      <trkpt lat="45.51480354758725" lon="25.36662120923136">
        <ele>769</ele>
      </trkpt>
      <trkpt lat="45.51481594506961" lon="25.3665306122449">
        <ele>767</ele>
      </trkpt>
      <trkpt lat="45.51485409116917" lon="25.36646385657067">
        <ele>766</ele>
      </trkpt>
      <trkpt lat="45.51491035666602" lon="25.36641522029373">
        <ele>765</ele>
      </trkpt>
      <trkpt lat="45.51496948312034" lon="25.36640759107382">
        <ele>765</ele>
      </trkpt>
      <trkpt lat="45.51503242418462" lon="25.36641522029373">
        <ele>765</ele>
      </trkpt>
      <trkpt lat="45.51510871638374" lon="25.3664695784856">
        <ele>766</ele>
      </trkpt>
      <trkpt lat="45.51518596223535" lon="25.36652489032997">
        <ele>766</ele>
      </trkpt>
      <trkpt lat="45.51525367156207" lon="25.36654682433722">
        <ele>765</ele>
      </trkpt>
      <trkpt lat="45.51532138088879" lon="25.36656971199695">
        <ele>765</ele>
      </trkpt>
      <trkpt lat="45.51535952698836" lon="25.36658783139425">
        <ele>765</ele>
      </trkpt>
      <trkpt lat="45.51539481213045" lon="25.36661548731643">
        <ele>765</ele>
      </trkpt>
      <trkpt lat="45.51545775319472" lon="25.36669177951555">
        <ele>765</ele>
      </trkpt>
      <trkpt lat="45.51549113103184" lon="25.36675472057982">
        <ele>765</ele>
      </trkpt>
      <trkpt lat="45.51551306503909" lon="25.36681861529659">
        <ele>765</ele>
      </trkpt>
      <trkpt lat="45.51552736982643" lon="25.36689300019074">
        <ele>766</ele>
      </trkpt>
      <trkpt lat="45.51552927713141" lon="25.36696166316995">
        <ele>767</ele>
      </trkpt>
      <trkpt lat="45.51553213808887" lon="25.36703032614916">
        <ele>767</ele>
      </trkpt>
      <trkpt lat="45.51551878695403" lon="25.36708468434103">
        <ele>768</ele>
      </trkpt>
      <trkpt lat="45.51547015067708" lon="25.36719530802976">
        <ele>771</ele>
      </trkpt>
      <trkpt lat="45.51546156780469" lon="25.36726492466146">
        <ele>772</ele>
      </trkpt>
      <trkpt lat="45.51546538241464" lon="25.36730974632844">
        <ele>772</ele>
      </trkpt>
      <trkpt lat="45.51547873354949" lon="25.36734884608049">
        <ele>772</ele>
      </trkpt>
      <trkpt lat="45.51566384934659" lon="25.36770252260343">
        <ele>766</ele>
      </trkpt>
    </trkseg>
  </trk>
</gpx>